; --- PREAMBLE ---
G21 ; Millimeters
G90 ; Absolute coordinates
G00 Z120 F3000
G00 X0.00 Y0.00
G01 Z0 F1500
G04 P0.2
; --- TRAJECTORY ---
G1 X0.00 Y0.00 F1500
G1 X180.00 Y0.00 F1500
G1 X180.00 Y0.21 F1500
G1 X180.00 Y0.42 F1500
G1 X180.00 Y0.63 F1500
G1 X180.00 Y0.84 F1500
G1 X180.00 Y1.05 F1500
G1 X180.00 Y1.05 F1500
G1 X0.00 Y1.05 F1500
G1 X0.00 Y1.26 F1500
G1 X0.00 Y1.47 F1500
G1 X0.00 Y1.68 F1500
G1 X0.00 Y1.89 F1500
G1 X0.00 Y2.10 F1500
G1 X0.00 Y2.10 F1500
G1 X180.00 Y2.10 F1500
G1 X180.00 Y2.31 F1500
G1 X180.00 Y2.51 F1500
G1 X180.00 Y2.72 F1500
G1 X180.00 Y2.93 F1500
G1 X180.00 Y3.14 F1500
G1 X180.00 Y3.14 F1500
G1 X0.00 Y3.14 F1500
G1 X0.00 Y3.35 F1500
G1 X0.00 Y3.56 F1500
G1 X0.00 Y3.77 F1500
G1 X0.00 Y3.98 F1500
G1 X0.00 Y4.19 F1500
G1 X0.00 Y4.19 F1500
G1 X180.00 Y4.19 F1500
G1 X180.00 Y4.40 F1500
G1 X180.00 Y4.61 F1500
G1 X180.00 Y4.82 F1500
G1 X180.00 Y5.03 F1500
G1 X180.00 Y5.24 F1500
G1 X180.00 Y5.24 F1500
G1 X0.00 Y5.24 F1500
G1 X0.00 Y5.45 F1500
G1 X0.00 Y5.66 F1500
G1 X0.00 Y5.87 F1500
G1 X0.00 Y6.08 F1500
G1 X0.00 Y6.29 F1500
G1 X0.00 Y6.29 F1500
G1 X180.00 Y6.29 F1500
G1 X180.00 Y6.50 F1500
G1 X180.00 Y6.71 F1500
G1 X180.00 Y6.92 F1500
G1 X180.00 Y7.12 F1500
G1 X180.00 Y7.33 F1500
G1 X180.00 Y7.33 F1500
G1 X0.00 Y7.33 F1500
G1 X0.00 Y7.54 F1500
G1 X0.00 Y7.75 F1500
G1 X0.00 Y7.96 F1500
G1 X0.00 Y8.17 F1500
G1 X0.00 Y8.38 F1500
G1 X0.00 Y8.38 F1500
G1 X180.00 Y8.38 F1500
G1 X180.00 Y8.59 F1500
G1 X180.00 Y8.80 F1500
G1 X180.00 Y9.01 F1500
G1 X180.00 Y9.22 F1500
G1 X180.00 Y9.43 F1500
G1 X180.00 Y9.43 F1500
G1 X0.00 Y9.43 F1500
G1 X0.00 Y9.64 F1500
G1 X0.00 Y9.85 F1500
G1 X0.00 Y10.06 F1500
G1 X0.00 Y10.27 F1500
G1 X0.00 Y10.48 F1500
G1 X0.00 Y10.48 F1500
G1 X180.00 Y10.48 F1500
G1 X180.00 Y10.69 F1500
G1 X180.00 Y10.90 F1500
G1 X180.00 Y11.11 F1500
G1 X180.00 Y11.32 F1500
G1 X180.00 Y11.53 F1500
G1 X180.00 Y11.53 F1500
G1 X0.00 Y11.53 F1500
G1 X0.00 Y11.73 F1500
G1 X0.00 Y11.94 F1500
G1 X0.00 Y12.15 F1500
G1 X0.00 Y12.36 F1500
G1 X0.00 Y12.57 F1500
G1 X0.00 Y12.57 F1500
G1 X180.00 Y12.57 F1500
G1 X180.00 Y12.78 F1500
G1 X180.00 Y12.99 F1500
G1 X180.00 Y13.20 F1500
G1 X180.00 Y13.41 F1500
G1 X180.00 Y13.62 F1500
G1 X180.00 Y13.62 F1500
G1 X0.00 Y13.62 F1500
G1 X0.00 Y13.83 F1500
G1 X0.00 Y14.04 F1500
G1 X0.00 Y14.25 F1500
G1 X0.00 Y14.46 F1500
G1 X0.00 Y14.67 F1500
G1 X0.00 Y14.67 F1500
G1 X180.00 Y14.67 F1500
G1 X180.00 Y14.88 F1500
G1 X180.00 Y15.09 F1500
G1 X180.00 Y15.30 F1500
G1 X180.00 Y15.51 F1500
G1 X180.00 Y15.72 F1500
G1 X180.00 Y15.72 F1500
G1 X0.00 Y15.72 F1500
G1 X0.00 Y15.93 F1500
G1 X0.00 Y16.14 F1500
G1 X0.00 Y16.34 F1500
G1 X0.00 Y16.55 F1500
G1 X0.00 Y16.76 F1500
G1 X0.00 Y16.76 F1500
G1 X180.00 Y16.76 F1500
G1 X180.00 Y16.97 F1500
G1 X180.00 Y17.18 F1500
G1 X180.00 Y17.39 F1500
G1 X180.00 Y17.60 F1500
G1 X180.00 Y17.81 F1500
G1 X180.00 Y17.81 F1500
G1 X0.00 Y17.81 F1500
G1 X0.00 Y18.02 F1500
G1 X0.00 Y18.23 F1500
G1 X0.00 Y18.44 F1500
G1 X0.00 Y18.65 F1500
G1 X0.00 Y18.86 F1500
G1 X0.00 Y18.86 F1500
G1 X180.00 Y18.86 F1500
G1 X180.00 Y19.07 F1500
G1 X180.00 Y19.28 F1500
G1 X180.00 Y19.49 F1500
G1 X180.00 Y19.70 F1500
G1 X180.00 Y19.91 F1500
G1 X180.00 Y19.91 F1500
G1 X0.00 Y19.91 F1500
G1 X0.00 Y20.12 F1500
G1 X0.00 Y20.33 F1500
G1 X0.00 Y20.54 F1500
G1 X0.00 Y20.75 F1500
G1 X0.00 Y20.95 F1500
G1 X0.00 Y20.95 F1500
G1 X180.00 Y20.95 F1500
G1 X180.00 Y21.16 F1500
G1 X180.00 Y21.37 F1500
G1 X180.00 Y21.58 F1500
G1 X180.00 Y21.79 F1500
G1 X180.00 Y22.00 F1500
G1 X180.00 Y22.00 F1500
G1 X0.00 Y22.00 F1500
G1 X0.00 Y22.21 F1500
G1 X0.00 Y22.42 F1500
G1 X0.00 Y22.63 F1500
G1 X0.00 Y22.84 F1500
G1 X0.00 Y23.05 F1500
G1 X0.00 Y23.05 F1500
G1 X180.00 Y23.05 F1500
G1 X180.00 Y23.26 F1500
G1 X180.00 Y23.47 F1500
G1 X180.00 Y23.68 F1500
G1 X180.00 Y23.89 F1500
G1 X180.00 Y24.10 F1500
G1 X180.00 Y24.10 F1500
G1 X0.00 Y24.10 F1500
G1 X0.00 Y24.31 F1500
G1 X0.00 Y24.52 F1500
G1 X0.00 Y24.73 F1500
G1 X0.00 Y24.94 F1500
G1 X0.00 Y25.15 F1500
G1 X0.00 Y25.15 F1500
G1 X180.00 Y25.15 F1500
G1 X180.00 Y25.36 F1500
G1 X180.00 Y25.56 F1500
G1 X180.00 Y25.77 F1500
G1 X180.00 Y25.98 F1500
G1 X180.00 Y26.19 F1500
G1 X180.00 Y26.19 F1500
G1 X0.00 Y26.19 F1500
G1 X0.00 Y26.40 F1500
G1 X0.00 Y26.61 F1500
G1 X0.00 Y26.82 F1500
G1 X0.00 Y27.03 F1500
G1 X0.00 Y27.24 F1500
G1 X0.00 Y27.24 F1500
G1 X180.00 Y27.24 F1500
G1 X180.00 Y27.45 F1500
G1 X180.00 Y27.66 F1500
G1 X180.00 Y27.87 F1500
G1 X180.00 Y28.08 F1500
G1 X180.00 Y28.29 F1500
G1 X180.00 Y28.29 F1500
G1 X0.00 Y28.29 F1500
G1 X0.00 Y28.50 F1500
G1 X0.00 Y28.71 F1500
G1 X0.00 Y28.92 F1500
G1 X0.00 Y29.13 F1500
G1 X0.00 Y29.34 F1500
G1 X0.00 Y29.34 F1500
G1 X180.00 Y29.34 F1500
G1 X180.00 Y29.55 F1500
G1 X180.00 Y29.76 F1500
G1 X180.00 Y29.97 F1500
G1 X180.00 Y30.17 F1500
G1 X180.00 Y30.38 F1500
G1 X180.00 Y30.38 F1500
G1 X0.00 Y30.38 F1500
G1 X0.00 Y30.59 F1500
G1 X0.00 Y30.80 F1500
G1 X0.00 Y31.01 F1500
G1 X0.00 Y31.22 F1500
G1 X0.00 Y31.43 F1500
G1 X0.00 Y31.43 F1500
G1 X180.00 Y31.43 F1500
G1 X180.00 Y31.64 F1500
G1 X180.00 Y31.85 F1500
G1 X180.00 Y32.06 F1500
G1 X180.00 Y32.27 F1500
G1 X180.00 Y32.48 F1500
G1 X180.00 Y32.48 F1500
G1 X0.00 Y32.48 F1500
G1 X0.00 Y32.69 F1500
G1 X0.00 Y32.90 F1500
G1 X0.00 Y33.11 F1500
G1 X0.00 Y33.32 F1500
G1 X0.00 Y33.53 F1500
G1 X0.00 Y33.53 F1500
G1 X180.00 Y33.53 F1500
G1 X180.00 Y33.74 F1500
G1 X180.00 Y33.95 F1500
G1 X180.00 Y34.16 F1500
G1 X180.00 Y34.37 F1500
G1 X180.00 Y34.58 F1500
G1 X180.00 Y34.58 F1500
G1 X0.00 Y34.58 F1500
G1 X0.00 Y34.78 F1500
G1 X0.00 Y34.99 F1500
G1 X0.00 Y35.20 F1500
G1 X0.00 Y35.41 F1500
G1 X0.00 Y35.62 F1500
G1 X0.00 Y35.62 F1500
G1 X180.00 Y35.62 F1500
G1 X180.00 Y35.83 F1500
G1 X180.00 Y36.04 F1500
G1 X180.00 Y36.25 F1500
G1 X180.00 Y36.46 F1500
G1 X180.00 Y36.67 F1500
G1 X180.00 Y36.67 F1500
G1 X0.00 Y36.67 F1500
G1 X0.00 Y36.88 F1500
G1 X0.00 Y37.09 F1500
G1 X0.00 Y37.30 F1500
G1 X0.00 Y37.51 F1500
G1 X0.00 Y37.72 F1500
G1 X0.00 Y37.72 F1500
G1 X180.00 Y37.72 F1500
G1 X180.00 Y37.93 F1500
G1 X180.00 Y38.14 F1500
G1 X180.00 Y38.35 F1500
G1 X180.00 Y38.56 F1500
G1 X180.00 Y38.77 F1500
G1 X180.00 Y38.77 F1500
G1 X0.00 Y38.77 F1500
G1 X0.00 Y38.98 F1500
G1 X0.00 Y39.19 F1500
G1 X0.00 Y39.39 F1500
G1 X0.00 Y39.60 F1500
G1 X0.00 Y39.81 F1500
G1 X0.00 Y39.81 F1500
G1 X180.00 Y39.81 F1500
G1 X180.00 Y40.02 F1500
G1 X180.00 Y40.23 F1500
G1 X180.00 Y40.44 F1500
G1 X180.00 Y40.65 F1500
G1 X180.00 Y40.86 F1500
G1 X180.00 Y40.86 F1500
G1 X0.00 Y40.86 F1500
G1 X0.00 Y41.07 F1500
G1 X0.00 Y41.28 F1500
G1 X0.00 Y41.49 F1500
G1 X0.00 Y41.70 F1500
G1 X0.00 Y41.91 F1500
G1 X0.00 Y41.91 F1500
G1 X180.00 Y41.91 F1500
G1 X180.00 Y42.12 F1500
G1 X180.00 Y42.33 F1500
G1 X180.00 Y42.54 F1500
G1 X180.00 Y42.75 F1500
G1 X180.00 Y42.96 F1500
G1 X180.00 Y42.96 F1500
G1 X0.00 Y42.96 F1500
G1 X0.00 Y43.17 F1500
G1 X0.00 Y43.38 F1500
G1 X0.00 Y43.59 F1500
G1 X0.00 Y43.80 F1500
G1 X0.00 Y44.00 F1500
G1 X0.00 Y44.00 F1500
G1 X180.00 Y44.00 F1500
G1 X180.00 Y44.21 F1500
G1 X180.00 Y44.42 F1500
G1 X180.00 Y44.63 F1500
G1 X180.00 Y44.84 F1500
G1 X180.00 Y45.05 F1500
G1 X180.00 Y45.05 F1500
G1 X0.00 Y45.05 F1500
G1 X0.00 Y45.26 F1500
G1 X0.00 Y45.47 F1500
G1 X0.00 Y45.68 F1500
G1 X0.00 Y45.89 F1500
G1 X0.00 Y46.10 F1500
G1 X0.00 Y46.10 F1500
G1 X180.00 Y46.10 F1500
G1 X180.00 Y46.31 F1500
G1 X180.00 Y46.52 F1500
G1 X180.00 Y46.73 F1500
G1 X180.00 Y46.94 F1500
G1 X180.00 Y47.15 F1500
G1 X180.00 Y47.15 F1500
G1 X0.00 Y47.15 F1500
G1 X0.00 Y47.36 F1500
G1 X0.00 Y47.57 F1500
G1 X0.00 Y47.78 F1500
G1 X0.00 Y47.99 F1500
G1 X0.00 Y48.20 F1500
G1 X0.00 Y48.20 F1500
G1 X180.00 Y48.20 F1500
G1 X180.00 Y48.41 F1500
G1 X180.00 Y48.61 F1500
G1 X180.00 Y48.82 F1500
G1 X180.00 Y49.03 F1500
G1 X180.00 Y49.24 F1500
G1 X180.00 Y49.24 F1500
G1 X0.00 Y49.24 F1500
G1 X0.00 Y49.45 F1500
G1 X0.00 Y49.66 F1500
G1 X0.00 Y49.87 F1500
G1 X0.00 Y50.08 F1500
G1 X0.00 Y50.29 F1500
G1 X0.00 Y50.29 F1500
G1 X180.00 Y50.29 F1500
G1 X180.00 Y50.50 F1500
G1 X180.00 Y50.71 F1500
G1 X180.00 Y50.92 F1500
G1 X180.00 Y51.13 F1500
G1 X180.00 Y51.34 F1500
G1 X180.00 Y51.34 F1500
G1 X0.00 Y51.34 F1500
G1 X0.00 Y51.55 F1500
G1 X0.00 Y51.76 F1500
G1 X0.00 Y51.97 F1500
G1 X0.00 Y52.18 F1500
G1 X0.00 Y52.39 F1500
G1 X0.00 Y52.39 F1500
G1 X84.45 Y52.39 F1500
G1 X85.08 Y53.36 F1500
G1 X85.91 Y51.64 F1500
G1 X86.12 Y51.38 F1500
G1 X86.33 Y51.37 F1500
G1 X87.17 Y53.02 F1500
G1 X87.59 Y53.43 F1500
G1 X88.85 Y51.34 F1500
G1 X89.27 Y51.77 F1500
G1 X90.10 Y53.41 F1500
G1 X90.52 Y53.12 F1500
G1 X91.15 Y51.69 F1500
G1 X91.57 Y51.35 F1500
G1 X92.41 Y52.97 F1500
G1 X92.83 Y53.43 F1500
G1 X93.04 Y53.30 F1500
G1 X94.09 Y51.35 F1500
G1 X94.51 Y51.72 F1500
G1 X95.13 Y52.88 F1500
G1 X95.76 Y52.39 F1500
G1 X180.00 Y52.39 F1500
G1 X180.00 Y52.60 F1500
G1 X180.00 Y52.81 F1500
G1 X180.00 Y53.02 F1500
G1 X180.00 Y53.22 F1500
G1 X180.00 Y53.43 F1500
G1 X180.00 Y53.43 F1500
G1 X100.16 Y53.43 F1500
G1 X99.74 Y53.15 F1500
G1 X99.53 Y52.44 F1500
G1 X99.32 Y52.41 F1500
G1 X98.49 Y54.04 F1500
G1 X98.07 Y54.48 F1500
G1 X97.86 Y54.33 F1500
G1 X97.23 Y52.95 F1500
G1 X96.81 Y52.39 F1500
G1 X96.39 Y52.79 F1500
G1 X95.55 Y54.45 F1500
G1 X95.34 Y54.45 F1500
G1 X95.13 Y54.19 F1500
G1 X94.51 Y52.76 F1500
G1 X94.09 Y52.39 F1500
G1 X93.04 Y54.34 F1500
G1 X92.83 Y54.48 F1500
G1 X92.41 Y54.02 F1500
G1 X91.57 Y52.40 F1500
G1 X91.15 Y52.74 F1500
G1 X90.52 Y54.16 F1500
G1 X90.10 Y54.46 F1500
G1 X89.27 Y52.82 F1500
G1 X88.85 Y52.39 F1500
G1 X87.59 Y54.48 F1500
G1 X87.17 Y54.07 F1500
G1 X86.33 Y52.41 F1500
G1 X86.12 Y52.43 F1500
G1 X85.91 Y52.69 F1500
G1 X85.29 Y54.11 F1500
G1 X84.87 Y54.47 F1500
G1 X83.82 Y52.52 F1500
G1 X83.61 Y52.39 F1500
G1 X83.40 Y52.51 F1500
G1 X82.35 Y54.47 F1500
G1 X81.93 Y54.13 F1500
G1 X81.30 Y52.70 F1500
G1 X81.09 Y52.43 F1500
G1 X80.88 Y52.41 F1500
G1 X80.26 Y53.48 F1500
G1 X0.00 Y53.43 F1500
G1 X0.00 Y53.64 F1500
G1 X0.00 Y53.85 F1500
G1 X0.00 Y54.06 F1500
G1 X0.00 Y54.27 F1500
G1 X0.00 Y54.48 F1500
G1 X0.00 Y54.48 F1500
G1 X77.11 Y54.48 F1500
G1 X77.53 Y54.79 F1500
G1 X77.95 Y53.85 F1500
G1 X78.37 Y53.44 F1500
G1 X79.63 Y55.53 F1500
G1 X80.05 Y55.11 F1500
G1 X80.88 Y53.46 F1500
G1 X81.09 Y53.48 F1500
G1 X81.30 Y53.75 F1500
G1 X81.93 Y55.17 F1500
G1 X82.35 Y55.52 F1500
G1 X83.40 Y53.56 F1500
G1 X83.61 Y53.43 F1500
G1 X83.82 Y53.57 F1500
G1 X84.87 Y55.52 F1500
G1 X85.29 Y55.16 F1500
G1 X85.91 Y53.73 F1500
G1 X86.12 Y53.47 F1500
G1 X86.33 Y53.46 F1500
G1 X87.17 Y55.12 F1500
G1 X87.59 Y55.53 F1500
G1 X88.85 Y53.44 F1500
G1 X89.27 Y53.87 F1500
G1 X90.10 Y55.51 F1500
G1 X90.52 Y55.21 F1500
G1 X91.15 Y53.78 F1500
G1 X91.57 Y53.45 F1500
G1 X92.41 Y55.06 F1500
G1 X92.83 Y55.53 F1500
G1 X93.04 Y55.39 F1500
G1 X94.09 Y53.44 F1500
G1 X94.51 Y53.81 F1500
G1 X95.13 Y55.24 F1500
G1 X95.34 Y55.49 F1500
G1 X95.55 Y55.50 F1500
G1 X96.39 Y53.84 F1500
G1 X96.81 Y53.44 F1500
G1 X97.23 Y54.00 F1500
G1 X97.86 Y55.38 F1500
G1 X98.07 Y55.53 F1500
G1 X98.49 Y55.09 F1500
G1 X99.32 Y53.45 F1500
G1 X99.74 Y53.76 F1500
G1 X100.37 Y55.19 F1500
G1 X100.79 Y55.51 F1500
G1 X101.63 Y53.89 F1500
G1 X102.05 Y53.43 F1500
G1 X102.26 Y53.58 F1500
G1 X102.68 Y54.47 F1500
G1 X102.89 Y54.48 F1500
G1 X180.00 Y54.48 F1500
G1 X180.00 Y54.69 F1500
G1 X180.00 Y54.90 F1500
G1 X180.00 Y55.11 F1500
G1 X180.00 Y55.32 F1500
G1 X180.00 Y55.53 F1500
G1 X180.00 Y55.53 F1500
G1 X104.98 Y55.53 F1500
G1 X104.56 Y54.52 F1500
G1 X103.73 Y56.19 F1500
G1 X103.31 Y56.57 F1500
G1 X102.26 Y54.62 F1500
G1 X102.05 Y54.48 F1500
G1 X101.63 Y54.94 F1500
G1 X100.79 Y56.56 F1500
G1 X100.37 Y56.24 F1500
G1 X99.74 Y54.81 F1500
G1 X99.32 Y54.50 F1500
G1 X98.49 Y56.14 F1500
G1 X98.07 Y56.58 F1500
G1 X97.86 Y56.42 F1500
G1 X97.23 Y55.05 F1500
G1 X96.81 Y54.49 F1500
G1 X96.39 Y54.88 F1500
G1 X95.55 Y56.55 F1500
G1 X95.34 Y56.54 F1500
G1 X95.13 Y56.29 F1500
G1 X94.51 Y54.86 F1500
G1 X94.09 Y54.49 F1500
G1 X93.04 Y56.44 F1500
G1 X92.83 Y56.58 F1500
G1 X92.41 Y56.11 F1500
G1 X91.57 Y54.50 F1500
G1 X91.15 Y54.83 F1500
G1 X90.52 Y56.26 F1500
G1 X90.10 Y56.56 F1500
G1 X89.27 Y54.91 F1500
G1 X88.85 Y54.48 F1500
G1 X87.59 Y56.57 F1500
G1 X87.17 Y56.17 F1500
G1 X86.33 Y54.51 F1500
G1 X86.12 Y54.52 F1500
G1 X85.91 Y54.78 F1500
G1 X85.29 Y56.21 F1500
G1 X84.87 Y56.57 F1500
G1 X83.82 Y54.61 F1500
G1 X83.61 Y54.48 F1500
G1 X83.40 Y54.61 F1500
G1 X82.35 Y56.57 F1500
G1 X81.93 Y56.22 F1500
G1 X81.30 Y54.79 F1500
G1 X81.09 Y54.53 F1500
G1 X80.88 Y54.50 F1500
G1 X80.05 Y56.15 F1500
G1 X79.63 Y56.58 F1500
G1 X78.37 Y54.48 F1500
G1 X77.95 Y54.90 F1500
G1 X77.11 Y56.55 F1500
G1 X76.90 Y56.54 F1500
G1 X76.69 Y56.27 F1500
G1 X76.07 Y54.84 F1500
G1 X75.65 Y54.49 F1500
G1 X75.02 Y55.53 F1500
G1 X0.00 Y55.53 F1500
G1 X0.00 Y55.74 F1500
G1 X0.00 Y55.95 F1500
G1 X0.00 Y56.16 F1500
G1 X0.00 Y56.37 F1500
G1 X0.00 Y56.58 F1500
G1 X0.00 Y56.58 F1500
G1 X73.13 Y56.58 F1500
G1 X73.34 Y56.12 F1500
G1 X73.55 Y56.14 F1500
G1 X73.97 Y57.14 F1500
G1 X74.39 Y57.63 F1500
G1 X74.60 Y57.50 F1500
G1 X75.65 Y55.54 F1500
G1 X76.07 Y55.89 F1500
G1 X76.69 Y57.32 F1500
G1 X76.90 Y57.58 F1500
G1 X77.11 Y57.60 F1500
G1 X77.95 Y55.95 F1500
G1 X78.37 Y55.53 F1500
G1 X79.63 Y57.62 F1500
G1 X80.05 Y57.20 F1500
G1 X80.88 Y55.55 F1500
G1 X81.09 Y55.57 F1500
G1 X81.30 Y55.84 F1500
G1 X81.93 Y57.27 F1500
G1 X82.35 Y57.61 F1500
G1 X83.40 Y55.65 F1500
G1 X83.61 Y55.53 F1500
G1 X83.82 Y55.66 F1500
G1 X84.87 Y57.62 F1500
G1 X85.29 Y57.26 F1500
G1 X85.91 Y55.83 F1500
G1 X86.12 Y55.57 F1500
G1 X86.33 Y55.56 F1500
G1 X87.17 Y57.22 F1500
G1 X87.59 Y57.62 F1500
G1 X88.85 Y55.53 F1500
G1 X89.27 Y55.96 F1500
G1 X90.10 Y57.60 F1500
G1 X90.52 Y57.31 F1500
G1 X91.15 Y55.88 F1500
G1 X91.57 Y55.54 F1500
G1 X92.41 Y57.16 F1500
G1 X92.83 Y57.62 F1500
G1 X93.04 Y57.49 F1500
G1 X94.09 Y55.54 F1500
G1 X94.51 Y55.91 F1500
G1 X95.13 Y57.33 F1500
G1 X95.34 Y57.59 F1500
G1 X95.55 Y57.60 F1500
G1 X96.39 Y55.93 F1500
G1 X96.81 Y55.53 F1500
G1 X97.23 Y56.10 F1500
G1 X97.86 Y57.47 F1500
G1 X98.07 Y57.62 F1500
G1 X98.49 Y57.19 F1500
G1 X99.32 Y55.55 F1500
G1 X99.74 Y55.85 F1500
G1 X100.37 Y57.28 F1500
G1 X100.79 Y57.61 F1500
G1 X101.63 Y55.99 F1500
G1 X102.05 Y55.53 F1500
G1 X102.26 Y55.67 F1500
G1 X103.31 Y57.62 F1500
G1 X103.73 Y57.24 F1500
G1 X104.35 Y55.82 F1500
G1 X104.56 Y55.56 F1500
G1 X104.77 Y55.56 F1500
G1 X105.61 Y57.23 F1500
G1 X106.03 Y57.62 F1500
G1 X106.66 Y56.56 F1500
G1 X180.00 Y56.58 F1500
G1 X180.00 Y56.79 F1500
G1 X180.00 Y57.00 F1500
G1 X180.00 Y57.21 F1500
G1 X180.00 Y57.42 F1500
G1 X180.00 Y57.63 F1500
G1 X180.00 Y57.63 F1500
G1 X108.54 Y57.63 F1500
G1 X108.13 Y58.02 F1500
G1 X107.71 Y57.02 F1500
G1 X107.29 Y56.58 F1500
G1 X107.08 Y56.73 F1500
G1 X106.03 Y58.67 F1500
G1 X105.61 Y58.28 F1500
G1 X104.77 Y56.61 F1500
G1 X104.56 Y56.61 F1500
G1 X104.35 Y56.86 F1500
G1 X103.73 Y58.29 F1500
G1 X103.31 Y58.67 F1500
G1 X102.26 Y56.72 F1500
G1 X102.05 Y56.58 F1500
G1 X101.63 Y57.04 F1500
G1 X100.79 Y58.66 F1500
G1 X100.37 Y58.33 F1500
G1 X99.74 Y56.90 F1500
G1 X99.32 Y56.60 F1500
G1 X98.49 Y58.23 F1500
G1 X98.07 Y58.67 F1500
G1 X97.86 Y58.52 F1500
G1 X97.23 Y57.14 F1500
G1 X96.81 Y56.58 F1500
G1 X96.39 Y56.98 F1500
G1 X95.55 Y58.64 F1500
G1 X95.34 Y58.64 F1500
G1 X95.13 Y58.38 F1500
G1 X94.51 Y56.95 F1500
G1 X94.09 Y56.59 F1500
G1 X93.04 Y58.54 F1500
G1 X92.83 Y58.67 F1500
G1 X92.41 Y58.21 F1500
G1 X91.57 Y56.59 F1500
G1 X91.15 Y56.93 F1500
G1 X90.52 Y58.35 F1500
G1 X90.10 Y58.65 F1500
G1 X89.27 Y57.01 F1500
G1 X88.85 Y56.58 F1500
G1 X87.59 Y58.67 F1500
G1 X87.17 Y58.26 F1500
G1 X86.33 Y56.60 F1500
G1 X86.12 Y56.62 F1500
G1 X85.91 Y56.88 F1500
G1 X85.29 Y58.30 F1500
G1 X84.87 Y58.66 F1500
G1 X83.82 Y56.71 F1500
G1 X83.61 Y56.58 F1500
G1 X83.40 Y56.70 F1500
G1 X82.35 Y58.66 F1500
G1 X81.93 Y58.32 F1500
G1 X81.30 Y56.89 F1500
G1 X81.09 Y56.62 F1500
G1 X80.88 Y56.60 F1500
G1 X80.05 Y58.25 F1500
G1 X79.63 Y58.67 F1500
G1 X78.37 Y56.58 F1500
G1 X77.95 Y56.99 F1500
G1 X77.11 Y58.65 F1500
G1 X76.90 Y58.63 F1500
G1 X76.69 Y58.37 F1500
G1 X76.07 Y56.94 F1500
G1 X75.65 Y56.59 F1500
G1 X74.60 Y58.54 F1500
G1 X74.39 Y58.67 F1500
G1 X74.18 Y58.54 F1500
G1 X73.13 Y56.59 F1500
G1 X72.71 Y56.94 F1500
G1 X71.87 Y58.63 F1500
G1 X71.46 Y57.63 F1500
G1 X0.00 Y57.63 F1500
G1 X0.00 Y57.83 F1500
G1 X0.00 Y58.04 F1500
G1 X0.00 Y58.25 F1500
G1 X0.00 Y58.46 F1500
G1 X0.00 Y58.67 F1500
G1 X0.00 Y58.67 F1500
G1 X69.99 Y58.67 F1500
G1 X70.20 Y58.48 F1500
G1 X70.41 Y57.63 F1500
G1 X70.83 Y58.04 F1500
G1 X71.66 Y59.70 F1500
G1 X71.87 Y59.68 F1500
G1 X72.08 Y59.42 F1500
G1 X72.71 Y57.99 F1500
G1 X73.13 Y57.64 F1500
G1 X74.18 Y59.59 F1500
G1 X74.39 Y59.72 F1500
G1 X74.60 Y59.59 F1500
G1 X75.65 Y57.64 F1500
G1 X76.07 Y57.99 F1500
G1 X76.69 Y59.42 F1500
G1 X76.90 Y59.68 F1500
G1 X77.11 Y59.70 F1500
G1 X77.95 Y58.04 F1500
G1 X78.37 Y57.63 F1500
G1 X79.63 Y59.72 F1500
G1 X80.05 Y59.30 F1500
G1 X80.88 Y57.65 F1500
G1 X81.09 Y57.67 F1500
G1 X81.30 Y57.94 F1500
G1 X81.93 Y59.36 F1500
G1 X82.35 Y59.71 F1500
G1 X83.40 Y57.75 F1500
G1 X83.61 Y57.63 F1500
G1 X83.82 Y57.76 F1500
G1 X84.87 Y59.71 F1500
G1 X85.29 Y59.35 F1500
G1 X85.91 Y57.92 F1500
G1 X86.12 Y57.66 F1500
G1 X86.33 Y57.65 F1500
G1 X87.17 Y59.31 F1500
G1 X87.59 Y59.72 F1500
G1 X88.85 Y57.63 F1500
G1 X89.27 Y58.06 F1500
G1 X90.10 Y59.70 F1500
G1 X90.52 Y59.40 F1500
G1 X91.15 Y57.97 F1500
G1 X91.57 Y57.64 F1500
G1 X92.41 Y59.25 F1500
G1 X92.83 Y59.72 F1500
G1 X93.04 Y59.58 F1500
G1 X94.09 Y57.63 F1500
G1 X94.51 Y58.00 F1500
G1 X95.13 Y59.43 F1500
G1 X95.34 Y59.68 F1500
G1 X95.55 Y59.69 F1500
G1 X96.39 Y58.03 F1500
G1 X96.81 Y57.63 F1500
G1 X97.23 Y58.19 F1500
G1 X97.86 Y59.57 F1500
G1 X98.07 Y59.72 F1500
G1 X98.49 Y59.28 F1500
G1 X99.32 Y57.64 F1500
G1 X99.74 Y57.95 F1500
G1 X100.37 Y59.38 F1500
G1 X100.79 Y59.71 F1500
G1 X101.63 Y58.08 F1500
G1 X102.05 Y57.63 F1500
G1 X102.26 Y57.77 F1500
G1 X103.31 Y59.71 F1500
G1 X103.73 Y59.34 F1500
G1 X104.35 Y57.91 F1500
G1 X104.56 Y57.66 F1500
G1 X104.77 Y57.66 F1500
G1 X105.61 Y59.33 F1500
G1 X106.03 Y59.72 F1500
G1 X107.08 Y57.77 F1500
G1 X107.29 Y57.63 F1500
G1 X107.71 Y58.07 F1500
G1 X108.54 Y59.70 F1500
G1 X108.96 Y59.39 F1500
G1 X109.59 Y57.96 F1500
G1 X110.01 Y58.67 F1500
G1 X180.00 Y58.67 F1500
G1 X180.00 Y58.88 F1500
G1 X180.00 Y59.09 F1500
G1 X180.00 Y59.30 F1500
G1 X180.00 Y59.51 F1500
G1 X180.00 Y59.72 F1500
G1 X180.00 Y59.72 F1500
G1 X111.27 Y59.72 F1500
G1 X110.85 Y60.32 F1500
G1 X110.01 Y58.69 F1500
G1 X109.59 Y59.01 F1500
G1 X108.96 Y60.44 F1500
G1 X108.54 Y60.75 F1500
G1 X107.71 Y59.12 F1500
G1 X107.29 Y58.67 F1500
G1 X107.08 Y58.82 F1500
G1 X106.03 Y60.76 F1500
G1 X105.61 Y60.37 F1500
G1 X104.77 Y58.70 F1500
G1 X104.56 Y58.71 F1500
G1 X104.35 Y58.96 F1500
G1 X103.73 Y60.38 F1500
G1 X103.31 Y60.76 F1500
G1 X102.26 Y58.81 F1500
G1 X102.05 Y58.67 F1500
G1 X101.63 Y59.13 F1500
G1 X100.79 Y60.75 F1500
G1 X100.37 Y60.43 F1500
G1 X99.74 Y59.00 F1500
G1 X99.32 Y58.69 F1500
G1 X98.49 Y60.33 F1500
G1 X98.07 Y60.77 F1500
G1 X97.86 Y60.61 F1500
G1 X97.23 Y59.24 F1500
G1 X96.81 Y58.68 F1500
G1 X96.39 Y59.08 F1500
G1 X95.55 Y60.74 F1500
G1 X95.34 Y60.73 F1500
G1 X95.13 Y60.48 F1500
G1 X94.51 Y59.05 F1500
G1 X94.09 Y58.68 F1500
G1 X93.04 Y60.63 F1500
G1 X92.83 Y60.77 F1500
G1 X92.41 Y60.30 F1500
G1 X91.57 Y58.69 F1500
G1 X91.15 Y59.02 F1500
G1 X90.52 Y60.45 F1500
G1 X90.10 Y60.75 F1500
G1 X89.27 Y59.10 F1500
G1 X88.85 Y58.67 F1500
G1 X87.59 Y60.76 F1500
G1 X87.17 Y60.36 F1500
G1 X86.33 Y58.70 F1500
G1 X86.12 Y58.71 F1500
G1 X85.91 Y58.97 F1500
G1 X85.29 Y60.40 F1500
G1 X84.87 Y60.76 F1500
G1 X83.82 Y58.81 F1500
G1 X83.61 Y58.67 F1500
G1 X83.40 Y58.80 F1500
G1 X82.35 Y60.76 F1500
G1 X81.93 Y60.41 F1500
G1 X81.30 Y58.98 F1500
G1 X81.09 Y58.72 F1500
G1 X80.88 Y58.70 F1500
G1 X80.05 Y60.34 F1500
G1 X79.63 Y60.77 F1500
G1 X78.37 Y58.68 F1500
G1 X77.95 Y59.09 F1500
G1 X77.11 Y60.74 F1500
G1 X76.90 Y60.73 F1500
G1 X76.69 Y60.46 F1500
G1 X76.07 Y59.04 F1500
G1 X75.65 Y58.68 F1500
G1 X74.60 Y60.64 F1500
G1 X74.39 Y60.77 F1500
G1 X74.18 Y60.64 F1500
G1 X73.13 Y58.68 F1500
G1 X72.71 Y59.04 F1500
G1 X72.08 Y60.46 F1500
G1 X71.87 Y60.73 F1500
G1 X71.66 Y60.74 F1500
G1 X70.83 Y59.09 F1500
G1 X70.41 Y58.68 F1500
G1 X69.15 Y60.77 F1500
G1 X68.73 Y59.72 F1500
G1 X0.00 Y59.72 F1500
G1 X0.00 Y59.93 F1500
G1 X0.00 Y60.14 F1500
G1 X0.00 Y60.35 F1500
G1 X0.00 Y60.56 F1500
G1 X0.00 Y60.77 F1500
G1 X0.00 Y60.77 F1500
G1 X67.68 Y60.77 F1500
G1 X67.89 Y59.74 F1500
G1 X68.73 Y61.39 F1500
G1 X69.15 Y61.81 F1500
G1 X70.41 Y59.72 F1500
G1 X70.83 Y60.14 F1500
G1 X71.66 Y61.79 F1500
G1 X71.87 Y61.77 F1500
G1 X72.08 Y61.51 F1500
G1 X72.71 Y60.08 F1500
G1 X73.13 Y59.73 F1500
G1 X74.18 Y61.69 F1500
G1 X74.39 Y61.82 F1500
G1 X74.60 Y61.69 F1500
G1 X75.65 Y59.73 F1500
G1 X76.07 Y60.08 F1500
G1 X76.69 Y61.51 F1500
G1 X76.90 Y61.77 F1500
G1 X77.11 Y61.79 F1500
G1 X77.95 Y60.14 F1500
G1 X78.37 Y59.72 F1500
G1 X79.63 Y61.81 F1500
G1 X80.05 Y61.39 F1500
G1 X80.88 Y59.74 F1500
G1 X81.09 Y59.76 F1500
G1 X81.30 Y60.03 F1500
G1 X81.93 Y61.46 F1500
G1 X82.35 Y61.80 F1500
G1 X83.40 Y59.84 F1500
G1 X83.61 Y59.72 F1500
G1 X83.82 Y59.85 F1500
G1 X84.87 Y61.81 F1500
G1 X85.29 Y61.45 F1500
G1 X85.91 Y60.02 F1500
G1 X86.12 Y59.76 F1500
G1 X86.33 Y59.75 F1500
G1 X87.17 Y61.41 F1500
G1 X87.59 Y61.81 F1500
G1 X88.85 Y59.72 F1500
G1 X89.27 Y60.15 F1500
G1 X90.10 Y61.80 F1500
G1 X90.52 Y61.50 F1500
G1 X91.15 Y60.07 F1500
G1 X91.57 Y59.73 F1500
G1 X92.41 Y61.35 F1500
G1 X92.83 Y61.82 F1500
G1 X93.04 Y61.68 F1500
G1 X94.09 Y59.73 F1500
G1 X94.51 Y60.10 F1500
G1 X95.13 Y61.52 F1500
G1 X95.34 Y61.78 F1500
G1 X95.55 Y61.79 F1500
G1 X96.39 Y60.12 F1500
G1 X96.81 Y59.73 F1500
G1 X97.23 Y60.29 F1500
G1 X97.86 Y61.66 F1500
G1 X98.07 Y61.81 F1500
G1 X98.49 Y61.38 F1500
G1 X99.32 Y59.74 F1500
G1 X99.74 Y60.05 F1500
G1 X100.37 Y61.47 F1500
G1 X100.79 Y61.80 F1500
G1 X101.63 Y60.18 F1500
G1 X102.05 Y59.72 F1500
G1 X102.26 Y59.86 F1500
G1 X103.31 Y61.81 F1500
G1 X103.73 Y61.43 F1500
G1 X104.35 Y60.01 F1500
G1 X104.56 Y59.75 F1500
G1 X104.77 Y59.75 F1500
G1 X105.61 Y61.42 F1500
G1 X106.03 Y61.81 F1500
G1 X107.08 Y59.87 F1500
G1 X107.29 Y59.72 F1500
G1 X107.71 Y60.17 F1500
G1 X108.54 Y61.80 F1500
G1 X108.96 Y61.48 F1500
G1 X109.59 Y60.06 F1500
G1 X110.01 Y59.74 F1500
G1 X110.85 Y61.37 F1500
G1 X111.27 Y61.82 F1500
G1 X111.69 Y61.30 F1500
G1 X112.11 Y60.30 F1500
G1 X112.32 Y60.77 F1500
G1 X180.00 Y60.77 F1500
G1 X180.00 Y60.98 F1500
G1 X180.00 Y61.19 F1500
G1 X180.00 Y61.40 F1500
G1 X180.00 Y61.61 F1500
G1 X180.00 Y61.82 F1500
G1 X180.00 Y61.82 F1500
G1 X113.36 Y61.82 F1500
G1 X112.74 Y60.85 F1500
G1 X112.53 Y60.77 F1500
G1 X111.48 Y62.72 F1500
G1 X111.27 Y62.86 F1500
G1 X110.85 Y62.41 F1500
G1 X110.01 Y60.78 F1500
G1 X109.59 Y61.10 F1500
G1 X108.96 Y62.53 F1500
G1 X108.54 Y62.85 F1500
G1 X107.71 Y61.22 F1500
G1 X107.29 Y60.77 F1500
G1 X107.08 Y60.92 F1500
G1 X106.03 Y62.86 F1500
G1 X105.61 Y62.47 F1500
G1 X104.77 Y60.80 F1500
G1 X104.56 Y60.80 F1500
G1 X104.35 Y61.05 F1500
G1 X103.73 Y62.48 F1500
G1 X103.31 Y62.86 F1500
G1 X102.26 Y60.91 F1500
G1 X102.05 Y60.77 F1500
G1 X101.63 Y61.23 F1500
G1 X100.79 Y62.85 F1500
G1 X100.37 Y62.52 F1500
G1 X99.74 Y61.09 F1500
G1 X99.32 Y60.79 F1500
G1 X98.49 Y62.42 F1500
G1 X98.07 Y62.86 F1500
G1 X97.86 Y62.71 F1500
G1 X97.23 Y61.33 F1500
G1 X96.81 Y60.77 F1500
G1 X96.39 Y61.17 F1500
G1 X95.55 Y62.84 F1500
G1 X95.34 Y62.83 F1500
G1 X95.13 Y62.57 F1500
G1 X94.51 Y61.15 F1500
G1 X94.09 Y60.78 F1500
G1 X93.04 Y62.73 F1500
G1 X92.83 Y62.86 F1500
G1 X92.41 Y62.40 F1500
G1 X91.57 Y60.78 F1500
G1 X91.15 Y61.12 F1500
G1 X90.52 Y62.55 F1500
G1 X90.10 Y62.84 F1500
G1 X89.27 Y61.20 F1500
G1 X88.85 Y60.77 F1500
G1 X87.59 Y62.86 F1500
G1 X87.17 Y62.45 F1500
G1 X86.33 Y60.79 F1500
G1 X86.12 Y60.81 F1500
G1 X85.91 Y61.07 F1500
G1 X85.29 Y62.49 F1500
G1 X84.87 Y62.85 F1500
G1 X83.82 Y60.90 F1500
G1 X83.61 Y60.77 F1500
G1 X83.40 Y60.89 F1500
G1 X82.35 Y62.85 F1500
G1 X81.93 Y62.51 F1500
G1 X81.30 Y61.08 F1500
G1 X81.09 Y60.81 F1500
G1 X80.88 Y60.79 F1500
G1 X80.05 Y62.44 F1500
G1 X79.63 Y62.86 F1500
G1 X78.37 Y60.77 F1500
G1 X77.95 Y61.19 F1500
G1 X77.11 Y62.84 F1500
G1 X76.90 Y62.82 F1500
G1 X76.69 Y62.56 F1500
G1 X76.07 Y61.13 F1500
G1 X75.65 Y60.78 F1500
G1 X74.60 Y62.74 F1500
G1 X74.39 Y62.86 F1500
G1 X74.18 Y62.74 F1500
G1 X73.13 Y60.78 F1500
G1 X72.71 Y61.13 F1500
G1 X72.08 Y62.56 F1500
G1 X71.87 Y62.82 F1500
G1 X71.66 Y62.84 F1500
G1 X70.83 Y61.19 F1500
G1 X70.41 Y60.77 F1500
G1 X69.15 Y62.86 F1500
G1 X68.73 Y62.44 F1500
G1 X67.89 Y60.79 F1500
G1 X67.68 Y60.81 F1500
G1 X67.47 Y61.08 F1500
G1 X66.85 Y62.51 F1500
G1 X66.64 Y61.82 F1500
G1 X0.00 Y61.82 F1500
G1 X0.00 Y62.03 F1500
G1 X0.00 Y62.24 F1500
G1 X0.00 Y62.44 F1500
G1 X0.00 Y62.65 F1500
G1 X0.00 Y62.86 F1500
G1 X0.00 Y62.86 F1500
G1 X65.80 Y62.80 F1500
G1 X66.43 Y63.90 F1500
G1 X66.85 Y63.56 F1500
G1 X67.47 Y62.13 F1500
G1 X67.68 Y61.86 F1500
G1 X67.89 Y61.84 F1500
G1 X68.73 Y63.49 F1500
G1 X69.15 Y63.91 F1500
G1 X70.41 Y61.82 F1500
G1 X70.83 Y62.23 F1500
G1 X71.66 Y63.89 F1500
G1 X71.87 Y63.87 F1500
G1 X72.08 Y63.61 F1500
G1 X72.71 Y62.18 F1500
G1 X73.13 Y61.83 F1500
G1 X74.18 Y63.78 F1500
G1 X74.39 Y63.91 F1500
G1 X74.60 Y63.78 F1500
G1 X75.65 Y61.83 F1500
G1 X76.07 Y62.18 F1500
G1 X76.69 Y63.61 F1500
G1 X76.90 Y63.87 F1500
G1 X77.11 Y63.89 F1500
G1 X77.95 Y62.23 F1500
G1 X78.37 Y61.82 F1500
G1 X79.63 Y63.91 F1500
G1 X80.05 Y63.49 F1500
G1 X80.88 Y61.84 F1500
G1 X81.09 Y61.86 F1500
G1 X81.30 Y62.13 F1500
G1 X81.93 Y63.56 F1500
G1 X82.35 Y63.90 F1500
G1 X83.40 Y61.94 F1500
G1 X83.61 Y61.82 F1500
G1 X83.82 Y61.95 F1500
G1 X84.87 Y63.90 F1500
G1 X85.29 Y63.54 F1500
G1 X85.91 Y62.11 F1500
G1 X86.12 Y61.86 F1500
G1 X86.33 Y61.84 F1500
G1 X87.17 Y63.50 F1500
G1 X87.59 Y63.91 F1500
G1 X88.85 Y61.82 F1500
G1 X89.27 Y62.25 F1500
G1 X90.10 Y63.89 F1500
G1 X90.52 Y63.59 F1500
G1 X91.15 Y62.17 F1500
G1 X91.57 Y61.83 F1500
G1 X92.41 Y63.45 F1500
G1 X92.83 Y63.91 F1500
G1 X93.04 Y63.77 F1500
G1 X94.09 Y61.82 F1500
G1 X94.51 Y62.19 F1500
G1 X95.13 Y63.62 F1500
G1 X95.34 Y63.87 F1500
G1 X95.55 Y63.88 F1500
G1 X96.39 Y62.22 F1500
G1 X96.81 Y61.82 F1500
G1 X97.23 Y62.38 F1500
G1 X97.86 Y63.76 F1500
G1 X98.07 Y63.91 F1500
G1 X98.49 Y63.47 F1500
G1 X99.32 Y61.83 F1500
G1 X99.74 Y62.14 F1500
G1 X100.37 Y63.57 F1500
G1 X100.79 Y63.90 F1500
G1 X101.63 Y62.27 F1500
G1 X102.05 Y61.82 F1500
G1 X102.26 Y61.96 F1500
G1 X103.31 Y63.90 F1500
G1 X103.73 Y63.53 F1500
G1 X104.35 Y62.10 F1500
G1 X104.56 Y61.85 F1500
G1 X104.77 Y61.85 F1500
G1 X105.61 Y63.52 F1500
G1 X106.03 Y63.91 F1500
G1 X107.08 Y61.97 F1500
G1 X107.29 Y61.82 F1500
G1 X107.71 Y62.26 F1500
G1 X108.54 Y63.89 F1500
G1 X108.96 Y63.58 F1500
G1 X109.59 Y62.15 F1500
G1 X110.01 Y61.83 F1500
G1 X110.85 Y63.46 F1500
G1 X111.27 Y63.91 F1500
G1 X111.48 Y63.76 F1500
G1 X112.53 Y61.82 F1500
G1 X112.95 Y62.21 F1500
G1 X113.78 Y63.88 F1500
G1 X113.99 Y63.88 F1500
G1 X114.41 Y62.86 F1500
G1 X180.00 Y62.86 F1500
G1 X180.00 Y63.07 F1500
G1 X180.00 Y63.28 F1500
G1 X180.00 Y63.49 F1500
G1 X180.00 Y63.70 F1500
G1 X180.00 Y63.91 F1500
G1 X180.00 Y63.91 F1500
G1 X115.25 Y63.91 F1500
G1 X115.04 Y62.94 F1500
G1 X114.20 Y64.68 F1500
G1 X113.99 Y64.93 F1500
G1 X113.78 Y64.93 F1500
G1 X112.95 Y63.26 F1500
G1 X112.53 Y62.87 F1500
G1 X111.48 Y64.81 F1500
G1 X111.27 Y64.96 F1500
G1 X110.85 Y64.51 F1500
G1 X110.01 Y62.88 F1500
G1 X109.59 Y63.20 F1500
G1 X108.96 Y64.63 F1500
G1 X108.54 Y64.94 F1500
G1 X107.71 Y63.31 F1500
G1 X107.29 Y62.86 F1500
G1 X107.08 Y63.01 F1500
G1 X106.03 Y64.95 F1500
G1 X105.61 Y64.56 F1500
G1 X104.77 Y62.89 F1500
G1 X104.56 Y62.90 F1500
G1 X104.35 Y63.15 F1500
G1 X103.73 Y64.58 F1500
G1 X103.31 Y64.95 F1500
G1 X102.26 Y63.01 F1500
G1 X102.05 Y62.86 F1500
G1 X101.63 Y63.32 F1500
G1 X100.79 Y64.94 F1500
G1 X100.37 Y64.62 F1500
G1 X99.74 Y63.19 F1500
G1 X99.32 Y62.88 F1500
G1 X98.49 Y64.52 F1500
G1 X98.07 Y64.96 F1500
G1 X97.86 Y64.81 F1500
G1 X97.23 Y63.43 F1500
G1 X96.81 Y62.87 F1500
G1 X96.39 Y63.27 F1500
G1 X95.55 Y64.93 F1500
G1 X95.34 Y64.92 F1500
G1 X95.13 Y64.67 F1500
G1 X94.51 Y63.24 F1500
G1 X94.09 Y62.87 F1500
G1 X93.04 Y64.82 F1500
G1 X92.83 Y64.96 F1500
G1 X92.41 Y64.49 F1500
G1 X91.57 Y62.88 F1500
G1 X91.15 Y63.21 F1500
G1 X90.52 Y64.64 F1500
G1 X90.10 Y64.94 F1500
G1 X89.27 Y63.30 F1500
G1 X88.85 Y62.87 F1500
G1 X87.59 Y64.96 F1500
G1 X87.17 Y64.55 F1500
G1 X86.33 Y62.89 F1500
G1 X86.12 Y62.90 F1500
G1 X85.91 Y63.16 F1500
G1 X85.29 Y64.59 F1500
G1 X84.87 Y64.95 F1500
G1 X83.82 Y63.00 F1500
G1 X83.61 Y62.86 F1500
G1 X83.40 Y62.99 F1500
G1 X82.35 Y64.95 F1500
G1 X81.93 Y64.60 F1500
G1 X81.30 Y63.18 F1500
G1 X81.09 Y62.91 F1500
G1 X80.88 Y62.89 F1500
G1 X80.05 Y64.53 F1500
G1 X79.63 Y64.96 F1500
G1 X78.37 Y62.87 F1500
G1 X77.95 Y63.28 F1500
G1 X77.11 Y64.93 F1500
G1 X76.90 Y64.92 F1500
G1 X76.69 Y64.65 F1500
G1 X76.07 Y63.23 F1500
G1 X75.65 Y62.87 F1500
G1 X74.60 Y64.83 F1500
G1 X74.39 Y64.96 F1500
G1 X74.18 Y64.83 F1500
G1 X73.13 Y62.87 F1500
G1 X72.71 Y63.23 F1500
G1 X72.08 Y64.65 F1500
G1 X71.87 Y64.92 F1500
G1 X71.66 Y64.93 F1500
G1 X70.83 Y63.28 F1500
G1 X70.41 Y62.87 F1500
G1 X69.15 Y64.96 F1500
G1 X68.73 Y64.53 F1500
G1 X67.89 Y62.89 F1500
G1 X67.68 Y62.91 F1500
G1 X67.47 Y63.18 F1500
G1 X66.85 Y64.60 F1500
G1 X66.43 Y64.95 F1500
G1 X65.38 Y62.99 F1500
G1 X65.17 Y62.86 F1500
G1 X64.96 Y63.00 F1500
G1 X64.75 Y63.91 F1500
G1 X0.00 Y63.91 F1500
G1 X0.00 Y64.12 F1500
G1 X0.00 Y64.33 F1500
G1 X0.00 Y64.54 F1500
G1 X0.00 Y64.75 F1500
G1 X0.00 Y64.96 F1500
G1 X0.00 Y64.96 F1500
G1 X63.91 Y64.96 F1500
G1 X64.12 Y65.80 F1500
G1 X64.75 Y64.40 F1500
G1 X65.17 Y63.91 F1500
G1 X65.38 Y64.04 F1500
G1 X66.43 Y66.00 F1500
G1 X66.85 Y65.65 F1500
G1 X67.47 Y64.22 F1500
G1 X67.68 Y63.96 F1500
G1 X67.89 Y63.93 F1500
G1 X68.73 Y65.58 F1500
G1 X69.15 Y66.00 F1500
G1 X70.41 Y63.91 F1500
G1 X70.83 Y64.33 F1500
G1 X71.66 Y65.98 F1500
G1 X71.87 Y65.97 F1500
G1 X72.08 Y65.70 F1500
G1 X72.71 Y64.27 F1500
G1 X73.13 Y63.92 F1500
G1 X74.18 Y65.88 F1500
G1 X74.39 Y66.01 F1500
G1 X74.60 Y65.88 F1500
G1 X75.65 Y63.92 F1500
G1 X76.07 Y64.27 F1500
G1 X76.69 Y65.70 F1500
G1 X76.90 Y65.97 F1500
G1 X77.11 Y65.98 F1500
G1 X77.95 Y64.33 F1500
G1 X78.37 Y63.91 F1500
G1 X79.63 Y66.00 F1500
G1 X80.05 Y65.58 F1500
G1 X80.88 Y63.93 F1500
G1 X81.09 Y63.96 F1500
G1 X81.30 Y64.22 F1500
G1 X81.93 Y65.65 F1500
G1 X82.35 Y66.00 F1500
G1 X83.40 Y64.04 F1500
G1 X83.61 Y63.91 F1500
G1 X83.82 Y64.04 F1500
G1 X84.87 Y66.00 F1500
G1 X85.29 Y65.64 F1500
G1 X85.91 Y64.21 F1500
G1 X86.12 Y63.95 F1500
G1 X86.33 Y63.94 F1500
G1 X87.17 Y65.60 F1500
G1 X87.59 Y66.00 F1500
G1 X88.85 Y63.91 F1500
G1 X89.27 Y64.34 F1500
G1 X90.10 Y65.99 F1500
G1 X90.52 Y65.69 F1500
G1 X91.15 Y64.26 F1500
G1 X91.57 Y63.92 F1500
G1 X92.41 Y65.54 F1500
G1 X92.83 Y66.01 F1500
G1 X93.04 Y65.87 F1500
G1 X94.09 Y63.92 F1500
G1 X94.51 Y64.29 F1500
G1 X95.13 Y65.71 F1500
G1 X95.34 Y65.97 F1500
G1 X95.55 Y65.98 F1500
G1 X96.39 Y64.31 F1500
G1 X96.81 Y63.92 F1500
G1 X97.23 Y64.48 F1500
G1 X97.86 Y65.85 F1500
G1 X98.07 Y66.01 F1500
G1 X98.49 Y65.57 F1500
G1 X99.32 Y63.93 F1500
G1 X99.74 Y64.24 F1500
G1 X100.37 Y65.66 F1500
G1 X100.79 Y65.99 F1500
G1 X101.63 Y64.37 F1500
G1 X102.05 Y63.91 F1500
G1 X102.26 Y64.05 F1500
G1 X103.31 Y66.00 F1500
G1 X103.73 Y65.62 F1500
G1 X104.35 Y64.20 F1500
G1 X104.56 Y63.95 F1500
G1 X104.77 Y63.94 F1500
G1 X105.61 Y65.61 F1500
G1 X106.03 Y66.00 F1500
G1 X107.08 Y64.06 F1500
G1 X107.29 Y63.91 F1500
G1 X107.71 Y64.36 F1500
G1 X108.54 Y65.99 F1500
G1 X108.96 Y65.68 F1500
G1 X109.59 Y64.25 F1500
G1 X110.01 Y63.93 F1500
G1 X110.85 Y65.56 F1500
G1 X111.27 Y66.01 F1500
G1 X111.48 Y65.86 F1500
G1 X112.53 Y63.92 F1500
G1 X112.95 Y64.30 F1500
G1 X113.78 Y65.97 F1500
G1 X113.99 Y65.97 F1500
G1 X114.20 Y65.72 F1500
G1 X114.83 Y64.30 F1500
G1 X115.25 Y63.92 F1500
G1 X115.88 Y65.00 F1500
G1 X180.00 Y64.96 F1500
G1 X180.00 Y65.17 F1500
G1 X180.00 Y65.38 F1500
G1 X180.00 Y65.59 F1500
G1 X180.00 Y65.80 F1500
G1 X180.00 Y66.01 F1500
G1 X180.00 Y66.01 F1500
G1 X116.93 Y66.01 F1500
G1 X116.51 Y67.05 F1500
G1 X116.30 Y66.91 F1500
G1 X115.25 Y64.97 F1500
G1 X114.83 Y65.35 F1500
G1 X114.20 Y66.77 F1500
G1 X113.99 Y67.02 F1500
G1 X113.78 Y67.02 F1500
G1 X112.95 Y65.35 F1500
G1 X112.53 Y64.97 F1500
G1 X111.48 Y66.91 F1500
G1 X111.27 Y67.05 F1500
G1 X110.85 Y66.60 F1500
G1 X110.01 Y64.98 F1500
G1 X109.59 Y65.29 F1500
G1 X108.96 Y66.72 F1500
G1 X108.54 Y67.04 F1500
G1 X107.71 Y65.41 F1500
G1 X107.29 Y64.96 F1500
G1 X107.08 Y65.11 F1500
G1 X106.03 Y67.05 F1500
G1 X105.61 Y66.66 F1500
G1 X104.77 Y64.99 F1500
G1 X104.56 Y64.99 F1500
G1 X104.35 Y65.25 F1500
G1 X103.73 Y66.67 F1500
G1 X103.31 Y67.05 F1500
G1 X102.26 Y65.10 F1500
G1 X102.05 Y64.96 F1500
G1 X101.63 Y65.42 F1500
G1 X100.79 Y67.04 F1500
G1 X100.37 Y66.71 F1500
G1 X99.74 Y65.28 F1500
G1 X99.32 Y64.98 F1500
G1 X98.49 Y66.62 F1500
G1 X98.07 Y67.05 F1500
G1 X97.86 Y66.90 F1500
G1 X97.23 Y65.53 F1500
G1 X96.81 Y64.96 F1500
G1 X96.39 Y65.36 F1500
G1 X95.55 Y67.03 F1500
G1 X95.34 Y67.02 F1500
G1 X95.13 Y66.76 F1500
G1 X94.51 Y65.34 F1500
G1 X94.09 Y64.97 F1500
G1 X93.04 Y66.92 F1500
G1 X92.83 Y67.05 F1500
G1 X92.41 Y66.59 F1500
G1 X91.57 Y64.97 F1500
G1 X91.15 Y65.31 F1500
G1 X90.52 Y66.74 F1500
G1 X90.10 Y67.03 F1500
G1 X89.27 Y65.39 F1500
G1 X88.85 Y64.96 F1500
G1 X87.59 Y67.05 F1500
G1 X87.17 Y66.65 F1500
G1 X86.33 Y64.99 F1500
G1 X86.12 Y65.00 F1500
G1 X85.91 Y65.26 F1500
G1 X85.29 Y66.68 F1500
G1 X84.87 Y67.05 F1500
G1 X83.82 Y65.09 F1500
G1 X83.61 Y64.96 F1500
G1 X83.40 Y65.08 F1500
G1 X82.35 Y67.04 F1500
G1 X81.93 Y66.70 F1500
G1 X81.30 Y65.27 F1500
G1 X81.09 Y65.00 F1500
G1 X80.88 Y64.98 F1500
G1 X80.05 Y66.63 F1500
G1 X79.63 Y67.05 F1500
G1 X78.37 Y64.96 F1500
G1 X77.95 Y65.38 F1500
G1 X77.11 Y67.03 F1500
G1 X76.90 Y67.01 F1500
G1 X76.69 Y66.75 F1500
G1 X76.07 Y65.32 F1500
G1 X75.65 Y64.97 F1500
G1 X74.60 Y66.93 F1500
G1 X74.39 Y67.05 F1500
G1 X74.18 Y66.93 F1500
G1 X73.13 Y64.97 F1500
G1 X72.71 Y65.32 F1500
G1 X72.08 Y66.75 F1500
G1 X71.87 Y67.01 F1500
G1 X71.66 Y67.03 F1500
G1 X70.83 Y65.38 F1500
G1 X70.41 Y64.96 F1500
G1 X69.15 Y67.05 F1500
G1 X68.73 Y66.63 F1500
G1 X67.89 Y64.98 F1500
G1 X67.68 Y65.00 F1500
G1 X67.47 Y65.27 F1500
G1 X66.85 Y66.70 F1500
G1 X66.43 Y67.04 F1500
G1 X65.38 Y65.08 F1500
G1 X65.17 Y64.96 F1500
G1 X64.96 Y65.09 F1500
G1 X63.91 Y67.05 F1500
G1 X63.70 Y66.98 F1500
G1 X63.28 Y66.10 F1500
G1 X63.07 Y66.01 F1500
G1 X0.00 Y66.01 F1500
G1 X0.00 Y66.22 F1500
G1 X0.00 Y66.43 F1500
G1 X0.00 Y66.64 F1500
G1 X0.00 Y66.85 F1500
G1 X0.00 Y67.05 F1500
G1 X0.00 Y67.05 F1500
G1 X62.44 Y67.05 F1500
G1 X62.65 Y66.05 F1500
G1 X63.49 Y67.73 F1500
G1 X63.91 Y68.09 F1500
G1 X64.96 Y66.14 F1500
G1 X65.17 Y66.01 F1500
G1 X65.38 Y66.13 F1500
G1 X66.43 Y68.09 F1500
G1 X66.85 Y67.75 F1500
G1 X67.47 Y66.32 F1500
G1 X67.68 Y66.05 F1500
G1 X67.89 Y66.03 F1500
G1 X68.73 Y67.68 F1500
G1 X69.15 Y68.10 F1500
G1 X70.41 Y66.01 F1500
G1 X70.83 Y66.42 F1500
G1 X71.66 Y68.08 F1500
G1 X71.87 Y68.06 F1500
G1 X72.08 Y67.80 F1500
G1 X72.71 Y66.37 F1500
G1 X73.13 Y66.02 F1500
G1 X74.18 Y67.97 F1500
G1 X74.39 Y68.10 F1500
G1 X74.60 Y67.97 F1500
G1 X75.65 Y66.02 F1500
G1 X76.07 Y66.37 F1500
G1 X76.69 Y67.80 F1500
G1 X76.90 Y68.06 F1500
G1 X77.11 Y68.08 F1500
G1 X77.95 Y66.42 F1500
G1 X78.37 Y66.01 F1500
G1 X79.63 Y68.10 F1500
G1 X80.05 Y67.68 F1500
G1 X80.88 Y66.03 F1500
G1 X81.09 Y66.05 F1500
G1 X81.30 Y66.32 F1500
G1 X81.93 Y67.75 F1500
G1 X82.35 Y68.09 F1500
G1 X83.40 Y66.13 F1500
G1 X83.61 Y66.01 F1500
G1 X83.82 Y66.14 F1500
G1 X84.87 Y68.09 F1500
G1 X85.29 Y67.73 F1500
G1 X85.91 Y66.31 F1500
G1 X86.12 Y66.05 F1500
G1 X86.33 Y66.03 F1500
G1 X87.17 Y67.69 F1500
G1 X87.59 Y68.10 F1500
G1 X88.85 Y66.01 F1500
G1 X89.27 Y66.44 F1500
G1 X90.10 Y68.08 F1500
G1 X90.52 Y67.78 F1500
G1 X91.15 Y66.36 F1500
G1 X91.57 Y66.02 F1500
G1 X92.41 Y67.64 F1500
G1 X92.83 Y68.10 F1500
G1 X93.04 Y67.97 F1500
G1 X94.09 Y66.02 F1500
G1 X94.51 Y66.38 F1500
G1 X95.13 Y67.81 F1500
G1 X95.34 Y68.07 F1500
G1 X95.55 Y68.07 F1500
G1 X96.39 Y66.41 F1500
G1 X96.81 Y66.01 F1500
G1 X97.23 Y66.57 F1500
G1 X97.86 Y67.95 F1500
G1 X98.07 Y68.10 F1500
G1 X98.49 Y67.66 F1500
G1 X99.32 Y66.03 F1500
G1 X99.74 Y66.33 F1500
G1 X100.37 Y67.76 F1500
G1 X100.79 Y68.09 F1500
G1 X101.63 Y66.47 F1500
G1 X102.05 Y66.01 F1500
G1 X102.26 Y66.15 F1500
G1 X103.31 Y68.10 F1500
G1 X103.73 Y67.72 F1500
G1 X104.35 Y66.29 F1500
G1 X104.56 Y66.04 F1500
G1 X104.77 Y66.04 F1500
G1 X105.61 Y67.71 F1500
G1 X106.03 Y68.10 F1500
G1 X107.08 Y66.16 F1500
G1 X107.29 Y66.01 F1500
G1 X107.71 Y66.45 F1500
G1 X108.54 Y68.09 F1500
G1 X108.96 Y67.77 F1500
G1 X109.59 Y66.34 F1500
G1 X110.01 Y66.02 F1500
G1 X110.85 Y67.65 F1500
G1 X111.27 Y68.10 F1500
G1 X111.48 Y67.96 F1500
G1 X112.53 Y66.01 F1500
G1 X112.95 Y66.40 F1500
G1 X113.78 Y68.07 F1500
G1 X113.99 Y68.07 F1500
G1 X114.20 Y67.82 F1500
G1 X114.83 Y66.39 F1500
G1 X115.25 Y66.01 F1500
G1 X116.30 Y67.96 F1500
G1 X116.51 Y68.10 F1500
G1 X116.93 Y67.65 F1500
G1 X117.35 Y66.72 F1500
G1 X117.56 Y67.05 F1500
G1 X180.00 Y67.05 F1500
G1 X180.00 Y67.26 F1500
G1 X180.00 Y67.47 F1500
G1 X180.00 Y67.68 F1500
G1 X180.00 Y67.89 F1500
G1 X180.00 Y68.10 F1500
G1 X180.00 Y68.10 F1500
G1 X118.18 Y68.10 F1500
G1 X117.97 Y67.25 F1500
G1 X117.76 Y67.07 F1500
G1 X116.93 Y68.70 F1500
G1 X116.51 Y69.15 F1500
G1 X116.30 Y69.01 F1500
G1 X115.25 Y67.06 F1500
G1 X114.83 Y67.44 F1500
G1 X114.20 Y68.87 F1500
G1 X113.99 Y69.12 F1500
G1 X113.78 Y69.12 F1500
G1 X112.95 Y67.45 F1500
G1 X112.53 Y67.06 F1500
G1 X111.48 Y69.00 F1500
G1 X111.27 Y69.15 F1500
G1 X110.85 Y68.70 F1500
G1 X110.01 Y67.07 F1500
G1 X109.59 Y67.39 F1500
G1 X108.96 Y68.82 F1500
G1 X108.54 Y69.13 F1500
G1 X107.71 Y67.50 F1500
G1 X107.29 Y67.06 F1500
G1 X107.08 Y67.20 F1500
G1 X106.03 Y69.14 F1500
G1 X105.61 Y68.76 F1500
G1 X104.77 Y67.09 F1500
G1 X104.56 Y67.09 F1500
G1 X104.35 Y67.34 F1500
G1 X103.73 Y68.77 F1500
G1 X103.31 Y69.14 F1500
G1 X102.26 Y67.20 F1500
G1 X102.05 Y67.06 F1500
G1 X101.63 Y67.51 F1500
G1 X100.79 Y69.14 F1500
G1 X100.37 Y68.81 F1500
G1 X99.74 Y67.38 F1500
G1 X99.32 Y67.07 F1500
G1 X98.49 Y68.71 F1500
G1 X98.07 Y69.15 F1500
G1 X97.86 Y69.00 F1500
G1 X97.23 Y67.62 F1500
G1 X96.81 Y67.06 F1500
G1 X96.39 Y67.46 F1500
G1 X95.55 Y69.12 F1500
G1 X95.34 Y69.11 F1500
G1 X95.13 Y68.86 F1500
G1 X94.51 Y67.43 F1500
G1 X94.09 Y67.06 F1500
G1 X93.04 Y69.01 F1500
G1 X92.83 Y69.15 F1500
G1 X92.41 Y68.68 F1500
G1 X91.57 Y67.07 F1500
G1 X91.15 Y67.40 F1500
G1 X90.52 Y68.83 F1500
G1 X90.10 Y69.13 F1500
G1 X89.27 Y67.49 F1500
G1 X88.85 Y67.06 F1500
G1 X87.59 Y69.15 F1500
G1 X87.17 Y68.74 F1500
G1 X86.33 Y67.08 F1500
G1 X86.12 Y67.09 F1500
G1 X85.91 Y67.35 F1500
G1 X85.29 Y68.78 F1500
G1 X84.87 Y69.14 F1500
G1 X83.82 Y67.19 F1500
G1 X83.61 Y67.05 F1500
G1 X83.40 Y67.18 F1500
G1 X82.35 Y69.14 F1500
G1 X81.93 Y68.79 F1500
G1 X81.30 Y67.37 F1500
G1 X81.09 Y67.10 F1500
G1 X80.88 Y67.08 F1500
G1 X80.05 Y68.73 F1500
G1 X79.63 Y69.15 F1500
G1 X78.37 Y67.06 F1500
G1 X77.95 Y67.47 F1500
G1 X77.11 Y69.13 F1500
G1 X76.90 Y69.11 F1500
G1 X76.69 Y68.84 F1500
G1 X76.07 Y67.42 F1500
G1 X75.65 Y67.07 F1500
G1 X74.60 Y69.02 F1500
G1 X74.39 Y69.15 F1500
G1 X74.18 Y69.02 F1500
G1 X73.13 Y67.07 F1500
G1 X72.71 Y67.42 F1500
G1 X72.08 Y68.84 F1500
G1 X71.87 Y69.11 F1500
G1 X71.66 Y69.13 F1500
G1 X70.83 Y67.47 F1500
G1 X70.41 Y67.06 F1500
G1 X69.15 Y69.15 F1500
G1 X68.73 Y68.73 F1500
G1 X67.89 Y67.08 F1500
G1 X67.68 Y67.10 F1500
G1 X67.47 Y67.37 F1500
G1 X66.85 Y68.79 F1500
G1 X66.43 Y69.14 F1500
G1 X65.38 Y67.18 F1500
G1 X65.17 Y67.05 F1500
G1 X64.96 Y67.19 F1500
G1 X63.91 Y69.14 F1500
G1 X63.49 Y68.78 F1500
G1 X62.86 Y67.35 F1500
G1 X62.65 Y67.09 F1500
G1 X62.44 Y67.08 F1500
G1 X61.82 Y68.10 F1500
G1 X0.00 Y68.10 F1500
G1 X0.00 Y68.31 F1500
G1 X0.00 Y68.52 F1500
G1 X0.00 Y68.73 F1500
G1 X0.00 Y68.94 F1500
G1 X0.00 Y69.15 F1500
G1 X0.00 Y69.15 F1500
G1 X61.19 Y69.15 F1500
G1 X61.40 Y69.81 F1500
G1 X61.61 Y69.79 F1500
G1 X62.44 Y68.13 F1500
G1 X62.65 Y68.14 F1500
G1 X62.86 Y68.40 F1500
G1 X63.49 Y69.83 F1500
G1 X63.91 Y70.19 F1500
G1 X64.96 Y68.24 F1500
G1 X65.17 Y68.10 F1500
G1 X65.38 Y68.23 F1500
G1 X66.43 Y70.19 F1500
G1 X66.85 Y69.84 F1500
G1 X67.47 Y68.41 F1500
G1 X67.68 Y68.15 F1500
G1 X67.89 Y68.13 F1500
G1 X68.73 Y69.77 F1500
G1 X69.15 Y70.20 F1500
G1 X70.41 Y68.11 F1500
G1 X70.83 Y68.52 F1500
G1 X71.66 Y70.17 F1500
G1 X71.87 Y70.16 F1500
G1 X72.08 Y69.89 F1500
G1 X72.71 Y68.47 F1500
G1 X73.13 Y68.11 F1500
G1 X74.18 Y70.07 F1500
G1 X74.39 Y70.20 F1500
G1 X74.60 Y70.07 F1500
G1 X75.65 Y68.11 F1500
G1 X76.07 Y68.47 F1500
G1 X76.69 Y69.89 F1500
G1 X76.90 Y70.16 F1500
G1 X77.11 Y70.17 F1500
G1 X77.95 Y68.52 F1500
G1 X78.37 Y68.11 F1500
G1 X79.63 Y70.20 F1500
G1 X80.05 Y69.77 F1500
G1 X80.88 Y68.13 F1500
G1 X81.09 Y68.15 F1500
G1 X81.30 Y68.41 F1500
G1 X81.93 Y69.84 F1500
G1 X82.35 Y70.19 F1500
G1 X83.40 Y68.23 F1500
G1 X83.61 Y68.10 F1500
G1 X83.82 Y68.24 F1500
G1 X84.87 Y70.19 F1500
G1 X85.29 Y69.83 F1500
G1 X85.91 Y68.40 F1500
G1 X86.12 Y68.14 F1500
G1 X86.33 Y68.13 F1500
G1 X87.17 Y69.79 F1500
G1 X87.59 Y70.19 F1500
G1 X88.85 Y68.10 F1500
G1 X89.27 Y68.53 F1500
G1 X90.10 Y70.18 F1500
G1 X90.52 Y69.88 F1500
G1 X91.15 Y68.45 F1500
G1 X91.57 Y68.12 F1500
G1 X92.41 Y69.73 F1500
G1 X92.83 Y70.20 F1500
G1 X93.04 Y70.06 F1500
G1 X94.09 Y68.11 F1500
G1 X94.51 Y68.48 F1500
G1 X95.13 Y69.91 F1500
G1 X95.34 Y70.16 F1500
G1 X95.55 Y70.17 F1500
G1 X96.39 Y68.50 F1500
G1 X96.81 Y68.11 F1500
G1 X97.23 Y68.67 F1500
G1 X97.86 Y70.04 F1500
G1 X98.07 Y70.20 F1500
G1 X98.49 Y69.76 F1500
G1 X99.32 Y68.12 F1500
G1 X99.74 Y68.43 F1500
G1 X100.37 Y69.86 F1500
G1 X100.79 Y70.18 F1500
G1 X101.63 Y68.56 F1500
G1 X102.05 Y68.10 F1500
G1 X102.26 Y68.24 F1500
G1 X103.31 Y70.19 F1500
G1 X103.73 Y69.81 F1500
G1 X104.35 Y68.39 F1500
G1 X104.56 Y68.14 F1500
G1 X104.77 Y68.13 F1500
G1 X105.61 Y69.80 F1500
G1 X106.03 Y70.19 F1500
G1 X107.08 Y68.25 F1500
G1 X107.29 Y68.10 F1500
G1 X107.71 Y68.55 F1500
G1 X108.54 Y70.18 F1500
G1 X108.96 Y69.87 F1500
G1 X109.59 Y68.44 F1500
G1 X110.01 Y68.12 F1500
G1 X110.85 Y69.75 F1500
G1 X111.27 Y70.20 F1500
G1 X111.48 Y70.05 F1500
G1 X112.53 Y68.11 F1500
G1 X112.95 Y68.49 F1500
G1 X113.78 Y70.17 F1500
G1 X113.99 Y70.16 F1500
G1 X114.20 Y69.92 F1500
G1 X114.83 Y68.49 F1500
G1 X115.25 Y68.11 F1500
G1 X116.30 Y70.05 F1500
G1 X116.51 Y70.20 F1500
G1 X116.93 Y69.74 F1500
G1 X117.76 Y68.12 F1500
G1 X118.18 Y68.44 F1500
G1 X118.60 Y69.32 F1500
G1 X118.81 Y69.15 F1500
G1 X180.00 Y69.15 F1500
G1 X180.00 Y69.36 F1500
G1 X180.00 Y69.57 F1500
G1 X180.00 Y69.78 F1500
G1 X180.00 Y69.99 F1500
G1 X180.00 Y70.20 F1500
G1 X180.00 Y70.20 F1500
G1 X119.44 Y70.20 F1500
G1 X119.23 Y70.21 F1500
G1 X119.02 Y71.19 F1500
G1 X118.18 Y69.49 F1500
G1 X117.76 Y69.17 F1500
G1 X116.93 Y70.79 F1500
G1 X116.51 Y71.25 F1500
G1 X116.30 Y71.10 F1500
G1 X115.25 Y69.16 F1500
G1 X114.83 Y69.54 F1500
G1 X114.20 Y70.96 F1500
G1 X113.99 Y71.21 F1500
G1 X113.78 Y71.21 F1500
G1 X112.95 Y69.54 F1500
G1 X112.53 Y69.16 F1500
G1 X111.48 Y71.10 F1500
G1 X111.27 Y71.24 F1500
G1 X110.85 Y70.79 F1500
G1 X110.01 Y69.17 F1500
G1 X109.59 Y69.49 F1500
G1 X108.96 Y70.91 F1500
G1 X108.54 Y71.23 F1500
G1 X107.71 Y69.60 F1500
G1 X107.29 Y69.15 F1500
G1 X107.08 Y69.30 F1500
G1 X106.03 Y71.24 F1500
G1 X105.61 Y70.85 F1500
G1 X104.77 Y69.18 F1500
G1 X104.56 Y69.18 F1500
G1 X104.35 Y69.44 F1500
G1 X103.73 Y70.86 F1500
G1 X103.31 Y71.24 F1500
G1 X102.26 Y69.29 F1500
G1 X102.05 Y69.15 F1500
G1 X101.63 Y69.61 F1500
G1 X100.79 Y71.23 F1500
G1 X100.37 Y70.90 F1500
G1 X99.74 Y69.48 F1500
G1 X99.32 Y69.17 F1500
G1 X98.49 Y70.81 F1500
G1 X98.07 Y71.24 F1500
G1 X97.86 Y71.09 F1500
G1 X97.23 Y69.72 F1500
G1 X96.81 Y69.15 F1500
G1 X96.39 Y69.55 F1500
G1 X95.55 Y71.22 F1500
G1 X95.34 Y71.21 F1500
G1 X95.13 Y70.95 F1500
G1 X94.51 Y69.53 F1500
G1 X94.09 Y69.16 F1500
G1 X93.04 Y71.11 F1500
G1 X92.83 Y71.25 F1500
G1 X92.41 Y70.78 F1500
G1 X91.57 Y69.16 F1500
G1 X91.15 Y69.50 F1500
G1 X90.52 Y70.93 F1500
G1 X90.10 Y71.22 F1500
G1 X89.27 Y69.58 F1500
G1 X88.85 Y69.15 F1500
G1 X87.59 Y71.24 F1500
G1 X87.17 Y70.84 F1500
G1 X86.33 Y69.18 F1500
G1 X86.12 Y69.19 F1500
G1 X85.91 Y69.45 F1500
G1 X85.29 Y70.88 F1500
G1 X84.87 Y71.24 F1500
G1 X83.82 Y69.28 F1500
G1 X83.61 Y69.15 F1500
G1 X83.40 Y69.27 F1500
G1 X82.35 Y71.23 F1500
G1 X81.93 Y70.89 F1500
G1 X81.30 Y69.46 F1500
G1 X81.09 Y69.19 F1500
G1 X80.88 Y69.17 F1500
G1 X80.05 Y70.82 F1500
G1 X79.63 Y71.24 F1500
G1 X78.37 Y69.15 F1500
G1 X77.95 Y69.57 F1500
G1 X77.11 Y71.22 F1500
G1 X76.90 Y71.20 F1500
G1 X76.69 Y70.94 F1500
G1 X76.07 Y69.51 F1500
G1 X75.65 Y69.16 F1500
G1 X74.60 Y71.12 F1500
G1 X74.39 Y71.25 F1500
G1 X74.18 Y71.12 F1500
G1 X73.13 Y69.16 F1500
G1 X72.71 Y69.51 F1500
G1 X72.08 Y70.94 F1500
G1 X71.87 Y71.20 F1500
G1 X71.66 Y71.22 F1500
G1 X70.83 Y69.57 F1500
G1 X70.41 Y69.15 F1500
G1 X69.15 Y71.24 F1500
G1 X68.73 Y70.82 F1500
G1 X67.89 Y69.17 F1500
G1 X67.68 Y69.19 F1500
G1 X67.47 Y69.46 F1500
G1 X66.85 Y70.89 F1500
G1 X66.43 Y71.23 F1500
G1 X65.38 Y69.27 F1500
G1 X65.17 Y69.15 F1500
G1 X64.96 Y69.28 F1500
G1 X63.91 Y71.24 F1500
G1 X63.49 Y70.88 F1500
G1 X62.86 Y69.45 F1500
G1 X62.65 Y69.19 F1500
G1 X62.44 Y69.18 F1500
G1 X61.61 Y70.84 F1500
G1 X61.19 Y71.24 F1500
G1 X60.98 Y71.07 F1500
G1 X60.77 Y70.20 F1500
G1 X0.00 Y70.20 F1500
G1 X0.00 Y70.41 F1500
G1 X0.00 Y70.62 F1500
G1 X0.00 Y70.83 F1500
G1 X0.00 Y71.04 F1500
G1 X0.00 Y71.25 F1500
G1 X0.00 Y71.25 F1500
G1 X60.14 Y71.25 F1500
G1 X60.35 Y71.07 F1500
G1 X61.19 Y72.29 F1500
G1 X61.61 Y71.88 F1500
G1 X62.44 Y70.22 F1500
G1 X62.65 Y70.24 F1500
G1 X62.86 Y70.50 F1500
G1 X63.49 Y71.92 F1500
G1 X63.91 Y72.28 F1500
G1 X64.96 Y70.33 F1500
G1 X65.17 Y70.20 F1500
G1 X65.38 Y70.32 F1500
G1 X66.43 Y72.28 F1500
G1 X66.85 Y71.94 F1500
G1 X67.47 Y70.51 F1500
G1 X67.68 Y70.24 F1500
G1 X67.89 Y70.22 F1500
G1 X68.73 Y71.87 F1500
G1 X69.15 Y72.29 F1500
G1 X70.41 Y70.20 F1500
G1 X70.83 Y70.61 F1500
G1 X71.66 Y72.27 F1500
G1 X71.87 Y72.25 F1500
G1 X72.08 Y71.99 F1500
G1 X72.71 Y70.56 F1500
G1 X73.13 Y70.21 F1500
G1 X74.18 Y72.17 F1500
G1 X74.39 Y72.29 F1500
G1 X74.60 Y72.17 F1500
G1 X75.65 Y70.21 F1500
G1 X76.07 Y70.56 F1500
G1 X76.69 Y71.99 F1500
G1 X76.90 Y72.25 F1500
G1 X77.11 Y72.27 F1500
G1 X77.95 Y70.61 F1500
G1 X78.37 Y70.20 F1500
G1 X79.63 Y72.29 F1500
G1 X80.05 Y71.87 F1500
G1 X80.88 Y70.22 F1500
G1 X81.09 Y70.24 F1500
G1 X81.30 Y70.51 F1500
G1 X81.93 Y71.94 F1500
G1 X82.35 Y72.28 F1500
G1 X83.40 Y70.32 F1500
G1 X83.61 Y70.20 F1500
G1 X83.82 Y70.33 F1500
G1 X84.87 Y72.28 F1500
G1 X85.29 Y71.92 F1500
G1 X85.91 Y70.50 F1500
G1 X86.12 Y70.24 F1500
G1 X86.33 Y70.22 F1500
G1 X87.17 Y71.88 F1500
G1 X87.59 Y72.29 F1500
G1 X88.85 Y70.20 F1500
G1 X89.27 Y70.63 F1500
G1 X90.10 Y72.27 F1500
G1 X90.52 Y71.97 F1500
G1 X91.15 Y70.55 F1500
G1 X91.57 Y70.21 F1500
G1 X92.41 Y71.83 F1500
G1 X92.83 Y72.29 F1500
G1 X93.04 Y72.16 F1500
G1 X94.09 Y70.21 F1500
G1 X94.51 Y70.57 F1500
G1 X95.13 Y72.00 F1500
G1 X95.34 Y72.26 F1500
G1 X95.55 Y72.26 F1500
G1 X96.39 Y70.60 F1500
G1 X96.81 Y70.20 F1500
G1 X97.23 Y70.76 F1500
G1 X97.86 Y72.14 F1500
G1 X98.07 Y72.29 F1500
G1 X98.49 Y71.85 F1500
G1 X99.32 Y70.22 F1500
G1 X99.74 Y70.52 F1500
G1 X100.37 Y71.95 F1500
G1 X100.79 Y72.28 F1500
G1 X101.63 Y70.66 F1500
G1 X102.05 Y70.20 F1500
G1 X102.26 Y70.34 F1500
G1 X103.31 Y72.29 F1500
G1 X103.73 Y71.91 F1500
G1 X104.35 Y70.48 F1500
G1 X104.56 Y70.23 F1500
G1 X104.77 Y70.23 F1500
G1 X105.61 Y71.90 F1500
G1 X106.03 Y72.29 F1500
G1 X107.08 Y70.35 F1500
G1 X107.29 Y70.20 F1500
G1 X107.71 Y70.64 F1500
G1 X108.54 Y72.28 F1500
G1 X108.96 Y71.96 F1500
G1 X109.59 Y70.53 F1500
G1 X110.01 Y70.21 F1500
G1 X110.85 Y71.84 F1500
G1 X111.27 Y72.29 F1500
G1 X111.48 Y72.15 F1500
G1 X112.53 Y70.20 F1500
G1 X112.95 Y70.59 F1500
G1 X113.78 Y72.26 F1500
G1 X113.99 Y72.26 F1500
G1 X114.20 Y72.01 F1500
G1 X114.83 Y70.59 F1500
G1 X115.25 Y70.20 F1500
G1 X116.30 Y72.15 F1500
G1 X116.51 Y72.29 F1500
G1 X116.93 Y71.84 F1500
G1 X117.76 Y70.21 F1500
G1 X118.18 Y70.54 F1500
G1 X118.81 Y71.96 F1500
G1 X119.23 Y72.28 F1500
G1 X119.44 Y72.06 F1500
G1 X119.65 Y71.34 F1500
G1 X119.86 Y71.25 F1500
G1 X180.00 Y71.25 F1500
G1 X180.00 Y71.46 F1500
G1 X180.00 Y71.66 F1500
G1 X180.00 Y71.87 F1500
G1 X180.00 Y72.08 F1500
G1 X180.00 Y72.29 F1500
G1 X180.00 Y72.29 F1500
G1 X120.28 Y72.29 F1500
G1 X120.07 Y71.99 F1500
G1 X119.23 Y73.32 F1500
G1 X118.81 Y73.01 F1500
G1 X118.18 Y71.58 F1500
G1 X117.76 Y71.26 F1500
G1 X116.93 Y72.89 F1500
G1 X116.51 Y73.34 F1500
G1 X116.30 Y73.20 F1500
G1 X115.25 Y71.25 F1500
G1 X114.83 Y71.63 F1500
G1 X114.20 Y73.06 F1500
G1 X113.99 Y73.31 F1500
G1 X113.78 Y73.31 F1500
G1 X112.95 Y71.64 F1500
G1 X112.53 Y71.25 F1500
G1 X111.48 Y73.19 F1500
G1 X111.27 Y73.34 F1500
G1 X110.85 Y72.89 F1500
G1 X110.01 Y71.26 F1500
G1 X109.59 Y71.58 F1500
G1 X108.96 Y73.01 F1500
G1 X108.54 Y73.32 F1500
G1 X107.71 Y71.69 F1500
G1 X107.29 Y71.25 F1500
G1 X107.08 Y71.39 F1500
G1 X106.03 Y73.34 F1500
G1 X105.61 Y72.95 F1500
G1 X104.77 Y71.28 F1500
G1 X104.56 Y71.28 F1500
G1 X104.35 Y71.53 F1500
G1 X103.73 Y72.96 F1500
G1 X103.31 Y73.33 F1500
G1 X102.26 Y71.39 F1500
G1 X102.05 Y71.25 F1500
G1 X101.63 Y71.70 F1500
G1 X100.79 Y73.33 F1500
G1 X100.37 Y73.00 F1500
G1 X99.74 Y71.57 F1500
G1 X99.32 Y71.26 F1500
G1 X98.49 Y72.90 F1500
G1 X98.07 Y73.34 F1500
G1 X97.86 Y73.19 F1500
G1 X97.23 Y71.81 F1500
G1 X96.81 Y71.25 F1500
G1 X96.39 Y71.65 F1500
G1 X95.55 Y73.31 F1500
G1 X95.34 Y73.30 F1500
G1 X95.13 Y73.05 F1500
G1 X94.51 Y71.62 F1500
G1 X94.09 Y71.25 F1500
G1 X93.04 Y73.20 F1500
G1 X92.83 Y73.34 F1500
G1 X92.41 Y72.87 F1500
G1 X91.57 Y71.26 F1500
G1 X91.15 Y71.59 F1500
G1 X90.52 Y73.02 F1500
G1 X90.10 Y73.32 F1500
G1 X89.27 Y71.68 F1500
G1 X88.85 Y71.25 F1500
G1 X87.59 Y73.34 F1500
G1 X87.17 Y72.93 F1500
G1 X86.33 Y71.27 F1500
G1 X86.12 Y71.28 F1500
G1 X85.91 Y71.54 F1500
G1 X85.29 Y72.97 F1500
G1 X84.87 Y73.33 F1500
G1 X83.82 Y71.38 F1500
G1 X83.61 Y71.25 F1500
G1 X83.40 Y71.37 F1500
G1 X82.35 Y73.33 F1500
G1 X81.93 Y72.99 F1500
G1 X81.30 Y71.56 F1500
G1 X81.09 Y71.29 F1500
G1 X80.88 Y71.27 F1500
G1 X80.05 Y72.92 F1500
G1 X79.63 Y73.34 F1500
G1 X78.37 Y71.25 F1500
G1 X77.95 Y71.66 F1500
G1 X77.11 Y73.32 F1500
G1 X76.90 Y73.30 F1500
G1 X76.69 Y73.04 F1500
G1 X76.07 Y71.61 F1500
G1 X75.65 Y71.26 F1500
G1 X74.60 Y73.21 F1500
G1 X74.39 Y73.34 F1500
G1 X74.18 Y73.21 F1500
G1 X73.13 Y71.26 F1500
G1 X72.71 Y71.61 F1500
G1 X72.08 Y73.04 F1500
G1 X71.87 Y73.30 F1500
G1 X71.66 Y73.32 F1500
G1 X70.83 Y71.66 F1500
G1 X70.41 Y71.25 F1500
G1 X69.15 Y73.34 F1500
G1 X68.73 Y72.92 F1500
G1 X67.89 Y71.27 F1500
G1 X67.68 Y71.29 F1500
G1 X67.47 Y71.56 F1500
G1 X66.85 Y72.99 F1500
G1 X66.43 Y73.33 F1500
G1 X65.38 Y71.37 F1500
G1 X65.17 Y71.25 F1500
G1 X64.96 Y71.38 F1500
G1 X63.91 Y73.33 F1500
G1 X63.49 Y72.97 F1500
G1 X62.86 Y71.54 F1500
G1 X62.65 Y71.28 F1500
G1 X62.44 Y71.27 F1500
G1 X61.61 Y72.93 F1500
G1 X61.19 Y73.34 F1500
G1 X60.77 Y72.78 F1500
G1 X60.14 Y71.40 F1500
G1 X59.72 Y72.29 F1500
G1 X0.00 Y72.29 F1500
G1 X0.00 Y72.50 F1500
G1 X0.00 Y72.71 F1500
G1 X0.00 Y72.92 F1500
G1 X0.00 Y73.13 F1500
G1 X0.00 Y73.34 F1500
G1 X0.00 Y73.34 F1500
G1 X59.30 Y73.34 F1500
G1 X59.72 Y72.39 F1500
G1 X59.93 Y72.30 F1500
G1 X61.19 Y74.39 F1500
G1 X61.61 Y73.98 F1500
G1 X62.44 Y72.32 F1500
G1 X62.65 Y72.33 F1500
G1 X62.86 Y72.59 F1500
G1 X63.49 Y74.02 F1500
G1 X63.91 Y74.38 F1500
G1 X64.96 Y72.43 F1500
G1 X65.17 Y72.29 F1500
G1 X65.38 Y72.42 F1500
G1 X66.43 Y74.38 F1500
G1 X66.85 Y74.03 F1500
G1 X67.47 Y72.61 F1500
G1 X67.68 Y72.34 F1500
G1 X67.89 Y72.32 F1500
G1 X68.73 Y73.96 F1500
G1 X69.15 Y74.39 F1500
G1 X70.41 Y72.30 F1500
G1 X70.83 Y72.71 F1500
G1 X71.66 Y74.36 F1500
G1 X71.87 Y74.35 F1500
G1 X72.08 Y74.08 F1500
G1 X72.71 Y72.66 F1500
G1 X73.13 Y72.30 F1500
G1 X74.18 Y74.26 F1500
G1 X74.39 Y74.39 F1500
G1 X74.60 Y74.26 F1500
G1 X75.65 Y72.30 F1500
G1 X76.07 Y72.66 F1500
G1 X76.69 Y74.08 F1500
G1 X76.90 Y74.35 F1500
G1 X77.11 Y74.36 F1500
G1 X77.95 Y72.71 F1500
G1 X78.37 Y72.30 F1500
G1 X79.63 Y74.39 F1500
G1 X80.05 Y73.96 F1500
G1 X80.88 Y72.32 F1500
G1 X81.09 Y72.34 F1500
G1 X81.30 Y72.61 F1500
G1 X81.93 Y74.03 F1500
G1 X82.35 Y74.38 F1500
G1 X83.40 Y72.42 F1500
G1 X83.61 Y72.29 F1500
G1 X83.82 Y72.43 F1500
G1 X84.87 Y74.38 F1500
G1 X85.29 Y74.02 F1500
G1 X85.91 Y72.59 F1500
G1 X86.12 Y72.33 F1500
G1 X86.33 Y72.32 F1500
G1 X87.17 Y73.98 F1500
G1 X87.59 Y74.39 F1500
G1 X88.85 Y72.30 F1500
G1 X89.27 Y72.73 F1500
G1 X90.10 Y74.37 F1500
G1 X90.52 Y74.07 F1500
G1 X91.15 Y72.64 F1500
G1 X91.57 Y72.31 F1500
G1 X92.41 Y73.92 F1500
G1 X92.83 Y74.39 F1500
G1 X93.04 Y74.25 F1500
G1 X94.09 Y72.30 F1500
G1 X94.51 Y72.67 F1500
G1 X95.13 Y74.10 F1500
G1 X95.34 Y74.35 F1500
G1 X95.55 Y74.36 F1500
G1 X96.39 Y72.70 F1500
G1 X96.81 Y72.30 F1500
G1 X97.23 Y72.86 F1500
G1 X97.86 Y74.24 F1500
G1 X98.07 Y74.39 F1500
G1 X98.49 Y73.95 F1500
G1 X99.32 Y72.31 F1500
G1 X99.74 Y72.62 F1500
G1 X100.37 Y74.05 F1500
G1 X100.79 Y74.37 F1500
G1 X101.63 Y72.75 F1500
G1 X102.05 Y72.29 F1500
G1 X102.26 Y72.44 F1500
G1 X103.31 Y74.38 F1500
G1 X103.73 Y74.00 F1500
G1 X104.35 Y72.58 F1500
G1 X104.56 Y72.33 F1500
G1 X104.77 Y72.32 F1500
G1 X105.61 Y73.99 F1500
G1 X106.03 Y74.38 F1500
G1 X107.08 Y72.44 F1500
G1 X107.29 Y72.29 F1500
G1 X107.71 Y72.74 F1500
G1 X108.54 Y74.37 F1500
G1 X108.96 Y74.06 F1500
G1 X109.59 Y72.63 F1500
G1 X110.01 Y72.31 F1500
G1 X110.85 Y73.94 F1500
G1 X111.27 Y74.39 F1500
G1 X111.48 Y74.24 F1500
G1 X112.53 Y72.30 F1500
G1 X112.95 Y72.68 F1500
G1 X113.78 Y74.36 F1500
G1 X113.99 Y74.36 F1500
G1 X114.20 Y74.11 F1500
G1 X114.83 Y72.68 F1500
G1 X115.25 Y72.30 F1500
G1 X116.30 Y74.24 F1500
G1 X116.51 Y74.39 F1500
G1 X116.93 Y73.93 F1500
G1 X117.76 Y72.31 F1500
G1 X118.18 Y72.63 F1500
G1 X118.81 Y74.06 F1500
G1 X119.23 Y74.37 F1500
G1 X120.28 Y72.40 F1500
G1 X120.70 Y73.34 F1500
G1 X180.00 Y73.34 F1500
G1 X180.00 Y73.55 F1500
G1 X180.00 Y73.76 F1500
G1 X180.00 Y73.97 F1500
G1 X180.00 Y74.18 F1500
G1 X180.00 Y74.39 F1500
G1 X180.00 Y74.39 F1500
G1 X121.12 Y74.39 F1500
G1 X120.91 Y74.36 F1500
G1 X120.70 Y73.49 F1500
G1 X120.49 Y73.34 F1500
G1 X120.07 Y73.78 F1500
G1 X119.23 Y75.42 F1500
G1 X118.81 Y75.11 F1500
G1 X118.18 Y73.68 F1500
G1 X117.76 Y73.36 F1500
G1 X116.93 Y74.98 F1500
G1 X116.51 Y75.44 F1500
G1 X116.30 Y75.29 F1500
G1 X115.25 Y73.35 F1500
G1 X114.83 Y73.73 F1500
G1 X114.20 Y75.15 F1500
G1 X113.99 Y75.40 F1500
G1 X113.78 Y75.40 F1500
G1 X112.95 Y73.73 F1500
G1 X112.53 Y73.35 F1500
G1 X111.48 Y75.29 F1500
G1 X111.27 Y75.44 F1500
G1 X110.85 Y74.99 F1500
G1 X110.01 Y73.36 F1500
G1 X109.59 Y73.68 F1500
G1 X108.96 Y75.10 F1500
G1 X108.54 Y75.42 F1500
G1 X107.71 Y73.79 F1500
G1 X107.29 Y73.34 F1500
G1 X107.08 Y73.49 F1500
G1 X106.03 Y75.43 F1500
G1 X105.61 Y75.04 F1500
G1 X104.77 Y73.37 F1500
G1 X104.56 Y73.38 F1500
G1 X104.35 Y73.63 F1500
G1 X103.73 Y75.05 F1500
G1 X103.31 Y75.43 F1500
G1 X102.26 Y73.48 F1500
G1 X102.05 Y73.34 F1500
G1 X101.63 Y73.80 F1500
G1 X100.79 Y75.42 F1500
G1 X100.37 Y75.09 F1500
G1 X99.74 Y73.67 F1500
G1 X99.32 Y73.36 F1500
G1 X98.49 Y75.00 F1500
G1 X98.07 Y75.44 F1500
G1 X97.86 Y75.28 F1500
G1 X97.23 Y73.91 F1500
G1 X96.81 Y73.35 F1500
G1 X96.39 Y73.74 F1500
G1 X95.55 Y75.41 F1500
G1 X95.34 Y75.40 F1500
G1 X95.13 Y75.14 F1500
G1 X94.51 Y73.72 F1500
G1 X94.09 Y73.35 F1500
G1 X93.04 Y75.30 F1500
G1 X92.83 Y75.44 F1500
G1 X92.41 Y74.97 F1500
G1 X91.57 Y73.35 F1500
G1 X91.15 Y73.69 F1500
G1 X90.52 Y75.12 F1500
G1 X90.10 Y75.42 F1500
G1 X89.27 Y73.77 F1500
G1 X88.85 Y73.34 F1500
G1 X87.59 Y75.43 F1500
G1 X87.17 Y75.03 F1500
G1 X86.33 Y73.37 F1500
G1 X86.12 Y73.38 F1500
G1 X85.91 Y73.64 F1500
G1 X85.29 Y75.07 F1500
G1 X84.87 Y75.43 F1500
G1 X83.82 Y73.47 F1500
G1 X83.61 Y73.34 F1500
G1 X83.40 Y73.46 F1500
G1 X82.35 Y75.42 F1500
G1 X81.93 Y75.08 F1500
G1 X81.30 Y73.65 F1500
G1 X81.09 Y73.39 F1500
G1 X80.88 Y73.36 F1500
G1 X80.05 Y75.01 F1500
G1 X79.63 Y75.43 F1500
G1 X78.37 Y73.34 F1500
G1 X77.95 Y73.76 F1500
G1 X77.11 Y75.41 F1500
G1 X76.90 Y75.39 F1500
G1 X76.69 Y75.13 F1500
G1 X76.07 Y73.70 F1500
G1 X75.65 Y73.35 F1500
G1 X74.60 Y75.31 F1500
G1 X74.39 Y75.44 F1500
G1 X74.18 Y75.31 F1500
G1 X73.13 Y73.35 F1500
G1 X72.71 Y73.70 F1500
G1 X72.08 Y75.13 F1500
G1 X71.87 Y75.39 F1500
G1 X71.66 Y75.41 F1500
G1 X70.83 Y73.76 F1500
G1 X70.41 Y73.34 F1500
G1 X69.15 Y75.43 F1500
G1 X68.73 Y75.01 F1500
G1 X67.89 Y73.36 F1500
G1 X67.68 Y73.39 F1500
G1 X67.47 Y73.65 F1500
G1 X66.85 Y75.08 F1500
G1 X66.43 Y75.42 F1500
G1 X65.38 Y73.46 F1500
G1 X65.17 Y73.34 F1500
G1 X64.96 Y73.47 F1500
G1 X63.91 Y75.43 F1500
G1 X63.49 Y75.07 F1500
G1 X62.86 Y73.64 F1500
G1 X62.65 Y73.38 F1500
G1 X62.44 Y73.37 F1500
G1 X61.61 Y75.03 F1500
G1 X61.19 Y75.43 F1500
G1 X59.93 Y73.34 F1500
G1 X59.72 Y73.44 F1500
G1 X59.30 Y74.25 F1500
G1 X59.09 Y74.39 F1500
G1 X0.00 Y74.39 F1500
G1 X0.00 Y74.60 F1500
G1 X0.00 Y74.81 F1500
G1 X0.00 Y75.02 F1500
G1 X0.00 Y75.23 F1500
G1 X0.00 Y75.44 F1500
G1 X0.00 Y75.44 F1500
G1 X58.67 Y75.44 F1500
G1 X58.88 Y76.11 F1500
G1 X59.51 Y74.82 F1500
G1 X59.93 Y74.39 F1500
G1 X61.19 Y76.48 F1500
G1 X61.61 Y76.07 F1500
G1 X62.44 Y74.42 F1500
G1 X62.65 Y74.43 F1500
G1 X62.86 Y74.69 F1500
G1 X63.49 Y76.11 F1500
G1 X63.91 Y76.48 F1500
G1 X64.96 Y74.52 F1500
G1 X65.17 Y74.39 F1500
G1 X65.38 Y74.51 F1500
G1 X66.43 Y76.47 F1500
G1 X66.85 Y76.13 F1500
G1 X67.47 Y74.70 F1500
G1 X67.68 Y74.43 F1500
G1 X67.89 Y74.41 F1500
G1 X68.73 Y76.06 F1500
G1 X69.15 Y76.48 F1500
G1 X70.41 Y74.39 F1500
G1 X70.83 Y74.81 F1500
G1 X71.66 Y76.46 F1500
G1 X71.87 Y76.44 F1500
G1 X72.08 Y76.18 F1500
G1 X72.71 Y74.75 F1500
G1 X73.13 Y74.40 F1500
G1 X74.18 Y76.36 F1500
G1 X74.39 Y76.48 F1500
G1 X74.60 Y76.36 F1500
G1 X75.65 Y74.40 F1500
G1 X76.07 Y74.75 F1500
G1 X76.69 Y76.18 F1500
G1 X76.90 Y76.44 F1500
G1 X77.11 Y76.46 F1500
G1 X77.95 Y74.81 F1500
G1 X78.37 Y74.39 F1500
G1 X79.63 Y76.48 F1500
G1 X80.05 Y76.06 F1500
G1 X80.88 Y74.41 F1500
G1 X81.09 Y74.43 F1500
G1 X81.30 Y74.70 F1500
G1 X81.93 Y76.13 F1500
G1 X82.35 Y76.47 F1500
G1 X83.40 Y74.51 F1500
G1 X83.61 Y74.39 F1500
G1 X83.82 Y74.52 F1500
G1 X84.87 Y76.48 F1500
G1 X85.29 Y76.11 F1500
G1 X85.91 Y74.69 F1500
G1 X86.12 Y74.43 F1500
G1 X86.33 Y74.42 F1500
G1 X87.17 Y76.07 F1500
G1 X87.59 Y76.48 F1500
G1 X88.85 Y74.39 F1500
G1 X89.27 Y74.82 F1500
G1 X90.10 Y76.46 F1500
G1 X90.52 Y76.17 F1500
G1 X91.15 Y74.74 F1500
G1 X91.57 Y74.40 F1500
G1 X92.41 Y76.02 F1500
G1 X92.83 Y76.48 F1500
G1 X93.04 Y76.35 F1500
G1 X94.09 Y74.40 F1500
G1 X94.51 Y74.77 F1500
G1 X95.13 Y76.19 F1500
G1 X95.34 Y76.45 F1500
G1 X95.55 Y76.46 F1500
G1 X96.39 Y74.79 F1500
G1 X96.81 Y74.39 F1500
G1 X97.23 Y74.95 F1500
G1 X97.86 Y76.33 F1500
G1 X98.07 Y76.48 F1500
G1 X98.49 Y76.04 F1500
G1 X99.32 Y74.41 F1500
G1 X99.74 Y74.71 F1500
G1 X100.37 Y76.14 F1500
G1 X100.79 Y76.47 F1500
G1 X101.63 Y74.85 F1500
G1 X102.05 Y74.39 F1500
G1 X102.26 Y74.53 F1500
G1 X103.31 Y76.48 F1500
G1 X103.73 Y76.10 F1500
G1 X104.35 Y74.67 F1500
G1 X104.56 Y74.42 F1500
G1 X104.77 Y74.42 F1500
G1 X105.61 Y76.09 F1500
G1 X106.03 Y76.48 F1500
G1 X107.08 Y74.54 F1500
G1 X107.29 Y74.39 F1500
G1 X107.71 Y74.84 F1500
G1 X108.54 Y76.47 F1500
G1 X108.96 Y76.15 F1500
G1 X109.59 Y74.72 F1500
G1 X110.01 Y74.41 F1500
G1 X110.85 Y76.03 F1500
G1 X111.27 Y76.48 F1500
G1 X111.48 Y76.34 F1500
G1 X112.53 Y74.39 F1500
G1 X112.95 Y74.78 F1500
G1 X113.78 Y76.45 F1500
G1 X113.99 Y76.45 F1500
G1 X114.20 Y76.20 F1500
G1 X114.83 Y74.78 F1500
G1 X115.25 Y74.40 F1500
G1 X116.30 Y76.34 F1500
G1 X116.51 Y76.48 F1500
G1 X116.93 Y76.03 F1500
G1 X117.76 Y74.40 F1500
G1 X118.18 Y74.73 F1500
G1 X118.81 Y76.16 F1500
G1 X119.23 Y76.47 F1500
G1 X120.07 Y74.83 F1500
G1 X120.49 Y74.39 F1500
G1 X121.12 Y75.41 F1500
G1 X121.33 Y75.44 F1500
G1 X180.00 Y75.44 F1500
G1 X180.00 Y75.65 F1500
G1 X180.00 Y75.86 F1500
G1 X180.00 Y76.07 F1500
G1 X180.00 Y76.27 F1500
G1 X180.00 Y76.48 F1500
G1 X180.00 Y76.48 F1500
G1 X121.54 Y76.48 F1500
G1 X121.33 Y76.96 F1500
G1 X120.91 Y75.96 F1500
G1 X120.49 Y75.44 F1500
G1 X120.07 Y75.88 F1500
G1 X119.23 Y77.51 F1500
G1 X118.81 Y77.20 F1500
G1 X118.18 Y75.78 F1500
G1 X117.76 Y75.45 F1500
G1 X116.93 Y77.08 F1500
G1 X116.51 Y77.53 F1500
G1 X116.30 Y77.39 F1500
G1 X115.25 Y75.44 F1500
G1 X114.83 Y75.82 F1500
G1 X114.20 Y77.25 F1500
G1 X113.99 Y77.50 F1500
G1 X113.78 Y77.50 F1500
G1 X112.95 Y75.83 F1500
G1 X112.53 Y75.44 F1500
G1 X111.48 Y77.39 F1500
G1 X111.27 Y77.53 F1500
G1 X110.85 Y77.08 F1500
G1 X110.01 Y75.45 F1500
G1 X109.59 Y75.77 F1500
G1 X108.96 Y77.20 F1500
G1 X108.54 Y77.51 F1500
G1 X107.71 Y75.88 F1500
G1 X107.29 Y75.44 F1500
G1 X107.08 Y75.59 F1500
G1 X106.03 Y77.53 F1500
G1 X105.61 Y77.14 F1500
G1 X104.77 Y75.47 F1500
G1 X104.56 Y75.47 F1500
G1 X104.35 Y75.72 F1500
G1 X103.73 Y77.15 F1500
G1 X103.31 Y77.53 F1500
G1 X102.26 Y75.58 F1500
G1 X102.05 Y75.44 F1500
G1 X101.63 Y75.89 F1500
G1 X100.79 Y77.52 F1500
G1 X100.37 Y77.19 F1500
G1 X99.74 Y75.76 F1500
G1 X99.32 Y75.46 F1500
G1 X98.49 Y77.09 F1500
G1 X98.07 Y77.53 F1500
G1 X97.86 Y77.38 F1500
G1 X97.23 Y76.00 F1500
G1 X96.81 Y75.44 F1500
G1 X96.39 Y75.84 F1500
G1 X95.55 Y77.50 F1500
G1 X95.34 Y77.50 F1500
G1 X95.13 Y77.24 F1500
G1 X94.51 Y75.81 F1500
G1 X94.09 Y75.44 F1500
G1 X93.04 Y77.39 F1500
G1 X92.83 Y77.53 F1500
G1 X92.41 Y77.07 F1500
G1 X91.57 Y75.45 F1500
G1 X91.15 Y75.79 F1500
G1 X90.52 Y77.21 F1500
G1 X90.10 Y77.51 F1500
G1 X89.27 Y75.87 F1500
G1 X88.85 Y75.44 F1500
G1 X87.59 Y77.53 F1500
G1 X87.17 Y77.12 F1500
G1 X86.33 Y75.46 F1500
G1 X86.12 Y75.48 F1500
G1 X85.91 Y75.74 F1500
G1 X85.29 Y77.16 F1500
G1 X84.87 Y77.52 F1500
G1 X83.82 Y75.57 F1500
G1 X83.61 Y75.44 F1500
G1 X83.40 Y75.56 F1500
G1 X82.35 Y77.52 F1500
G1 X81.93 Y77.18 F1500
G1 X81.30 Y75.75 F1500
G1 X81.09 Y75.48 F1500
G1 X80.88 Y75.46 F1500
G1 X80.05 Y77.11 F1500
G1 X79.63 Y77.53 F1500
G1 X78.37 Y75.44 F1500
G1 X77.95 Y75.85 F1500
G1 X77.11 Y77.51 F1500
G1 X76.90 Y77.49 F1500
G1 X76.69 Y77.23 F1500
G1 X76.07 Y75.80 F1500
G1 X75.65 Y75.45 F1500
G1 X74.60 Y77.40 F1500
G1 X74.39 Y77.53 F1500
G1 X74.18 Y77.40 F1500
G1 X73.13 Y75.45 F1500
G1 X72.71 Y75.80 F1500
G1 X72.08 Y77.23 F1500
G1 X71.87 Y77.49 F1500
G1 X71.66 Y77.51 F1500
G1 X70.83 Y75.85 F1500
G1 X70.41 Y75.44 F1500
G1 X69.15 Y77.53 F1500
G1 X68.73 Y77.11 F1500
G1 X67.89 Y75.46 F1500
G1 X67.68 Y75.48 F1500
G1 X67.47 Y75.75 F1500
G1 X66.85 Y77.18 F1500
G1 X66.43 Y77.52 F1500
G1 X65.38 Y75.56 F1500
G1 X65.17 Y75.44 F1500
G1 X64.96 Y75.57 F1500
G1 X63.91 Y77.52 F1500
G1 X63.49 Y77.16 F1500
G1 X62.86 Y75.74 F1500
G1 X62.65 Y75.48 F1500
G1 X62.44 Y75.46 F1500
G1 X61.61 Y77.12 F1500
G1 X61.19 Y77.53 F1500
G1 X59.93 Y75.44 F1500
G1 X59.51 Y75.87 F1500
G1 X58.67 Y77.51 F1500
G1 X58.46 Y76.48 F1500
G1 X0.00 Y76.48 F1500
G1 X0.00 Y76.69 F1500
G1 X0.00 Y76.90 F1500
G1 X0.00 Y77.11 F1500
G1 X0.00 Y77.32 F1500
G1 X0.00 Y77.53 F1500
G1 X0.00 Y77.53 F1500
G1 X58.04 Y77.53 F1500
G1 X58.25 Y77.58 F1500
G1 X58.46 Y78.53 F1500
G1 X58.67 Y78.56 F1500
G1 X59.51 Y76.92 F1500
G1 X59.93 Y76.49 F1500
G1 X61.19 Y78.58 F1500
G1 X61.61 Y78.17 F1500
G1 X62.44 Y76.51 F1500
G1 X62.65 Y76.52 F1500
G1 X62.86 Y76.78 F1500
G1 X63.49 Y78.21 F1500
G1 X63.91 Y78.57 F1500
G1 X64.96 Y76.62 F1500
G1 X65.17 Y76.48 F1500
G1 X65.38 Y76.61 F1500
G1 X66.43 Y78.57 F1500
G1 X66.85 Y78.22 F1500
G1 X67.47 Y76.80 F1500
G1 X67.68 Y76.53 F1500
G1 X67.89 Y76.51 F1500
G1 X68.73 Y78.16 F1500
G1 X69.15 Y78.58 F1500
G1 X70.41 Y76.49 F1500
G1 X70.83 Y76.90 F1500
G1 X71.66 Y78.56 F1500
G1 X71.87 Y78.54 F1500
G1 X72.08 Y78.27 F1500
G1 X72.71 Y76.85 F1500
G1 X73.13 Y76.49 F1500
G1 X74.18 Y78.45 F1500
G1 X74.39 Y78.58 F1500
G1 X74.60 Y78.45 F1500
G1 X75.65 Y76.49 F1500
G1 X76.07 Y76.85 F1500
G1 X76.69 Y78.27 F1500
G1 X76.90 Y78.54 F1500
G1 X77.11 Y78.56 F1500
G1 X77.95 Y76.90 F1500
G1 X78.37 Y76.49 F1500
G1 X79.63 Y78.58 F1500
G1 X80.05 Y78.16 F1500
G1 X80.88 Y76.51 F1500
G1 X81.09 Y76.53 F1500
G1 X81.30 Y76.80 F1500
G1 X81.93 Y78.22 F1500
G1 X82.35 Y78.57 F1500
G1 X83.40 Y76.61 F1500
G1 X83.61 Y76.48 F1500
G1 X83.82 Y76.62 F1500
G1 X84.87 Y78.57 F1500
G1 X85.29 Y78.21 F1500
G1 X85.91 Y76.78 F1500
G1 X86.12 Y76.52 F1500
G1 X86.33 Y76.51 F1500
G1 X87.17 Y78.17 F1500
G1 X87.59 Y78.58 F1500
G1 X88.85 Y76.49 F1500
G1 X89.27 Y76.92 F1500
G1 X90.10 Y78.56 F1500
G1 X90.52 Y78.26 F1500
G1 X91.15 Y76.83 F1500
G1 X91.57 Y76.50 F1500
G1 X92.41 Y78.11 F1500
G1 X92.83 Y78.58 F1500
G1 X93.04 Y78.44 F1500
G1 X94.09 Y76.49 F1500
G1 X94.51 Y76.86 F1500
G1 X95.13 Y78.29 F1500
G1 X95.34 Y78.54 F1500
G1 X95.55 Y78.55 F1500
G1 X96.39 Y76.89 F1500
G1 X96.81 Y76.49 F1500
G1 X97.23 Y77.05 F1500
G1 X97.86 Y78.43 F1500
G1 X98.07 Y78.58 F1500
G1 X98.49 Y78.14 F1500
G1 X99.32 Y76.50 F1500
G1 X99.74 Y76.81 F1500
G1 X100.37 Y78.24 F1500
G1 X100.79 Y78.56 F1500
G1 X101.63 Y76.94 F1500
G1 X102.05 Y76.48 F1500
G1 X102.26 Y76.63 F1500
G1 X103.31 Y78.57 F1500
G1 X103.73 Y78.20 F1500
G1 X104.35 Y76.77 F1500
G1 X104.56 Y76.52 F1500
G1 X104.77 Y76.52 F1500
G1 X105.61 Y78.18 F1500
G1 X106.03 Y78.57 F1500
G1 X107.08 Y76.63 F1500
G1 X107.29 Y76.49 F1500
G1 X107.71 Y76.93 F1500
G1 X108.54 Y78.56 F1500
G1 X108.96 Y78.25 F1500
G1 X109.59 Y76.82 F1500
G1 X110.01 Y76.50 F1500
G1 X110.85 Y78.13 F1500
G1 X111.27 Y78.58 F1500
G1 X111.48 Y78.43 F1500
G1 X112.53 Y76.49 F1500
G1 X112.95 Y76.88 F1500
G1 X113.78 Y78.55 F1500
G1 X113.99 Y78.55 F1500
G1 X114.20 Y78.30 F1500
G1 X114.83 Y76.87 F1500
G1 X115.25 Y76.49 F1500
G1 X116.30 Y78.44 F1500
G1 X116.51 Y78.58 F1500
G1 X116.93 Y78.13 F1500
G1 X117.76 Y76.50 F1500
G1 X118.18 Y76.82 F1500
G1 X118.81 Y78.25 F1500
G1 X119.23 Y78.56 F1500
G1 X120.07 Y76.93 F1500
G1 X120.49 Y76.49 F1500
G1 X120.91 Y77.01 F1500
G1 X121.54 Y78.40 F1500
G1 X121.75 Y77.67 F1500
G1 X121.96 Y77.53 F1500
G1 X180.00 Y77.53 F1500
G1 X180.00 Y77.74 F1500
G1 X180.00 Y77.95 F1500
G1 X180.00 Y78.16 F1500
G1 X180.00 Y78.37 F1500
G1 X180.00 Y78.58 F1500
G1 X180.00 Y78.58 F1500
G1 X122.17 Y78.58 F1500
G1 X121.96 Y78.59 F1500
G1 X121.75 Y79.62 F1500
G1 X121.54 Y79.45 F1500
G1 X120.70 Y77.68 F1500
G1 X120.49 Y77.53 F1500
G1 X120.07 Y77.98 F1500
G1 X119.23 Y79.61 F1500
G1 X118.81 Y79.30 F1500
G1 X118.18 Y77.87 F1500
G1 X117.76 Y77.55 F1500
G1 X116.93 Y79.17 F1500
G1 X116.51 Y79.63 F1500
G1 X116.30 Y79.48 F1500
G1 X115.25 Y77.54 F1500
G1 X114.83 Y77.92 F1500
G1 X114.20 Y79.34 F1500
G1 X113.99 Y79.59 F1500
G1 X113.78 Y79.60 F1500
G1 X112.95 Y77.92 F1500
G1 X112.53 Y77.54 F1500
G1 X111.48 Y79.48 F1500
G1 X111.27 Y79.63 F1500
G1 X110.85 Y79.18 F1500
G1 X110.01 Y77.55 F1500
G1 X109.59 Y77.87 F1500
G1 X108.96 Y79.30 F1500
G1 X108.54 Y79.61 F1500
G1 X107.71 Y77.98 F1500
G1 X107.29 Y77.53 F1500
G1 X107.08 Y77.68 F1500
G1 X106.03 Y79.62 F1500
G1 X105.61 Y79.23 F1500
G1 X104.77 Y77.56 F1500
G1 X104.56 Y77.57 F1500
G1 X104.35 Y77.82 F1500
G1 X103.73 Y79.24 F1500
G1 X103.31 Y79.62 F1500
G1 X102.26 Y77.67 F1500
G1 X102.05 Y77.53 F1500
G1 X101.63 Y77.99 F1500
G1 X100.79 Y79.61 F1500
G1 X100.37 Y79.29 F1500
G1 X99.74 Y77.86 F1500
G1 X99.32 Y77.55 F1500
G1 X98.49 Y79.19 F1500
G1 X98.07 Y79.63 F1500
G1 X97.86 Y79.47 F1500
G1 X97.23 Y78.10 F1500
G1 X96.81 Y77.54 F1500
G1 X96.39 Y77.93 F1500
G1 X95.55 Y79.60 F1500
G1 X95.34 Y79.59 F1500
G1 X95.13 Y79.34 F1500
G1 X94.51 Y77.91 F1500
G1 X94.09 Y77.54 F1500
G1 X93.04 Y79.49 F1500
G1 X92.83 Y79.63 F1500
G1 X92.41 Y79.16 F1500
G1 X91.57 Y77.55 F1500
G1 X91.15 Y77.88 F1500
G1 X90.52 Y79.31 F1500
G1 X90.10 Y79.61 F1500
G1 X89.27 Y77.96 F1500
G1 X88.85 Y77.53 F1500
G1 X87.59 Y79.62 F1500
G1 X87.17 Y79.22 F1500
G1 X86.33 Y77.56 F1500
G1 X86.12 Y77.57 F1500
G1 X85.91 Y77.83 F1500
G1 X85.29 Y79.26 F1500
G1 X84.87 Y79.62 F1500
G1 X83.82 Y77.66 F1500
G1 X83.61 Y77.53 F1500
G1 X83.40 Y77.66 F1500
G1 X82.35 Y79.62 F1500
G1 X81.93 Y79.27 F1500
G1 X81.30 Y77.84 F1500
G1 X81.09 Y77.58 F1500
G1 X80.88 Y77.55 F1500
G1 X80.05 Y79.20 F1500
G1 X79.63 Y79.63 F1500
G1 X78.37 Y77.53 F1500
G1 X77.95 Y77.95 F1500
G1 X77.11 Y79.60 F1500
G1 X76.90 Y79.59 F1500
G1 X76.69 Y79.32 F1500
G1 X76.07 Y77.89 F1500
G1 X75.65 Y77.54 F1500
G1 X74.60 Y79.50 F1500
G1 X74.39 Y79.63 F1500
G1 X74.18 Y79.50 F1500
G1 X73.13 Y77.54 F1500
G1 X72.71 Y77.89 F1500
G1 X72.08 Y79.32 F1500
G1 X71.87 Y79.59 F1500
G1 X71.66 Y79.60 F1500
G1 X70.83 Y77.95 F1500
G1 X70.41 Y77.53 F1500
G1 X69.15 Y79.63 F1500
G1 X68.73 Y79.20 F1500
G1 X67.89 Y77.55 F1500
G1 X67.68 Y77.58 F1500
G1 X67.47 Y77.84 F1500
G1 X66.85 Y79.27 F1500
G1 X66.43 Y79.62 F1500
G1 X65.38 Y77.66 F1500
G1 X65.17 Y77.53 F1500
G1 X64.96 Y77.66 F1500
G1 X63.91 Y79.62 F1500
G1 X63.49 Y79.26 F1500
G1 X62.86 Y77.83 F1500
G1 X62.65 Y77.57 F1500
G1 X62.44 Y77.56 F1500
G1 X61.61 Y79.22 F1500
G1 X61.19 Y79.62 F1500
G1 X59.93 Y77.53 F1500
G1 X59.51 Y77.96 F1500
G1 X58.67 Y79.61 F1500
G1 X58.25 Y79.31 F1500
G1 X58.04 Y78.58 F1500
G1 X0.00 Y78.58 F1500
G1 X0.00 Y78.79 F1500
G1 X0.00 Y79.00 F1500
G1 X0.00 Y79.21 F1500
G1 X0.00 Y79.42 F1500
G1 X0.00 Y79.63 F1500
G1 X0.00 Y79.63 F1500
G1 X57.83 Y79.63 F1500
G1 X58.46 Y80.63 F1500
G1 X58.67 Y80.65 F1500
G1 X59.51 Y79.01 F1500
G1 X59.93 Y78.58 F1500
G1 X61.19 Y80.67 F1500
G1 X61.61 Y80.27 F1500
G1 X62.44 Y78.61 F1500
G1 X62.65 Y78.62 F1500
G1 X62.86 Y78.88 F1500
G1 X63.49 Y80.31 F1500
G1 X63.91 Y80.67 F1500
G1 X64.96 Y78.71 F1500
G1 X65.17 Y78.58 F1500
G1 X65.38 Y78.70 F1500
G1 X66.43 Y80.66 F1500
G1 X66.85 Y80.32 F1500
G1 X67.47 Y78.89 F1500
G1 X67.68 Y78.62 F1500
G1 X67.89 Y78.60 F1500
G1 X68.73 Y80.25 F1500
G1 X69.15 Y80.67 F1500
G1 X70.41 Y78.58 F1500
G1 X70.83 Y79.00 F1500
G1 X71.66 Y80.65 F1500
G1 X71.87 Y80.63 F1500
G1 X72.08 Y80.37 F1500
G1 X72.71 Y78.94 F1500
G1 X73.13 Y78.59 F1500
G1 X74.18 Y80.55 F1500
G1 X74.39 Y80.68 F1500
G1 X74.60 Y80.55 F1500
G1 X75.65 Y78.59 F1500
G1 X76.07 Y78.94 F1500
G1 X76.69 Y80.37 F1500
G1 X76.90 Y80.63 F1500
G1 X77.11 Y80.65 F1500
G1 X77.95 Y79.00 F1500
G1 X78.37 Y78.58 F1500
G1 X79.63 Y80.67 F1500
G1 X80.05 Y80.25 F1500
G1 X80.88 Y78.60 F1500
G1 X81.09 Y78.62 F1500
G1 X81.30 Y78.89 F1500
G1 X81.93 Y80.32 F1500
G1 X82.35 Y80.66 F1500
G1 X83.40 Y78.70 F1500
G1 X83.61 Y78.58 F1500
G1 X83.82 Y78.71 F1500
G1 X84.87 Y80.67 F1500
G1 X85.29 Y80.31 F1500
G1 X85.91 Y78.88 F1500
G1 X86.12 Y78.62 F1500
G1 X86.33 Y78.61 F1500
G1 X87.17 Y80.27 F1500
G1 X87.59 Y80.67 F1500
G1 X88.85 Y78.58 F1500
G1 X89.27 Y79.01 F1500
G1 X90.10 Y80.65 F1500
G1 X90.52 Y80.36 F1500
G1 X91.15 Y78.93 F1500
G1 X91.57 Y78.59 F1500
G1 X92.41 Y80.21 F1500
G1 X92.83 Y80.68 F1500
G1 X93.04 Y80.54 F1500
G1 X94.09 Y78.59 F1500
G1 X94.51 Y78.96 F1500
G1 X95.13 Y80.38 F1500
G1 X95.34 Y80.64 F1500
G1 X95.55 Y80.65 F1500
G1 X96.39 Y78.98 F1500
G1 X96.81 Y78.58 F1500
G1 X97.23 Y79.15 F1500
G1 X97.86 Y80.52 F1500
G1 X98.07 Y80.67 F1500
G1 X98.49 Y80.24 F1500
G1 X99.32 Y78.60 F1500
G1 X99.74 Y78.90 F1500
G1 X100.37 Y80.33 F1500
G1 X100.79 Y80.66 F1500
G1 X101.63 Y79.04 F1500
G1 X102.05 Y78.58 F1500
G1 X102.26 Y78.72 F1500
G1 X103.31 Y80.67 F1500
G1 X103.73 Y80.29 F1500
G1 X104.35 Y78.87 F1500
G1 X104.56 Y78.61 F1500
G1 X104.77 Y78.61 F1500
G1 X105.61 Y80.28 F1500
G1 X106.03 Y80.67 F1500
G1 X107.08 Y78.73 F1500
G1 X107.29 Y78.58 F1500
G1 X107.71 Y79.03 F1500
G1 X108.54 Y80.66 F1500
G1 X108.96 Y80.34 F1500
G1 X109.59 Y78.91 F1500
G1 X110.01 Y78.60 F1500
G1 X110.85 Y80.22 F1500
G1 X111.27 Y80.67 F1500
G1 X111.48 Y80.53 F1500
G1 X112.53 Y78.59 F1500
G1 X112.95 Y78.97 F1500
G1 X113.78 Y80.64 F1500
G1 X113.99 Y80.64 F1500
G1 X114.20 Y80.39 F1500
G1 X114.83 Y78.97 F1500
G1 X115.25 Y78.59 F1500
G1 X116.30 Y80.53 F1500
G1 X116.51 Y80.67 F1500
G1 X116.93 Y80.22 F1500
G1 X117.76 Y78.60 F1500
G1 X118.18 Y78.92 F1500
G1 X118.81 Y80.35 F1500
G1 X119.23 Y80.66 F1500
G1 X120.07 Y79.02 F1500
G1 X120.49 Y78.58 F1500
G1 X120.70 Y78.73 F1500
G1 X121.54 Y80.49 F1500
G1 X121.75 Y80.67 F1500
G1 X121.96 Y80.59 F1500
G1 X122.17 Y79.63 F1500
G1 X180.00 Y79.63 F1500
G1 X180.00 Y79.84 F1500
G1 X180.00 Y80.05 F1500
G1 X180.00 Y80.26 F1500
G1 X180.00 Y80.47 F1500
G1 X180.00 Y80.68 F1500
G1 X180.00 Y80.68 F1500
G1 X122.37 Y80.68 F1500
G1 X121.96 Y81.64 F1500
G1 X121.75 Y81.72 F1500
G1 X121.54 Y81.54 F1500
G1 X120.70 Y79.78 F1500
G1 X120.49 Y79.63 F1500
G1 X120.07 Y80.07 F1500
G1 X119.23 Y81.70 F1500
G1 X118.81 Y81.39 F1500
G1 X118.18 Y79.97 F1500
G1 X117.76 Y79.64 F1500
G1 X116.93 Y81.27 F1500
G1 X116.51 Y81.72 F1500
G1 X116.30 Y81.58 F1500
G1 X115.25 Y79.63 F1500
G1 X114.83 Y80.02 F1500
G1 X114.20 Y81.44 F1500
G1 X113.99 Y81.69 F1500
G1 X113.78 Y81.69 F1500
G1 X112.95 Y80.02 F1500
G1 X112.53 Y79.63 F1500
G1 X111.48 Y81.58 F1500
G1 X111.27 Y81.72 F1500
G1 X110.85 Y81.27 F1500
G1 X110.01 Y79.64 F1500
G1 X109.59 Y79.96 F1500
G1 X108.96 Y81.39 F1500
G1 X108.54 Y81.71 F1500
G1 X107.71 Y80.07 F1500
G1 X107.29 Y79.63 F1500
G1 X107.08 Y79.78 F1500
G1 X106.03 Y81.72 F1500
G1 X105.61 Y81.33 F1500
G1 X104.77 Y79.66 F1500
G1 X104.56 Y79.66 F1500
G1 X104.35 Y79.91 F1500
G1 X103.73 Y81.34 F1500
G1 X103.31 Y81.72 F1500
G1 X102.26 Y79.77 F1500
G1 X102.05 Y79.63 F1500
G1 X101.63 Y80.09 F1500
G1 X100.79 Y81.71 F1500
G1 X100.37 Y81.38 F1500
G1 X99.74 Y79.95 F1500
G1 X99.32 Y79.65 F1500
G1 X98.49 Y81.28 F1500
G1 X98.07 Y81.72 F1500
G1 X97.86 Y81.57 F1500
G1 X97.23 Y80.19 F1500
G1 X96.81 Y79.63 F1500
G1 X96.39 Y80.03 F1500
G1 X95.55 Y81.69 F1500
G1 X95.34 Y81.69 F1500
G1 X95.13 Y81.43 F1500
G1 X94.51 Y80.00 F1500
G1 X94.09 Y79.64 F1500
G1 X93.04 Y81.59 F1500
G1 X92.83 Y81.72 F1500
G1 X92.41 Y81.26 F1500
G1 X91.57 Y79.64 F1500
G1 X91.15 Y79.98 F1500
G1 X90.52 Y81.40 F1500
G1 X90.10 Y81.70 F1500
G1 X89.27 Y80.06 F1500
G1 X88.85 Y79.63 F1500
G1 X87.59 Y81.72 F1500
G1 X87.17 Y81.31 F1500
G1 X86.33 Y79.65 F1500
G1 X86.12 Y79.67 F1500
G1 X85.91 Y79.93 F1500
G1 X85.29 Y81.35 F1500
G1 X84.87 Y81.71 F1500
G1 X83.82 Y79.76 F1500
G1 X83.61 Y79.63 F1500
G1 X83.40 Y79.75 F1500
G1 X82.35 Y81.71 F1500
G1 X81.93 Y81.37 F1500
G1 X81.30 Y79.94 F1500
G1 X81.09 Y79.67 F1500
G1 X80.88 Y79.65 F1500
G1 X80.05 Y81.30 F1500
G1 X79.63 Y81.72 F1500
G1 X78.37 Y79.63 F1500
G1 X77.95 Y80.04 F1500
G1 X77.11 Y81.70 F1500
G1 X76.90 Y81.68 F1500
G1 X76.69 Y81.42 F1500
G1 X76.07 Y79.99 F1500
G1 X75.65 Y79.64 F1500
G1 X74.60 Y81.59 F1500
G1 X74.39 Y81.72 F1500
G1 X74.18 Y81.59 F1500
G1 X73.13 Y79.64 F1500
G1 X72.71 Y79.99 F1500
G1 X72.08 Y81.42 F1500
G1 X71.87 Y81.68 F1500
G1 X71.66 Y81.70 F1500
G1 X70.83 Y80.04 F1500
G1 X70.41 Y79.63 F1500
G1 X69.15 Y81.72 F1500
G1 X68.73 Y81.30 F1500
G1 X67.89 Y79.65 F1500
G1 X67.68 Y79.67 F1500
G1 X67.47 Y79.94 F1500
G1 X66.85 Y81.37 F1500
G1 X66.43 Y81.71 F1500
G1 X65.38 Y79.75 F1500
G1 X65.17 Y79.63 F1500
G1 X64.96 Y79.76 F1500
G1 X63.91 Y81.71 F1500
G1 X63.49 Y81.35 F1500
G1 X62.86 Y79.93 F1500
G1 X62.65 Y79.67 F1500
G1 X62.44 Y79.65 F1500
G1 X61.61 Y81.31 F1500
G1 X61.19 Y81.72 F1500
G1 X59.93 Y79.63 F1500
G1 X59.51 Y80.06 F1500
G1 X58.67 Y81.70 F1500
G1 X58.25 Y81.40 F1500
G1 X57.83 Y80.50 F1500
G1 X57.63 Y80.68 F1500
G1 X0.00 Y80.68 F1500
G1 X0.00 Y80.88 F1500
G1 X0.00 Y81.09 F1500
G1 X0.00 Y81.30 F1500
G1 X0.00 Y81.51 F1500
G1 X0.00 Y81.72 F1500
G1 X0.00 Y81.72 F1500
G1 X57.63 Y81.72 F1500
G1 X57.83 Y81.48 F1500
G1 X58.25 Y82.45 F1500
G1 X58.67 Y82.75 F1500
G1 X59.51 Y81.11 F1500
G1 X59.93 Y80.68 F1500
G1 X61.19 Y82.77 F1500
G1 X61.61 Y82.36 F1500
G1 X62.44 Y80.70 F1500
G1 X62.65 Y80.71 F1500
G1 X62.86 Y80.97 F1500
G1 X63.49 Y82.40 F1500
G1 X63.91 Y82.76 F1500
G1 X64.96 Y80.81 F1500
G1 X65.17 Y80.68 F1500
G1 X65.38 Y80.80 F1500
G1 X66.43 Y82.76 F1500
G1 X66.85 Y82.41 F1500
G1 X67.47 Y80.99 F1500
G1 X67.68 Y80.72 F1500
G1 X67.89 Y80.70 F1500
G1 X68.73 Y82.35 F1500
G1 X69.15 Y82.77 F1500
G1 X70.41 Y80.68 F1500
G1 X70.83 Y81.09 F1500
G1 X71.66 Y82.75 F1500
G1 X71.87 Y82.73 F1500
G1 X72.08 Y82.47 F1500
G1 X72.71 Y81.04 F1500
G1 X73.13 Y80.69 F1500
G1 X74.18 Y82.64 F1500
G1 X74.39 Y82.77 F1500
G1 X74.60 Y82.64 F1500
G1 X75.65 Y80.69 F1500
G1 X76.07 Y81.04 F1500
G1 X76.69 Y82.47 F1500
G1 X76.90 Y82.73 F1500
G1 X77.11 Y82.75 F1500
G1 X77.95 Y81.09 F1500
G1 X78.37 Y80.68 F1500
G1 X79.63 Y82.77 F1500
G1 X80.05 Y82.35 F1500
G1 X80.88 Y80.70 F1500
G1 X81.09 Y80.72 F1500
G1 X81.30 Y80.99 F1500
G1 X81.93 Y82.41 F1500
G1 X82.35 Y82.76 F1500
G1 X83.40 Y80.80 F1500
G1 X83.61 Y80.68 F1500
G1 X83.82 Y80.81 F1500
G1 X84.87 Y82.76 F1500
G1 X85.29 Y82.40 F1500
G1 X85.91 Y80.97 F1500
G1 X86.12 Y80.71 F1500
G1 X86.33 Y80.70 F1500
G1 X87.17 Y82.36 F1500
G1 X87.59 Y82.77 F1500
G1 X88.85 Y80.68 F1500
G1 X89.27 Y81.11 F1500
G1 X90.10 Y82.75 F1500
G1 X90.52 Y82.45 F1500
G1 X91.15 Y81.02 F1500
G1 X91.57 Y80.69 F1500
G1 X92.41 Y82.30 F1500
G1 X92.83 Y82.77 F1500
G1 X93.04 Y82.63 F1500
G1 X94.09 Y80.68 F1500
G1 X94.51 Y81.05 F1500
G1 X95.13 Y82.48 F1500
G1 X95.34 Y82.73 F1500
G1 X95.55 Y82.74 F1500
G1 X96.39 Y81.08 F1500
G1 X96.81 Y80.68 F1500
G1 X97.23 Y81.24 F1500
G1 X97.86 Y82.62 F1500
G1 X98.07 Y82.77 F1500
G1 X98.49 Y82.33 F1500
G1 X99.32 Y80.69 F1500
G1 X99.74 Y81.00 F1500
G1 X100.37 Y82.43 F1500
G1 X100.79 Y82.76 F1500
G1 X101.63 Y81.13 F1500
G1 X102.05 Y80.68 F1500
G1 X102.26 Y80.82 F1500
G1 X103.31 Y82.76 F1500
G1 X103.73 Y82.39 F1500
G1 X104.35 Y80.96 F1500
G1 X104.56 Y80.71 F1500
G1 X104.77 Y80.71 F1500
G1 X105.61 Y82.38 F1500
G1 X106.03 Y82.77 F1500
G1 X107.08 Y80.82 F1500
G1 X107.29 Y80.68 F1500
G1 X107.71 Y81.12 F1500
G1 X108.54 Y82.75 F1500
G1 X108.96 Y82.44 F1500
G1 X109.59 Y81.01 F1500
G1 X110.01 Y80.69 F1500
G1 X110.85 Y82.32 F1500
G1 X111.27 Y82.77 F1500
G1 X111.48 Y82.62 F1500
G1 X112.53 Y80.68 F1500
G1 X112.95 Y81.07 F1500
G1 X113.78 Y82.74 F1500
G1 X113.99 Y82.74 F1500
G1 X114.20 Y82.49 F1500
G1 X114.83 Y81.06 F1500
G1 X115.25 Y80.68 F1500
G1 X116.30 Y82.63 F1500
G1 X116.51 Y82.77 F1500
G1 X116.93 Y82.32 F1500
G1 X117.76 Y80.69 F1500
G1 X118.18 Y81.01 F1500
G1 X118.81 Y82.44 F1500
G1 X119.23 Y82.75 F1500
G1 X120.07 Y81.12 F1500
G1 X120.49 Y80.68 F1500
G1 X120.70 Y80.83 F1500
G1 X121.54 Y82.59 F1500
G1 X121.75 Y82.77 F1500
G1 X122.17 Y82.37 F1500
G1 X122.37 Y81.72 F1500
G1 X180.00 Y81.72 F1500
G1 X180.00 Y81.93 F1500
G1 X180.00 Y82.14 F1500
G1 X180.00 Y82.35 F1500
G1 X180.00 Y82.56 F1500
G1 X180.00 Y82.77 F1500
G1 X180.00 Y82.77 F1500
G1 X122.58 Y82.77 F1500
G1 X122.37 Y82.86 F1500
G1 X121.96 Y83.73 F1500
G1 X121.75 Y83.81 F1500
G1 X121.54 Y83.64 F1500
G1 X120.70 Y81.87 F1500
G1 X120.49 Y81.72 F1500
G1 X120.07 Y82.17 F1500
G1 X119.23 Y83.80 F1500
G1 X118.81 Y83.49 F1500
G1 X118.18 Y82.06 F1500
G1 X117.76 Y81.74 F1500
G1 X116.93 Y83.36 F1500
G1 X116.51 Y83.82 F1500
G1 X116.30 Y83.67 F1500
G1 X115.25 Y81.73 F1500
G1 X114.83 Y82.11 F1500
G1 X114.20 Y83.54 F1500
G1 X113.99 Y83.79 F1500
G1 X113.78 Y83.79 F1500
G1 X112.95 Y82.11 F1500
G1 X112.53 Y81.73 F1500
G1 X111.48 Y83.67 F1500
G1 X111.27 Y83.82 F1500
G1 X110.85 Y83.37 F1500
G1 X110.01 Y81.74 F1500
G1 X109.59 Y82.06 F1500
G1 X108.96 Y83.49 F1500
G1 X108.54 Y83.80 F1500
G1 X107.71 Y82.17 F1500
G1 X107.29 Y81.72 F1500
G1 X107.08 Y81.87 F1500
G1 X106.03 Y83.81 F1500
G1 X105.61 Y83.42 F1500
G1 X104.77 Y81.75 F1500
G1 X104.56 Y81.76 F1500
G1 X104.35 Y82.01 F1500
G1 X103.73 Y83.43 F1500
G1 X103.31 Y83.81 F1500
G1 X102.26 Y81.86 F1500
G1 X102.05 Y81.72 F1500
G1 X101.63 Y82.18 F1500
G1 X100.79 Y83.80 F1500
G1 X100.37 Y83.48 F1500
G1 X99.74 Y82.05 F1500
G1 X99.32 Y81.74 F1500
G1 X98.49 Y83.38 F1500
G1 X98.07 Y83.82 F1500
G1 X97.86 Y83.66 F1500
G1 X97.23 Y82.29 F1500
G1 X96.81 Y81.73 F1500
G1 X96.39 Y82.13 F1500
G1 X95.55 Y83.79 F1500
G1 X95.34 Y83.78 F1500
G1 X95.13 Y83.53 F1500
G1 X94.51 Y82.10 F1500
G1 X94.09 Y81.73 F1500
G1 X93.04 Y83.68 F1500
G1 X92.83 Y83.82 F1500
G1 X92.41 Y83.35 F1500
G1 X91.57 Y81.74 F1500
G1 X91.15 Y82.07 F1500
G1 X90.52 Y83.50 F1500
G1 X90.10 Y83.80 F1500
G1 X89.27 Y82.15 F1500
G1 X88.85 Y81.72 F1500
G1 X87.59 Y83.81 F1500
G1 X87.17 Y83.41 F1500
G1 X86.33 Y81.75 F1500
G1 X86.12 Y81.76 F1500
G1 X85.91 Y82.02 F1500
G1 X85.29 Y83.45 F1500
G1 X84.87 Y83.81 F1500
G1 X83.82 Y81.86 F1500
G1 X83.61 Y81.72 F1500
G1 X83.40 Y81.85 F1500
G1 X82.35 Y83.81 F1500
G1 X81.93 Y83.46 F1500
G1 X81.30 Y82.03 F1500
G1 X81.09 Y81.77 F1500
G1 X80.88 Y81.75 F1500
G1 X80.05 Y83.39 F1500
G1 X79.63 Y83.82 F1500
G1 X78.37 Y81.73 F1500
G1 X77.95 Y82.14 F1500
G1 X77.11 Y83.79 F1500
G1 X76.90 Y83.78 F1500
G1 X76.69 Y83.51 F1500
G1 X76.07 Y82.09 F1500
G1 X75.65 Y81.73 F1500
G1 X74.60 Y83.69 F1500
G1 X74.39 Y83.82 F1500
G1 X74.18 Y83.69 F1500
G1 X73.13 Y81.73 F1500
G1 X72.71 Y82.09 F1500
G1 X72.08 Y83.51 F1500
G1 X71.87 Y83.78 F1500
G1 X71.66 Y83.79 F1500
G1 X70.83 Y82.14 F1500
G1 X70.41 Y81.73 F1500
G1 X69.15 Y83.82 F1500
G1 X68.73 Y83.39 F1500
G1 X67.89 Y81.75 F1500
G1 X67.68 Y81.77 F1500
G1 X67.47 Y82.03 F1500
G1 X66.85 Y83.46 F1500
G1 X66.43 Y83.81 F1500
G1 X65.38 Y81.85 F1500
G1 X65.17 Y81.72 F1500
G1 X64.96 Y81.86 F1500
G1 X63.91 Y83.81 F1500
G1 X63.49 Y83.45 F1500
G1 X62.86 Y82.02 F1500
G1 X62.65 Y81.76 F1500
G1 X62.44 Y81.75 F1500
G1 X61.61 Y83.41 F1500
G1 X61.19 Y83.81 F1500
G1 X59.93 Y81.72 F1500
G1 X59.51 Y82.15 F1500
G1 X58.67 Y83.80 F1500
G1 X58.25 Y83.50 F1500
G1 X57.83 Y82.53 F1500
G1 X57.63 Y82.42 F1500
G1 X57.42 Y82.77 F1500
G1 X0.00 Y82.77 F1500
G1 X0.00 Y82.98 F1500
G1 X0.00 Y83.19 F1500
G1 X0.00 Y83.40 F1500
G1 X0.00 Y83.61 F1500
G1 X0.00 Y83.82 F1500
G1 X0.00 Y83.82 F1500
G1 X57.42 Y83.82 F1500
G1 X57.63 Y83.26 F1500
G1 X58.25 Y84.55 F1500
G1 X58.67 Y84.85 F1500
G1 X59.51 Y83.20 F1500
G1 X59.93 Y82.77 F1500
G1 X61.19 Y84.86 F1500
G1 X61.61 Y84.46 F1500
G1 X62.44 Y82.80 F1500
G1 X62.65 Y82.81 F1500
G1 X62.86 Y83.07 F1500
G1 X63.49 Y84.50 F1500
G1 X63.91 Y84.86 F1500
G1 X64.96 Y82.90 F1500
G1 X65.17 Y82.77 F1500
G1 X65.38 Y82.89 F1500
G1 X66.43 Y84.85 F1500
G1 X66.85 Y84.51 F1500
G1 X67.47 Y83.08 F1500
G1 X67.68 Y82.82 F1500
G1 X67.89 Y82.79 F1500
G1 X68.73 Y84.44 F1500
G1 X69.15 Y84.86 F1500
G1 X70.41 Y82.77 F1500
G1 X70.83 Y83.19 F1500
G1 X71.66 Y84.84 F1500
G1 X71.87 Y84.82 F1500
G1 X72.08 Y84.56 F1500
G1 X72.71 Y83.13 F1500
G1 X73.13 Y82.78 F1500
G1 X74.18 Y84.74 F1500
G1 X74.39 Y84.87 F1500
G1 X74.60 Y84.74 F1500
G1 X75.65 Y82.78 F1500
G1 X76.07 Y83.13 F1500
G1 X76.69 Y84.56 F1500
G1 X76.90 Y84.82 F1500
G1 X77.11 Y84.84 F1500
G1 X77.95 Y83.19 F1500
G1 X78.37 Y82.77 F1500
G1 X79.63 Y84.86 F1500
G1 X80.05 Y84.44 F1500
G1 X80.88 Y82.79 F1500
G1 X81.09 Y82.82 F1500
G1 X81.30 Y83.08 F1500
G1 X81.93 Y84.51 F1500
G1 X82.35 Y84.85 F1500
G1 X83.40 Y82.89 F1500
G1 X83.61 Y82.77 F1500
G1 X83.82 Y82.90 F1500
G1 X84.87 Y84.86 F1500
G1 X85.29 Y84.50 F1500
G1 X85.91 Y83.07 F1500
G1 X86.12 Y82.81 F1500
G1 X86.33 Y82.80 F1500
G1 X87.17 Y84.46 F1500
G1 X87.59 Y84.86 F1500
G1 X88.85 Y82.77 F1500
G1 X89.27 Y83.20 F1500
G1 X90.10 Y84.85 F1500
G1 X90.52 Y84.55 F1500
G1 X91.15 Y83.12 F1500
G1 X91.57 Y82.78 F1500
G1 X92.41 Y84.40 F1500
G1 X92.83 Y84.87 F1500
G1 X93.04 Y84.73 F1500
G1 X94.09 Y82.78 F1500
G1 X94.51 Y83.15 F1500
G1 X95.13 Y84.57 F1500
G1 X95.34 Y84.83 F1500
G1 X95.55 Y84.84 F1500
G1 X96.39 Y83.17 F1500
G1 X96.81 Y82.78 F1500
G1 X97.23 Y83.34 F1500
G1 X97.86 Y84.71 F1500
G1 X98.07 Y84.86 F1500
G1 X98.49 Y84.43 F1500
G1 X99.32 Y82.79 F1500
G1 X99.74 Y83.10 F1500
G1 X100.37 Y84.52 F1500
G1 X100.79 Y84.85 F1500
G1 X101.63 Y83.23 F1500
G1 X102.05 Y82.77 F1500
G1 X102.26 Y82.91 F1500
G1 X103.31 Y84.86 F1500
G1 X103.73 Y84.48 F1500
G1 X104.35 Y83.06 F1500
G1 X104.56 Y82.80 F1500
G1 X104.77 Y82.80 F1500
G1 X105.61 Y84.47 F1500
G1 X106.03 Y84.86 F1500
G1 X107.08 Y82.92 F1500
G1 X107.29 Y82.77 F1500
G1 X107.71 Y83.22 F1500
G1 X108.54 Y84.85 F1500
G1 X108.96 Y84.53 F1500
G1 X109.59 Y83.11 F1500
G1 X110.01 Y82.79 F1500
G1 X110.85 Y84.42 F1500
G1 X111.27 Y84.87 F1500
G1 X111.48 Y84.72 F1500
G1 X112.53 Y82.78 F1500
G1 X112.95 Y83.16 F1500
G1 X113.78 Y84.83 F1500
G1 X113.99 Y84.83 F1500
G1 X114.20 Y84.58 F1500
G1 X114.83 Y83.16 F1500
G1 X115.25 Y82.78 F1500
G1 X116.30 Y84.72 F1500
G1 X116.51 Y84.87 F1500
G1 X116.93 Y84.41 F1500
G1 X117.76 Y82.79 F1500
G1 X118.18 Y83.11 F1500
G1 X118.81 Y84.54 F1500
G1 X119.23 Y84.85 F1500
G1 X120.07 Y83.21 F1500
G1 X120.49 Y82.77 F1500
G1 X120.70 Y82.92 F1500
G1 X121.54 Y84.68 F1500
G1 X121.75 Y84.86 F1500
G1 X121.96 Y84.78 F1500
G1 X122.37 Y83.95 F1500
G1 X122.58 Y83.82 F1500
G1 X180.00 Y83.82 F1500
G1 X180.00 Y84.03 F1500
G1 X180.00 Y84.24 F1500
G1 X180.00 Y84.45 F1500
G1 X180.00 Y84.66 F1500
G1 X180.00 Y84.87 F1500
G1 X180.00 Y84.87 F1500
G1 X122.58 Y84.87 F1500
G1 X122.37 Y85.00 F1500
G1 X121.96 Y85.83 F1500
G1 X121.75 Y85.91 F1500
G1 X121.54 Y85.73 F1500
G1 X120.70 Y83.97 F1500
G1 X120.49 Y83.82 F1500
G1 X120.07 Y84.26 F1500
G1 X119.23 Y85.90 F1500
G1 X118.81 Y85.59 F1500
G1 X118.18 Y84.16 F1500
G1 X117.76 Y83.83 F1500
G1 X116.93 Y85.46 F1500
G1 X116.51 Y85.91 F1500
G1 X116.30 Y85.77 F1500
G1 X115.25 Y83.82 F1500
G1 X114.83 Y84.21 F1500
G1 X114.20 Y85.63 F1500
G1 X113.99 Y85.88 F1500
G1 X113.78 Y85.88 F1500
G1 X112.95 Y84.21 F1500
G1 X112.53 Y83.82 F1500
G1 X111.48 Y85.77 F1500
G1 X111.27 Y85.91 F1500
G1 X110.85 Y85.46 F1500
G1 X110.01 Y83.83 F1500
G1 X109.59 Y84.15 F1500
G1 X108.96 Y85.58 F1500
G1 X108.54 Y85.90 F1500
G1 X107.71 Y84.27 F1500
G1 X107.29 Y83.82 F1500
G1 X107.08 Y83.97 F1500
G1 X106.03 Y85.91 F1500
G1 X105.61 Y85.52 F1500
G1 X104.77 Y83.85 F1500
G1 X104.56 Y83.85 F1500
G1 X104.35 Y84.10 F1500
G1 X103.73 Y85.53 F1500
G1 X103.31 Y85.91 F1500
G1 X102.26 Y83.96 F1500
G1 X102.05 Y83.82 F1500
G1 X101.63 Y84.28 F1500
G1 X100.79 Y85.90 F1500
G1 X100.37 Y85.57 F1500
G1 X99.74 Y84.14 F1500
G1 X99.32 Y83.84 F1500
G1 X98.49 Y85.47 F1500
G1 X98.07 Y85.91 F1500
G1 X97.86 Y85.76 F1500
G1 X97.23 Y84.38 F1500
G1 X96.81 Y83.82 F1500
G1 X96.39 Y84.22 F1500
G1 X95.55 Y85.89 F1500
G1 X95.34 Y85.88 F1500
G1 X95.13 Y85.62 F1500
G1 X94.51 Y84.20 F1500
G1 X94.09 Y83.83 F1500
G1 X93.04 Y85.78 F1500
G1 X92.83 Y85.91 F1500
G1 X92.41 Y85.45 F1500
G1 X91.57 Y83.83 F1500
G1 X91.15 Y84.17 F1500
G1 X90.52 Y85.60 F1500
G1 X90.10 Y85.89 F1500
G1 X89.27 Y84.25 F1500
G1 X88.85 Y83.82 F1500
G1 X87.59 Y85.91 F1500
G1 X87.17 Y85.50 F1500
G1 X86.33 Y83.84 F1500
G1 X86.12 Y83.86 F1500
G1 X85.91 Y84.12 F1500
G1 X85.29 Y85.54 F1500
G1 X84.87 Y85.90 F1500
G1 X83.82 Y83.95 F1500
G1 X83.61 Y83.82 F1500
G1 X83.40 Y83.94 F1500
G1 X82.35 Y85.90 F1500
G1 X81.93 Y85.56 F1500
G1 X81.30 Y84.13 F1500
G1 X81.09 Y83.86 F1500
G1 X80.88 Y83.84 F1500
G1 X80.05 Y85.49 F1500
G1 X79.63 Y85.91 F1500
G1 X78.37 Y83.82 F1500
G1 X77.95 Y84.24 F1500
G1 X77.11 Y85.89 F1500
G1 X76.90 Y85.87 F1500
G1 X76.69 Y85.61 F1500
G1 X76.07 Y84.18 F1500
G1 X75.65 Y83.83 F1500
G1 X74.60 Y85.79 F1500
G1 X74.39 Y85.91 F1500
G1 X74.18 Y85.79 F1500
G1 X73.13 Y83.83 F1500
G1 X72.71 Y84.18 F1500
G1 X72.08 Y85.61 F1500
G1 X71.87 Y85.87 F1500
G1 X71.66 Y85.89 F1500
G1 X70.83 Y84.24 F1500
G1 X70.41 Y83.82 F1500
G1 X69.15 Y85.91 F1500
G1 X68.73 Y85.49 F1500
G1 X67.89 Y83.84 F1500
G1 X67.68 Y83.86 F1500
G1 X67.47 Y84.13 F1500
G1 X66.85 Y85.56 F1500
G1 X66.43 Y85.90 F1500
G1 X65.38 Y83.94 F1500
G1 X65.17 Y83.82 F1500
G1 X64.96 Y83.95 F1500
G1 X63.91 Y85.90 F1500
G1 X63.49 Y85.54 F1500
G1 X62.86 Y84.12 F1500
G1 X62.65 Y83.86 F1500
G1 X62.44 Y83.84 F1500
G1 X61.61 Y85.50 F1500
G1 X61.19 Y85.91 F1500
G1 X59.93 Y83.82 F1500
G1 X59.51 Y84.25 F1500
G1 X58.67 Y85.89 F1500
G1 X58.25 Y85.60 F1500
G1 X57.63 Y84.33 F1500
G1 X57.42 Y84.87 F1500
G1 X0.00 Y84.87 F1500
G1 X0.00 Y85.08 F1500
G1 X0.00 Y85.29 F1500
G1 X0.00 Y85.49 F1500
G1 X0.00 Y85.70 F1500
G1 X0.00 Y85.91 F1500
G1 X0.00 Y85.91 F1500
G1 X57.42 Y85.91 F1500
G1 X57.63 Y85.59 F1500
G1 X57.83 Y85.67 F1500
G1 X58.46 Y86.91 F1500
G1 X58.67 Y86.94 F1500
G1 X59.51 Y85.30 F1500
G1 X59.93 Y84.87 F1500
G1 X61.19 Y86.96 F1500
G1 X61.61 Y86.55 F1500
G1 X62.44 Y84.89 F1500
G1 X62.65 Y84.91 F1500
G1 X62.86 Y85.16 F1500
G1 X63.49 Y86.59 F1500
G1 X63.91 Y86.95 F1500
G1 X64.96 Y85.00 F1500
G1 X65.17 Y84.87 F1500
G1 X65.38 Y84.99 F1500
G1 X66.43 Y86.95 F1500
G1 X66.85 Y86.61 F1500
G1 X67.47 Y85.18 F1500
G1 X67.68 Y84.91 F1500
G1 X67.89 Y84.89 F1500
G1 X68.73 Y86.54 F1500
G1 X69.15 Y86.96 F1500
G1 X70.41 Y84.87 F1500
G1 X70.83 Y85.28 F1500
G1 X71.66 Y86.94 F1500
G1 X71.87 Y86.92 F1500
G1 X72.08 Y86.66 F1500
G1 X72.71 Y85.23 F1500
G1 X73.13 Y84.88 F1500
G1 X74.18 Y86.83 F1500
G1 X74.39 Y86.96 F1500
G1 X74.60 Y86.83 F1500
G1 X75.65 Y84.88 F1500
G1 X76.07 Y85.23 F1500
G1 X76.69 Y86.66 F1500
G1 X76.90 Y86.92 F1500
G1 X77.11 Y86.94 F1500
G1 X77.95 Y85.28 F1500
G1 X78.37 Y84.87 F1500
G1 X79.63 Y86.96 F1500
G1 X80.05 Y86.54 F1500
G1 X80.88 Y84.89 F1500
G1 X81.09 Y84.91 F1500
G1 X81.30 Y85.18 F1500
G1 X81.93 Y86.61 F1500
G1 X82.35 Y86.95 F1500
G1 X83.40 Y84.99 F1500
G1 X83.61 Y84.87 F1500
G1 X83.82 Y85.00 F1500
G1 X84.87 Y86.95 F1500
G1 X85.29 Y86.59 F1500
G1 X85.91 Y85.16 F1500
G1 X86.12 Y84.91 F1500
G1 X86.33 Y84.89 F1500
G1 X87.17 Y86.55 F1500
G1 X87.59 Y86.96 F1500
G1 X88.85 Y84.87 F1500
G1 X89.27 Y85.30 F1500
G1 X90.10 Y86.94 F1500
G1 X90.52 Y86.64 F1500
G1 X91.15 Y85.22 F1500
G1 X91.57 Y84.88 F1500
G1 X92.41 Y86.50 F1500
G1 X92.83 Y86.96 F1500
G1 X93.04 Y86.82 F1500
G1 X94.09 Y84.87 F1500
G1 X94.51 Y85.24 F1500
G1 X95.13 Y86.67 F1500
G1 X95.34 Y86.92 F1500
G1 X95.55 Y86.93 F1500
G1 X96.39 Y85.27 F1500
G1 X96.81 Y84.87 F1500
G1 X97.23 Y85.43 F1500
G1 X97.86 Y86.81 F1500
G1 X98.07 Y86.96 F1500
G1 X98.49 Y86.52 F1500
G1 X99.32 Y84.89 F1500
G1 X99.74 Y85.19 F1500
G1 X100.37 Y86.62 F1500
G1 X100.79 Y86.95 F1500
G1 X101.63 Y85.32 F1500
G1 X102.05 Y84.87 F1500
G1 X102.26 Y85.01 F1500
G1 X103.31 Y86.95 F1500
G1 X103.73 Y86.58 F1500
G1 X104.35 Y85.15 F1500
G1 X104.56 Y84.90 F1500
G1 X104.77 Y84.90 F1500
G1 X105.61 Y86.57 F1500
G1 X106.03 Y86.96 F1500
G1 X107.08 Y85.02 F1500
G1 X107.29 Y84.87 F1500
G1 X107.71 Y85.31 F1500
G1 X108.54 Y86.94 F1500
G1 X108.96 Y86.63 F1500
G1 X109.59 Y85.20 F1500
G1 X110.01 Y84.88 F1500
G1 X110.85 Y86.51 F1500
G1 X111.27 Y86.96 F1500
G1 X111.48 Y86.81 F1500
G1 X112.53 Y84.87 F1500
G1 X112.95 Y85.26 F1500
G1 X113.78 Y86.93 F1500
G1 X113.99 Y86.93 F1500
G1 X114.20 Y86.68 F1500
G1 X114.83 Y85.25 F1500
G1 X115.25 Y84.87 F1500
G1 X116.30 Y86.82 F1500
G1 X116.51 Y86.96 F1500
G1 X116.93 Y86.51 F1500
G1 X117.76 Y84.88 F1500
G1 X118.18 Y85.20 F1500
G1 X118.81 Y86.63 F1500
G1 X119.23 Y86.94 F1500
G1 X120.07 Y85.31 F1500
G1 X120.49 Y84.87 F1500
G1 X120.70 Y85.02 F1500
G1 X121.54 Y86.78 F1500
G1 X121.75 Y86.96 F1500
G1 X121.96 Y86.88 F1500
G1 X122.37 Y86.00 F1500
G1 X122.58 Y85.91 F1500
G1 X180.00 Y85.91 F1500
G1 X180.00 Y86.12 F1500
G1 X180.00 Y86.33 F1500
G1 X180.00 Y86.54 F1500
G1 X180.00 Y86.75 F1500
G1 X180.00 Y86.96 F1500
G1 X180.00 Y86.96 F1500
G1 X122.37 Y86.96 F1500
G1 X122.17 Y87.61 F1500
G1 X121.75 Y88.00 F1500
G1 X121.54 Y87.83 F1500
G1 X120.70 Y86.07 F1500
G1 X120.49 Y85.91 F1500
G1 X120.07 Y86.36 F1500
G1 X119.23 Y87.99 F1500
G1 X118.81 Y87.68 F1500
G1 X118.18 Y86.25 F1500
G1 X117.76 Y85.93 F1500
G1 X116.93 Y87.55 F1500
G1 X116.51 Y88.01 F1500
G1 X116.30 Y87.87 F1500
G1 X115.25 Y85.92 F1500
G1 X114.83 Y86.30 F1500
G1 X114.20 Y87.73 F1500
G1 X113.99 Y87.98 F1500
G1 X113.78 Y87.98 F1500
G1 X112.95 Y86.31 F1500
G1 X112.53 Y85.92 F1500
G1 X111.48 Y87.86 F1500
G1 X111.27 Y88.01 F1500
G1 X110.85 Y87.56 F1500
G1 X110.01 Y85.93 F1500
G1 X109.59 Y86.25 F1500
G1 X108.96 Y87.68 F1500
G1 X108.54 Y87.99 F1500
G1 X107.71 Y86.36 F1500
G1 X107.29 Y85.91 F1500
G1 X107.08 Y86.06 F1500
G1 X106.03 Y88.00 F1500
G1 X105.61 Y87.61 F1500
G1 X104.77 Y85.94 F1500
G1 X104.56 Y85.95 F1500
G1 X104.35 Y86.20 F1500
G1 X103.73 Y87.63 F1500
G1 X103.31 Y88.00 F1500
G1 X102.26 Y86.06 F1500
G1 X102.05 Y85.91 F1500
G1 X101.63 Y86.37 F1500
G1 X100.79 Y87.99 F1500
G1 X100.37 Y87.67 F1500
G1 X99.74 Y86.24 F1500
G1 X99.32 Y85.93 F1500
G1 X98.49 Y87.57 F1500
G1 X98.07 Y88.01 F1500
G1 X97.86 Y87.86 F1500
G1 X97.23 Y86.48 F1500
G1 X96.81 Y85.92 F1500
G1 X96.39 Y86.32 F1500
G1 X95.55 Y87.98 F1500
G1 X95.34 Y87.97 F1500
G1 X95.13 Y87.72 F1500
G1 X94.51 Y86.29 F1500
G1 X94.09 Y85.92 F1500
G1 X93.04 Y87.87 F1500
G1 X92.83 Y88.01 F1500
G1 X92.41 Y87.54 F1500
G1 X91.57 Y85.93 F1500
G1 X91.15 Y86.26 F1500
G1 X90.52 Y87.69 F1500
G1 X90.10 Y87.99 F1500
G1 X89.27 Y86.35 F1500
G1 X88.85 Y85.92 F1500
G1 X87.59 Y88.01 F1500
G1 X87.17 Y87.60 F1500
G1 X86.33 Y85.94 F1500
G1 X86.12 Y85.95 F1500
G1 X85.91 Y86.21 F1500
G1 X85.29 Y87.64 F1500
G1 X84.87 Y88.00 F1500
G1 X83.82 Y86.05 F1500
G1 X83.61 Y85.91 F1500
G1 X83.40 Y86.04 F1500
G1 X82.35 Y88.00 F1500
G1 X81.93 Y87.65 F1500
G1 X81.30 Y86.23 F1500
G1 X81.09 Y85.96 F1500
G1 X80.88 Y85.94 F1500
G1 X80.05 Y87.58 F1500
G1 X79.63 Y88.01 F1500
G1 X78.37 Y85.92 F1500
G1 X77.95 Y86.33 F1500
G1 X77.11 Y87.98 F1500
G1 X76.90 Y87.97 F1500
G1 X76.69 Y87.70 F1500
G1 X76.07 Y86.28 F1500
G1 X75.65 Y85.92 F1500
G1 X74.60 Y87.88 F1500
G1 X74.39 Y88.01 F1500
G1 X74.18 Y87.88 F1500
G1 X73.13 Y85.92 F1500
G1 X72.71 Y86.28 F1500
G1 X72.08 Y87.70 F1500
G1 X71.87 Y87.97 F1500
G1 X71.66 Y87.98 F1500
G1 X70.83 Y86.33 F1500
G1 X70.41 Y85.92 F1500
G1 X69.15 Y88.01 F1500
G1 X68.73 Y87.58 F1500
G1 X67.89 Y85.94 F1500
G1 X67.68 Y85.96 F1500
G1 X67.47 Y86.23 F1500
G1 X66.85 Y87.65 F1500
G1 X66.43 Y88.00 F1500
G1 X65.38 Y86.04 F1500
G1 X65.17 Y85.91 F1500
G1 X64.96 Y86.05 F1500
G1 X63.91 Y88.00 F1500
G1 X63.49 Y87.64 F1500
G1 X62.86 Y86.21 F1500
G1 X62.65 Y85.95 F1500
G1 X62.44 Y85.94 F1500
G1 X61.61 Y87.60 F1500
G1 X61.19 Y88.01 F1500
G1 X59.93 Y85.92 F1500
G1 X59.51 Y86.35 F1500
G1 X58.67 Y87.99 F1500
G1 X58.25 Y87.69 F1500
G1 X57.83 Y86.72 F1500
G1 X57.63 Y86.96 F1500
G1 X0.00 Y86.96 F1500
G1 X0.00 Y87.17 F1500
G1 X0.00 Y87.38 F1500
G1 X0.00 Y87.59 F1500
G1 X0.00 Y87.80 F1500
G1 X0.00 Y88.01 F1500
G1 X0.00 Y88.01 F1500
G1 X57.63 Y88.01 F1500
G1 X57.83 Y87.83 F1500
G1 X58.25 Y88.74 F1500
G1 X58.67 Y89.04 F1500
G1 X59.51 Y87.39 F1500
G1 X59.93 Y86.96 F1500
G1 X61.19 Y89.05 F1500
G1 X61.61 Y88.65 F1500
G1 X62.44 Y86.99 F1500
G1 X62.65 Y87.00 F1500
G1 X62.86 Y87.26 F1500
G1 X63.49 Y88.69 F1500
G1 X63.91 Y89.05 F1500
G1 X64.96 Y87.09 F1500
G1 X65.17 Y86.96 F1500
G1 X65.38 Y87.09 F1500
G1 X66.43 Y89.05 F1500
G1 X66.85 Y88.70 F1500
G1 X67.47 Y87.27 F1500
G1 X67.68 Y87.01 F1500
G1 X67.89 Y86.98 F1500
G1 X68.73 Y88.63 F1500
G1 X69.15 Y89.05 F1500
G1 X70.41 Y86.96 F1500
G1 X70.83 Y87.38 F1500
G1 X71.66 Y89.03 F1500
G1 X71.87 Y89.02 F1500
G1 X72.08 Y88.75 F1500
G1 X72.71 Y87.32 F1500
G1 X73.13 Y86.97 F1500
G1 X74.18 Y88.93 F1500
G1 X74.39 Y89.06 F1500
G1 X74.60 Y88.93 F1500
G1 X75.65 Y86.97 F1500
G1 X76.07 Y87.32 F1500
G1 X76.69 Y88.75 F1500
G1 X76.90 Y89.02 F1500
G1 X77.11 Y89.03 F1500
G1 X77.95 Y87.38 F1500
G1 X78.37 Y86.96 F1500
G1 X79.63 Y89.05 F1500
G1 X80.05 Y88.63 F1500
G1 X80.88 Y86.98 F1500
G1 X81.09 Y87.01 F1500
G1 X81.30 Y87.27 F1500
G1 X81.93 Y88.70 F1500
G1 X82.35 Y89.05 F1500
G1 X83.40 Y87.09 F1500
G1 X83.61 Y86.96 F1500
G1 X83.82 Y87.09 F1500
G1 X84.87 Y89.05 F1500
G1 X85.29 Y88.69 F1500
G1 X85.91 Y87.26 F1500
G1 X86.12 Y87.00 F1500
G1 X86.33 Y86.99 F1500
G1 X87.17 Y88.65 F1500
G1 X87.59 Y89.05 F1500
G1 X88.85 Y86.96 F1500
G1 X89.27 Y87.39 F1500
G1 X90.10 Y89.04 F1500
G1 X90.52 Y88.74 F1500
G1 X91.15 Y87.31 F1500
G1 X91.57 Y86.97 F1500
G1 X92.41 Y88.59 F1500
G1 X92.83 Y89.06 F1500
G1 X93.04 Y88.92 F1500
G1 X94.09 Y86.97 F1500
G1 X94.51 Y87.34 F1500
G1 X95.13 Y88.76 F1500
G1 X95.34 Y89.02 F1500
G1 X95.55 Y89.03 F1500
G1 X96.39 Y87.36 F1500
G1 X96.81 Y86.97 F1500
G1 X97.23 Y87.53 F1500
G1 X97.86 Y88.90 F1500
G1 X98.07 Y89.06 F1500
G1 X98.49 Y88.62 F1500
G1 X99.32 Y86.98 F1500
G1 X99.74 Y87.29 F1500
G1 X100.37 Y88.71 F1500
G1 X100.79 Y89.04 F1500
G1 X101.63 Y87.42 F1500
G1 X102.05 Y86.96 F1500
G1 X102.26 Y87.10 F1500
G1 X103.31 Y89.05 F1500
G1 X103.73 Y88.67 F1500
G1 X104.35 Y87.25 F1500
G1 X104.56 Y87.00 F1500
G1 X104.77 Y86.99 F1500
G1 X105.61 Y88.66 F1500
G1 X106.03 Y89.05 F1500
G1 X107.08 Y87.11 F1500
G1 X107.29 Y86.96 F1500
G1 X107.71 Y87.41 F1500
G1 X108.54 Y89.04 F1500
G1 X108.96 Y88.73 F1500
G1 X109.59 Y87.30 F1500
G1 X110.01 Y86.98 F1500
G1 X110.85 Y88.61 F1500
G1 X111.27 Y89.06 F1500
G1 X111.48 Y88.91 F1500
G1 X112.53 Y86.97 F1500
G1 X112.95 Y87.35 F1500
G1 X113.78 Y89.03 F1500
G1 X113.99 Y89.02 F1500
G1 X114.20 Y88.77 F1500
G1 X114.83 Y87.35 F1500
G1 X115.25 Y86.97 F1500
G1 X116.30 Y88.91 F1500
G1 X116.51 Y89.06 F1500
G1 X116.93 Y88.60 F1500
G1 X117.76 Y86.98 F1500
G1 X118.18 Y87.30 F1500
G1 X118.81 Y88.73 F1500
G1 X119.23 Y89.04 F1500
G1 X120.07 Y87.40 F1500
G1 X120.49 Y86.96 F1500
G1 X120.70 Y87.11 F1500
G1 X121.54 Y88.88 F1500
G1 X121.75 Y89.05 F1500
G1 X121.96 Y88.97 F1500
G1 X122.37 Y88.01 F1500
G1 X180.00 Y88.01 F1500
G1 X180.00 Y88.22 F1500
G1 X180.00 Y88.43 F1500
G1 X180.00 Y88.64 F1500
G1 X180.00 Y88.85 F1500
G1 X180.00 Y89.06 F1500
G1 X180.00 Y89.06 F1500
G1 X122.17 Y89.06 F1500
G1 X121.96 Y90.02 F1500
G1 X121.75 Y90.10 F1500
G1 X121.54 Y89.92 F1500
G1 X120.70 Y88.16 F1500
G1 X120.49 Y88.01 F1500
G1 X120.07 Y88.45 F1500
G1 X119.23 Y90.09 F1500
G1 X118.81 Y89.78 F1500
G1 X118.18 Y88.35 F1500
G1 X117.76 Y88.02 F1500
G1 X116.93 Y89.65 F1500
G1 X116.51 Y90.10 F1500
G1 X116.30 Y89.96 F1500
G1 X115.25 Y88.02 F1500
G1 X114.83 Y88.40 F1500
G1 X114.20 Y89.82 F1500
G1 X113.99 Y90.07 F1500
G1 X113.78 Y90.07 F1500
G1 X112.95 Y88.40 F1500
G1 X112.53 Y88.02 F1500
G1 X111.48 Y89.96 F1500
G1 X111.27 Y90.10 F1500
G1 X110.85 Y89.65 F1500
G1 X110.01 Y88.03 F1500
G1 X109.59 Y88.34 F1500
G1 X108.96 Y89.77 F1500
G1 X108.54 Y90.09 F1500
G1 X107.71 Y88.46 F1500
G1 X107.29 Y88.01 F1500
G1 X107.08 Y88.16 F1500
G1 X106.03 Y90.10 F1500
G1 X105.61 Y89.71 F1500
G1 X104.77 Y88.04 F1500
G1 X104.56 Y88.04 F1500
G1 X104.35 Y88.30 F1500
G1 X103.73 Y89.72 F1500
G1 X103.31 Y90.10 F1500
G1 X102.26 Y88.15 F1500
G1 X102.05 Y88.01 F1500
G1 X101.63 Y88.47 F1500
G1 X100.79 Y90.09 F1500
G1 X100.37 Y89.76 F1500
G1 X99.74 Y88.33 F1500
G1 X99.32 Y88.03 F1500
G1 X98.49 Y89.67 F1500
G1 X98.07 Y90.10 F1500
G1 X97.86 Y89.95 F1500
G1 X97.23 Y88.58 F1500
G1 X96.81 Y88.01 F1500
G1 X96.39 Y88.41 F1500
G1 X95.55 Y90.08 F1500
G1 X95.34 Y90.07 F1500
G1 X95.13 Y89.81 F1500
G1 X94.51 Y88.39 F1500
G1 X94.09 Y88.02 F1500
G1 X93.04 Y89.97 F1500
G1 X92.83 Y90.10 F1500
G1 X92.41 Y89.64 F1500
G1 X91.57 Y88.02 F1500
G1 X91.15 Y88.36 F1500
G1 X90.52 Y89.79 F1500
G1 X90.10 Y90.08 F1500
G1 X89.27 Y88.44 F1500
G1 X88.85 Y88.01 F1500
G1 X87.59 Y90.10 F1500
G1 X87.17 Y89.70 F1500
G1 X86.33 Y88.04 F1500
G1 X86.12 Y88.05 F1500
G1 X85.91 Y88.31 F1500
G1 X85.29 Y89.73 F1500
G1 X84.87 Y90.10 F1500
G1 X83.82 Y88.14 F1500
G1 X83.61 Y88.01 F1500
G1 X83.40 Y88.13 F1500
G1 X82.35 Y90.09 F1500
G1 X81.93 Y89.75 F1500
G1 X81.30 Y88.32 F1500
G1 X81.09 Y88.05 F1500
G1 X80.88 Y88.03 F1500
G1 X80.05 Y89.68 F1500
G1 X79.63 Y90.10 F1500
G1 X78.37 Y88.01 F1500
G1 X77.95 Y88.43 F1500
G1 X77.11 Y90.08 F1500
G1 X76.90 Y90.06 F1500
G1 X76.69 Y89.80 F1500
G1 X76.07 Y88.37 F1500
G1 X75.65 Y88.02 F1500
G1 X74.60 Y89.98 F1500
G1 X74.39 Y90.10 F1500
G1 X74.18 Y89.98 F1500
G1 X73.13 Y88.02 F1500
G1 X72.71 Y88.37 F1500
G1 X72.08 Y89.80 F1500
G1 X71.87 Y90.06 F1500
G1 X71.66 Y90.08 F1500
G1 X70.83 Y88.43 F1500
G1 X70.41 Y88.01 F1500
G1 X69.15 Y90.10 F1500
G1 X68.73 Y89.68 F1500
G1 X67.89 Y88.03 F1500
G1 X67.68 Y88.05 F1500
G1 X67.47 Y88.32 F1500
G1 X66.85 Y89.75 F1500
G1 X66.43 Y90.09 F1500
G1 X65.38 Y88.13 F1500
G1 X65.17 Y88.01 F1500
G1 X64.96 Y88.14 F1500
G1 X63.91 Y90.10 F1500
G1 X63.49 Y89.73 F1500
G1 X62.86 Y88.31 F1500
G1 X62.65 Y88.05 F1500
G1 X62.44 Y88.04 F1500
G1 X61.61 Y89.70 F1500
G1 X61.19 Y90.10 F1500
G1 X59.93 Y88.01 F1500
G1 X59.51 Y88.44 F1500
G1 X58.67 Y90.08 F1500
G1 X58.46 Y90.06 F1500
G1 X57.83 Y89.06 F1500
G1 X0.00 Y89.06 F1500
G1 X0.00 Y89.27 F1500
G1 X0.00 Y89.48 F1500
G1 X0.00 Y89.69 F1500
G1 X0.00 Y89.90 F1500
G1 X0.00 Y90.10 F1500
G1 X0.00 Y90.10 F1500
G1 X57.83 Y90.10 F1500
G1 X58.04 Y90.12 F1500
G1 X58.25 Y90.83 F1500
G1 X58.67 Y91.13 F1500
G1 X59.51 Y89.49 F1500
G1 X59.93 Y89.06 F1500
G1 X61.19 Y91.15 F1500
G1 X61.61 Y90.74 F1500
G1 X62.44 Y89.08 F1500
G1 X62.65 Y89.10 F1500
G1 X62.86 Y89.36 F1500
G1 X63.49 Y90.78 F1500
G1 X63.91 Y91.14 F1500
G1 X64.96 Y89.19 F1500
G1 X65.17 Y89.06 F1500
G1 X65.38 Y89.18 F1500
G1 X66.43 Y91.14 F1500
G1 X66.85 Y90.80 F1500
G1 X67.47 Y89.37 F1500
G1 X67.68 Y89.10 F1500
G1 X67.89 Y89.08 F1500
G1 X68.73 Y90.73 F1500
G1 X69.15 Y91.15 F1500
G1 X70.41 Y89.06 F1500
G1 X70.83 Y89.47 F1500
G1 X71.66 Y91.13 F1500
G1 X71.87 Y91.11 F1500
G1 X72.08 Y90.85 F1500
G1 X72.71 Y89.42 F1500
G1 X73.13 Y89.07 F1500
G1 X74.18 Y91.02 F1500
G1 X74.39 Y91.15 F1500
G1 X74.60 Y91.02 F1500
G1 X75.65 Y89.07 F1500
G1 X76.07 Y89.42 F1500
G1 X76.69 Y90.85 F1500
G1 X76.90 Y91.11 F1500
G1 X77.11 Y91.13 F1500
G1 X77.95 Y89.47 F1500
G1 X78.37 Y89.06 F1500
G1 X79.63 Y91.15 F1500
G1 X80.05 Y90.73 F1500
G1 X80.88 Y89.08 F1500
G1 X81.09 Y89.10 F1500
G1 X81.30 Y89.37 F1500
G1 X81.93 Y90.80 F1500
G1 X82.35 Y91.14 F1500
G1 X83.40 Y89.18 F1500
G1 X83.61 Y89.06 F1500
G1 X83.82 Y89.19 F1500
G1 X84.87 Y91.14 F1500
G1 X85.29 Y90.78 F1500
G1 X85.91 Y89.36 F1500
G1 X86.12 Y89.10 F1500
G1 X86.33 Y89.08 F1500
G1 X87.17 Y90.74 F1500
G1 X87.59 Y91.15 F1500
G1 X88.85 Y89.06 F1500
G1 X89.27 Y89.49 F1500
G1 X90.10 Y91.13 F1500
G1 X90.52 Y90.83 F1500
G1 X91.15 Y89.41 F1500
G1 X91.57 Y89.07 F1500
G1 X92.41 Y90.69 F1500
G1 X92.83 Y91.15 F1500
G1 X93.04 Y91.02 F1500
G1 X94.09 Y89.07 F1500
G1 X94.51 Y89.43 F1500
G1 X95.13 Y90.86 F1500
G1 X95.34 Y91.12 F1500
G1 X95.55 Y91.12 F1500
G1 X96.39 Y89.46 F1500
G1 X96.81 Y89.06 F1500
G1 X97.23 Y89.62 F1500
G1 X97.86 Y91.00 F1500
G1 X98.07 Y91.15 F1500
G1 X98.49 Y90.71 F1500
G1 X99.32 Y89.08 F1500
G1 X99.74 Y89.38 F1500
G1 X100.37 Y90.81 F1500
G1 X100.79 Y91.14 F1500
G1 X101.63 Y89.52 F1500
G1 X102.05 Y89.06 F1500
G1 X102.26 Y89.20 F1500
G1 X103.31 Y91.15 F1500
G1 X103.73 Y90.77 F1500
G1 X104.35 Y89.34 F1500
G1 X104.56 Y89.09 F1500
G1 X104.77 Y89.09 F1500
G1 X105.61 Y90.76 F1500
G1 X106.03 Y91.15 F1500
G1 X107.08 Y89.21 F1500
G1 X107.29 Y89.06 F1500
G1 X107.71 Y89.50 F1500
G1 X108.54 Y91.14 F1500
G1 X108.96 Y90.82 F1500
G1 X109.59 Y89.39 F1500
G1 X110.01 Y89.07 F1500
G1 X110.85 Y90.70 F1500
G1 X111.27 Y91.15 F1500
G1 X111.48 Y91.01 F1500
G1 X112.53 Y89.06 F1500
G1 X112.95 Y89.45 F1500
G1 X113.78 Y91.12 F1500
G1 X113.99 Y91.12 F1500
G1 X114.20 Y90.87 F1500
G1 X114.83 Y89.44 F1500
G1 X115.25 Y89.06 F1500
G1 X116.30 Y91.01 F1500
G1 X116.51 Y91.15 F1500
G1 X116.93 Y90.70 F1500
G1 X117.76 Y89.07 F1500
G1 X118.18 Y89.40 F1500
G1 X118.81 Y90.82 F1500
G1 X119.23 Y91.13 F1500
G1 X120.07 Y89.50 F1500
G1 X120.49 Y89.06 F1500
G1 X120.70 Y89.21 F1500
G1 X121.54 Y90.97 F1500
G1 X121.75 Y91.15 F1500
G1 X121.96 Y90.13 F1500
G1 X122.17 Y90.10 F1500
G1 X180.00 Y90.10 F1500
G1 X180.00 Y90.31 F1500
G1 X180.00 Y90.52 F1500
G1 X180.00 Y90.73 F1500
G1 X180.00 Y90.94 F1500
G1 X180.00 Y91.15 F1500
G1 X180.00 Y91.15 F1500
G1 X121.96 Y91.15 F1500
G1 X121.75 Y91.27 F1500
G1 X121.54 Y92.02 F1500
G1 X120.91 Y90.63 F1500
G1 X120.49 Y90.11 F1500
G1 X120.07 Y90.55 F1500
G1 X119.23 Y92.18 F1500
G1 X118.81 Y91.87 F1500
G1 X118.18 Y90.44 F1500
G1 X117.76 Y90.12 F1500
G1 X116.93 Y91.75 F1500
G1 X116.51 Y92.20 F1500
G1 X116.30 Y92.06 F1500
G1 X115.25 Y90.11 F1500
G1 X114.83 Y90.49 F1500
G1 X114.20 Y91.92 F1500
G1 X113.99 Y92.17 F1500
G1 X113.78 Y92.17 F1500
G1 X112.95 Y90.50 F1500
G1 X112.53 Y90.11 F1500
G1 X111.48 Y92.05 F1500
G1 X111.27 Y92.20 F1500
G1 X110.85 Y91.75 F1500
G1 X110.01 Y90.12 F1500
G1 X109.59 Y90.44 F1500
G1 X108.96 Y91.87 F1500
G1 X108.54 Y92.18 F1500
G1 X107.71 Y90.55 F1500
G1 X107.29 Y90.11 F1500
G1 X107.08 Y90.25 F1500
G1 X106.03 Y92.19 F1500
G1 X105.61 Y91.81 F1500
G1 X104.77 Y90.14 F1500
G1 X104.56 Y90.14 F1500
G1 X104.35 Y90.39 F1500
G1 X103.73 Y91.82 F1500
G1 X103.31 Y92.19 F1500
G1 X102.26 Y90.25 F1500
G1 X102.05 Y90.11 F1500
G1 X101.63 Y90.56 F1500
G1 X100.79 Y92.19 F1500
G1 X100.37 Y91.86 F1500
G1 X99.74 Y90.43 F1500
G1 X99.32 Y90.12 F1500
G1 X98.49 Y91.76 F1500
G1 X98.07 Y92.20 F1500
G1 X97.86 Y92.05 F1500
G1 X97.23 Y90.67 F1500
G1 X96.81 Y90.11 F1500
G1 X96.39 Y90.51 F1500
G1 X95.55 Y92.17 F1500
G1 X95.34 Y92.16 F1500
G1 X95.13 Y91.91 F1500
G1 X94.51 Y90.48 F1500
G1 X94.09 Y90.11 F1500
G1 X93.04 Y92.06 F1500
G1 X92.83 Y92.20 F1500
G1 X92.41 Y91.73 F1500
G1 X91.57 Y90.12 F1500
G1 X91.15 Y90.45 F1500
G1 X90.52 Y91.88 F1500
G1 X90.10 Y92.18 F1500
G1 X89.27 Y90.54 F1500
G1 X88.85 Y90.11 F1500
G1 X87.59 Y92.20 F1500
G1 X87.17 Y91.79 F1500
G1 X86.33 Y90.13 F1500
G1 X86.12 Y90.14 F1500
G1 X85.91 Y90.40 F1500
G1 X85.29 Y91.83 F1500
G1 X84.87 Y92.19 F1500
G1 X83.82 Y90.24 F1500
G1 X83.61 Y90.10 F1500
G1 X83.40 Y90.23 F1500
G1 X82.35 Y92.19 F1500
G1 X81.93 Y91.84 F1500
G1 X81.30 Y90.42 F1500
G1 X81.09 Y90.15 F1500
G1 X80.88 Y90.13 F1500
G1 X80.05 Y91.78 F1500
G1 X79.63 Y92.20 F1500
G1 X78.37 Y90.11 F1500
G1 X77.95 Y90.52 F1500
G1 X77.11 Y92.18 F1500
G1 X76.90 Y92.16 F1500
G1 X76.69 Y91.90 F1500
G1 X76.07 Y90.47 F1500
G1 X75.65 Y90.12 F1500
G1 X74.60 Y92.07 F1500
G1 X74.39 Y92.20 F1500
G1 X74.18 Y92.07 F1500
G1 X73.13 Y90.12 F1500
G1 X72.71 Y90.47 F1500
G1 X72.08 Y91.89 F1500
G1 X71.87 Y92.16 F1500
G1 X71.66 Y92.18 F1500
G1 X70.83 Y90.52 F1500
G1 X70.41 Y90.11 F1500
G1 X69.15 Y92.20 F1500
G1 X68.73 Y91.78 F1500
G1 X67.89 Y90.13 F1500
G1 X67.68 Y90.15 F1500
G1 X67.47 Y90.42 F1500
G1 X66.85 Y91.84 F1500
G1 X66.43 Y92.19 F1500
G1 X65.38 Y90.23 F1500
G1 X65.17 Y90.10 F1500
G1 X64.96 Y90.24 F1500
G1 X63.91 Y92.19 F1500
G1 X63.49 Y91.83 F1500
G1 X62.86 Y90.40 F1500
G1 X62.65 Y90.14 F1500
G1 X62.44 Y90.13 F1500
G1 X61.61 Y91.79 F1500
G1 X61.19 Y92.20 F1500
G1 X59.93 Y90.11 F1500
G1 X59.51 Y90.54 F1500
G1 X58.67 Y92.18 F1500
G1 X58.46 Y92.15 F1500
G1 X58.25 Y91.22 F1500
G1 X58.04 Y91.15 F1500
G1 X0.00 Y91.15 F1500
G1 X0.00 Y91.36 F1500
G1 X0.00 Y91.57 F1500
G1 X0.00 Y91.78 F1500
G1 X0.00 Y91.99 F1500
G1 X0.00 Y92.20 F1500
G1 X0.00 Y92.20 F1500
G1 X58.46 Y92.20 F1500
G1 X58.67 Y93.23 F1500
G1 X59.51 Y91.58 F1500
G1 X59.93 Y91.15 F1500
G1 X61.19 Y93.24 F1500
G1 X61.61 Y92.84 F1500
G1 X62.44 Y91.18 F1500
G1 X62.65 Y91.19 F1500
G1 X62.86 Y91.45 F1500
G1 X63.49 Y92.88 F1500
G1 X63.91 Y93.24 F1500
G1 X64.96 Y91.29 F1500
G1 X65.17 Y91.15 F1500
G1 X65.38 Y91.28 F1500
G1 X66.43 Y93.24 F1500
G1 X66.85 Y92.89 F1500
G1 X67.47 Y91.46 F1500
G1 X67.68 Y91.20 F1500
G1 X67.89 Y91.18 F1500
G1 X68.73 Y92.82 F1500
G1 X69.15 Y93.25 F1500
G1 X70.41 Y91.16 F1500
G1 X70.83 Y91.57 F1500
G1 X71.66 Y93.22 F1500
G1 X71.87 Y93.21 F1500
G1 X72.08 Y92.94 F1500
G1 X72.71 Y91.52 F1500
G1 X73.13 Y91.16 F1500
G1 X74.18 Y93.12 F1500
G1 X74.39 Y93.25 F1500
G1 X74.60 Y93.12 F1500
G1 X75.65 Y91.16 F1500
G1 X76.07 Y91.52 F1500
G1 X76.69 Y92.94 F1500
G1 X76.90 Y93.21 F1500
G1 X77.11 Y93.22 F1500
G1 X77.95 Y91.57 F1500
G1 X78.37 Y91.16 F1500
G1 X79.63 Y93.25 F1500
G1 X80.05 Y92.82 F1500
G1 X80.88 Y91.18 F1500
G1 X81.09 Y91.20 F1500
G1 X81.30 Y91.46 F1500
G1 X81.93 Y92.89 F1500
G1 X82.35 Y93.24 F1500
G1 X83.40 Y91.28 F1500
G1 X83.61 Y91.15 F1500
G1 X83.82 Y91.29 F1500
G1 X84.87 Y93.24 F1500
G1 X85.29 Y92.88 F1500
G1 X85.91 Y91.45 F1500
G1 X86.12 Y91.19 F1500
G1 X86.33 Y91.18 F1500
G1 X87.17 Y92.84 F1500
G1 X87.59 Y93.24 F1500
G1 X88.85 Y91.15 F1500
G1 X89.27 Y91.58 F1500
G1 X90.10 Y93.23 F1500
G1 X90.52 Y92.93 F1500
G1 X91.15 Y91.50 F1500
G1 X91.57 Y91.17 F1500
G1 X92.41 Y92.78 F1500
G1 X92.83 Y93.25 F1500
G1 X93.04 Y93.11 F1500
G1 X94.09 Y91.16 F1500
G1 X94.51 Y91.53 F1500
G1 X95.13 Y92.96 F1500
G1 X95.34 Y93.21 F1500
G1 X95.55 Y93.22 F1500
G1 X96.39 Y91.55 F1500
G1 X96.81 Y91.16 F1500
G1 X97.23 Y91.72 F1500
G1 X97.86 Y93.09 F1500
G1 X98.07 Y93.25 F1500
G1 X98.49 Y92.81 F1500
G1 X99.32 Y91.17 F1500
G1 X99.74 Y91.48 F1500
G1 X100.37 Y92.91 F1500
G1 X100.79 Y93.23 F1500
G1 X101.63 Y91.61 F1500
G1 X102.05 Y91.15 F1500
G1 X102.26 Y91.29 F1500
G1 X103.31 Y93.24 F1500
G1 X103.73 Y92.86 F1500
G1 X104.35 Y91.44 F1500
G1 X104.56 Y91.19 F1500
G1 X104.77 Y91.18 F1500
G1 X105.61 Y92.85 F1500
G1 X106.03 Y93.24 F1500
G1 X107.08 Y91.30 F1500
G1 X107.29 Y91.15 F1500
G1 X107.71 Y91.60 F1500
G1 X108.54 Y93.23 F1500
G1 X108.96 Y92.92 F1500
G1 X109.59 Y91.49 F1500
G1 X110.01 Y91.17 F1500
G1 X110.85 Y92.80 F1500
G1 X111.27 Y93.25 F1500
G1 X111.48 Y93.10 F1500
G1 X112.53 Y91.16 F1500
G1 X112.95 Y91.54 F1500
G1 X113.78 Y93.22 F1500
G1 X113.99 Y93.21 F1500
G1 X114.20 Y92.97 F1500
G1 X114.83 Y91.54 F1500
G1 X115.25 Y91.16 F1500
G1 X116.30 Y93.10 F1500
G1 X116.51 Y93.25 F1500
G1 X116.93 Y92.79 F1500
G1 X117.76 Y91.17 F1500
G1 X118.18 Y91.49 F1500
G1 X118.81 Y92.92 F1500
G1 X119.23 Y93.23 F1500
G1 X120.07 Y91.60 F1500
G1 X120.49 Y91.15 F1500
G1 X120.91 Y91.67 F1500
G1 X121.33 Y92.68 F1500
G1 X121.54 Y92.20 F1500
G1 X180.00 Y92.20 F1500
G1 X180.00 Y92.41 F1500
G1 X180.00 Y92.62 F1500
G1 X180.00 Y92.83 F1500
G1 X180.00 Y93.04 F1500
G1 X180.00 Y93.25 F1500
G1 X180.00 Y93.25 F1500
G1 X121.33 Y93.25 F1500
G1 X121.12 Y93.22 F1500
G1 X120.49 Y92.20 F1500
G1 X120.07 Y92.64 F1500
G1 X119.23 Y94.28 F1500
G1 X118.81 Y93.97 F1500
G1 X118.18 Y92.54 F1500
G1 X117.76 Y92.22 F1500
G1 X116.93 Y93.84 F1500
G1 X116.51 Y94.30 F1500
G1 X116.30 Y94.15 F1500
G1 X115.25 Y92.21 F1500
G1 X114.83 Y92.59 F1500
G1 X114.20 Y94.01 F1500
G1 X113.99 Y94.26 F1500
G1 X113.78 Y94.26 F1500
G1 X112.95 Y92.59 F1500
G1 X112.53 Y92.21 F1500
G1 X111.48 Y94.15 F1500
G1 X111.27 Y94.30 F1500
G1 X110.85 Y93.84 F1500
G1 X110.01 Y92.22 F1500
G1 X109.59 Y92.54 F1500
G1 X108.96 Y93.96 F1500
G1 X108.54 Y94.28 F1500
G1 X107.71 Y92.65 F1500
G1 X107.29 Y92.20 F1500
G1 X107.08 Y92.35 F1500
G1 X106.03 Y94.29 F1500
G1 X105.61 Y93.90 F1500
G1 X104.77 Y92.23 F1500
G1 X104.56 Y92.23 F1500
G1 X104.35 Y92.49 F1500
G1 X103.73 Y93.91 F1500
G1 X103.31 Y94.29 F1500
G1 X102.26 Y92.34 F1500
G1 X102.05 Y92.20 F1500
G1 X101.63 Y92.66 F1500
G1 X100.79 Y94.28 F1500
G1 X100.37 Y93.95 F1500
G1 X99.74 Y92.53 F1500
G1 X99.32 Y92.22 F1500
G1 X98.49 Y93.86 F1500
G1 X98.07 Y94.29 F1500
G1 X97.86 Y94.14 F1500
G1 X97.23 Y92.77 F1500
G1 X96.81 Y92.20 F1500
G1 X96.39 Y92.60 F1500
G1 X95.55 Y94.27 F1500
G1 X95.34 Y94.26 F1500
G1 X95.13 Y94.00 F1500
G1 X94.51 Y92.58 F1500
G1 X94.09 Y92.21 F1500
G1 X93.04 Y94.16 F1500
G1 X92.83 Y94.30 F1500
G1 X92.41 Y93.83 F1500
G1 X91.57 Y92.21 F1500
G1 X91.15 Y92.55 F1500
G1 X90.52 Y93.98 F1500
G1 X90.10 Y94.27 F1500
G1 X89.27 Y92.63 F1500
G1 X88.85 Y92.20 F1500
G1 X87.59 Y94.29 F1500
G1 X87.17 Y93.89 F1500
G1 X86.33 Y92.23 F1500
G1 X86.12 Y92.24 F1500
G1 X85.91 Y92.50 F1500
G1 X85.29 Y93.93 F1500
G1 X84.87 Y94.29 F1500
G1 X83.82 Y92.33 F1500
G1 X83.61 Y92.20 F1500
G1 X83.40 Y92.32 F1500
G1 X82.35 Y94.28 F1500
G1 X81.93 Y93.94 F1500
G1 X81.30 Y92.51 F1500
G1 X81.09 Y92.24 F1500
G1 X80.88 Y92.22 F1500
G1 X80.05 Y93.87 F1500
G1 X79.63 Y94.29 F1500
G1 X78.37 Y92.20 F1500
G1 X77.95 Y92.62 F1500
G1 X77.11 Y94.27 F1500
G1 X76.90 Y94.25 F1500
G1 X76.69 Y93.99 F1500
G1 X76.07 Y92.56 F1500
G1 X75.65 Y92.21 F1500
G1 X74.60 Y94.17 F1500
G1 X74.39 Y94.30 F1500
G1 X74.18 Y94.17 F1500
G1 X73.13 Y92.21 F1500
G1 X72.71 Y92.56 F1500
G1 X72.08 Y93.99 F1500
G1 X71.87 Y94.25 F1500
G1 X71.66 Y94.27 F1500
G1 X70.83 Y92.62 F1500
G1 X70.41 Y92.20 F1500
G1 X69.15 Y94.29 F1500
G1 X68.73 Y93.87 F1500
G1 X67.89 Y92.22 F1500
G1 X67.68 Y92.24 F1500
G1 X67.47 Y92.51 F1500
G1 X66.85 Y93.94 F1500
G1 X66.43 Y94.28 F1500
G1 X65.38 Y92.32 F1500
G1 X65.17 Y92.20 F1500
G1 X64.96 Y92.33 F1500
G1 X63.91 Y94.29 F1500
G1 X63.49 Y93.93 F1500
G1 X62.86 Y92.50 F1500
G1 X62.65 Y92.24 F1500
G1 X62.44 Y92.23 F1500
G1 X61.61 Y93.89 F1500
G1 X61.19 Y94.29 F1500
G1 X59.93 Y92.20 F1500
G1 X59.51 Y92.63 F1500
G1 X58.88 Y94.00 F1500
G1 X58.67 Y93.25 F1500
G1 X0.00 Y93.25 F1500
G1 X0.00 Y93.46 F1500
G1 X0.00 Y93.67 F1500
G1 X0.00 Y93.88 F1500
G1 X0.00 Y94.09 F1500
G1 X0.00 Y94.30 F1500
G1 X0.00 Y94.30 F1500
G1 X59.09 Y94.34 F1500
G1 X59.72 Y93.35 F1500
G1 X59.93 Y93.25 F1500
G1 X61.19 Y95.34 F1500
G1 X61.61 Y94.93 F1500
G1 X62.44 Y93.27 F1500
G1 X62.65 Y93.29 F1500
G1 X62.86 Y93.55 F1500
G1 X63.49 Y94.97 F1500
G1 X63.91 Y95.33 F1500
G1 X64.96 Y93.38 F1500
G1 X65.17 Y93.25 F1500
G1 X65.38 Y93.37 F1500
G1 X66.43 Y95.33 F1500
G1 X66.85 Y94.99 F1500
G1 X67.47 Y93.56 F1500
G1 X67.68 Y93.29 F1500
G1 X67.89 Y93.27 F1500
G1 X68.73 Y94.92 F1500
G1 X69.15 Y95.34 F1500
G1 X70.41 Y93.25 F1500
G1 X70.83 Y93.66 F1500
G1 X71.66 Y95.32 F1500
G1 X71.87 Y95.30 F1500
G1 X72.08 Y95.04 F1500
G1 X72.71 Y93.61 F1500
G1 X73.13 Y93.26 F1500
G1 X74.18 Y95.22 F1500
G1 X74.39 Y95.34 F1500
G1 X74.60 Y95.22 F1500
G1 X75.65 Y93.26 F1500
G1 X76.07 Y93.61 F1500
G1 X76.69 Y95.04 F1500
G1 X76.90 Y95.30 F1500
G1 X77.11 Y95.32 F1500
G1 X77.95 Y93.66 F1500
G1 X78.37 Y93.25 F1500
G1 X79.63 Y95.34 F1500
G1 X80.05 Y94.92 F1500
G1 X80.88 Y93.27 F1500
G1 X81.09 Y93.29 F1500
G1 X81.30 Y93.56 F1500
G1 X81.93 Y94.99 F1500
G1 X82.35 Y95.33 F1500
G1 X83.40 Y93.37 F1500
G1 X83.61 Y93.25 F1500
G1 X83.82 Y93.38 F1500
G1 X84.87 Y95.33 F1500
G1 X85.29 Y94.97 F1500
G1 X85.91 Y93.55 F1500
G1 X86.12 Y93.29 F1500
G1 X86.33 Y93.27 F1500
G1 X87.17 Y94.93 F1500
G1 X87.59 Y95.34 F1500
G1 X88.85 Y93.25 F1500
G1 X89.27 Y93.68 F1500
G1 X90.10 Y95.32 F1500
G1 X90.52 Y95.02 F1500
G1 X91.15 Y93.60 F1500
G1 X91.57 Y93.26 F1500
G1 X92.41 Y94.88 F1500
G1 X92.83 Y95.34 F1500
G1 X93.04 Y95.21 F1500
G1 X94.09 Y93.26 F1500
G1 X94.51 Y93.63 F1500
G1 X95.13 Y95.05 F1500
G1 X95.34 Y95.31 F1500
G1 X95.55 Y95.31 F1500
G1 X96.39 Y93.65 F1500
G1 X96.81 Y93.25 F1500
G1 X97.23 Y93.81 F1500
G1 X97.86 Y95.19 F1500
G1 X98.07 Y95.34 F1500
G1 X98.49 Y94.90 F1500
G1 X99.32 Y93.27 F1500
G1 X99.74 Y93.57 F1500
G1 X100.37 Y95.00 F1500
G1 X100.79 Y95.33 F1500
G1 X101.63 Y93.71 F1500
G1 X102.05 Y93.25 F1500
G1 X102.26 Y93.39 F1500
G1 X103.31 Y95.34 F1500
G1 X103.73 Y94.96 F1500
G1 X104.35 Y93.53 F1500
G1 X104.56 Y93.28 F1500
G1 X104.77 Y93.28 F1500
G1 X105.61 Y94.95 F1500
G1 X106.03 Y95.34 F1500
G1 X107.08 Y93.40 F1500
G1 X107.29 Y93.25 F1500
G1 X107.71 Y93.69 F1500
G1 X108.54 Y95.33 F1500
G1 X108.96 Y95.01 F1500
G1 X109.59 Y93.58 F1500
G1 X110.01 Y93.26 F1500
G1 X110.85 Y94.89 F1500
G1 X111.27 Y95.34 F1500
G1 X111.48 Y95.20 F1500
G1 X112.53 Y93.25 F1500
G1 X112.95 Y93.64 F1500
G1 X113.78 Y95.31 F1500
G1 X113.99 Y95.31 F1500
G1 X114.20 Y95.06 F1500
G1 X114.83 Y93.64 F1500
G1 X115.25 Y93.25 F1500
G1 X116.30 Y95.20 F1500
G1 X116.51 Y95.34 F1500
G1 X116.93 Y94.89 F1500
G1 X117.76 Y93.26 F1500
G1 X118.18 Y93.59 F1500
G1 X118.81 Y95.01 F1500
G1 X119.23 Y95.33 F1500
G1 X120.07 Y93.69 F1500
G1 X120.49 Y93.25 F1500
G1 X120.70 Y93.40 F1500
G1 X120.91 Y94.23 F1500
G1 X121.12 Y94.30 F1500
G1 X180.00 Y94.30 F1500
G1 X180.00 Y94.51 F1500
G1 X180.00 Y94.71 F1500
G1 X180.00 Y94.92 F1500
G1 X180.00 Y95.13 F1500
G1 X180.00 Y95.34 F1500
G1 X180.00 Y95.34 F1500
G1 X120.70 Y95.34 F1500
G1 X120.49 Y94.59 F1500
G1 X120.28 Y94.40 F1500
G1 X119.23 Y96.37 F1500
G1 X118.81 Y96.06 F1500
G1 X118.18 Y94.63 F1500
G1 X117.76 Y94.31 F1500
G1 X116.93 Y95.94 F1500
G1 X116.51 Y96.39 F1500
G1 X116.30 Y96.25 F1500
G1 X115.25 Y94.30 F1500
G1 X114.83 Y94.68 F1500
G1 X114.20 Y96.11 F1500
G1 X113.99 Y96.36 F1500
G1 X113.78 Y96.36 F1500
G1 X112.95 Y94.69 F1500
G1 X112.53 Y94.30 F1500
G1 X111.48 Y96.24 F1500
G1 X111.27 Y96.39 F1500
G1 X110.85 Y95.94 F1500
G1 X110.01 Y94.31 F1500
G1 X109.59 Y94.63 F1500
G1 X108.96 Y96.06 F1500
G1 X108.54 Y96.37 F1500
G1 X107.71 Y94.74 F1500
G1 X107.29 Y94.30 F1500
G1 X107.08 Y94.44 F1500
G1 X106.03 Y96.39 F1500
G1 X105.61 Y96.00 F1500
G1 X104.77 Y94.33 F1500
G1 X104.56 Y94.33 F1500
G1 X104.35 Y94.58 F1500
G1 X103.73 Y96.01 F1500
G1 X103.31 Y96.38 F1500
G1 X102.26 Y94.44 F1500
G1 X102.05 Y94.30 F1500
G1 X101.63 Y94.75 F1500
G1 X100.79 Y96.38 F1500
G1 X100.37 Y96.05 F1500
G1 X99.74 Y94.62 F1500
G1 X99.32 Y94.31 F1500
G1 X98.49 Y95.95 F1500
G1 X98.07 Y96.39 F1500
G1 X97.86 Y96.24 F1500
G1 X97.23 Y94.86 F1500
G1 X96.81 Y94.30 F1500
G1 X96.39 Y94.70 F1500
G1 X95.55 Y96.36 F1500
G1 X95.34 Y96.35 F1500
G1 X95.13 Y96.10 F1500
G1 X94.51 Y94.67 F1500
G1 X94.09 Y94.30 F1500
G1 X93.04 Y96.25 F1500
G1 X92.83 Y96.39 F1500
G1 X92.41 Y95.93 F1500
G1 X91.57 Y94.31 F1500
G1 X91.15 Y94.64 F1500
G1 X90.52 Y96.07 F1500
G1 X90.10 Y96.37 F1500
G1 X89.27 Y94.73 F1500
G1 X88.85 Y94.30 F1500
G1 X87.59 Y96.39 F1500
G1 X87.17 Y95.98 F1500
G1 X86.33 Y94.32 F1500
G1 X86.12 Y94.33 F1500
G1 X85.91 Y94.59 F1500
G1 X85.29 Y96.02 F1500
G1 X84.87 Y96.38 F1500
G1 X83.82 Y94.43 F1500
G1 X83.61 Y94.30 F1500
G1 X83.40 Y94.42 F1500
G1 X82.35 Y96.38 F1500
G1 X81.93 Y96.04 F1500
G1 X81.30 Y94.61 F1500
G1 X81.09 Y94.34 F1500
G1 X80.88 Y94.32 F1500
G1 X80.05 Y95.97 F1500
G1 X79.63 Y96.39 F1500
G1 X78.37 Y94.30 F1500
G1 X77.95 Y94.71 F1500
G1 X77.11 Y96.37 F1500
G1 X76.90 Y96.35 F1500
G1 X76.69 Y96.09 F1500
G1 X76.07 Y94.66 F1500
G1 X75.65 Y94.31 F1500
G1 X74.60 Y96.26 F1500
G1 X74.39 Y96.39 F1500
G1 X74.18 Y96.26 F1500
G1 X73.13 Y94.31 F1500
G1 X72.71 Y94.66 F1500
G1 X72.08 Y96.09 F1500
G1 X71.87 Y96.35 F1500
G1 X71.66 Y96.37 F1500
G1 X70.83 Y94.71 F1500
G1 X70.41 Y94.30 F1500
G1 X69.15 Y96.39 F1500
G1 X68.73 Y95.97 F1500
G1 X67.89 Y94.32 F1500
G1 X67.68 Y94.34 F1500
G1 X67.47 Y94.61 F1500
G1 X66.85 Y96.04 F1500
G1 X66.43 Y96.38 F1500
G1 X65.38 Y94.42 F1500
G1 X65.17 Y94.30 F1500
G1 X64.96 Y94.43 F1500
G1 X63.91 Y96.38 F1500
G1 X63.49 Y96.02 F1500
G1 X62.86 Y94.59 F1500
G1 X62.65 Y94.33 F1500
G1 X62.44 Y94.32 F1500
G1 X61.61 Y95.98 F1500
G1 X61.19 Y96.39 F1500
G1 X59.93 Y94.30 F1500
G1 X59.72 Y94.40 F1500
G1 X59.30 Y95.34 F1500
G1 X0.00 Y95.34 F1500
G1 X0.00 Y95.55 F1500
G1 X0.00 Y95.76 F1500
G1 X0.00 Y95.97 F1500
G1 X0.00 Y96.18 F1500
G1 X0.00 Y96.39 F1500
G1 X0.00 Y96.39 F1500
G1 X59.72 Y96.39 F1500
G1 X59.93 Y95.67 F1500
G1 X60.14 Y95.50 F1500
G1 X60.77 Y96.88 F1500
G1 X61.19 Y97.44 F1500
G1 X61.61 Y97.03 F1500
G1 X62.44 Y95.37 F1500
G1 X62.65 Y95.38 F1500
G1 X62.86 Y95.64 F1500
G1 X63.49 Y97.07 F1500
G1 X63.91 Y97.43 F1500
G1 X64.96 Y95.48 F1500
G1 X65.17 Y95.34 F1500
G1 X65.38 Y95.47 F1500
G1 X66.43 Y97.43 F1500
G1 X66.85 Y97.08 F1500
G1 X67.47 Y95.66 F1500
G1 X67.68 Y95.39 F1500
G1 X67.89 Y95.37 F1500
G1 X68.73 Y97.01 F1500
G1 X69.15 Y97.44 F1500
G1 X70.41 Y95.35 F1500
G1 X70.83 Y95.76 F1500
G1 X71.66 Y97.41 F1500
G1 X71.87 Y97.40 F1500
G1 X72.08 Y97.13 F1500
G1 X72.71 Y95.71 F1500
G1 X73.13 Y95.35 F1500
G1 X74.18 Y97.31 F1500
G1 X74.39 Y97.44 F1500
G1 X74.60 Y97.31 F1500
G1 X75.65 Y95.35 F1500
G1 X76.07 Y95.71 F1500
G1 X76.69 Y97.13 F1500
G1 X76.90 Y97.40 F1500
G1 X77.11 Y97.41 F1500
G1 X77.95 Y95.76 F1500
G1 X78.37 Y95.35 F1500
G1 X79.63 Y97.44 F1500
G1 X80.05 Y97.01 F1500
G1 X80.88 Y95.37 F1500
G1 X81.09 Y95.39 F1500
G1 X81.30 Y95.66 F1500
G1 X81.93 Y97.08 F1500
G1 X82.35 Y97.43 F1500
G1 X83.40 Y95.47 F1500
G1 X83.61 Y95.34 F1500
G1 X83.82 Y95.48 F1500
G1 X84.87 Y97.43 F1500
G1 X85.29 Y97.07 F1500
G1 X85.91 Y95.64 F1500
G1 X86.12 Y95.38 F1500
G1 X86.33 Y95.37 F1500
G1 X87.17 Y97.03 F1500
G1 X87.59 Y97.44 F1500
G1 X88.85 Y95.35 F1500
G1 X89.27 Y95.78 F1500
G1 X90.10 Y97.42 F1500
G1 X90.52 Y97.12 F1500
G1 X91.15 Y95.69 F1500
G1 X91.57 Y95.36 F1500
G1 X92.41 Y96.97 F1500
G1 X92.83 Y97.44 F1500
G1 X93.04 Y97.30 F1500
G1 X94.09 Y95.35 F1500
G1 X94.51 Y95.72 F1500
G1 X95.13 Y97.15 F1500
G1 X95.34 Y97.40 F1500
G1 X95.55 Y97.41 F1500
G1 X96.39 Y95.75 F1500
G1 X96.81 Y95.35 F1500
G1 X97.23 Y95.91 F1500
G1 X97.86 Y97.29 F1500
G1 X98.07 Y97.44 F1500
G1 X98.49 Y97.00 F1500
G1 X99.32 Y95.36 F1500
G1 X99.74 Y95.67 F1500
G1 X100.37 Y97.10 F1500
G1 X100.79 Y97.42 F1500
G1 X101.63 Y95.80 F1500
G1 X102.05 Y95.34 F1500
G1 X102.26 Y95.49 F1500
G1 X103.31 Y97.43 F1500
G1 X103.73 Y97.05 F1500
G1 X104.35 Y95.63 F1500
G1 X104.56 Y95.38 F1500
G1 X104.77 Y95.37 F1500
G1 X105.61 Y97.04 F1500
G1 X106.03 Y97.43 F1500
G1 X107.08 Y95.49 F1500
G1 X107.29 Y95.34 F1500
G1 X107.71 Y95.79 F1500
G1 X108.54 Y97.42 F1500
G1 X108.96 Y97.11 F1500
G1 X109.59 Y95.68 F1500
G1 X110.01 Y95.36 F1500
G1 X110.85 Y96.99 F1500
G1 X111.27 Y97.44 F1500
G1 X111.48 Y97.29 F1500
G1 X112.53 Y95.35 F1500
G1 X112.95 Y95.73 F1500
G1 X113.78 Y97.41 F1500
G1 X113.99 Y97.41 F1500
G1 X114.20 Y97.16 F1500
G1 X114.83 Y95.73 F1500
G1 X115.25 Y95.35 F1500
G1 X116.30 Y97.29 F1500
G1 X116.51 Y97.44 F1500
G1 X116.93 Y96.98 F1500
G1 X117.76 Y95.36 F1500
G1 X118.18 Y95.68 F1500
G1 X118.81 Y97.11 F1500
G1 X119.23 Y97.42 F1500
G1 X120.07 Y95.96 F1500
G1 X120.28 Y96.39 F1500
G1 X180.00 Y96.39 F1500
G1 X180.00 Y96.60 F1500
G1 X180.00 Y96.81 F1500
G1 X180.00 Y97.02 F1500
G1 X180.00 Y97.23 F1500
G1 X180.00 Y97.44 F1500
G1 X180.00 Y97.44 F1500
G1 X119.86 Y97.44 F1500
G1 X119.23 Y98.47 F1500
G1 X118.81 Y98.16 F1500
G1 X118.18 Y96.73 F1500
G1 X117.76 Y96.41 F1500
G1 X116.93 Y98.03 F1500
G1 X116.51 Y98.49 F1500
G1 X116.30 Y98.34 F1500
G1 X115.25 Y96.40 F1500
G1 X114.83 Y96.78 F1500
G1 X114.20 Y98.20 F1500
G1 X113.99 Y98.45 F1500
G1 X113.78 Y98.45 F1500
G1 X112.95 Y96.78 F1500
G1 X112.53 Y96.40 F1500
G1 X111.48 Y98.34 F1500
G1 X111.27 Y98.49 F1500
G1 X110.85 Y98.04 F1500
G1 X110.01 Y96.41 F1500
G1 X109.59 Y96.73 F1500
G1 X108.96 Y98.15 F1500
G1 X108.54 Y98.47 F1500
G1 X107.71 Y96.84 F1500
G1 X107.29 Y96.39 F1500
G1 X107.08 Y96.54 F1500
G1 X106.03 Y98.48 F1500
G1 X105.61 Y98.09 F1500
G1 X104.77 Y96.42 F1500
G1 X104.56 Y96.43 F1500
G1 X104.35 Y96.68 F1500
G1 X103.73 Y98.10 F1500
G1 X103.31 Y98.48 F1500
G1 X102.26 Y96.53 F1500
G1 X102.05 Y96.39 F1500
G1 X101.63 Y96.85 F1500
G1 X100.79 Y98.47 F1500
G1 X100.37 Y98.14 F1500
G1 X99.74 Y96.72 F1500
G1 X99.32 Y96.41 F1500
G1 X98.49 Y98.05 F1500
G1 X98.07 Y98.49 F1500
G1 X97.86 Y98.33 F1500
G1 X97.23 Y96.96 F1500
G1 X96.81 Y96.40 F1500
G1 X96.39 Y96.79 F1500
G1 X95.55 Y98.46 F1500
G1 X95.34 Y98.45 F1500
G1 X95.13 Y98.19 F1500
G1 X94.51 Y96.77 F1500
G1 X94.09 Y96.40 F1500
G1 X93.04 Y98.35 F1500
G1 X92.83 Y98.49 F1500
G1 X92.41 Y98.02 F1500
G1 X91.57 Y96.40 F1500
G1 X91.15 Y96.74 F1500
G1 X90.52 Y98.17 F1500
G1 X90.10 Y98.47 F1500
G1 X89.27 Y96.82 F1500
G1 X88.85 Y96.39 F1500
G1 X87.59 Y98.48 F1500
G1 X87.17 Y98.08 F1500
G1 X86.33 Y96.42 F1500
G1 X86.12 Y96.43 F1500
G1 X85.91 Y96.69 F1500
G1 X85.29 Y98.12 F1500
G1 X84.87 Y98.48 F1500
G1 X83.82 Y96.52 F1500
G1 X83.61 Y96.39 F1500
G1 X83.40 Y96.51 F1500
G1 X82.35 Y98.47 F1500
G1 X81.93 Y98.13 F1500
G1 X81.30 Y96.70 F1500
G1 X81.09 Y96.44 F1500
G1 X80.88 Y96.41 F1500
G1 X80.05 Y98.06 F1500
G1 X79.63 Y98.48 F1500
G1 X78.37 Y96.39 F1500
G1 X77.95 Y96.81 F1500
G1 X77.11 Y98.46 F1500
G1 X76.90 Y98.44 F1500
G1 X76.69 Y98.18 F1500
G1 X76.07 Y96.75 F1500
G1 X75.65 Y96.40 F1500
G1 X74.60 Y98.36 F1500
G1 X74.39 Y98.49 F1500
G1 X74.18 Y98.36 F1500
G1 X73.13 Y96.40 F1500
G1 X72.71 Y96.75 F1500
G1 X72.08 Y98.18 F1500
G1 X71.87 Y98.44 F1500
G1 X71.66 Y98.46 F1500
G1 X70.83 Y96.81 F1500
G1 X70.41 Y96.39 F1500
G1 X69.15 Y98.48 F1500
G1 X68.73 Y98.06 F1500
G1 X67.89 Y96.41 F1500
G1 X67.68 Y96.44 F1500
G1 X67.47 Y96.70 F1500
G1 X66.85 Y98.13 F1500
G1 X66.43 Y98.47 F1500
G1 X65.38 Y96.52 F1500
G1 X65.17 Y96.39 F1500
G1 X64.96 Y96.52 F1500
G1 X63.91 Y98.48 F1500
G1 X63.49 Y98.12 F1500
G1 X62.86 Y96.69 F1500
G1 X62.65 Y96.43 F1500
G1 X62.44 Y96.42 F1500
G1 X61.61 Y98.08 F1500
G1 X61.19 Y98.48 F1500
G1 X60.35 Y97.14 F1500
G1 X60.14 Y97.44 F1500
G1 X0.00 Y97.44 F1500
G1 X0.00 Y97.65 F1500
G1 X0.00 Y97.86 F1500
G1 X0.00 Y98.07 F1500
G1 X0.00 Y98.28 F1500
G1 X0.00 Y98.49 F1500
G1 X0.00 Y98.49 F1500
G1 X60.56 Y98.49 F1500
G1 X60.77 Y98.53 F1500
G1 X60.98 Y99.36 F1500
G1 X61.19 Y99.53 F1500
G1 X61.61 Y99.12 F1500
G1 X62.44 Y97.47 F1500
G1 X62.65 Y97.48 F1500
G1 X62.86 Y97.74 F1500
G1 X63.49 Y99.16 F1500
G1 X63.91 Y99.53 F1500
G1 X64.96 Y97.57 F1500
G1 X65.17 Y97.44 F1500
G1 X65.38 Y97.56 F1500
G1 X66.43 Y99.52 F1500
G1 X66.85 Y99.18 F1500
G1 X67.47 Y97.75 F1500
G1 X67.68 Y97.48 F1500
G1 X67.89 Y97.46 F1500
G1 X68.73 Y99.11 F1500
G1 X69.15 Y99.53 F1500
G1 X70.41 Y97.44 F1500
G1 X70.83 Y97.86 F1500
G1 X71.66 Y99.51 F1500
G1 X71.87 Y99.49 F1500
G1 X72.08 Y99.23 F1500
G1 X72.71 Y97.80 F1500
G1 X73.13 Y97.45 F1500
G1 X74.18 Y99.41 F1500
G1 X74.39 Y99.53 F1500
G1 X74.60 Y99.41 F1500
G1 X75.65 Y97.45 F1500
G1 X76.07 Y97.80 F1500
G1 X76.69 Y99.23 F1500
G1 X76.90 Y99.49 F1500
G1 X77.11 Y99.51 F1500
G1 X77.95 Y97.86 F1500
G1 X78.37 Y97.44 F1500
G1 X79.63 Y99.53 F1500
G1 X80.05 Y99.11 F1500
G1 X80.88 Y97.46 F1500
G1 X81.09 Y97.48 F1500
G1 X81.30 Y97.75 F1500
G1 X81.93 Y99.18 F1500
G1 X82.35 Y99.52 F1500
G1 X83.40 Y97.56 F1500
G1 X83.61 Y97.44 F1500
G1 X83.82 Y97.57 F1500
G1 X84.87 Y99.53 F1500
G1 X85.29 Y99.16 F1500
G1 X85.91 Y97.74 F1500
G1 X86.12 Y97.48 F1500
G1 X86.33 Y97.47 F1500
G1 X87.17 Y99.12 F1500
G1 X87.59 Y99.53 F1500
G1 X88.85 Y97.44 F1500
G1 X89.27 Y97.87 F1500
G1 X90.10 Y99.51 F1500
G1 X90.52 Y99.22 F1500
G1 X91.15 Y97.79 F1500
G1 X91.57 Y97.45 F1500
G1 X92.41 Y99.07 F1500
G1 X92.83 Y99.53 F1500
G1 X93.04 Y99.40 F1500
G1 X94.09 Y97.45 F1500
G1 X94.51 Y97.82 F1500
G1 X95.13 Y99.24 F1500
G1 X95.34 Y99.50 F1500
G1 X95.55 Y99.51 F1500
G1 X96.39 Y97.84 F1500
G1 X96.81 Y97.44 F1500
G1 X97.23 Y98.00 F1500
G1 X97.86 Y99.38 F1500
G1 X98.07 Y99.53 F1500
G1 X98.49 Y99.09 F1500
G1 X99.32 Y97.46 F1500
G1 X99.74 Y97.76 F1500
G1 X100.37 Y99.19 F1500
G1 X100.79 Y99.52 F1500
G1 X101.63 Y97.90 F1500
G1 X102.05 Y97.44 F1500
G1 X102.26 Y97.58 F1500
G1 X103.31 Y99.53 F1500
G1 X103.73 Y99.15 F1500
G1 X104.35 Y97.72 F1500
G1 X104.56 Y97.47 F1500
G1 X104.77 Y97.47 F1500
G1 X105.61 Y99.14 F1500
G1 X106.03 Y99.53 F1500
G1 X107.08 Y97.59 F1500
G1 X107.29 Y97.44 F1500
G1 X107.71 Y97.89 F1500
G1 X108.54 Y99.52 F1500
G1 X108.96 Y99.20 F1500
G1 X109.59 Y97.77 F1500
G1 X110.01 Y97.46 F1500
G1 X110.85 Y99.08 F1500
G1 X111.27 Y99.53 F1500
G1 X111.48 Y99.39 F1500
G1 X112.53 Y97.44 F1500
G1 X112.95 Y97.83 F1500
G1 X113.78 Y99.50 F1500
G1 X113.99 Y99.50 F1500
G1 X114.20 Y99.25 F1500
G1 X114.83 Y97.83 F1500
G1 X115.25 Y97.45 F1500
G1 X116.30 Y99.39 F1500
G1 X116.51 Y99.53 F1500
G1 X116.93 Y99.08 F1500
G1 X117.76 Y97.45 F1500
G1 X118.18 Y97.78 F1500
G1 X119.02 Y99.48 F1500
G1 X119.23 Y98.58 F1500
G1 X119.44 Y98.49 F1500
G1 X180.00 Y98.49 F1500
G1 X180.00 Y98.70 F1500
G1 X180.00 Y98.91 F1500
G1 X180.00 Y99.12 F1500
G1 X180.00 Y99.32 F1500
G1 X180.00 Y99.53 F1500
G1 X180.00 Y99.53 F1500
G1 X118.81 Y99.53 F1500
G1 X118.60 Y99.76 F1500
G1 X118.18 Y98.83 F1500
G1 X117.76 Y98.50 F1500
G1 X116.93 Y100.13 F1500
G1 X116.51 Y100.58 F1500
G1 X116.30 Y100.44 F1500
G1 X115.25 Y98.49 F1500
G1 X114.83 Y98.87 F1500
G1 X114.20 Y100.30 F1500
G1 X113.99 Y100.55 F1500
G1 X113.78 Y100.55 F1500
G1 X112.95 Y98.88 F1500
G1 X112.53 Y98.49 F1500
G1 X111.48 Y100.44 F1500
G1 X111.27 Y100.58 F1500
G1 X110.85 Y100.13 F1500
G1 X110.01 Y98.50 F1500
G1 X109.59 Y98.82 F1500
G1 X108.96 Y100.25 F1500
G1 X108.54 Y100.56 F1500
G1 X107.71 Y98.93 F1500
G1 X107.29 Y98.49 F1500
G1 X107.08 Y98.64 F1500
G1 X106.03 Y100.58 F1500
G1 X105.61 Y100.19 F1500
G1 X104.77 Y98.52 F1500
G1 X104.56 Y98.52 F1500
G1 X104.35 Y98.77 F1500
G1 X103.73 Y100.20 F1500
G1 X103.31 Y100.58 F1500
G1 X102.26 Y98.63 F1500
G1 X102.05 Y98.49 F1500
G1 X101.63 Y98.95 F1500
G1 X100.79 Y100.57 F1500
G1 X100.37 Y100.24 F1500
G1 X99.74 Y98.81 F1500
G1 X99.32 Y98.51 F1500
G1 X98.49 Y100.14 F1500
G1 X98.07 Y100.58 F1500
G1 X97.86 Y100.43 F1500
G1 X97.23 Y99.05 F1500
G1 X96.81 Y98.49 F1500
G1 X96.39 Y98.89 F1500
G1 X95.55 Y100.55 F1500
G1 X95.34 Y100.55 F1500
G1 X95.13 Y100.29 F1500
G1 X94.51 Y98.86 F1500
G1 X94.09 Y98.49 F1500
G1 X93.04 Y100.44 F1500
G1 X92.83 Y100.58 F1500
G1 X92.41 Y100.12 F1500
G1 X91.57 Y98.50 F1500
G1 X91.15 Y98.84 F1500
G1 X90.52 Y100.26 F1500
G1 X90.10 Y100.56 F1500
G1 X89.27 Y98.92 F1500
G1 X88.85 Y98.49 F1500
G1 X87.59 Y100.58 F1500
G1 X87.17 Y100.17 F1500
G1 X86.33 Y98.51 F1500
G1 X86.12 Y98.53 F1500
G1 X85.91 Y98.79 F1500
G1 X85.29 Y100.21 F1500
G1 X84.87 Y100.57 F1500
G1 X83.82 Y98.62 F1500
G1 X83.61 Y98.49 F1500
G1 X83.40 Y98.61 F1500
G1 X82.35 Y100.57 F1500
G1 X81.93 Y100.23 F1500
G1 X81.30 Y98.80 F1500
G1 X81.09 Y98.53 F1500
G1 X80.88 Y98.51 F1500
G1 X80.05 Y100.16 F1500
G1 X79.63 Y100.58 F1500
G1 X78.37 Y98.49 F1500
G1 X77.95 Y98.90 F1500
G1 X77.11 Y100.56 F1500
G1 X76.90 Y100.54 F1500
G1 X76.69 Y100.28 F1500
G1 X76.07 Y98.85 F1500
G1 X75.65 Y98.50 F1500
G1 X74.60 Y100.45 F1500
G1 X74.39 Y100.58 F1500
G1 X74.18 Y100.45 F1500
G1 X73.13 Y98.50 F1500
G1 X72.71 Y98.85 F1500
G1 X72.08 Y100.28 F1500
G1 X71.87 Y100.54 F1500
G1 X71.66 Y100.56 F1500
G1 X70.83 Y98.90 F1500
G1 X70.41 Y98.49 F1500
G1 X69.15 Y100.58 F1500
G1 X68.73 Y100.16 F1500
G1 X67.89 Y98.51 F1500
G1 X67.68 Y98.53 F1500
G1 X67.47 Y98.80 F1500
G1 X66.85 Y100.23 F1500
G1 X66.43 Y100.57 F1500
G1 X65.38 Y98.61 F1500
G1 X65.17 Y98.49 F1500
G1 X64.96 Y98.62 F1500
G1 X63.91 Y100.57 F1500
G1 X63.49 Y100.21 F1500
G1 X62.86 Y98.79 F1500
G1 X62.65 Y98.53 F1500
G1 X62.44 Y98.51 F1500
G1 X61.40 Y100.35 F1500
G1 X61.19 Y99.53 F1500
G1 X0.00 Y99.53 F1500
G1 X0.00 Y99.74 F1500
G1 X0.00 Y99.95 F1500
G1 X0.00 Y100.16 F1500
G1 X0.00 Y100.37 F1500
G1 X0.00 Y100.58 F1500
G1 X0.00 Y100.58 F1500
G1 X61.82 Y100.58 F1500
G1 X62.44 Y99.56 F1500
G1 X62.65 Y99.57 F1500
G1 X62.86 Y99.83 F1500
G1 X63.49 Y101.26 F1500
G1 X63.91 Y101.62 F1500
G1 X64.96 Y99.67 F1500
G1 X65.17 Y99.53 F1500
G1 X65.38 Y99.66 F1500
G1 X66.43 Y101.62 F1500
G1 X66.85 Y101.27 F1500
G1 X67.47 Y99.85 F1500
G1 X67.68 Y99.58 F1500
G1 X67.89 Y99.56 F1500
G1 X68.73 Y101.21 F1500
G1 X69.15 Y101.63 F1500
G1 X70.41 Y99.54 F1500
G1 X70.83 Y99.95 F1500
G1 X71.66 Y101.61 F1500
G1 X71.87 Y101.59 F1500
G1 X72.08 Y101.32 F1500
G1 X72.71 Y99.90 F1500
G1 X73.13 Y99.54 F1500
G1 X74.18 Y101.50 F1500
G1 X74.39 Y101.63 F1500
G1 X74.60 Y101.50 F1500
G1 X75.65 Y99.54 F1500
G1 X76.07 Y99.90 F1500
G1 X76.69 Y101.32 F1500
G1 X76.90 Y101.59 F1500
G1 X77.11 Y101.61 F1500
G1 X77.95 Y99.95 F1500
G1 X78.37 Y99.54 F1500
G1 X79.63 Y101.63 F1500
G1 X80.05 Y101.21 F1500
G1 X80.88 Y99.56 F1500
G1 X81.09 Y99.58 F1500
G1 X81.30 Y99.85 F1500
G1 X81.93 Y101.27 F1500
G1 X82.35 Y101.62 F1500
G1 X83.40 Y99.66 F1500
G1 X83.61 Y99.53 F1500
G1 X83.82 Y99.67 F1500
G1 X84.87 Y101.62 F1500
G1 X85.29 Y101.26 F1500
G1 X85.91 Y99.83 F1500
G1 X86.12 Y99.57 F1500
G1 X86.33 Y99.56 F1500
G1 X87.17 Y101.22 F1500
G1 X87.59 Y101.63 F1500
G1 X88.85 Y99.54 F1500
G1 X89.27 Y99.97 F1500
G1 X90.10 Y101.61 F1500
G1 X90.52 Y101.31 F1500
G1 X91.15 Y99.88 F1500
G1 X91.57 Y99.55 F1500
G1 X92.41 Y101.16 F1500
G1 X92.83 Y101.63 F1500
G1 X93.04 Y101.49 F1500
G1 X94.09 Y99.54 F1500
G1 X94.51 Y99.91 F1500
G1 X95.13 Y101.34 F1500
G1 X95.34 Y101.59 F1500
G1 X95.55 Y101.60 F1500
G1 X96.39 Y99.94 F1500
G1 X96.81 Y99.54 F1500
G1 X97.23 Y100.10 F1500
G1 X97.86 Y101.48 F1500
G1 X98.07 Y101.63 F1500
G1 X98.49 Y101.19 F1500
G1 X99.32 Y99.55 F1500
G1 X99.74 Y99.86 F1500
G1 X100.37 Y101.29 F1500
G1 X100.79 Y101.62 F1500
G1 X101.63 Y99.99 F1500
G1 X102.05 Y99.53 F1500
G1 X102.26 Y99.68 F1500
G1 X103.31 Y101.62 F1500
G1 X103.73 Y101.25 F1500
G1 X104.35 Y99.82 F1500
G1 X104.56 Y99.57 F1500
G1 X104.77 Y99.57 F1500
G1 X105.61 Y101.23 F1500
G1 X106.03 Y101.62 F1500
G1 X107.08 Y99.68 F1500
G1 X107.29 Y99.54 F1500
G1 X107.71 Y99.98 F1500
G1 X108.54 Y101.61 F1500
G1 X108.96 Y101.30 F1500
G1 X109.59 Y99.87 F1500
G1 X110.01 Y99.55 F1500
G1 X110.85 Y101.18 F1500
G1 X111.27 Y101.63 F1500
G1 X111.48 Y101.48 F1500
G1 X112.53 Y99.54 F1500
G1 X112.95 Y99.93 F1500
G1 X113.78 Y101.60 F1500
G1 X113.99 Y101.60 F1500
G1 X114.20 Y101.35 F1500
G1 X114.83 Y99.92 F1500
G1 X115.25 Y99.54 F1500
G1 X116.30 Y101.49 F1500
G1 X116.51 Y101.63 F1500
G1 X116.93 Y101.18 F1500
G1 X117.76 Y99.55 F1500
G1 X117.97 Y99.59 F1500
G1 X118.18 Y100.58 F1500
G1 X180.00 Y100.58 F1500
G1 X180.00 Y100.79 F1500
G1 X180.00 Y101.00 F1500
G1 X180.00 Y101.21 F1500
G1 X180.00 Y101.42 F1500
G1 X180.00 Y101.63 F1500
G1 X180.00 Y101.63 F1500
G1 X117.56 Y101.63 F1500
G1 X117.35 Y101.22 F1500
G1 X116.93 Y102.22 F1500
G1 X116.51 Y102.68 F1500
G1 X116.30 Y102.53 F1500
G1 X115.25 Y100.59 F1500
G1 X114.83 Y100.97 F1500
G1 X114.20 Y102.39 F1500
G1 X113.99 Y102.64 F1500
G1 X113.78 Y102.65 F1500
G1 X112.95 Y100.97 F1500
G1 X112.53 Y100.59 F1500
G1 X111.48 Y102.53 F1500
G1 X111.27 Y102.68 F1500
G1 X110.85 Y102.23 F1500
G1 X110.01 Y100.60 F1500
G1 X109.59 Y100.92 F1500
G1 X108.96 Y102.35 F1500
G1 X108.54 Y102.66 F1500
G1 X107.71 Y101.03 F1500
G1 X107.29 Y100.58 F1500
G1 X107.08 Y100.73 F1500
G1 X106.03 Y102.67 F1500
G1 X105.61 Y102.28 F1500
G1 X104.77 Y100.61 F1500
G1 X104.56 Y100.62 F1500
G1 X104.35 Y100.87 F1500
G1 X103.73 Y102.29 F1500
G1 X103.31 Y102.67 F1500
G1 X102.26 Y100.72 F1500
G1 X102.05 Y100.58 F1500
G1 X101.63 Y101.04 F1500
G1 X100.79 Y102.66 F1500
G1 X100.37 Y102.34 F1500
G1 X99.74 Y100.91 F1500
G1 X99.32 Y100.60 F1500
G1 X98.49 Y102.24 F1500
G1 X98.07 Y102.68 F1500
G1 X97.86 Y102.52 F1500
G1 X97.23 Y101.15 F1500
G1 X96.81 Y100.59 F1500
G1 X96.39 Y100.98 F1500
G1 X95.55 Y102.65 F1500
G1 X95.34 Y102.64 F1500
G1 X95.13 Y102.39 F1500
G1 X94.51 Y100.96 F1500
G1 X94.09 Y100.59 F1500
G1 X93.04 Y102.54 F1500
G1 X92.83 Y102.68 F1500
G1 X92.41 Y102.21 F1500
G1 X91.57 Y100.60 F1500
G1 X91.15 Y100.93 F1500
G1 X90.52 Y102.36 F1500
G1 X90.10 Y102.66 F1500
G1 X89.27 Y101.01 F1500
G1 X88.85 Y100.58 F1500
G1 X87.59 Y102.67 F1500
G1 X87.17 Y102.27 F1500
G1 X86.33 Y100.61 F1500
G1 X86.12 Y100.62 F1500
G1 X85.91 Y100.88 F1500
G1 X85.29 Y102.31 F1500
G1 X84.87 Y102.67 F1500
G1 X83.82 Y100.71 F1500
G1 X83.61 Y100.58 F1500
G1 X83.40 Y100.71 F1500
G1 X82.35 Y102.67 F1500
G1 X81.93 Y102.32 F1500
G1 X81.30 Y100.89 F1500
G1 X81.09 Y100.63 F1500
G1 X80.88 Y100.60 F1500
G1 X80.05 Y102.25 F1500
G1 X79.63 Y102.68 F1500
G1 X78.37 Y100.59 F1500
G1 X77.95 Y101.00 F1500
G1 X77.11 Y102.65 F1500
G1 X76.90 Y102.64 F1500
G1 X76.69 Y102.37 F1500
G1 X76.07 Y100.94 F1500
G1 X75.65 Y100.59 F1500
G1 X74.60 Y102.55 F1500
G1 X74.39 Y102.68 F1500
G1 X74.18 Y102.55 F1500
G1 X73.13 Y100.59 F1500
G1 X72.71 Y100.94 F1500
G1 X72.08 Y102.37 F1500
G1 X71.87 Y102.64 F1500
G1 X71.66 Y102.65 F1500
G1 X70.83 Y101.00 F1500
G1 X70.41 Y100.59 F1500
G1 X69.15 Y102.68 F1500
G1 X68.73 Y102.25 F1500
G1 X67.89 Y100.60 F1500
G1 X67.68 Y100.63 F1500
G1 X67.47 Y100.89 F1500
G1 X66.85 Y102.32 F1500
G1 X66.43 Y102.67 F1500
G1 X65.38 Y100.71 F1500
G1 X65.17 Y100.58 F1500
G1 X64.96 Y100.71 F1500
G1 X63.91 Y102.67 F1500
G1 X63.49 Y102.31 F1500
G1 X62.65 Y100.62 F1500
G1 X62.44 Y101.63 F1500
G1 X0.00 Y101.63 F1500
G1 X0.00 Y101.84 F1500
G1 X0.00 Y102.05 F1500
G1 X0.00 Y102.26 F1500
G1 X0.00 Y102.47 F1500
G1 X0.00 Y102.68 F1500
G1 X0.00 Y102.68 F1500
G1 X63.07 Y102.68 F1500
G1 X63.70 Y103.66 F1500
G1 X63.91 Y103.72 F1500
G1 X64.96 Y101.76 F1500
G1 X65.17 Y101.63 F1500
G1 X65.38 Y101.75 F1500
G1 X66.43 Y103.71 F1500
G1 X66.85 Y103.37 F1500
G1 X67.47 Y101.94 F1500
G1 X67.68 Y101.67 F1500
G1 X67.89 Y101.65 F1500
G1 X68.73 Y103.30 F1500
G1 X69.15 Y103.72 F1500
G1 X70.41 Y101.63 F1500
G1 X70.83 Y102.05 F1500
G1 X71.66 Y103.70 F1500
G1 X71.87 Y103.68 F1500
G1 X72.08 Y103.42 F1500
G1 X72.71 Y101.99 F1500
G1 X73.13 Y101.64 F1500
G1 X74.18 Y103.60 F1500
G1 X74.39 Y103.73 F1500
G1 X74.60 Y103.60 F1500
G1 X75.65 Y101.64 F1500
G1 X76.07 Y101.99 F1500
G1 X76.69 Y103.42 F1500
G1 X76.90 Y103.68 F1500
G1 X77.11 Y103.70 F1500
G1 X77.95 Y102.05 F1500
G1 X78.37 Y101.63 F1500
G1 X79.63 Y103.72 F1500
G1 X80.05 Y103.30 F1500
G1 X80.88 Y101.65 F1500
G1 X81.09 Y101.67 F1500
G1 X81.30 Y101.94 F1500
G1 X81.93 Y103.37 F1500
G1 X82.35 Y103.71 F1500
G1 X83.40 Y101.75 F1500
G1 X83.61 Y101.63 F1500
G1 X83.82 Y101.76 F1500
G1 X84.87 Y103.72 F1500
G1 X85.29 Y103.36 F1500
G1 X85.91 Y101.93 F1500
G1 X86.12 Y101.67 F1500
G1 X86.33 Y101.66 F1500
G1 X87.17 Y103.32 F1500
G1 X87.59 Y103.72 F1500
G1 X88.85 Y101.63 F1500
G1 X89.27 Y102.06 F1500
G1 X90.10 Y103.70 F1500
G1 X90.52 Y103.41 F1500
G1 X91.15 Y101.98 F1500
G1 X91.57 Y101.64 F1500
G1 X92.41 Y103.26 F1500
G1 X92.83 Y103.73 F1500
G1 X93.04 Y103.59 F1500
G1 X94.09 Y101.64 F1500
G1 X94.51 Y102.01 F1500
G1 X95.13 Y103.43 F1500
G1 X95.34 Y103.69 F1500
G1 X95.55 Y103.70 F1500
G1 X96.39 Y102.03 F1500
G1 X96.81 Y101.63 F1500
G1 X97.23 Y102.20 F1500
G1 X97.86 Y103.57 F1500
G1 X98.07 Y103.72 F1500
G1 X98.49 Y103.29 F1500
G1 X99.32 Y101.65 F1500
G1 X99.74 Y101.95 F1500
G1 X100.37 Y103.38 F1500
G1 X100.79 Y103.71 F1500
G1 X101.63 Y102.09 F1500
G1 X102.05 Y101.63 F1500
G1 X102.26 Y101.77 F1500
G1 X103.31 Y103.72 F1500
G1 X103.73 Y103.34 F1500
G1 X104.35 Y101.92 F1500
G1 X104.56 Y101.66 F1500
G1 X104.77 Y101.66 F1500
G1 X105.61 Y103.33 F1500
G1 X106.03 Y103.72 F1500
G1 X107.08 Y101.78 F1500
G1 X107.29 Y101.63 F1500
G1 X107.71 Y102.08 F1500
G1 X108.54 Y103.71 F1500
G1 X108.96 Y103.39 F1500
G1 X109.59 Y101.97 F1500
G1 X110.01 Y101.65 F1500
G1 X110.85 Y103.27 F1500
G1 X111.27 Y103.72 F1500
G1 X111.48 Y103.58 F1500
G1 X112.53 Y101.64 F1500
G1 X112.95 Y102.02 F1500
G1 X113.78 Y103.69 F1500
G1 X113.99 Y103.69 F1500
G1 X114.20 Y103.44 F1500
G1 X114.83 Y102.02 F1500
G1 X115.25 Y101.64 F1500
G1 X116.30 Y103.58 F1500
G1 X116.51 Y103.72 F1500
G1 X116.93 Y102.68 F1500
G1 X180.00 Y102.68 F1500
G1 X180.00 Y102.89 F1500
G1 X180.00 Y103.10 F1500
G1 X180.00 Y103.31 F1500
G1 X180.00 Y103.52 F1500
G1 X180.00 Y103.73 F1500
G1 X180.00 Y103.73 F1500
G1 X115.88 Y103.77 F1500
G1 X115.25 Y102.68 F1500
G1 X114.83 Y103.07 F1500
G1 X114.20 Y104.49 F1500
G1 X113.99 Y104.74 F1500
G1 X113.78 Y104.74 F1500
G1 X112.95 Y103.07 F1500
G1 X112.53 Y102.68 F1500
G1 X111.48 Y104.63 F1500
G1 X111.27 Y104.77 F1500
G1 X110.85 Y104.32 F1500
G1 X110.01 Y102.69 F1500
G1 X109.59 Y103.01 F1500
G1 X108.96 Y104.44 F1500
G1 X108.54 Y104.76 F1500
G1 X107.71 Y103.12 F1500
G1 X107.29 Y102.68 F1500
G1 X107.08 Y102.83 F1500
G1 X106.03 Y104.77 F1500
G1 X105.61 Y104.38 F1500
G1 X104.77 Y102.71 F1500
G1 X104.56 Y102.71 F1500
G1 X104.35 Y102.96 F1500
G1 X103.73 Y104.39 F1500
G1 X103.31 Y104.77 F1500
G1 X102.26 Y102.82 F1500
G1 X102.05 Y102.68 F1500
G1 X101.63 Y103.14 F1500
G1 X100.79 Y104.76 F1500
G1 X100.37 Y104.43 F1500
G1 X99.74 Y103.00 F1500
G1 X99.32 Y102.70 F1500
G1 X98.49 Y104.33 F1500
G1 X98.07 Y104.77 F1500
G1 X97.86 Y104.62 F1500
G1 X97.23 Y103.24 F1500
G1 X96.81 Y102.68 F1500
G1 X96.39 Y103.08 F1500
G1 X95.55 Y104.74 F1500
G1 X95.34 Y104.74 F1500
G1 X95.13 Y104.48 F1500
G1 X94.51 Y103.05 F1500
G1 X94.09 Y102.69 F1500
G1 X93.04 Y104.64 F1500
G1 X92.83 Y104.77 F1500
G1 X92.41 Y104.31 F1500
G1 X91.57 Y102.69 F1500
G1 X91.15 Y103.03 F1500
G1 X90.52 Y104.45 F1500
G1 X90.10 Y104.75 F1500
G1 X89.27 Y103.11 F1500
G1 X88.85 Y102.68 F1500
G1 X87.59 Y104.77 F1500
G1 X87.17 Y104.36 F1500
G1 X86.33 Y102.70 F1500
G1 X86.12 Y102.72 F1500
G1 X85.91 Y102.98 F1500
G1 X85.29 Y104.40 F1500
G1 X84.87 Y104.76 F1500
G1 X83.82 Y102.81 F1500
G1 X83.61 Y102.68 F1500
G1 X83.40 Y102.80 F1500
G1 X82.35 Y104.76 F1500
G1 X81.93 Y104.42 F1500
G1 X81.30 Y102.99 F1500
G1 X81.09 Y102.72 F1500
G1 X80.88 Y102.70 F1500
G1 X80.05 Y104.35 F1500
G1 X79.63 Y104.77 F1500
G1 X78.37 Y102.68 F1500
G1 X77.95 Y103.09 F1500
G1 X77.11 Y104.75 F1500
G1 X76.90 Y104.73 F1500
G1 X76.69 Y104.47 F1500
G1 X76.07 Y103.04 F1500
G1 X75.65 Y102.69 F1500
G1 X74.60 Y104.64 F1500
G1 X74.39 Y104.77 F1500
G1 X74.18 Y104.64 F1500
G1 X73.13 Y102.69 F1500
G1 X72.71 Y103.04 F1500
G1 X72.08 Y104.47 F1500
G1 X71.87 Y104.73 F1500
G1 X71.66 Y104.75 F1500
G1 X70.83 Y103.09 F1500
G1 X70.41 Y102.68 F1500
G1 X69.15 Y104.77 F1500
G1 X68.73 Y104.35 F1500
G1 X67.89 Y102.70 F1500
G1 X67.68 Y102.72 F1500
G1 X67.47 Y102.99 F1500
G1 X66.85 Y104.42 F1500
G1 X66.43 Y104.76 F1500
G1 X65.38 Y102.80 F1500
G1 X65.17 Y102.68 F1500
G1 X64.75 Y103.17 F1500
G1 X64.12 Y104.57 F1500
G1 X63.91 Y103.73 F1500
G1 X0.00 Y103.73 F1500
G1 X0.00 Y103.93 F1500
G1 X0.00 Y104.14 F1500
G1 X0.00 Y104.35 F1500
G1 X0.00 Y104.56 F1500
G1 X0.00 Y104.77 F1500
G1 X0.00 Y104.77 F1500
G1 X64.75 Y104.77 F1500
G1 X64.96 Y103.86 F1500
G1 X65.17 Y103.73 F1500
G1 X65.38 Y103.85 F1500
G1 X66.43 Y105.81 F1500
G1 X66.85 Y105.46 F1500
G1 X67.47 Y104.04 F1500
G1 X67.68 Y103.77 F1500
G1 X67.89 Y103.75 F1500
G1 X68.73 Y105.40 F1500
G1 X69.15 Y105.82 F1500
G1 X70.41 Y103.73 F1500
G1 X70.83 Y104.14 F1500
G1 X71.66 Y105.80 F1500
G1 X71.87 Y105.78 F1500
G1 X72.08 Y105.52 F1500
G1 X72.71 Y104.09 F1500
G1 X73.13 Y103.74 F1500
G1 X74.18 Y105.69 F1500
G1 X74.39 Y105.82 F1500
G1 X74.60 Y105.69 F1500
G1 X75.65 Y103.74 F1500
G1 X76.07 Y104.09 F1500
G1 X76.69 Y105.52 F1500
G1 X76.90 Y105.78 F1500
G1 X77.11 Y105.80 F1500
G1 X77.95 Y104.14 F1500
G1 X78.37 Y103.73 F1500
G1 X79.63 Y105.82 F1500
G1 X80.05 Y105.40 F1500
G1 X80.88 Y103.75 F1500
G1 X81.09 Y103.77 F1500
G1 X81.30 Y104.04 F1500
G1 X81.93 Y105.46 F1500
G1 X82.35 Y105.81 F1500
G1 X83.40 Y103.85 F1500
G1 X83.61 Y103.73 F1500
G1 X83.82 Y103.86 F1500
G1 X84.87 Y105.81 F1500
G1 X85.29 Y105.45 F1500
G1 X85.91 Y104.02 F1500
G1 X86.12 Y103.76 F1500
G1 X86.33 Y103.75 F1500
G1 X87.17 Y105.41 F1500
G1 X87.59 Y105.82 F1500
G1 X88.85 Y103.73 F1500
G1 X89.27 Y104.16 F1500
G1 X90.10 Y105.80 F1500
G1 X90.52 Y105.50 F1500
G1 X91.15 Y104.07 F1500
G1 X91.57 Y103.74 F1500
G1 X92.41 Y105.35 F1500
G1 X92.83 Y105.82 F1500
G1 X93.04 Y105.68 F1500
G1 X94.09 Y103.73 F1500
G1 X94.51 Y104.10 F1500
G1 X95.13 Y105.53 F1500
G1 X95.34 Y105.78 F1500
G1 X95.55 Y105.79 F1500
G1 X96.39 Y104.13 F1500
G1 X96.81 Y103.73 F1500
G1 X97.23 Y104.29 F1500
G1 X97.86 Y105.67 F1500
G1 X98.07 Y105.82 F1500
G1 X98.49 Y105.38 F1500
G1 X99.32 Y103.74 F1500
G1 X99.74 Y104.05 F1500
G1 X100.37 Y105.48 F1500
G1 X100.79 Y105.81 F1500
G1 X101.63 Y104.18 F1500
G1 X102.05 Y103.73 F1500
G1 X102.26 Y103.87 F1500
G1 X103.31 Y105.81 F1500
G1 X103.73 Y105.44 F1500
G1 X104.35 Y104.01 F1500
G1 X104.56 Y103.76 F1500
G1 X104.77 Y103.76 F1500
G1 X105.61 Y105.43 F1500
G1 X106.03 Y105.82 F1500
G1 X107.08 Y103.87 F1500
G1 X107.29 Y103.73 F1500
G1 X107.71 Y104.17 F1500
G1 X108.54 Y105.80 F1500
G1 X108.96 Y105.49 F1500
G1 X109.59 Y104.06 F1500
G1 X110.01 Y103.74 F1500
G1 X110.85 Y105.37 F1500
G1 X111.27 Y105.82 F1500
G1 X111.48 Y105.67 F1500
G1 X112.53 Y103.73 F1500
G1 X112.95 Y104.12 F1500
G1 X113.78 Y105.79 F1500
G1 X113.99 Y105.79 F1500
G1 X114.20 Y105.54 F1500
G1 X115.04 Y103.80 F1500
G1 X115.25 Y104.77 F1500
G1 X180.00 Y104.77 F1500
G1 X180.00 Y104.98 F1500
G1 X180.00 Y105.19 F1500
G1 X180.00 Y105.40 F1500
G1 X180.00 Y105.61 F1500
G1 X180.00 Y105.82 F1500
G1 X180.00 Y105.82 F1500
G1 X114.41 Y105.82 F1500
G1 X114.20 Y106.59 F1500
G1 X113.99 Y106.84 F1500
G1 X113.78 Y106.84 F1500
G1 X112.95 Y105.16 F1500
G1 X112.53 Y104.78 F1500
G1 X111.48 Y106.72 F1500
G1 X111.27 Y106.87 F1500
G1 X110.85 Y106.42 F1500
G1 X110.01 Y104.79 F1500
G1 X109.59 Y105.11 F1500
G1 X108.96 Y106.54 F1500
G1 X108.54 Y106.85 F1500
G1 X107.71 Y105.22 F1500
G1 X107.29 Y104.77 F1500
G1 X107.08 Y104.92 F1500
G1 X106.03 Y106.86 F1500
G1 X105.61 Y106.47 F1500
G1 X104.77 Y104.80 F1500
G1 X104.56 Y104.81 F1500
G1 X104.35 Y105.06 F1500
G1 X103.73 Y106.48 F1500
G1 X103.31 Y106.86 F1500
G1 X102.26 Y104.91 F1500
G1 X102.05 Y104.77 F1500
G1 X101.63 Y105.23 F1500
G1 X100.79 Y106.85 F1500
G1 X100.37 Y106.53 F1500
G1 X99.74 Y105.10 F1500
G1 X99.32 Y104.79 F1500
G1 X98.49 Y106.43 F1500
G1 X98.07 Y106.87 F1500
G1 X97.86 Y106.71 F1500
G1 X97.23 Y105.34 F1500
G1 X96.81 Y104.78 F1500
G1 X96.39 Y105.18 F1500
G1 X95.55 Y106.84 F1500
G1 X95.34 Y106.83 F1500
G1 X95.13 Y106.58 F1500
G1 X94.51 Y105.15 F1500
G1 X94.09 Y104.78 F1500
G1 X93.04 Y106.73 F1500
G1 X92.83 Y106.87 F1500
G1 X92.41 Y106.40 F1500
G1 X91.57 Y104.79 F1500
G1 X91.15 Y105.12 F1500
G1 X90.52 Y106.55 F1500
G1 X90.10 Y106.85 F1500
G1 X89.27 Y105.20 F1500
G1 X88.85 Y104.77 F1500
G1 X87.59 Y106.86 F1500
G1 X87.17 Y106.46 F1500
G1 X86.33 Y104.80 F1500
G1 X86.12 Y104.81 F1500
G1 X85.91 Y105.07 F1500
G1 X85.29 Y106.50 F1500
G1 X84.87 Y106.86 F1500
G1 X83.82 Y104.91 F1500
G1 X83.61 Y104.77 F1500
G1 X83.40 Y104.90 F1500
G1 X82.35 Y106.86 F1500
G1 X81.93 Y106.51 F1500
G1 X81.30 Y105.08 F1500
G1 X81.09 Y104.82 F1500
G1 X80.88 Y104.80 F1500
G1 X80.05 Y106.44 F1500
G1 X79.63 Y106.87 F1500
G1 X78.37 Y104.78 F1500
G1 X77.95 Y105.19 F1500
G1 X77.11 Y106.84 F1500
G1 X76.90 Y106.83 F1500
G1 X76.69 Y106.56 F1500
G1 X76.07 Y105.14 F1500
G1 X75.65 Y104.78 F1500
G1 X74.60 Y106.74 F1500
G1 X74.39 Y106.87 F1500
G1 X74.18 Y106.74 F1500
G1 X73.13 Y104.78 F1500
G1 X72.71 Y105.14 F1500
G1 X72.08 Y106.56 F1500
G1 X71.87 Y106.83 F1500
G1 X71.66 Y106.84 F1500
G1 X70.83 Y105.19 F1500
G1 X70.41 Y104.78 F1500
G1 X69.15 Y106.87 F1500
G1 X68.73 Y106.44 F1500
G1 X67.89 Y104.80 F1500
G1 X67.68 Y104.82 F1500
G1 X67.47 Y105.08 F1500
G1 X66.85 Y106.51 F1500
G1 X66.43 Y106.86 F1500
G1 X65.80 Y105.74 F1500
G1 X0.00 Y105.82 F1500
G1 X0.00 Y106.03 F1500
G1 X0.00 Y106.24 F1500
G1 X0.00 Y106.45 F1500
G1 X0.00 Y106.66 F1500
G1 X0.00 Y106.87 F1500
G1 X0.00 Y106.87 F1500
G1 X66.43 Y106.87 F1500
G1 X66.64 Y106.99 F1500
G1 X66.85 Y107.56 F1500
G1 X67.47 Y106.13 F1500
G1 X67.68 Y105.87 F1500
G1 X67.89 Y105.84 F1500
G1 X68.73 Y107.49 F1500
G1 X69.15 Y107.91 F1500
G1 X70.41 Y105.82 F1500
G1 X70.83 Y106.24 F1500
G1 X71.66 Y107.89 F1500
G1 X71.87 Y107.87 F1500
G1 X72.08 Y107.61 F1500
G1 X72.71 Y106.18 F1500
G1 X73.13 Y105.83 F1500
G1 X74.18 Y107.79 F1500
G1 X74.39 Y107.92 F1500
G1 X74.60 Y107.79 F1500
G1 X75.65 Y105.83 F1500
G1 X76.07 Y106.18 F1500
G1 X76.69 Y107.61 F1500
G1 X76.90 Y107.87 F1500
G1 X77.11 Y107.89 F1500
G1 X77.95 Y106.24 F1500
G1 X78.37 Y105.82 F1500
G1 X79.63 Y107.91 F1500
G1 X80.05 Y107.49 F1500
G1 X80.88 Y105.84 F1500
G1 X81.09 Y105.87 F1500
G1 X81.30 Y106.13 F1500
G1 X81.93 Y107.56 F1500
G1 X82.35 Y107.90 F1500
G1 X83.40 Y105.94 F1500
G1 X83.61 Y105.82 F1500
G1 X83.82 Y105.95 F1500
G1 X84.87 Y107.91 F1500
G1 X85.29 Y107.55 F1500
G1 X85.91 Y106.12 F1500
G1 X86.12 Y105.86 F1500
G1 X86.33 Y105.85 F1500
G1 X87.17 Y107.51 F1500
G1 X87.59 Y107.91 F1500
G1 X88.85 Y105.82 F1500
G1 X89.27 Y106.25 F1500
G1 X90.10 Y107.90 F1500
G1 X90.52 Y107.60 F1500
G1 X91.15 Y106.17 F1500
G1 X91.57 Y105.83 F1500
G1 X92.41 Y107.45 F1500
G1 X92.83 Y107.92 F1500
G1 X93.04 Y107.78 F1500
G1 X94.09 Y105.83 F1500
G1 X94.51 Y106.20 F1500
G1 X95.13 Y107.62 F1500
G1 X95.34 Y107.88 F1500
G1 X95.55 Y107.89 F1500
G1 X96.39 Y106.22 F1500
G1 X96.81 Y105.83 F1500
G1 X97.23 Y106.39 F1500
G1 X97.86 Y107.76 F1500
G1 X98.07 Y107.91 F1500
G1 X98.49 Y107.48 F1500
G1 X99.32 Y105.84 F1500
G1 X99.74 Y106.15 F1500
G1 X100.37 Y107.57 F1500
G1 X100.79 Y107.90 F1500
G1 X101.63 Y106.28 F1500
G1 X102.05 Y105.82 F1500
G1 X102.26 Y105.96 F1500
G1 X103.31 Y107.91 F1500
G1 X103.73 Y107.53 F1500
G1 X104.35 Y106.11 F1500
G1 X104.56 Y105.86 F1500
G1 X104.77 Y105.85 F1500
G1 X105.61 Y107.52 F1500
G1 X106.03 Y107.91 F1500
G1 X107.08 Y105.97 F1500
G1 X107.29 Y105.82 F1500
G1 X107.71 Y106.27 F1500
G1 X108.54 Y107.90 F1500
G1 X108.96 Y107.58 F1500
G1 X109.59 Y106.16 F1500
G1 X110.01 Y105.84 F1500
G1 X110.85 Y107.47 F1500
G1 X111.27 Y107.92 F1500
G1 X111.48 Y107.77 F1500
G1 X112.53 Y105.83 F1500
G1 X112.74 Y105.90 F1500
G1 X113.36 Y106.94 F1500
G1 X180.00 Y106.87 F1500
G1 X180.00 Y107.08 F1500
G1 X180.00 Y107.29 F1500
G1 X180.00 Y107.50 F1500
G1 X180.00 Y107.71 F1500
G1 X180.00 Y107.92 F1500
G1 X180.00 Y107.92 F1500
G1 X112.53 Y107.92 F1500
G1 X112.11 Y107.45 F1500
G1 X111.69 Y108.45 F1500
G1 X111.27 Y108.96 F1500
G1 X110.85 Y108.51 F1500
G1 X110.01 Y106.88 F1500
G1 X109.59 Y107.20 F1500
G1 X108.96 Y108.63 F1500
G1 X108.54 Y108.95 F1500
G1 X107.71 Y107.32 F1500
G1 X107.29 Y106.87 F1500
G1 X107.08 Y107.02 F1500
G1 X106.03 Y108.96 F1500
G1 X105.61 Y108.57 F1500
G1 X104.77 Y106.90 F1500
G1 X104.56 Y106.90 F1500
G1 X104.35 Y107.15 F1500
G1 X103.73 Y108.58 F1500
G1 X103.31 Y108.96 F1500
G1 X102.26 Y107.01 F1500
G1 X102.05 Y106.87 F1500
G1 X101.63 Y107.33 F1500
G1 X100.79 Y108.95 F1500
G1 X100.37 Y108.62 F1500
G1 X99.74 Y107.19 F1500
G1 X99.32 Y106.89 F1500
G1 X98.49 Y108.52 F1500
G1 X98.07 Y108.96 F1500
G1 X97.86 Y108.81 F1500
G1 X97.23 Y107.43 F1500
G1 X96.81 Y106.87 F1500
G1 X96.39 Y107.27 F1500
G1 X95.55 Y108.94 F1500
G1 X95.34 Y108.93 F1500
G1 X95.13 Y108.67 F1500
G1 X94.51 Y107.25 F1500
G1 X94.09 Y106.88 F1500
G1 X93.04 Y108.83 F1500
G1 X92.83 Y108.96 F1500
G1 X92.41 Y108.50 F1500
G1 X91.57 Y106.88 F1500
G1 X91.15 Y107.22 F1500
G1 X90.52 Y108.65 F1500
G1 X90.10 Y108.94 F1500
G1 X89.27 Y107.30 F1500
G1 X88.85 Y106.87 F1500
G1 X87.59 Y108.96 F1500
G1 X87.17 Y108.55 F1500
G1 X86.33 Y106.90 F1500
G1 X86.12 Y106.91 F1500
G1 X85.91 Y107.17 F1500
G1 X85.29 Y108.59 F1500
G1 X84.87 Y108.95 F1500
G1 X83.82 Y107.00 F1500
G1 X83.61 Y106.87 F1500
G1 X83.40 Y106.99 F1500
G1 X82.35 Y108.95 F1500
G1 X81.93 Y108.61 F1500
G1 X81.30 Y107.18 F1500
G1 X81.09 Y106.91 F1500
G1 X80.88 Y106.89 F1500
G1 X80.05 Y108.54 F1500
G1 X79.63 Y108.96 F1500
G1 X78.37 Y106.87 F1500
G1 X77.95 Y107.29 F1500
G1 X77.11 Y108.94 F1500
G1 X76.90 Y108.92 F1500
G1 X76.69 Y108.66 F1500
G1 X76.07 Y107.23 F1500
G1 X75.65 Y106.88 F1500
G1 X74.60 Y108.84 F1500
G1 X74.39 Y108.96 F1500
G1 X74.18 Y108.84 F1500
G1 X73.13 Y106.88 F1500
G1 X72.71 Y107.23 F1500
G1 X72.08 Y108.66 F1500
G1 X71.87 Y108.92 F1500
G1 X71.66 Y108.94 F1500
G1 X70.83 Y107.29 F1500
G1 X70.41 Y106.87 F1500
G1 X69.15 Y108.96 F1500
G1 X68.73 Y108.54 F1500
G1 X67.89 Y106.89 F1500
G1 X67.68 Y107.73 F1500
G1 X67.47 Y107.92 F1500
G1 X0.00 Y107.92 F1500
G1 X0.00 Y108.13 F1500
G1 X0.00 Y108.34 F1500
G1 X0.00 Y108.54 F1500
G1 X0.00 Y108.75 F1500
G1 X0.00 Y108.96 F1500
G1 X0.00 Y108.96 F1500
G1 X68.73 Y108.96 F1500
G1 X69.15 Y110.01 F1500
G1 X70.41 Y107.92 F1500
G1 X70.83 Y108.33 F1500
G1 X71.66 Y109.99 F1500
G1 X71.87 Y109.97 F1500
G1 X72.08 Y109.71 F1500
G1 X72.71 Y108.28 F1500
G1 X73.13 Y107.93 F1500
G1 X74.18 Y109.88 F1500
G1 X74.39 Y110.01 F1500
G1 X74.60 Y109.88 F1500
G1 X75.65 Y107.93 F1500
G1 X76.07 Y108.28 F1500
G1 X76.69 Y109.71 F1500
G1 X76.90 Y109.97 F1500
G1 X77.11 Y109.99 F1500
G1 X77.95 Y108.33 F1500
G1 X78.37 Y107.92 F1500
G1 X79.63 Y110.01 F1500
G1 X80.05 Y109.59 F1500
G1 X80.88 Y107.94 F1500
G1 X81.09 Y107.96 F1500
G1 X81.30 Y108.23 F1500
G1 X81.93 Y109.66 F1500
G1 X82.35 Y110.00 F1500
G1 X83.40 Y108.04 F1500
G1 X83.61 Y107.92 F1500
G1 X83.82 Y108.05 F1500
G1 X84.87 Y110.00 F1500
G1 X85.29 Y109.64 F1500
G1 X85.91 Y108.21 F1500
G1 X86.12 Y107.96 F1500
G1 X86.33 Y107.94 F1500
G1 X87.17 Y109.60 F1500
G1 X87.59 Y110.01 F1500
G1 X88.85 Y107.92 F1500
G1 X89.27 Y108.35 F1500
G1 X90.10 Y109.99 F1500
G1 X90.52 Y109.69 F1500
G1 X91.15 Y108.27 F1500
G1 X91.57 Y107.93 F1500
G1 X92.41 Y109.55 F1500
G1 X92.83 Y110.01 F1500
G1 X93.04 Y109.87 F1500
G1 X94.09 Y107.92 F1500
G1 X94.51 Y108.29 F1500
G1 X95.13 Y109.72 F1500
G1 X95.34 Y109.97 F1500
G1 X95.55 Y109.98 F1500
G1 X96.39 Y108.32 F1500
G1 X96.81 Y107.92 F1500
G1 X97.23 Y108.48 F1500
G1 X97.86 Y109.86 F1500
G1 X98.07 Y110.01 F1500
G1 X98.49 Y109.57 F1500
G1 X99.32 Y107.94 F1500
G1 X99.74 Y108.24 F1500
G1 X100.37 Y109.67 F1500
G1 X100.79 Y110.00 F1500
G1 X101.63 Y108.37 F1500
G1 X102.05 Y107.92 F1500
G1 X102.26 Y108.06 F1500
G1 X103.31 Y110.00 F1500
G1 X103.73 Y109.63 F1500
G1 X104.35 Y108.20 F1500
G1 X104.56 Y107.95 F1500
G1 X104.77 Y107.95 F1500
G1 X105.61 Y109.62 F1500
G1 X106.03 Y110.01 F1500
G1 X107.08 Y108.07 F1500
G1 X107.29 Y107.92 F1500
G1 X107.71 Y108.36 F1500
G1 X108.54 Y109.99 F1500
G1 X108.96 Y109.68 F1500
G1 X109.59 Y108.25 F1500
G1 X110.01 Y107.93 F1500
G1 X111.06 Y109.74 F1500
G1 X111.27 Y108.96 F1500
G1 X180.00 Y108.96 F1500
G1 X180.00 Y109.17 F1500
G1 X180.00 Y109.38 F1500
G1 X180.00 Y109.59 F1500
G1 X180.00 Y109.80 F1500
G1 X180.00 Y110.01 F1500
G1 X180.00 Y110.01 F1500
G1 X110.01 Y110.01 F1500
G1 X109.80 Y109.43 F1500
G1 X109.59 Y109.30 F1500
G1 X108.96 Y110.73 F1500
G1 X108.54 Y111.04 F1500
G1 X107.71 Y109.41 F1500
G1 X107.29 Y108.96 F1500
G1 X107.08 Y109.11 F1500
G1 X106.03 Y111.05 F1500
G1 X105.61 Y110.66 F1500
G1 X104.77 Y108.99 F1500
G1 X104.56 Y109.00 F1500
G1 X104.35 Y109.25 F1500
G1 X103.73 Y110.68 F1500
G1 X103.31 Y111.05 F1500
G1 X102.26 Y109.11 F1500
G1 X102.05 Y108.96 F1500
G1 X101.63 Y109.42 F1500
G1 X100.79 Y111.04 F1500
G1 X100.37 Y110.72 F1500
G1 X99.74 Y109.29 F1500
G1 X99.32 Y108.98 F1500
G1 X98.49 Y110.62 F1500
G1 X98.07 Y111.06 F1500
G1 X97.86 Y110.91 F1500
G1 X97.23 Y109.53 F1500
G1 X96.81 Y108.97 F1500
G1 X96.39 Y109.37 F1500
G1 X95.55 Y111.03 F1500
G1 X95.34 Y111.02 F1500
G1 X95.13 Y110.77 F1500
G1 X94.51 Y109.34 F1500
G1 X94.09 Y108.97 F1500
G1 X93.04 Y110.92 F1500
G1 X92.83 Y111.06 F1500
G1 X92.41 Y110.59 F1500
G1 X91.57 Y108.98 F1500
G1 X91.15 Y109.31 F1500
G1 X90.52 Y110.74 F1500
G1 X90.10 Y111.04 F1500
G1 X89.27 Y109.40 F1500
G1 X88.85 Y108.97 F1500
G1 X87.59 Y111.06 F1500
G1 X87.17 Y110.65 F1500
G1 X86.33 Y108.99 F1500
G1 X86.12 Y109.00 F1500
G1 X85.91 Y109.26 F1500
G1 X85.29 Y110.69 F1500
G1 X84.87 Y111.05 F1500
G1 X83.82 Y109.10 F1500
G1 X83.61 Y108.96 F1500
G1 X83.40 Y109.09 F1500
G1 X82.35 Y111.05 F1500
G1 X81.93 Y110.70 F1500
G1 X81.30 Y109.28 F1500
G1 X81.09 Y109.01 F1500
G1 X80.88 Y108.99 F1500
G1 X80.05 Y110.63 F1500
G1 X79.63 Y111.06 F1500
G1 X78.37 Y108.97 F1500
G1 X77.95 Y109.38 F1500
G1 X77.11 Y111.03 F1500
G1 X76.90 Y111.02 F1500
G1 X76.69 Y110.75 F1500
G1 X76.07 Y109.33 F1500
G1 X75.65 Y108.97 F1500
G1 X74.60 Y110.93 F1500
G1 X74.39 Y111.06 F1500
G1 X74.18 Y110.93 F1500
G1 X73.13 Y108.97 F1500
G1 X72.71 Y109.33 F1500
G1 X72.08 Y110.75 F1500
G1 X71.87 Y111.02 F1500
G1 X71.66 Y111.03 F1500
G1 X70.83 Y109.38 F1500
G1 X70.41 Y108.97 F1500
G1 X69.99 Y110.01 F1500
G1 X0.00 Y110.01 F1500
G1 X0.00 Y110.22 F1500
G1 X0.00 Y110.43 F1500
G1 X0.00 Y110.64 F1500
G1 X0.00 Y110.85 F1500
G1 X0.00 Y111.06 F1500
G1 X0.00 Y111.06 F1500
G1 X71.46 Y111.06 F1500
G1 X71.87 Y112.07 F1500
G1 X72.71 Y110.37 F1500
G1 X73.13 Y110.02 F1500
G1 X74.18 Y111.98 F1500
G1 X74.39 Y112.11 F1500
G1 X74.60 Y111.98 F1500
G1 X75.65 Y110.02 F1500
G1 X76.07 Y110.37 F1500
G1 X76.69 Y111.80 F1500
G1 X76.90 Y112.07 F1500
G1 X77.11 Y112.08 F1500
G1 X77.95 Y110.43 F1500
G1 X78.37 Y110.01 F1500
G1 X79.63 Y112.10 F1500
G1 X80.05 Y111.68 F1500
G1 X80.88 Y110.03 F1500
G1 X81.09 Y110.06 F1500
G1 X81.30 Y110.32 F1500
G1 X81.93 Y111.75 F1500
G1 X82.35 Y112.10 F1500
G1 X83.40 Y110.14 F1500
G1 X83.61 Y110.01 F1500
G1 X83.82 Y110.14 F1500
G1 X84.87 Y112.10 F1500
G1 X85.29 Y111.74 F1500
G1 X85.91 Y110.31 F1500
G1 X86.12 Y110.05 F1500
G1 X86.33 Y110.04 F1500
G1 X87.17 Y111.70 F1500
G1 X87.59 Y112.10 F1500
G1 X88.85 Y110.01 F1500
G1 X89.27 Y110.44 F1500
G1 X90.10 Y112.09 F1500
G1 X90.52 Y111.79 F1500
G1 X91.15 Y110.36 F1500
G1 X91.57 Y110.02 F1500
G1 X92.41 Y111.64 F1500
G1 X92.83 Y112.11 F1500
G1 X93.04 Y111.97 F1500
G1 X94.09 Y110.02 F1500
G1 X94.51 Y110.39 F1500
G1 X95.13 Y111.81 F1500
G1 X95.34 Y112.07 F1500
G1 X95.55 Y112.08 F1500
G1 X96.39 Y110.41 F1500
G1 X96.81 Y110.02 F1500
G1 X97.23 Y110.58 F1500
G1 X97.86 Y111.95 F1500
G1 X98.07 Y112.11 F1500
G1 X98.49 Y111.67 F1500
G1 X99.32 Y110.03 F1500
G1 X99.74 Y110.34 F1500
G1 X100.37 Y111.77 F1500
G1 X100.79 Y112.09 F1500
G1 X101.63 Y110.47 F1500
G1 X102.05 Y110.01 F1500
G1 X102.26 Y110.15 F1500
G1 X103.31 Y112.10 F1500
G1 X103.73 Y111.72 F1500
G1 X104.35 Y110.30 F1500
G1 X104.56 Y110.05 F1500
G1 X104.77 Y110.04 F1500
G1 X105.61 Y111.71 F1500
G1 X106.03 Y112.10 F1500
G1 X107.08 Y110.16 F1500
G1 X107.29 Y110.01 F1500
G1 X107.71 Y110.46 F1500
G1 X108.34 Y111.70 F1500
G1 X108.54 Y111.06 F1500
G1 X180.00 Y111.06 F1500
G1 X180.00 Y111.27 F1500
G1 X180.00 Y111.48 F1500
G1 X180.00 Y111.69 F1500
G1 X180.00 Y111.90 F1500
G1 X180.00 Y112.11 F1500
G1 X180.00 Y112.11 F1500
G1 X106.66 Y112.07 F1500
G1 X106.03 Y113.15 F1500
G1 X105.61 Y112.76 F1500
G1 X104.77 Y111.09 F1500
G1 X104.56 Y111.09 F1500
G1 X104.35 Y111.35 F1500
G1 X103.73 Y112.77 F1500
G1 X103.31 Y113.15 F1500
G1 X102.26 Y111.20 F1500
G1 X102.05 Y111.06 F1500
G1 X101.63 Y111.52 F1500
G1 X100.79 Y113.14 F1500
G1 X100.37 Y112.81 F1500
G1 X99.74 Y111.38 F1500
G1 X99.32 Y111.08 F1500
G1 X98.49 Y112.72 F1500
G1 X98.07 Y113.15 F1500
G1 X97.86 Y113.00 F1500
G1 X97.23 Y111.63 F1500
G1 X96.81 Y111.06 F1500
G1 X96.39 Y111.46 F1500
G1 X95.55 Y113.13 F1500
G1 X95.34 Y113.12 F1500
G1 X95.13 Y112.86 F1500
G1 X94.51 Y111.44 F1500
G1 X94.09 Y111.07 F1500
G1 X93.04 Y113.02 F1500
G1 X92.83 Y113.15 F1500
G1 X92.41 Y112.69 F1500
G1 X91.57 Y111.07 F1500
G1 X91.15 Y111.41 F1500
G1 X90.52 Y112.84 F1500
G1 X90.10 Y113.13 F1500
G1 X89.27 Y111.49 F1500
G1 X88.85 Y111.06 F1500
G1 X87.59 Y113.15 F1500
G1 X87.17 Y112.75 F1500
G1 X86.33 Y111.09 F1500
G1 X86.12 Y111.10 F1500
G1 X85.91 Y111.36 F1500
G1 X85.29 Y112.78 F1500
G1 X84.87 Y113.15 F1500
G1 X83.82 Y111.19 F1500
G1 X83.61 Y111.06 F1500
G1 X83.40 Y111.18 F1500
G1 X82.35 Y113.14 F1500
G1 X81.93 Y112.80 F1500
G1 X81.30 Y111.37 F1500
G1 X81.09 Y111.10 F1500
G1 X80.88 Y111.08 F1500
G1 X80.05 Y112.73 F1500
G1 X79.63 Y113.15 F1500
G1 X78.37 Y111.06 F1500
G1 X77.95 Y111.48 F1500
G1 X77.11 Y113.13 F1500
G1 X76.90 Y113.11 F1500
G1 X76.69 Y112.85 F1500
G1 X76.07 Y111.42 F1500
G1 X75.65 Y111.07 F1500
G1 X74.60 Y113.03 F1500
G1 X74.39 Y113.15 F1500
G1 X73.97 Y112.67 F1500
G1 X73.34 Y111.30 F1500
G1 X73.13 Y111.99 F1500
G1 X72.92 Y112.11 F1500
G1 X0.00 Y112.11 F1500
G1 X0.00 Y112.32 F1500
G1 X0.00 Y112.53 F1500
G1 X0.00 Y112.74 F1500
G1 X0.00 Y112.95 F1500
G1 X0.00 Y113.15 F1500
G1 X0.00 Y113.15 F1500
G1 X75.02 Y113.17 F1500
G1 X75.65 Y112.12 F1500
G1 X76.07 Y112.47 F1500
G1 X76.69 Y113.90 F1500
G1 X76.90 Y114.16 F1500
G1 X77.11 Y114.18 F1500
G1 X77.95 Y112.52 F1500
G1 X78.37 Y112.11 F1500
G1 X79.63 Y114.20 F1500
G1 X80.05 Y113.78 F1500
G1 X80.88 Y112.13 F1500
G1 X81.09 Y112.15 F1500
G1 X81.30 Y112.42 F1500
G1 X81.93 Y113.85 F1500
G1 X82.35 Y114.19 F1500
G1 X83.40 Y112.23 F1500
G1 X83.61 Y112.11 F1500
G1 X83.82 Y112.24 F1500
G1 X84.87 Y114.19 F1500
G1 X85.29 Y113.83 F1500
G1 X85.91 Y112.41 F1500
G1 X86.12 Y112.15 F1500
G1 X86.33 Y112.13 F1500
G1 X87.17 Y113.79 F1500
G1 X87.59 Y114.20 F1500
G1 X88.85 Y112.11 F1500
G1 X89.27 Y112.54 F1500
G1 X90.10 Y114.18 F1500
G1 X90.52 Y113.88 F1500
G1 X91.15 Y112.46 F1500
G1 X91.57 Y112.12 F1500
G1 X92.41 Y113.74 F1500
G1 X92.83 Y114.20 F1500
G1 X93.04 Y114.07 F1500
G1 X94.09 Y112.12 F1500
G1 X94.51 Y112.48 F1500
G1 X95.13 Y113.91 F1500
G1 X95.34 Y114.17 F1500
G1 X95.55 Y114.17 F1500
G1 X96.39 Y112.51 F1500
G1 X96.81 Y112.11 F1500
G1 X97.23 Y112.67 F1500
G1 X97.86 Y114.05 F1500
G1 X98.07 Y114.20 F1500
G1 X98.49 Y113.76 F1500
G1 X99.32 Y112.13 F1500
G1 X99.74 Y112.43 F1500
G1 X100.37 Y113.86 F1500
G1 X100.79 Y114.19 F1500
G1 X101.63 Y112.57 F1500
G1 X102.05 Y112.11 F1500
G1 X102.26 Y112.25 F1500
G1 X103.31 Y114.20 F1500
G1 X103.73 Y113.82 F1500
G1 X104.35 Y112.39 F1500
G1 X104.56 Y112.14 F1500
G1 X104.77 Y112.14 F1500
G1 X104.98 Y113.01 F1500
G1 X105.19 Y113.15 F1500
G1 X180.00 Y113.15 F1500
G1 X180.00 Y113.36 F1500
G1 X180.00 Y113.57 F1500
G1 X180.00 Y113.78 F1500
G1 X180.00 Y113.99 F1500
G1 X180.00 Y114.20 F1500
G1 X180.00 Y114.20 F1500
G1 X102.89 Y114.21 F1500
G1 X102.68 Y114.18 F1500
G1 X102.26 Y113.30 F1500
G1 X102.05 Y113.16 F1500
G1 X101.63 Y113.61 F1500
G1 X100.79 Y115.24 F1500
G1 X100.37 Y114.91 F1500
G1 X99.74 Y113.48 F1500
G1 X99.32 Y113.17 F1500
G1 X98.49 Y114.81 F1500
G1 X98.07 Y115.25 F1500
G1 X97.86 Y115.10 F1500
G1 X97.23 Y113.72 F1500
G1 X96.81 Y113.16 F1500
G1 X96.39 Y113.56 F1500
G1 X95.55 Y115.22 F1500
G1 X95.34 Y115.21 F1500
G1 X95.13 Y114.96 F1500
G1 X94.51 Y113.53 F1500
G1 X94.09 Y113.16 F1500
G1 X93.04 Y115.11 F1500
G1 X92.83 Y115.25 F1500
G1 X92.41 Y114.78 F1500
G1 X91.57 Y113.17 F1500
G1 X91.15 Y113.50 F1500
G1 X90.52 Y114.93 F1500
G1 X90.10 Y115.23 F1500
G1 X89.27 Y113.59 F1500
G1 X88.85 Y113.16 F1500
G1 X87.59 Y115.25 F1500
G1 X87.17 Y114.84 F1500
G1 X86.33 Y113.18 F1500
G1 X86.12 Y113.19 F1500
G1 X85.91 Y113.45 F1500
G1 X85.29 Y114.88 F1500
G1 X84.87 Y115.24 F1500
G1 X83.82 Y113.29 F1500
G1 X83.61 Y113.15 F1500
G1 X83.40 Y113.28 F1500
G1 X82.35 Y115.24 F1500
G1 X81.93 Y114.89 F1500
G1 X81.30 Y113.47 F1500
G1 X81.09 Y113.20 F1500
G1 X80.88 Y113.18 F1500
G1 X80.05 Y114.83 F1500
G1 X79.63 Y115.25 F1500
G1 X78.37 Y113.16 F1500
G1 X77.95 Y113.57 F1500
G1 X77.53 Y114.57 F1500
G1 X77.32 Y114.63 F1500
G1 X77.11 Y114.20 F1500
G1 X0.00 Y114.20 F1500
G1 X0.00 Y114.41 F1500
G1 X0.00 Y114.62 F1500
G1 X0.00 Y114.83 F1500
G1 X0.00 Y115.04 F1500
G1 X0.00 Y115.25 F1500
G1 X0.00 Y115.25 F1500
G1 X79.84 Y115.25 F1500
G1 X80.05 Y115.42 F1500
G1 X80.26 Y115.35 F1500
G1 X80.88 Y114.23 F1500
G1 X81.09 Y114.25 F1500
G1 X81.30 Y114.51 F1500
G1 X81.93 Y115.94 F1500
G1 X82.35 Y116.29 F1500
G1 X83.40 Y114.33 F1500
G1 X83.61 Y114.20 F1500
G1 X83.82 Y114.34 F1500
G1 X84.87 Y116.29 F1500
G1 X85.29 Y115.93 F1500
G1 X85.91 Y114.50 F1500
G1 X86.12 Y114.24 F1500
G1 X86.33 Y114.23 F1500
G1 X87.17 Y115.89 F1500
G1 X87.59 Y116.29 F1500
G1 X88.85 Y114.20 F1500
G1 X89.27 Y114.63 F1500
G1 X90.10 Y116.28 F1500
G1 X90.52 Y115.98 F1500
G1 X91.15 Y114.55 F1500
G1 X91.57 Y114.22 F1500
G1 X92.41 Y115.83 F1500
G1 X92.83 Y116.30 F1500
G1 X93.04 Y116.16 F1500
G1 X94.09 Y114.21 F1500
G1 X94.51 Y114.58 F1500
G1 X95.13 Y116.01 F1500
G1 X95.34 Y116.26 F1500
G1 X95.55 Y116.27 F1500
G1 X96.39 Y114.60 F1500
G1 X96.81 Y114.21 F1500
G1 X97.23 Y114.77 F1500
G1 X97.86 Y116.14 F1500
G1 X98.07 Y116.30 F1500
G1 X98.49 Y115.86 F1500
G1 X99.32 Y114.22 F1500
G1 X99.53 Y114.25 F1500
G1 X99.95 Y115.18 F1500
G1 X100.16 Y115.25 F1500
G1 X180.00 Y115.25 F1500
G1 X180.00 Y115.46 F1500
G1 X180.00 Y115.67 F1500
G1 X180.00 Y115.88 F1500
G1 X180.00 Y116.09 F1500
G1 X180.00 Y116.30 F1500
G1 X180.00 Y116.30 F1500
G1 X96.18 Y116.30 F1500
G1 X95.97 Y116.31 F1500
G1 X95.34 Y117.16 F1500
G1 X95.13 Y117.05 F1500
G1 X94.51 Y115.63 F1500
G1 X94.09 Y115.26 F1500
G1 X93.04 Y117.21 F1500
G1 X92.83 Y117.35 F1500
G1 X92.41 Y116.88 F1500
G1 X91.57 Y115.26 F1500
G1 X91.15 Y115.60 F1500
G1 X90.52 Y117.03 F1500
G1 X90.10 Y117.33 F1500
G1 X89.27 Y115.68 F1500
G1 X88.85 Y115.25 F1500
G1 X87.59 Y117.34 F1500
G1 X87.17 Y116.94 F1500
G1 X86.33 Y115.28 F1500
G1 X86.12 Y115.29 F1500
G1 X85.91 Y115.55 F1500
G1 X85.29 Y116.98 F1500
G1 X84.87 Y117.34 F1500
G1 X84.24 Y116.28 F1500
G1 X0.00 Y116.30 F1500
G1 X0.00 Y116.51 F1500
G1 X0.00 Y116.72 F1500
G1 X0.00 Y116.93 F1500
G1 X0.00 Y117.14 F1500
G1 X0.00 Y117.35 F1500
G1 X0.00 Y117.35 F1500
G1 X180.00 Y117.35 F1500
G1 X180.00 Y117.56 F1500
G1 X180.00 Y117.76 F1500
G1 X180.00 Y117.97 F1500
G1 X180.00 Y118.18 F1500
G1 X180.00 Y118.39 F1500
G1 X180.00 Y118.39 F1500
G1 X0.00 Y118.39 F1500
G1 X0.00 Y118.60 F1500
G1 X0.00 Y118.81 F1500
G1 X0.00 Y119.02 F1500
G1 X0.00 Y119.23 F1500
G1 X0.00 Y119.44 F1500
G1 X0.00 Y119.44 F1500
G1 X180.00 Y119.44 F1500
G1 X180.00 Y119.65 F1500
G1 X180.00 Y119.86 F1500
G1 X180.00 Y120.07 F1500
G1 X180.00 Y120.28 F1500
G1 X180.00 Y120.49 F1500
G1 X180.00 Y120.49 F1500
G1 X0.00 Y120.49 F1500
G1 X0.00 Y120.70 F1500
G1 X0.00 Y120.91 F1500
G1 X0.00 Y121.12 F1500
G1 X0.00 Y121.33 F1500
G1 X0.00 Y121.54 F1500
G1 X0.00 Y121.54 F1500
G1 X180.00 Y121.54 F1500
G1 X180.00 Y121.75 F1500
G1 X180.00 Y121.96 F1500
G1 X180.00 Y122.17 F1500
G1 X180.00 Y122.37 F1500
G1 X180.00 Y122.58 F1500
G1 X180.00 Y122.58 F1500
G1 X0.00 Y122.58 F1500
G1 X0.00 Y122.79 F1500
G1 X0.00 Y123.00 F1500
G1 X0.00 Y123.21 F1500
G1 X0.00 Y123.42 F1500
G1 X0.00 Y123.63 F1500
G1 X0.00 Y123.63 F1500
G1 X180.00 Y123.63 F1500
G1 X180.00 Y123.84 F1500
G1 X180.00 Y124.05 F1500
G1 X180.00 Y124.26 F1500
G1 X180.00 Y124.47 F1500
G1 X180.00 Y124.68 F1500
G1 X180.00 Y124.68 F1500
G1 X0.00 Y124.68 F1500
G1 X0.00 Y124.89 F1500
G1 X0.00 Y125.10 F1500
G1 X0.00 Y125.31 F1500
G1 X0.00 Y125.52 F1500
G1 X0.00 Y125.73 F1500
G1 X0.00 Y125.73 F1500
G1 X180.00 Y125.73 F1500
G1 X180.00 Y125.94 F1500
G1 X180.00 Y126.15 F1500
G1 X180.00 Y126.36 F1500
G1 X180.00 Y126.57 F1500
G1 X180.00 Y126.78 F1500
G1 X180.00 Y126.78 F1500
G1 X0.00 Y126.78 F1500
G1 X0.00 Y126.98 F1500
G1 X0.00 Y127.19 F1500
G1 X0.00 Y127.40 F1500
G1 X0.00 Y127.61 F1500
G1 X0.00 Y127.82 F1500
G1 X0.00 Y127.82 F1500
G1 X180.00 Y127.82 F1500
G1 X180.00 Y128.03 F1500
G1 X180.00 Y128.24 F1500
G1 X180.00 Y128.45 F1500
G1 X180.00 Y128.66 F1500
G1 X180.00 Y128.87 F1500
G1 X180.00 Y128.87 F1500
G1 X101.21 Y128.87 F1500
G1 X100.58 Y129.48 F1500
G1 X100.37 Y129.44 F1500
G1 X100.16 Y129.12 F1500
G1 X99.53 Y127.87 F1500
G1 X99.32 Y127.84 F1500
G1 X98.49 Y129.48 F1500
G1 X98.07 Y129.92 F1500
G1 X97.86 Y129.76 F1500
G1 X97.23 Y128.39 F1500
G1 X96.81 Y127.83 F1500
G1 X96.39 Y128.23 F1500
G1 X95.55 Y129.89 F1500
G1 X95.34 Y129.88 F1500
G1 X95.13 Y129.63 F1500
G1 X94.51 Y128.20 F1500
G1 X94.09 Y127.83 F1500
G1 X93.04 Y129.78 F1500
G1 X92.83 Y129.92 F1500
G1 X92.41 Y129.45 F1500
G1 X91.57 Y127.84 F1500
G1 X91.15 Y128.17 F1500
G1 X90.52 Y129.60 F1500
G1 X90.10 Y129.90 F1500
G1 X89.27 Y128.25 F1500
G1 X88.85 Y127.82 F1500
G1 X87.59 Y129.91 F1500
G1 X87.17 Y129.51 F1500
G1 X86.33 Y127.85 F1500
G1 X86.12 Y127.86 F1500
G1 X85.91 Y128.12 F1500
G1 X85.29 Y129.55 F1500
G1 X84.87 Y129.91 F1500
G1 X83.82 Y127.96 F1500
G1 X83.61 Y127.82 F1500
G1 X83.40 Y127.95 F1500
G1 X82.35 Y129.91 F1500
G1 X81.93 Y129.56 F1500
G1 X81.30 Y128.13 F1500
G1 X81.09 Y127.87 F1500
G1 X80.88 Y127.85 F1500
G1 X79.84 Y129.82 F1500
G1 X79.00 Y128.87 F1500
G1 X0.00 Y128.87 F1500
G1 X0.00 Y129.08 F1500
G1 X0.00 Y129.29 F1500
G1 X0.00 Y129.50 F1500
G1 X0.00 Y129.71 F1500
G1 X0.00 Y129.92 F1500
G1 X0.00 Y129.92 F1500
G1 X73.97 Y129.92 F1500
G1 X74.60 Y130.84 F1500
G1 X75.65 Y128.88 F1500
G1 X76.07 Y129.23 F1500
G1 X76.69 Y130.66 F1500
G1 X76.90 Y130.92 F1500
G1 X77.11 Y130.94 F1500
G1 X77.95 Y129.29 F1500
G1 X78.37 Y128.87 F1500
G1 X79.63 Y130.96 F1500
G1 X80.05 Y130.54 F1500
G1 X80.88 Y128.89 F1500
G1 X81.09 Y128.92 F1500
G1 X81.30 Y129.18 F1500
G1 X81.93 Y130.61 F1500
G1 X82.35 Y130.95 F1500
G1 X83.40 Y128.99 F1500
G1 X83.61 Y128.87 F1500
G1 X83.82 Y129.00 F1500
G1 X84.87 Y130.96 F1500
G1 X85.29 Y130.60 F1500
G1 X85.91 Y129.17 F1500
G1 X86.12 Y128.91 F1500
G1 X86.33 Y128.90 F1500
G1 X87.17 Y130.56 F1500
G1 X87.59 Y130.96 F1500
G1 X88.85 Y128.87 F1500
G1 X89.27 Y129.30 F1500
G1 X90.10 Y130.95 F1500
G1 X90.52 Y130.65 F1500
G1 X91.15 Y129.22 F1500
G1 X91.57 Y128.88 F1500
G1 X92.41 Y130.50 F1500
G1 X92.83 Y130.97 F1500
G1 X93.04 Y130.83 F1500
G1 X94.09 Y128.88 F1500
G1 X94.51 Y129.25 F1500
G1 X95.13 Y130.67 F1500
G1 X95.34 Y130.93 F1500
G1 X95.55 Y130.94 F1500
G1 X96.39 Y129.27 F1500
G1 X96.81 Y128.88 F1500
G1 X97.23 Y129.44 F1500
G1 X97.86 Y130.81 F1500
G1 X98.07 Y130.97 F1500
G1 X98.49 Y130.53 F1500
G1 X99.32 Y128.89 F1500
G1 X99.74 Y129.20 F1500
G1 X100.37 Y130.62 F1500
G1 X100.79 Y130.95 F1500
G1 X101.63 Y129.33 F1500
G1 X102.05 Y128.87 F1500
G1 X102.26 Y129.01 F1500
G1 X103.31 Y130.96 F1500
G1 X103.73 Y130.58 F1500
G1 X104.35 Y129.16 F1500
G1 X104.56 Y128.91 F1500
G1 X104.77 Y128.90 F1500
G1 X105.61 Y130.33 F1500
G1 X106.03 Y129.92 F1500
G1 X180.00 Y129.92 F1500
G1 X180.00 Y130.13 F1500
G1 X180.00 Y130.34 F1500
G1 X180.00 Y130.55 F1500
G1 X180.00 Y130.76 F1500
G1 X180.00 Y130.97 F1500
G1 X180.00 Y130.97 F1500
G1 X109.80 Y130.97 F1500
G1 X109.38 Y130.85 F1500
G1 X108.96 Y131.68 F1500
G1 X108.54 Y132.00 F1500
G1 X107.71 Y130.37 F1500
G1 X107.29 Y129.92 F1500
G1 X107.08 Y130.07 F1500
G1 X106.03 Y132.01 F1500
G1 X105.61 Y131.62 F1500
G1 X104.77 Y129.95 F1500
G1 X104.56 Y129.95 F1500
G1 X104.35 Y130.20 F1500
G1 X103.73 Y131.63 F1500
G1 X103.31 Y132.01 F1500
G1 X102.26 Y130.06 F1500
G1 X102.05 Y129.92 F1500
G1 X101.63 Y130.38 F1500
G1 X100.79 Y132.00 F1500
G1 X100.37 Y131.67 F1500
G1 X99.74 Y130.24 F1500
G1 X99.32 Y129.94 F1500
G1 X98.49 Y131.57 F1500
G1 X98.07 Y132.01 F1500
G1 X97.86 Y131.86 F1500
G1 X97.23 Y130.48 F1500
G1 X96.81 Y129.92 F1500
G1 X96.39 Y130.32 F1500
G1 X95.55 Y131.99 F1500
G1 X95.34 Y131.98 F1500
G1 X95.13 Y131.72 F1500
G1 X94.51 Y130.30 F1500
G1 X94.09 Y129.93 F1500
G1 X93.04 Y131.88 F1500
G1 X92.83 Y132.01 F1500
G1 X92.41 Y131.55 F1500
G1 X91.57 Y129.93 F1500
G1 X91.15 Y130.27 F1500
G1 X90.52 Y131.70 F1500
G1 X90.10 Y131.99 F1500
G1 X89.27 Y130.35 F1500
G1 X88.85 Y129.92 F1500
G1 X87.59 Y132.01 F1500
G1 X87.17 Y131.60 F1500
G1 X86.33 Y129.95 F1500
G1 X86.12 Y129.96 F1500
G1 X85.91 Y130.22 F1500
G1 X85.29 Y131.64 F1500
G1 X84.87 Y132.00 F1500
G1 X83.82 Y130.05 F1500
G1 X83.61 Y129.92 F1500
G1 X83.40 Y130.04 F1500
G1 X82.35 Y132.00 F1500
G1 X81.93 Y131.66 F1500
G1 X81.30 Y130.23 F1500
G1 X81.09 Y129.96 F1500
G1 X80.88 Y129.94 F1500
G1 X80.05 Y131.59 F1500
G1 X79.63 Y132.01 F1500
G1 X78.37 Y129.92 F1500
G1 X77.95 Y130.34 F1500
G1 X77.11 Y131.99 F1500
G1 X76.90 Y131.97 F1500
G1 X76.69 Y131.71 F1500
G1 X76.07 Y130.28 F1500
G1 X75.65 Y129.93 F1500
G1 X74.60 Y131.89 F1500
G1 X74.39 Y132.01 F1500
G1 X74.18 Y131.89 F1500
G1 X73.13 Y129.93 F1500
G1 X72.71 Y130.28 F1500
G1 X72.08 Y131.71 F1500
G1 X71.87 Y131.97 F1500
G1 X71.66 Y131.99 F1500
G1 X70.83 Y130.34 F1500
G1 X70.41 Y130.97 F1500
G1 X0.00 Y130.97 F1500
G1 X0.00 Y131.18 F1500
G1 X0.00 Y131.39 F1500
G1 X0.00 Y131.59 F1500
G1 X0.00 Y131.80 F1500
G1 X0.00 Y132.01 F1500
G1 X0.00 Y132.01 F1500
G1 X67.26 Y132.01 F1500
G1 X67.47 Y131.92 F1500
G1 X67.89 Y130.99 F1500
G1 X68.73 Y132.64 F1500
G1 X69.15 Y133.06 F1500
G1 X70.41 Y130.97 F1500
G1 X70.83 Y131.38 F1500
G1 X71.66 Y133.04 F1500
G1 X71.87 Y133.02 F1500
G1 X72.08 Y132.76 F1500
G1 X72.71 Y131.33 F1500
G1 X73.13 Y130.98 F1500
G1 X74.18 Y132.93 F1500
G1 X74.39 Y133.06 F1500
G1 X74.60 Y132.93 F1500
G1 X75.65 Y130.98 F1500
G1 X76.07 Y131.33 F1500
G1 X76.69 Y132.76 F1500
G1 X76.90 Y133.02 F1500
G1 X77.11 Y133.04 F1500
G1 X77.95 Y131.38 F1500
G1 X78.37 Y130.97 F1500
G1 X79.63 Y133.06 F1500
G1 X80.05 Y132.64 F1500
G1 X80.88 Y130.99 F1500
G1 X81.09 Y131.01 F1500
G1 X81.30 Y131.28 F1500
G1 X81.93 Y132.71 F1500
G1 X82.35 Y133.05 F1500
G1 X83.40 Y131.09 F1500
G1 X83.61 Y130.97 F1500
G1 X83.82 Y131.10 F1500
G1 X84.87 Y133.05 F1500
G1 X85.29 Y132.69 F1500
G1 X85.91 Y131.26 F1500
G1 X86.12 Y131.01 F1500
G1 X86.33 Y130.99 F1500
G1 X87.17 Y132.65 F1500
G1 X87.59 Y133.06 F1500
G1 X88.85 Y130.97 F1500
G1 X89.27 Y131.40 F1500
G1 X90.10 Y133.04 F1500
G1 X90.52 Y132.74 F1500
G1 X91.15 Y131.32 F1500
G1 X91.57 Y130.98 F1500
G1 X92.41 Y132.60 F1500
G1 X92.83 Y133.06 F1500
G1 X93.04 Y132.92 F1500
G1 X94.09 Y130.97 F1500
G1 X94.51 Y131.34 F1500
G1 X95.13 Y132.77 F1500
G1 X95.34 Y133.02 F1500
G1 X95.55 Y133.03 F1500
G1 X96.39 Y131.37 F1500
G1 X96.81 Y130.97 F1500
G1 X97.23 Y131.53 F1500
G1 X97.86 Y132.91 F1500
G1 X98.07 Y133.06 F1500
G1 X98.49 Y132.62 F1500
G1 X99.32 Y130.99 F1500
G1 X99.74 Y131.29 F1500
G1 X100.37 Y132.72 F1500
G1 X100.79 Y133.05 F1500
G1 X101.63 Y131.42 F1500
G1 X102.05 Y130.97 F1500
G1 X102.26 Y131.11 F1500
G1 X103.31 Y133.05 F1500
G1 X103.73 Y132.68 F1500
G1 X104.35 Y131.25 F1500
G1 X104.56 Y131.00 F1500
G1 X104.77 Y131.00 F1500
G1 X105.61 Y132.67 F1500
G1 X106.03 Y133.06 F1500
G1 X107.08 Y131.12 F1500
G1 X107.29 Y130.97 F1500
G1 X107.71 Y131.41 F1500
G1 X108.54 Y133.04 F1500
G1 X108.96 Y132.73 F1500
G1 X109.59 Y131.30 F1500
G1 X110.01 Y130.98 F1500
G1 X110.85 Y132.61 F1500
G1 X111.27 Y133.06 F1500
G1 X111.48 Y132.92 F1500
G1 X112.32 Y131.34 F1500
G1 X112.74 Y132.01 F1500
G1 X180.00 Y132.01 F1500
G1 X180.00 Y132.22 F1500
G1 X180.00 Y132.43 F1500
G1 X180.00 Y132.64 F1500
G1 X180.00 Y132.85 F1500
G1 X180.00 Y133.06 F1500
G1 X180.00 Y133.06 F1500
G1 X115.25 Y133.06 F1500
G1 X114.83 Y132.40 F1500
G1 X114.20 Y133.83 F1500
G1 X113.99 Y134.08 F1500
G1 X113.78 Y134.08 F1500
G1 X112.95 Y132.41 F1500
G1 X112.53 Y132.02 F1500
G1 X111.48 Y133.96 F1500
G1 X111.27 Y134.11 F1500
G1 X110.85 Y133.66 F1500
G1 X110.01 Y132.03 F1500
G1 X109.59 Y132.35 F1500
G1 X108.96 Y133.78 F1500
G1 X108.54 Y134.09 F1500
G1 X107.71 Y132.46 F1500
G1 X107.29 Y132.01 F1500
G1 X107.08 Y132.16 F1500
G1 X106.03 Y134.10 F1500
G1 X105.61 Y133.71 F1500
G1 X104.77 Y132.04 F1500
G1 X104.56 Y132.05 F1500
G1 X104.35 Y132.30 F1500
G1 X103.73 Y133.73 F1500
G1 X103.31 Y134.10 F1500
G1 X102.26 Y132.16 F1500
G1 X102.05 Y132.01 F1500
G1 X101.63 Y132.47 F1500
G1 X100.79 Y134.09 F1500
G1 X100.37 Y133.77 F1500
G1 X99.74 Y132.34 F1500
G1 X99.32 Y132.03 F1500
G1 X98.49 Y133.67 F1500
G1 X98.07 Y134.11 F1500
G1 X97.86 Y133.96 F1500
G1 X97.23 Y132.58 F1500
G1 X96.81 Y132.02 F1500
G1 X96.39 Y132.42 F1500
G1 X95.55 Y134.08 F1500
G1 X95.34 Y134.07 F1500
G1 X95.13 Y133.82 F1500
G1 X94.51 Y132.39 F1500
G1 X94.09 Y132.02 F1500
G1 X93.04 Y133.97 F1500
G1 X92.83 Y134.11 F1500
G1 X92.41 Y133.64 F1500
G1 X91.57 Y132.03 F1500
G1 X91.15 Y132.36 F1500
G1 X90.52 Y133.79 F1500
G1 X90.10 Y134.09 F1500
G1 X89.27 Y132.45 F1500
G1 X88.85 Y132.02 F1500
G1 X87.59 Y134.11 F1500
G1 X87.17 Y133.70 F1500
G1 X86.33 Y132.04 F1500
G1 X86.12 Y132.05 F1500
G1 X85.91 Y132.31 F1500
G1 X85.29 Y133.74 F1500
G1 X84.87 Y134.10 F1500
G1 X83.82 Y132.15 F1500
G1 X83.61 Y132.01 F1500
G1 X83.40 Y132.14 F1500
G1 X82.35 Y134.10 F1500
G1 X81.93 Y133.75 F1500
G1 X81.30 Y132.33 F1500
G1 X81.09 Y132.06 F1500
G1 X80.88 Y132.04 F1500
G1 X80.05 Y133.69 F1500
G1 X79.63 Y134.11 F1500
G1 X78.37 Y132.02 F1500
G1 X77.95 Y132.43 F1500
G1 X77.11 Y134.08 F1500
G1 X76.90 Y134.07 F1500
G1 X76.69 Y133.80 F1500
G1 X76.07 Y132.38 F1500
G1 X75.65 Y132.02 F1500
G1 X74.60 Y133.98 F1500
G1 X74.39 Y134.11 F1500
G1 X74.18 Y133.98 F1500
G1 X73.13 Y132.02 F1500
G1 X72.71 Y132.38 F1500
G1 X72.08 Y133.80 F1500
G1 X71.87 Y134.07 F1500
G1 X71.66 Y134.08 F1500
G1 X70.83 Y132.43 F1500
G1 X70.41 Y132.02 F1500
G1 X69.15 Y134.11 F1500
G1 X68.73 Y133.69 F1500
G1 X67.89 Y132.04 F1500
G1 X67.68 Y132.06 F1500
G1 X67.47 Y132.33 F1500
G1 X66.85 Y133.75 F1500
G1 X66.43 Y134.10 F1500
G1 X65.38 Y132.14 F1500
G1 X65.17 Y132.01 F1500
G1 X64.75 Y133.06 F1500
G1 X0.00 Y133.06 F1500
G1 X0.00 Y133.27 F1500
G1 X0.00 Y133.48 F1500
G1 X0.00 Y133.69 F1500
G1 X0.00 Y133.90 F1500
G1 X0.00 Y134.11 F1500
G1 X0.00 Y134.11 F1500
G1 X62.24 Y134.11 F1500
G1 X62.44 Y134.05 F1500
G1 X62.86 Y133.36 F1500
G1 X63.49 Y134.79 F1500
G1 X63.91 Y135.15 F1500
G1 X64.96 Y133.19 F1500
G1 X65.17 Y133.06 F1500
G1 X65.38 Y133.19 F1500
G1 X66.43 Y135.15 F1500
G1 X66.85 Y134.80 F1500
G1 X67.47 Y133.37 F1500
G1 X67.68 Y133.11 F1500
G1 X67.89 Y133.08 F1500
G1 X68.73 Y134.73 F1500
G1 X69.15 Y135.15 F1500
G1 X70.41 Y133.06 F1500
G1 X70.83 Y133.48 F1500
G1 X71.66 Y135.13 F1500
G1 X71.87 Y135.12 F1500
G1 X72.08 Y134.85 F1500
G1 X72.71 Y133.42 F1500
G1 X73.13 Y133.07 F1500
G1 X74.18 Y135.03 F1500
G1 X74.39 Y135.16 F1500
G1 X74.60 Y135.03 F1500
G1 X75.65 Y133.07 F1500
G1 X76.07 Y133.42 F1500
G1 X76.69 Y134.85 F1500
G1 X76.90 Y135.12 F1500
G1 X77.11 Y135.13 F1500
G1 X77.95 Y133.48 F1500
G1 X78.37 Y133.06 F1500
G1 X79.63 Y135.15 F1500
G1 X80.05 Y134.73 F1500
G1 X80.88 Y133.08 F1500
G1 X81.09 Y133.11 F1500
G1 X81.30 Y133.37 F1500
G1 X81.93 Y134.80 F1500
G1 X82.35 Y135.15 F1500
G1 X83.40 Y133.19 F1500
G1 X83.61 Y133.06 F1500
G1 X83.82 Y133.19 F1500
G1 X84.87 Y135.15 F1500
G1 X85.29 Y134.79 F1500
G1 X85.91 Y133.36 F1500
G1 X86.12 Y133.10 F1500
G1 X86.33 Y133.09 F1500
G1 X87.17 Y134.75 F1500
G1 X87.59 Y135.15 F1500
G1 X88.85 Y133.06 F1500
G1 X89.27 Y133.49 F1500
G1 X90.10 Y135.14 F1500
G1 X90.52 Y134.84 F1500
G1 X91.15 Y133.41 F1500
G1 X91.57 Y133.07 F1500
G1 X92.41 Y134.69 F1500
G1 X92.83 Y135.16 F1500
G1 X93.04 Y135.02 F1500
G1 X94.09 Y133.07 F1500
G1 X94.51 Y133.44 F1500
G1 X95.13 Y134.86 F1500
G1 X95.34 Y135.12 F1500
G1 X95.55 Y135.13 F1500
G1 X96.39 Y133.46 F1500
G1 X96.81 Y133.07 F1500
G1 X97.23 Y133.63 F1500
G1 X97.86 Y135.00 F1500
G1 X98.07 Y135.16 F1500
G1 X98.49 Y134.72 F1500
G1 X99.32 Y133.08 F1500
G1 X99.74 Y133.39 F1500
G1 X100.37 Y134.82 F1500
G1 X100.79 Y135.14 F1500
G1 X101.63 Y133.52 F1500
G1 X102.05 Y133.06 F1500
G1 X102.26 Y133.20 F1500
G1 X103.31 Y135.15 F1500
G1 X103.73 Y134.77 F1500
G1 X104.35 Y133.35 F1500
G1 X104.56 Y133.10 F1500
G1 X104.77 Y133.09 F1500
G1 X105.61 Y134.76 F1500
G1 X106.03 Y135.15 F1500
G1 X107.08 Y133.21 F1500
G1 X107.29 Y133.06 F1500
G1 X107.71 Y133.51 F1500
G1 X108.54 Y135.14 F1500
G1 X108.96 Y134.83 F1500
G1 X109.59 Y133.40 F1500
G1 X110.01 Y133.08 F1500
G1 X110.85 Y134.71 F1500
G1 X111.27 Y135.16 F1500
G1 X111.48 Y135.01 F1500
G1 X112.53 Y133.07 F1500
G1 X112.95 Y133.45 F1500
G1 X113.78 Y135.13 F1500
G1 X113.99 Y135.12 F1500
G1 X114.20 Y134.87 F1500
G1 X114.83 Y133.45 F1500
G1 X115.25 Y133.07 F1500
G1 X116.30 Y135.01 F1500
G1 X116.51 Y135.16 F1500
G1 X116.72 Y135.04 F1500
G1 X117.35 Y133.87 F1500
G1 X117.56 Y134.11 F1500
G1 X180.00 Y134.11 F1500
G1 X180.00 Y134.32 F1500
G1 X180.00 Y134.53 F1500
G1 X180.00 Y134.74 F1500
G1 X180.00 Y134.95 F1500
G1 X180.00 Y135.16 F1500
G1 X180.00 Y135.16 F1500
G1 X119.86 Y135.16 F1500
G1 X119.65 Y135.18 F1500
G1 X119.23 Y136.19 F1500
G1 X118.81 Y135.88 F1500
G1 X118.18 Y134.45 F1500
G1 X117.76 Y134.12 F1500
G1 X116.93 Y135.75 F1500
G1 X116.51 Y136.20 F1500
G1 X116.30 Y136.06 F1500
G1 X115.25 Y134.12 F1500
G1 X114.83 Y134.50 F1500
G1 X114.20 Y135.92 F1500
G1 X113.99 Y136.17 F1500
G1 X113.78 Y136.17 F1500
G1 X112.95 Y134.50 F1500
G1 X112.53 Y134.12 F1500
G1 X111.48 Y136.06 F1500
G1 X111.27 Y136.20 F1500
G1 X110.85 Y135.75 F1500
G1 X110.01 Y134.13 F1500
G1 X109.59 Y134.44 F1500
G1 X108.96 Y135.87 F1500
G1 X108.54 Y136.19 F1500
G1 X107.71 Y134.56 F1500
G1 X107.29 Y134.11 F1500
G1 X107.08 Y134.26 F1500
G1 X106.03 Y136.20 F1500
G1 X105.61 Y135.81 F1500
G1 X104.77 Y134.14 F1500
G1 X104.56 Y134.14 F1500
G1 X104.35 Y134.40 F1500
G1 X103.73 Y135.82 F1500
G1 X103.31 Y136.20 F1500
G1 X102.26 Y134.25 F1500
G1 X102.05 Y134.11 F1500
G1 X101.63 Y134.57 F1500
G1 X100.79 Y136.19 F1500
G1 X100.37 Y135.86 F1500
G1 X99.74 Y134.43 F1500
G1 X99.32 Y134.13 F1500
G1 X98.49 Y135.77 F1500
G1 X98.07 Y136.20 F1500
G1 X97.86 Y136.05 F1500
G1 X97.23 Y134.68 F1500
G1 X96.81 Y134.11 F1500
G1 X96.39 Y134.51 F1500
G1 X95.55 Y136.18 F1500
G1 X95.34 Y136.17 F1500
G1 X95.13 Y135.91 F1500
G1 X94.51 Y134.49 F1500
G1 X94.09 Y134.12 F1500
G1 X93.04 Y136.07 F1500
G1 X92.83 Y136.20 F1500
G1 X92.41 Y135.74 F1500
G1 X91.57 Y134.12 F1500
G1 X91.15 Y134.46 F1500
G1 X90.52 Y135.89 F1500
G1 X90.10 Y136.18 F1500
G1 X89.27 Y134.54 F1500
G1 X88.85 Y134.11 F1500
G1 X87.59 Y136.20 F1500
G1 X87.17 Y135.80 F1500
G1 X86.33 Y134.14 F1500
G1 X86.12 Y134.15 F1500
G1 X85.91 Y134.41 F1500
G1 X85.29 Y135.83 F1500
G1 X84.87 Y136.20 F1500
G1 X83.82 Y134.24 F1500
G1 X83.61 Y134.11 F1500
G1 X83.40 Y134.23 F1500
G1 X82.35 Y136.19 F1500
G1 X81.93 Y135.85 F1500
G1 X81.30 Y134.42 F1500
G1 X81.09 Y134.15 F1500
G1 X80.88 Y134.13 F1500
G1 X80.05 Y135.78 F1500
G1 X79.63 Y136.20 F1500
G1 X78.37 Y134.11 F1500
G1 X77.95 Y134.53 F1500
G1 X77.11 Y136.18 F1500
G1 X76.90 Y136.16 F1500
G1 X76.69 Y135.90 F1500
G1 X76.07 Y134.47 F1500
G1 X75.65 Y134.12 F1500
G1 X74.60 Y136.08 F1500
G1 X74.39 Y136.20 F1500
G1 X74.18 Y136.08 F1500
G1 X73.13 Y134.12 F1500
G1 X72.71 Y134.47 F1500
G1 X72.08 Y135.90 F1500
G1 X71.87 Y136.16 F1500
G1 X71.66 Y136.18 F1500
G1 X70.83 Y134.53 F1500
G1 X70.41 Y134.11 F1500
G1 X69.15 Y136.20 F1500
G1 X68.73 Y135.78 F1500
G1 X67.89 Y134.13 F1500
G1 X67.68 Y134.15 F1500
G1 X67.47 Y134.42 F1500
G1 X66.85 Y135.85 F1500
G1 X66.43 Y136.19 F1500
G1 X65.38 Y134.23 F1500
G1 X65.17 Y134.11 F1500
G1 X64.96 Y134.24 F1500
G1 X63.91 Y136.20 F1500
G1 X63.49 Y135.83 F1500
G1 X62.86 Y134.41 F1500
G1 X62.65 Y134.15 F1500
G1 X62.44 Y134.14 F1500
G1 X61.61 Y135.80 F1500
G1 X61.19 Y136.20 F1500
G1 X60.56 Y135.15 F1500
G1 X0.00 Y135.16 F1500
G1 X0.00 Y135.37 F1500
G1 X0.00 Y135.58 F1500
G1 X0.00 Y135.79 F1500
G1 X0.00 Y136.00 F1500
G1 X0.00 Y136.20 F1500
G1 X0.00 Y136.20 F1500
G1 X58.25 Y136.20 F1500
G1 X58.46 Y136.33 F1500
G1 X58.67 Y137.23 F1500
G1 X59.51 Y135.59 F1500
G1 X59.93 Y135.16 F1500
G1 X61.19 Y137.25 F1500
G1 X61.61 Y136.84 F1500
G1 X62.44 Y135.18 F1500
G1 X62.65 Y135.20 F1500
G1 X62.86 Y135.46 F1500
G1 X63.49 Y136.88 F1500
G1 X63.91 Y137.24 F1500
G1 X64.96 Y135.29 F1500
G1 X65.17 Y135.16 F1500
G1 X65.38 Y135.28 F1500
G1 X66.43 Y137.24 F1500
G1 X66.85 Y136.90 F1500
G1 X67.47 Y135.47 F1500
G1 X67.68 Y135.20 F1500
G1 X67.89 Y135.18 F1500
G1 X68.73 Y136.83 F1500
G1 X69.15 Y137.25 F1500
G1 X70.41 Y135.16 F1500
G1 X70.83 Y135.57 F1500
G1 X71.66 Y137.23 F1500
G1 X71.87 Y137.21 F1500
G1 X72.08 Y136.95 F1500
G1 X72.71 Y135.52 F1500
G1 X73.13 Y135.17 F1500
G1 X74.18 Y137.12 F1500
G1 X74.39 Y137.25 F1500
G1 X74.60 Y137.12 F1500
G1 X75.65 Y135.17 F1500
G1 X76.07 Y135.52 F1500
G1 X76.69 Y136.95 F1500
G1 X76.90 Y137.21 F1500
G1 X77.11 Y137.23 F1500
G1 X77.95 Y135.57 F1500
G1 X78.37 Y135.16 F1500
G1 X79.63 Y137.25 F1500
G1 X80.05 Y136.83 F1500
G1 X80.88 Y135.18 F1500
G1 X81.09 Y135.20 F1500
G1 X81.30 Y135.47 F1500
G1 X81.93 Y136.90 F1500
G1 X82.35 Y137.24 F1500
G1 X83.40 Y135.28 F1500
G1 X83.61 Y135.16 F1500
G1 X83.82 Y135.29 F1500
G1 X84.87 Y137.24 F1500
G1 X85.29 Y136.88 F1500
G1 X85.91 Y135.46 F1500
G1 X86.12 Y135.20 F1500
G1 X86.33 Y135.18 F1500
G1 X87.17 Y136.84 F1500
G1 X87.59 Y137.25 F1500
G1 X88.85 Y135.16 F1500
G1 X89.27 Y135.59 F1500
G1 X90.10 Y137.23 F1500
G1 X90.52 Y136.93 F1500
G1 X91.15 Y135.51 F1500
G1 X91.57 Y135.17 F1500
G1 X92.41 Y136.79 F1500
G1 X92.83 Y137.25 F1500
G1 X93.04 Y137.12 F1500
G1 X94.09 Y135.17 F1500
G1 X94.51 Y135.53 F1500
G1 X95.13 Y136.96 F1500
G1 X95.34 Y137.22 F1500
G1 X95.55 Y137.22 F1500
G1 X96.39 Y135.56 F1500
G1 X96.81 Y135.16 F1500
G1 X97.23 Y135.72 F1500
G1 X97.86 Y137.10 F1500
G1 X98.07 Y137.25 F1500
G1 X98.49 Y136.81 F1500
G1 X99.32 Y135.18 F1500
G1 X99.74 Y135.48 F1500
G1 X100.37 Y136.91 F1500
G1 X100.79 Y137.24 F1500
G1 X101.63 Y135.62 F1500
G1 X102.05 Y135.16 F1500
G1 X102.26 Y135.30 F1500
G1 X103.31 Y137.25 F1500
G1 X103.73 Y136.87 F1500
G1 X104.35 Y135.44 F1500
G1 X104.56 Y135.19 F1500
G1 X104.77 Y135.19 F1500
G1 X105.61 Y136.86 F1500
G1 X106.03 Y137.25 F1500
G1 X107.08 Y135.31 F1500
G1 X107.29 Y135.16 F1500
G1 X107.71 Y135.60 F1500
G1 X108.54 Y137.24 F1500
G1 X108.96 Y136.92 F1500
G1 X109.59 Y135.49 F1500
G1 X110.01 Y135.17 F1500
G1 X110.85 Y136.80 F1500
G1 X111.27 Y137.25 F1500
G1 X111.48 Y137.11 F1500
G1 X112.53 Y135.16 F1500
G1 X112.95 Y135.55 F1500
G1 X113.78 Y137.22 F1500
G1 X113.99 Y137.22 F1500
G1 X114.20 Y136.97 F1500
G1 X114.83 Y135.54 F1500
G1 X115.25 Y135.16 F1500
G1 X116.30 Y137.11 F1500
G1 X116.51 Y137.25 F1500
G1 X116.93 Y136.80 F1500
G1 X117.76 Y135.17 F1500
G1 X118.18 Y135.50 F1500
G1 X118.81 Y136.92 F1500
G1 X119.23 Y137.23 F1500
G1 X120.07 Y135.60 F1500
G1 X120.49 Y135.16 F1500
G1 X120.91 Y135.68 F1500
G1 X121.33 Y136.68 F1500
G1 X121.75 Y136.20 F1500
G1 X180.00 Y136.20 F1500
G1 X180.00 Y136.41 F1500
G1 X180.00 Y136.62 F1500
G1 X180.00 Y136.83 F1500
G1 X180.00 Y137.04 F1500
G1 X180.00 Y137.25 F1500
G1 X180.00 Y137.25 F1500
G1 X123.42 Y137.25 F1500
G1 X123.00 Y136.23 F1500
G1 X122.17 Y137.90 F1500
G1 X121.75 Y138.30 F1500
G1 X121.54 Y138.12 F1500
G1 X120.70 Y136.36 F1500
G1 X120.49 Y136.21 F1500
G1 X120.07 Y136.65 F1500
G1 X119.23 Y138.28 F1500
G1 X118.81 Y137.97 F1500
G1 X118.18 Y136.54 F1500
G1 X117.76 Y136.22 F1500
G1 X116.93 Y137.85 F1500
G1 X116.51 Y138.30 F1500
G1 X116.30 Y138.16 F1500
G1 X115.25 Y136.21 F1500
G1 X114.83 Y136.59 F1500
G1 X114.20 Y138.02 F1500
G1 X113.99 Y138.27 F1500
G1 X113.78 Y138.27 F1500
G1 X112.95 Y136.60 F1500
G1 X112.53 Y136.21 F1500
G1 X111.48 Y138.15 F1500
G1 X111.27 Y138.30 F1500
G1 X110.85 Y137.85 F1500
G1 X110.01 Y136.22 F1500
G1 X109.59 Y136.54 F1500
G1 X108.96 Y137.97 F1500
G1 X108.54 Y138.28 F1500
G1 X107.71 Y136.65 F1500
G1 X107.29 Y136.21 F1500
G1 X107.08 Y136.35 F1500
G1 X106.03 Y138.29 F1500
G1 X105.61 Y137.91 F1500
G1 X104.77 Y136.24 F1500
G1 X104.56 Y136.24 F1500
G1 X104.35 Y136.49 F1500
G1 X103.73 Y137.92 F1500
G1 X103.31 Y138.29 F1500
G1 X102.26 Y136.35 F1500
G1 X102.05 Y136.21 F1500
G1 X101.63 Y136.66 F1500
G1 X100.79 Y138.29 F1500
G1 X100.37 Y137.96 F1500
G1 X99.74 Y136.53 F1500
G1 X99.32 Y136.22 F1500
G1 X98.49 Y137.86 F1500
G1 X98.07 Y138.30 F1500
G1 X97.86 Y138.15 F1500
G1 X97.23 Y136.77 F1500
G1 X96.81 Y136.21 F1500
G1 X96.39 Y136.61 F1500
G1 X95.55 Y138.27 F1500
G1 X95.34 Y138.26 F1500
G1 X95.13 Y138.01 F1500
G1 X94.51 Y136.58 F1500
G1 X94.09 Y136.21 F1500
G1 X93.04 Y138.16 F1500
G1 X92.83 Y138.30 F1500
G1 X92.41 Y137.83 F1500
G1 X91.57 Y136.22 F1500
G1 X91.15 Y136.55 F1500
G1 X90.52 Y137.98 F1500
G1 X90.10 Y138.28 F1500
G1 X89.27 Y136.64 F1500
G1 X88.85 Y136.21 F1500
G1 X87.59 Y138.30 F1500
G1 X87.17 Y137.89 F1500
G1 X86.33 Y136.23 F1500
G1 X86.12 Y136.24 F1500
G1 X85.91 Y136.50 F1500
G1 X85.29 Y137.93 F1500
G1 X84.87 Y138.29 F1500
G1 X83.82 Y136.34 F1500
G1 X83.61 Y136.20 F1500
G1 X83.40 Y136.33 F1500
G1 X82.35 Y138.29 F1500
G1 X81.93 Y137.94 F1500
G1 X81.30 Y136.52 F1500
G1 X81.09 Y136.25 F1500
G1 X80.88 Y136.23 F1500
G1 X80.05 Y137.88 F1500
G1 X79.63 Y138.30 F1500
G1 X78.37 Y136.21 F1500
G1 X77.95 Y136.62 F1500
G1 X77.11 Y138.28 F1500
G1 X76.90 Y138.26 F1500
G1 X76.69 Y138.00 F1500
G1 X76.07 Y136.57 F1500
G1 X75.65 Y136.22 F1500
G1 X74.60 Y138.17 F1500
G1 X74.39 Y138.30 F1500
G1 X74.18 Y138.17 F1500
G1 X73.13 Y136.22 F1500
G1 X72.71 Y136.57 F1500
G1 X72.08 Y138.00 F1500
G1 X71.87 Y138.26 F1500
G1 X71.66 Y138.28 F1500
G1 X70.83 Y136.62 F1500
G1 X70.41 Y136.21 F1500
G1 X69.15 Y138.30 F1500
G1 X68.73 Y137.88 F1500
G1 X67.89 Y136.23 F1500
G1 X67.68 Y136.25 F1500
G1 X67.47 Y136.52 F1500
G1 X66.85 Y137.94 F1500
G1 X66.43 Y138.29 F1500
G1 X65.38 Y136.33 F1500
G1 X65.17 Y136.20 F1500
G1 X64.96 Y136.34 F1500
G1 X63.91 Y138.29 F1500
G1 X63.49 Y137.93 F1500
G1 X62.86 Y136.50 F1500
G1 X62.65 Y136.24 F1500
G1 X62.44 Y136.23 F1500
G1 X61.61 Y137.89 F1500
G1 X61.19 Y138.30 F1500
G1 X59.93 Y136.21 F1500
G1 X59.51 Y136.64 F1500
G1 X58.67 Y138.28 F1500
G1 X58.25 Y137.98 F1500
G1 X57.63 Y136.55 F1500
G1 X57.21 Y136.22 F1500
G1 X56.58 Y137.25 F1500
G1 X0.00 Y137.25 F1500
G1 X0.00 Y137.46 F1500
G1 X0.00 Y137.67 F1500
G1 X0.00 Y137.88 F1500
G1 X0.00 Y138.09 F1500
G1 X0.00 Y138.30 F1500
G1 X0.00 Y138.30 F1500
G1 X54.90 Y138.30 F1500
G1 X55.11 Y137.97 F1500
G1 X55.74 Y139.21 F1500
G1 X55.95 Y139.35 F1500
G1 X56.37 Y138.88 F1500
G1 X57.21 Y137.27 F1500
G1 X57.63 Y137.60 F1500
G1 X58.25 Y139.03 F1500
G1 X58.67 Y139.33 F1500
G1 X59.51 Y137.68 F1500
G1 X59.93 Y137.25 F1500
G1 X61.19 Y139.34 F1500
G1 X61.61 Y138.94 F1500
G1 X62.44 Y137.28 F1500
G1 X62.65 Y137.29 F1500
G1 X62.86 Y137.55 F1500
G1 X63.49 Y138.98 F1500
G1 X63.91 Y139.34 F1500
G1 X64.96 Y137.39 F1500
G1 X65.17 Y137.25 F1500
G1 X65.38 Y137.38 F1500
G1 X66.43 Y139.34 F1500
G1 X66.85 Y138.99 F1500
G1 X67.47 Y137.56 F1500
G1 X67.68 Y137.30 F1500
G1 X67.89 Y137.28 F1500
G1 X68.73 Y138.92 F1500
G1 X69.15 Y139.35 F1500
G1 X70.41 Y137.26 F1500
G1 X70.83 Y137.67 F1500
G1 X71.66 Y139.32 F1500
G1 X71.87 Y139.31 F1500
G1 X72.08 Y139.04 F1500
G1 X72.71 Y137.62 F1500
G1 X73.13 Y137.26 F1500
G1 X74.18 Y139.22 F1500
G1 X74.39 Y139.35 F1500
G1 X74.60 Y139.22 F1500
G1 X75.65 Y137.26 F1500
G1 X76.07 Y137.62 F1500
G1 X76.69 Y139.04 F1500
G1 X76.90 Y139.31 F1500
G1 X77.11 Y139.32 F1500
G1 X77.95 Y137.67 F1500
G1 X78.37 Y137.26 F1500
G1 X79.63 Y139.35 F1500
G1 X80.05 Y138.92 F1500
G1 X80.88 Y137.28 F1500
G1 X81.09 Y137.30 F1500
G1 X81.30 Y137.56 F1500
G1 X81.93 Y138.99 F1500
G1 X82.35 Y139.34 F1500
G1 X83.40 Y137.38 F1500
G1 X83.61 Y137.25 F1500
G1 X83.82 Y137.39 F1500
G1 X84.87 Y139.34 F1500
G1 X85.29 Y138.98 F1500
G1 X85.91 Y137.55 F1500
G1 X86.12 Y137.29 F1500
G1 X86.33 Y137.28 F1500
G1 X87.17 Y138.94 F1500
G1 X87.59 Y139.34 F1500
G1 X88.85 Y137.25 F1500
G1 X89.27 Y137.68 F1500
G1 X90.10 Y139.33 F1500
G1 X90.52 Y139.03 F1500
G1 X91.15 Y137.60 F1500
G1 X91.57 Y137.27 F1500
G1 X92.41 Y138.88 F1500
G1 X92.83 Y139.35 F1500
G1 X93.04 Y139.21 F1500
G1 X94.09 Y137.26 F1500
G1 X94.51 Y137.63 F1500
G1 X95.13 Y139.06 F1500
G1 X95.34 Y139.31 F1500
G1 X95.55 Y139.32 F1500
G1 X96.39 Y137.65 F1500
G1 X96.81 Y137.26 F1500
G1 X97.23 Y137.82 F1500
G1 X97.86 Y139.19 F1500
G1 X98.07 Y139.35 F1500
G1 X98.49 Y138.91 F1500
G1 X99.32 Y137.27 F1500
G1 X99.74 Y137.58 F1500
G1 X100.37 Y139.01 F1500
G1 X100.79 Y139.33 F1500
G1 X101.63 Y137.71 F1500
G1 X102.05 Y137.25 F1500
G1 X102.26 Y137.39 F1500
G1 X103.31 Y139.34 F1500
G1 X103.73 Y138.96 F1500
G1 X104.35 Y137.54 F1500
G1 X104.56 Y137.29 F1500
G1 X104.77 Y137.28 F1500
G1 X105.61 Y138.95 F1500
G1 X106.03 Y139.34 F1500
G1 X107.08 Y137.40 F1500
G1 X107.29 Y137.25 F1500
G1 X107.71 Y137.70 F1500
G1 X108.54 Y139.33 F1500
G1 X108.96 Y139.02 F1500
G1 X109.59 Y137.59 F1500
G1 X110.01 Y137.27 F1500
G1 X110.85 Y138.90 F1500
G1 X111.27 Y139.35 F1500
G1 X111.48 Y139.20 F1500
G1 X112.53 Y137.26 F1500
G1 X112.95 Y137.64 F1500
G1 X113.78 Y139.32 F1500
G1 X113.99 Y139.31 F1500
G1 X114.20 Y139.07 F1500
G1 X114.83 Y137.64 F1500
G1 X115.25 Y137.26 F1500
G1 X116.30 Y139.20 F1500
G1 X116.51 Y139.35 F1500
G1 X116.93 Y138.89 F1500
G1 X117.76 Y137.27 F1500
G1 X118.18 Y137.59 F1500
G1 X118.81 Y139.02 F1500
G1 X119.23 Y139.33 F1500
G1 X120.07 Y137.70 F1500
G1 X120.49 Y137.25 F1500
G1 X120.70 Y137.40 F1500
G1 X121.54 Y139.17 F1500
G1 X121.75 Y139.34 F1500
G1 X122.17 Y138.95 F1500
G1 X123.00 Y137.28 F1500
G1 X123.21 Y137.29 F1500
G1 X123.42 Y137.54 F1500
G1 X124.05 Y138.97 F1500
G1 X124.47 Y139.34 F1500
G1 X125.10 Y138.30 F1500
G1 X180.00 Y138.30 F1500
G1 X180.00 Y138.51 F1500
G1 X180.00 Y138.72 F1500
G1 X180.00 Y138.93 F1500
G1 X180.00 Y139.14 F1500
G1 X180.00 Y139.35 F1500
G1 X180.00 Y139.35 F1500
G1 X126.57 Y139.42 F1500
G1 X125.73 Y138.30 F1500
G1 X125.52 Y138.44 F1500
G1 X124.47 Y140.39 F1500
G1 X124.05 Y140.02 F1500
G1 X123.42 Y138.59 F1500
G1 X123.21 Y138.34 F1500
G1 X123.00 Y138.33 F1500
G1 X122.17 Y140.00 F1500
G1 X121.75 Y140.39 F1500
G1 X121.54 Y140.21 F1500
G1 X120.70 Y138.45 F1500
G1 X120.49 Y138.30 F1500
G1 X120.07 Y138.74 F1500
G1 X119.23 Y140.38 F1500
G1 X118.81 Y140.07 F1500
G1 X118.18 Y138.64 F1500
G1 X117.76 Y138.32 F1500
G1 X116.93 Y139.94 F1500
G1 X116.51 Y140.40 F1500
G1 X116.30 Y140.25 F1500
G1 X115.25 Y138.31 F1500
G1 X114.83 Y138.69 F1500
G1 X114.20 Y140.11 F1500
G1 X113.99 Y140.36 F1500
G1 X113.78 Y140.36 F1500
G1 X112.95 Y138.69 F1500
G1 X112.53 Y138.31 F1500
G1 X111.48 Y140.25 F1500
G1 X111.27 Y140.40 F1500
G1 X110.85 Y139.95 F1500
G1 X110.01 Y138.32 F1500
G1 X109.59 Y138.64 F1500
G1 X108.96 Y140.06 F1500
G1 X108.54 Y140.38 F1500
G1 X107.71 Y138.75 F1500
G1 X107.29 Y138.30 F1500
G1 X107.08 Y138.45 F1500
G1 X106.03 Y140.39 F1500
G1 X105.61 Y140.00 F1500
G1 X104.77 Y138.33 F1500
G1 X104.56 Y138.33 F1500
G1 X104.35 Y138.59 F1500
G1 X103.73 Y140.01 F1500
G1 X103.31 Y140.39 F1500
G1 X102.26 Y138.44 F1500
G1 X102.05 Y138.30 F1500
G1 X101.63 Y138.76 F1500
G1 X100.79 Y140.38 F1500
G1 X100.37 Y140.05 F1500
G1 X99.74 Y138.63 F1500
G1 X99.32 Y138.32 F1500
G1 X98.49 Y139.96 F1500
G1 X98.07 Y140.39 F1500
G1 X97.86 Y140.24 F1500
G1 X97.23 Y138.87 F1500
G1 X96.81 Y138.30 F1500
G1 X96.39 Y138.70 F1500
G1 X95.55 Y140.37 F1500
G1 X95.34 Y140.36 F1500
G1 X95.13 Y140.10 F1500
G1 X94.51 Y138.68 F1500
G1 X94.09 Y138.31 F1500
G1 X93.04 Y140.26 F1500
G1 X92.83 Y140.40 F1500
G1 X92.41 Y139.93 F1500
G1 X91.57 Y138.31 F1500
G1 X91.15 Y138.65 F1500
G1 X90.52 Y140.08 F1500
G1 X90.10 Y140.38 F1500
G1 X89.27 Y138.73 F1500
G1 X88.85 Y138.30 F1500
G1 X87.59 Y140.39 F1500
G1 X87.17 Y139.99 F1500
G1 X86.33 Y138.33 F1500
G1 X86.12 Y138.34 F1500
G1 X85.91 Y138.60 F1500
G1 X85.29 Y140.03 F1500
G1 X84.87 Y140.39 F1500
G1 X83.82 Y138.43 F1500
G1 X83.61 Y138.30 F1500
G1 X83.40 Y138.42 F1500
G1 X82.35 Y140.38 F1500
G1 X81.93 Y140.04 F1500
G1 X81.30 Y138.61 F1500
G1 X81.09 Y138.34 F1500
G1 X80.88 Y138.32 F1500
G1 X80.05 Y139.97 F1500
G1 X79.63 Y140.39 F1500
G1 X78.37 Y138.30 F1500
G1 X77.95 Y138.72 F1500
G1 X77.11 Y140.37 F1500
G1 X76.90 Y140.35 F1500
G1 X76.69 Y140.09 F1500
G1 X76.07 Y138.66 F1500
G1 X75.65 Y138.31 F1500
G1 X74.60 Y140.27 F1500
G1 X74.39 Y140.40 F1500
G1 X74.18 Y140.27 F1500
G1 X73.13 Y138.31 F1500
G1 X72.71 Y138.66 F1500
G1 X72.08 Y140.09 F1500
G1 X71.87 Y140.35 F1500
G1 X71.66 Y140.37 F1500
G1 X70.83 Y138.72 F1500
G1 X70.41 Y138.30 F1500
G1 X69.15 Y140.39 F1500
G1 X68.73 Y139.97 F1500
G1 X67.89 Y138.32 F1500
G1 X67.68 Y138.34 F1500
G1 X67.47 Y138.61 F1500
G1 X66.85 Y140.04 F1500
G1 X66.43 Y140.38 F1500
G1 X65.38 Y138.42 F1500
G1 X65.17 Y138.30 F1500
G1 X64.96 Y138.43 F1500
G1 X63.91 Y140.39 F1500
G1 X63.49 Y140.03 F1500
G1 X62.86 Y138.60 F1500
G1 X62.65 Y138.34 F1500
G1 X62.44 Y138.33 F1500
G1 X61.61 Y139.99 F1500
G1 X61.19 Y140.39 F1500
G1 X59.93 Y138.30 F1500
G1 X59.51 Y138.73 F1500
G1 X58.67 Y140.38 F1500
G1 X58.25 Y140.08 F1500
G1 X57.63 Y138.65 F1500
G1 X57.21 Y138.31 F1500
G1 X56.37 Y139.93 F1500
G1 X55.95 Y140.40 F1500
G1 X55.74 Y140.26 F1500
G1 X54.69 Y138.31 F1500
G1 X54.27 Y138.68 F1500
G1 X53.64 Y140.10 F1500
G1 X53.43 Y139.47 F1500
G1 X53.22 Y139.35 F1500
G1 X0.00 Y139.35 F1500
G1 X0.00 Y139.56 F1500
G1 X0.00 Y139.77 F1500
G1 X0.00 Y139.98 F1500
G1 X0.00 Y140.19 F1500
G1 X0.00 Y140.40 F1500
G1 X0.00 Y140.40 F1500
G1 X51.76 Y140.40 F1500
G1 X51.97 Y140.17 F1500
G1 X52.18 Y139.43 F1500
G1 X53.22 Y141.41 F1500
G1 X53.43 Y141.41 F1500
G1 X53.64 Y141.15 F1500
G1 X54.27 Y139.73 F1500
G1 X54.69 Y139.36 F1500
G1 X55.74 Y141.31 F1500
G1 X55.95 Y141.44 F1500
G1 X56.37 Y140.98 F1500
G1 X57.21 Y139.36 F1500
G1 X57.63 Y139.70 F1500
G1 X58.25 Y141.13 F1500
G1 X58.67 Y141.42 F1500
G1 X59.51 Y139.78 F1500
G1 X59.93 Y139.35 F1500
G1 X61.19 Y141.44 F1500
G1 X61.61 Y141.03 F1500
G1 X62.44 Y139.37 F1500
G1 X62.65 Y139.39 F1500
G1 X62.86 Y139.65 F1500
G1 X63.49 Y141.07 F1500
G1 X63.91 Y141.43 F1500
G1 X64.96 Y139.48 F1500
G1 X65.17 Y139.35 F1500
G1 X65.38 Y139.47 F1500
G1 X66.43 Y141.43 F1500
G1 X66.85 Y141.09 F1500
G1 X67.47 Y139.66 F1500
G1 X67.68 Y139.39 F1500
G1 X67.89 Y139.37 F1500
G1 X68.73 Y141.02 F1500
G1 X69.15 Y141.44 F1500
G1 X70.41 Y139.35 F1500
G1 X70.83 Y139.77 F1500
G1 X71.66 Y141.42 F1500
G1 X71.87 Y141.40 F1500
G1 X72.08 Y141.14 F1500
G1 X72.71 Y139.71 F1500
G1 X73.13 Y139.36 F1500
G1 X74.18 Y141.32 F1500
G1 X74.39 Y141.44 F1500
G1 X74.60 Y141.32 F1500
G1 X75.65 Y139.36 F1500
G1 X76.07 Y139.71 F1500
G1 X76.69 Y141.14 F1500
G1 X76.90 Y141.40 F1500
G1 X77.11 Y141.42 F1500
G1 X77.95 Y139.77 F1500
G1 X78.37 Y139.35 F1500
G1 X79.63 Y141.44 F1500
G1 X80.05 Y141.02 F1500
G1 X80.88 Y139.37 F1500
G1 X81.09 Y139.39 F1500
G1 X81.30 Y139.66 F1500
G1 X81.93 Y141.09 F1500
G1 X82.35 Y141.43 F1500
G1 X83.40 Y139.47 F1500
G1 X83.61 Y139.35 F1500
G1 X83.82 Y139.48 F1500
G1 X84.87 Y141.43 F1500
G1 X85.29 Y141.07 F1500
G1 X85.91 Y139.65 F1500
G1 X86.12 Y139.39 F1500
G1 X86.33 Y139.37 F1500
G1 X87.17 Y141.03 F1500
G1 X87.59 Y141.44 F1500
G1 X88.85 Y139.35 F1500
G1 X89.27 Y139.78 F1500
G1 X90.10 Y141.42 F1500
G1 X90.52 Y141.13 F1500
G1 X91.15 Y139.70 F1500
G1 X91.57 Y139.36 F1500
G1 X92.41 Y140.98 F1500
G1 X92.83 Y141.44 F1500
G1 X93.04 Y141.31 F1500
G1 X94.09 Y139.36 F1500
G1 X94.51 Y139.73 F1500
G1 X95.13 Y141.15 F1500
G1 X95.34 Y141.41 F1500
G1 X95.55 Y141.41 F1500
G1 X96.39 Y139.75 F1500
G1 X96.81 Y139.35 F1500
G1 X97.23 Y139.91 F1500
G1 X97.86 Y141.29 F1500
G1 X98.07 Y141.44 F1500
G1 X98.49 Y141.00 F1500
G1 X99.32 Y139.37 F1500
G1 X99.74 Y139.67 F1500
G1 X100.37 Y141.10 F1500
G1 X100.79 Y141.43 F1500
G1 X101.63 Y139.81 F1500
G1 X102.05 Y139.35 F1500
G1 X102.26 Y139.49 F1500
G1 X103.31 Y141.44 F1500
G1 X103.73 Y141.06 F1500
G1 X104.35 Y139.63 F1500
G1 X104.56 Y139.38 F1500
G1 X104.77 Y139.38 F1500
G1 X105.61 Y141.05 F1500
G1 X106.03 Y141.44 F1500
G1 X107.08 Y139.50 F1500
G1 X107.29 Y139.35 F1500
G1 X107.71 Y139.80 F1500
G1 X108.54 Y141.43 F1500
G1 X108.96 Y141.11 F1500
G1 X109.59 Y139.68 F1500
G1 X110.01 Y139.36 F1500
G1 X110.85 Y140.99 F1500
G1 X111.27 Y141.44 F1500
G1 X111.48 Y141.30 F1500
G1 X112.53 Y139.35 F1500
G1 X112.95 Y139.74 F1500
G1 X113.78 Y141.41 F1500
G1 X113.99 Y141.41 F1500
G1 X114.20 Y141.16 F1500
G1 X114.83 Y139.74 F1500
G1 X115.25 Y139.35 F1500
G1 X116.30 Y141.30 F1500
G1 X116.51 Y141.44 F1500
G1 X116.93 Y140.99 F1500
G1 X117.76 Y139.36 F1500
G1 X118.18 Y139.69 F1500
G1 X118.81 Y141.12 F1500
G1 X119.23 Y141.43 F1500
G1 X120.07 Y139.79 F1500
G1 X120.49 Y139.35 F1500
G1 X120.70 Y139.50 F1500
G1 X121.54 Y141.26 F1500
G1 X121.75 Y141.44 F1500
G1 X122.17 Y141.04 F1500
G1 X123.00 Y139.38 F1500
G1 X123.21 Y139.38 F1500
G1 X123.42 Y139.64 F1500
G1 X124.05 Y141.06 F1500
G1 X124.47 Y141.44 F1500
G1 X125.52 Y139.49 F1500
G1 X125.73 Y139.35 F1500
G1 X126.15 Y139.81 F1500
G1 X126.98 Y141.43 F1500
G1 X127.40 Y141.10 F1500
G1 X127.82 Y140.12 F1500
G1 X128.24 Y140.40 F1500
G1 X180.00 Y140.40 F1500
G1 X180.00 Y140.61 F1500
G1 X180.00 Y140.81 F1500
G1 X180.00 Y141.02 F1500
G1 X180.00 Y141.23 F1500
G1 X180.00 Y141.44 F1500
G1 X180.00 Y141.44 F1500
G1 X129.50 Y141.44 F1500
G1 X129.29 Y141.98 F1500
G1 X128.45 Y140.42 F1500
G1 X128.03 Y140.72 F1500
G1 X127.40 Y142.15 F1500
G1 X126.98 Y142.48 F1500
G1 X126.15 Y140.86 F1500
G1 X125.73 Y140.40 F1500
G1 X125.52 Y140.54 F1500
G1 X124.47 Y142.48 F1500
G1 X124.05 Y142.11 F1500
G1 X123.42 Y140.68 F1500
G1 X123.21 Y140.43 F1500
G1 X123.00 Y140.43 F1500
G1 X122.17 Y142.09 F1500
G1 X121.75 Y142.49 F1500
G1 X121.54 Y142.31 F1500
G1 X120.70 Y140.55 F1500
G1 X120.49 Y140.40 F1500
G1 X120.07 Y140.84 F1500
G1 X119.23 Y142.47 F1500
G1 X118.81 Y142.16 F1500
G1 X118.18 Y140.73 F1500
G1 X117.76 Y140.41 F1500
G1 X116.93 Y142.04 F1500
G1 X116.51 Y142.49 F1500
G1 X116.30 Y142.35 F1500
G1 X115.25 Y140.40 F1500
G1 X114.83 Y140.78 F1500
G1 X114.20 Y142.21 F1500
G1 X113.99 Y142.46 F1500
G1 X113.78 Y142.46 F1500
G1 X112.95 Y140.79 F1500
G1 X112.53 Y140.40 F1500
G1 X111.48 Y142.34 F1500
G1 X111.27 Y142.49 F1500
G1 X110.85 Y142.04 F1500
G1 X110.01 Y140.41 F1500
G1 X109.59 Y140.73 F1500
G1 X108.96 Y142.16 F1500
G1 X108.54 Y142.47 F1500
G1 X107.71 Y140.84 F1500
G1 X107.29 Y140.40 F1500
G1 X107.08 Y140.54 F1500
G1 X106.03 Y142.49 F1500
G1 X105.61 Y142.10 F1500
G1 X104.77 Y140.43 F1500
G1 X104.56 Y140.43 F1500
G1 X104.35 Y140.68 F1500
G1 X103.73 Y142.11 F1500
G1 X103.31 Y142.48 F1500
G1 X102.26 Y140.54 F1500
G1 X102.05 Y140.40 F1500
G1 X101.63 Y140.85 F1500
G1 X100.79 Y142.48 F1500
G1 X100.37 Y142.15 F1500
G1 X99.74 Y140.72 F1500
G1 X99.32 Y140.41 F1500
G1 X98.49 Y142.05 F1500
G1 X98.07 Y142.49 F1500
G1 X97.86 Y142.34 F1500
G1 X97.23 Y140.96 F1500
G1 X96.81 Y140.40 F1500
G1 X96.39 Y140.80 F1500
G1 X95.55 Y142.46 F1500
G1 X95.34 Y142.45 F1500
G1 X95.13 Y142.20 F1500
G1 X94.51 Y140.77 F1500
G1 X94.09 Y140.40 F1500
G1 X93.04 Y142.35 F1500
G1 X92.83 Y142.49 F1500
G1 X92.41 Y142.03 F1500
G1 X91.57 Y140.41 F1500
G1 X91.15 Y140.74 F1500
G1 X90.52 Y142.17 F1500
G1 X90.10 Y142.47 F1500
G1 X89.27 Y140.83 F1500
G1 X88.85 Y140.40 F1500
G1 X87.59 Y142.49 F1500
G1 X87.17 Y142.08 F1500
G1 X86.33 Y140.42 F1500
G1 X86.12 Y140.43 F1500
G1 X85.91 Y140.69 F1500
G1 X85.29 Y142.12 F1500
G1 X84.87 Y142.48 F1500
G1 X83.82 Y140.53 F1500
G1 X83.61 Y140.40 F1500
G1 X83.40 Y140.52 F1500
G1 X82.35 Y142.48 F1500
G1 X81.93 Y142.14 F1500
G1 X81.30 Y140.71 F1500
G1 X81.09 Y140.44 F1500
G1 X80.88 Y140.42 F1500
G1 X80.05 Y142.07 F1500
G1 X79.63 Y142.49 F1500
G1 X78.37 Y140.40 F1500
G1 X77.95 Y140.81 F1500
G1 X77.11 Y142.47 F1500
G1 X76.90 Y142.45 F1500
G1 X76.69 Y142.19 F1500
G1 X76.07 Y140.76 F1500
G1 X75.65 Y140.41 F1500
G1 X74.60 Y142.36 F1500
G1 X74.39 Y142.49 F1500
G1 X74.18 Y142.36 F1500
G1 X73.13 Y140.41 F1500
G1 X72.71 Y140.76 F1500
G1 X72.08 Y142.19 F1500
G1 X71.87 Y142.45 F1500
G1 X71.66 Y142.47 F1500
G1 X70.83 Y140.81 F1500
G1 X70.41 Y140.40 F1500
G1 X69.15 Y142.49 F1500
G1 X68.73 Y142.07 F1500
G1 X67.89 Y140.42 F1500
G1 X67.68 Y140.44 F1500
G1 X67.47 Y140.71 F1500
G1 X66.85 Y142.14 F1500
G1 X66.43 Y142.48 F1500
G1 X65.38 Y140.52 F1500
G1 X65.17 Y140.40 F1500
G1 X64.96 Y140.53 F1500
G1 X63.91 Y142.48 F1500
G1 X63.49 Y142.12 F1500
G1 X62.86 Y140.69 F1500
G1 X62.65 Y140.43 F1500
G1 X62.44 Y140.42 F1500
G1 X61.61 Y142.08 F1500
G1 X61.19 Y142.49 F1500
G1 X59.93 Y140.40 F1500
G1 X59.51 Y140.83 F1500
G1 X58.67 Y142.47 F1500
G1 X58.25 Y142.17 F1500
G1 X57.63 Y140.74 F1500
G1 X57.21 Y140.41 F1500
G1 X56.37 Y142.03 F1500
G1 X55.95 Y142.49 F1500
G1 X55.74 Y142.35 F1500
G1 X54.69 Y140.40 F1500
G1 X54.27 Y140.77 F1500
G1 X53.64 Y142.20 F1500
G1 X53.43 Y142.45 F1500
G1 X53.22 Y142.46 F1500
G1 X52.39 Y140.80 F1500
G1 X51.97 Y140.40 F1500
G1 X51.55 Y140.96 F1500
G1 X50.92 Y142.34 F1500
G1 X50.71 Y142.22 F1500
G1 X50.50 Y141.44 F1500
G1 X0.00 Y141.44 F1500
G1 X0.00 Y141.65 F1500
G1 X0.00 Y141.86 F1500
G1 X0.00 Y142.07 F1500
G1 X0.00 Y142.28 F1500
G1 X0.00 Y142.49 F1500
G1 X0.00 Y142.49 F1500
G1 X49.24 Y142.49 F1500
G1 X49.45 Y141.46 F1500
G1 X50.29 Y143.10 F1500
G1 X50.71 Y143.54 F1500
G1 X50.92 Y143.39 F1500
G1 X51.55 Y142.01 F1500
G1 X51.97 Y141.45 F1500
G1 X52.39 Y141.85 F1500
G1 X53.22 Y143.51 F1500
G1 X53.43 Y143.50 F1500
G1 X53.64 Y143.25 F1500
G1 X54.27 Y141.82 F1500
G1 X54.69 Y141.45 F1500
G1 X55.74 Y143.40 F1500
G1 X55.95 Y143.54 F1500
G1 X56.37 Y143.07 F1500
G1 X57.21 Y141.46 F1500
G1 X57.63 Y141.79 F1500
G1 X58.25 Y143.22 F1500
G1 X58.67 Y143.52 F1500
G1 X59.51 Y141.88 F1500
G1 X59.93 Y141.45 F1500
G1 X61.19 Y143.54 F1500
G1 X61.61 Y143.13 F1500
G1 X62.44 Y141.47 F1500
G1 X62.65 Y141.48 F1500
G1 X62.86 Y141.74 F1500
G1 X63.49 Y143.17 F1500
G1 X63.91 Y143.53 F1500
G1 X64.96 Y141.58 F1500
G1 X65.17 Y141.44 F1500
G1 X65.38 Y141.57 F1500
G1 X66.43 Y143.53 F1500
G1 X66.85 Y143.18 F1500
G1 X67.47 Y141.76 F1500
G1 X67.68 Y141.49 F1500
G1 X67.89 Y141.47 F1500
G1 X68.73 Y143.11 F1500
G1 X69.15 Y143.54 F1500
G1 X70.41 Y141.45 F1500
G1 X70.83 Y141.86 F1500
G1 X71.66 Y143.51 F1500
G1 X71.87 Y143.50 F1500
G1 X72.08 Y143.23 F1500
G1 X72.71 Y141.81 F1500
G1 X73.13 Y141.45 F1500
G1 X74.18 Y143.41 F1500
G1 X74.39 Y143.54 F1500
G1 X74.60 Y143.41 F1500
G1 X75.65 Y141.45 F1500
G1 X76.07 Y141.81 F1500
G1 X76.69 Y143.23 F1500
G1 X76.90 Y143.50 F1500
G1 X77.11 Y143.51 F1500
G1 X77.95 Y141.86 F1500
G1 X78.37 Y141.45 F1500
G1 X79.63 Y143.54 F1500
G1 X80.05 Y143.11 F1500
G1 X80.88 Y141.47 F1500
G1 X81.09 Y141.49 F1500
G1 X81.30 Y141.76 F1500
G1 X81.93 Y143.18 F1500
G1 X82.35 Y143.53 F1500
G1 X83.40 Y141.57 F1500
G1 X83.61 Y141.44 F1500
G1 X83.82 Y141.58 F1500
G1 X84.87 Y143.53 F1500
G1 X85.29 Y143.17 F1500
G1 X85.91 Y141.74 F1500
G1 X86.12 Y141.48 F1500
G1 X86.33 Y141.47 F1500
G1 X87.17 Y143.13 F1500
G1 X87.59 Y143.54 F1500
G1 X88.85 Y141.45 F1500
G1 X89.27 Y141.88 F1500
G1 X90.10 Y143.52 F1500
G1 X90.52 Y143.22 F1500
G1 X91.15 Y141.79 F1500
G1 X91.57 Y141.46 F1500
G1 X92.41 Y143.07 F1500
G1 X92.83 Y143.54 F1500
G1 X93.04 Y143.40 F1500
G1 X94.09 Y141.45 F1500
G1 X94.51 Y141.82 F1500
G1 X95.13 Y143.25 F1500
G1 X95.34 Y143.50 F1500
G1 X95.55 Y143.51 F1500
G1 X96.39 Y141.85 F1500
G1 X96.81 Y141.45 F1500
G1 X97.23 Y142.01 F1500
G1 X97.86 Y143.39 F1500
G1 X98.07 Y143.54 F1500
G1 X98.49 Y143.10 F1500
G1 X99.32 Y141.46 F1500
G1 X99.74 Y141.77 F1500
G1 X100.37 Y143.20 F1500
G1 X100.79 Y143.52 F1500
G1 X101.63 Y141.90 F1500
G1 X102.05 Y141.44 F1500
G1 X102.26 Y141.59 F1500
G1 X103.31 Y143.53 F1500
G1 X103.73 Y143.15 F1500
G1 X104.35 Y141.73 F1500
G1 X104.56 Y141.48 F1500
G1 X104.77 Y141.47 F1500
G1 X105.61 Y143.14 F1500
G1 X106.03 Y143.53 F1500
G1 X107.08 Y141.59 F1500
G1 X107.29 Y141.44 F1500
G1 X107.71 Y141.89 F1500
G1 X108.54 Y143.52 F1500
G1 X108.96 Y143.21 F1500
G1 X109.59 Y141.78 F1500
G1 X110.01 Y141.46 F1500
G1 X110.85 Y143.09 F1500
G1 X111.27 Y143.54 F1500
G1 X111.48 Y143.39 F1500
G1 X112.53 Y141.45 F1500
G1 X112.95 Y141.83 F1500
G1 X113.78 Y143.51 F1500
G1 X113.99 Y143.51 F1500
G1 X114.20 Y143.26 F1500
G1 X114.83 Y141.83 F1500
G1 X115.25 Y141.45 F1500
G1 X116.30 Y143.39 F1500
G1 X116.51 Y143.54 F1500
G1 X116.93 Y143.08 F1500
G1 X117.76 Y141.46 F1500
G1 X118.18 Y141.78 F1500
G1 X118.81 Y143.21 F1500
G1 X119.23 Y143.52 F1500
G1 X120.07 Y141.89 F1500
G1 X120.49 Y141.44 F1500
G1 X120.70 Y141.59 F1500
G1 X121.54 Y143.36 F1500
G1 X121.75 Y143.53 F1500
G1 X122.17 Y143.14 F1500
G1 X123.00 Y141.47 F1500
G1 X123.21 Y141.48 F1500
G1 X123.42 Y141.73 F1500
G1 X124.05 Y143.16 F1500
G1 X124.47 Y143.53 F1500
G1 X125.52 Y141.58 F1500
G1 X125.73 Y141.44 F1500
G1 X126.15 Y141.91 F1500
G1 X126.98 Y143.52 F1500
G1 X127.40 Y143.19 F1500
G1 X128.03 Y141.77 F1500
G1 X128.45 Y141.46 F1500
G1 X129.29 Y143.10 F1500
G1 X129.71 Y143.54 F1500
G1 X130.13 Y143.01 F1500
G1 X130.55 Y142.01 F1500
G1 X130.76 Y142.49 F1500
G1 X180.00 Y142.49 F1500
G1 X180.00 Y142.70 F1500
G1 X180.00 Y142.91 F1500
G1 X180.00 Y143.12 F1500
G1 X180.00 Y143.33 F1500
G1 X180.00 Y143.54 F1500
G1 X180.00 Y143.54 F1500
G1 X132.01 Y143.54 F1500
G1 X131.80 Y143.89 F1500
G1 X131.39 Y142.90 F1500
G1 X130.97 Y142.50 F1500
G1 X129.71 Y144.59 F1500
G1 X129.29 Y144.15 F1500
G1 X128.45 Y142.51 F1500
G1 X128.03 Y142.81 F1500
G1 X127.40 Y144.24 F1500
G1 X126.98 Y144.57 F1500
G1 X126.15 Y142.95 F1500
G1 X125.73 Y142.49 F1500
G1 X125.52 Y142.63 F1500
G1 X124.47 Y144.58 F1500
G1 X124.05 Y144.21 F1500
G1 X123.42 Y142.78 F1500
G1 X123.21 Y142.53 F1500
G1 X123.00 Y142.52 F1500
G1 X122.17 Y144.19 F1500
G1 X121.75 Y144.58 F1500
G1 X121.54 Y144.41 F1500
G1 X120.70 Y142.64 F1500
G1 X120.49 Y142.49 F1500
G1 X120.07 Y142.93 F1500
G1 X119.23 Y144.57 F1500
G1 X118.81 Y144.26 F1500
G1 X118.18 Y142.83 F1500
G1 X117.76 Y142.51 F1500
G1 X116.93 Y144.13 F1500
G1 X116.51 Y144.59 F1500
G1 X116.30 Y144.44 F1500
G1 X115.25 Y142.50 F1500
G1 X114.83 Y142.88 F1500
G1 X114.20 Y144.30 F1500
G1 X113.99 Y144.55 F1500
G1 X113.78 Y144.55 F1500
G1 X112.95 Y142.88 F1500
G1 X112.53 Y142.50 F1500
G1 X111.48 Y144.44 F1500
G1 X111.27 Y144.59 F1500
G1 X110.85 Y144.14 F1500
G1 X110.01 Y142.51 F1500
G1 X109.59 Y142.83 F1500
G1 X108.96 Y144.25 F1500
G1 X108.54 Y144.57 F1500
G1 X107.71 Y142.94 F1500
G1 X107.29 Y142.49 F1500
G1 X107.08 Y142.64 F1500
G1 X106.03 Y144.58 F1500
G1 X105.61 Y144.19 F1500
G1 X104.77 Y142.52 F1500
G1 X104.56 Y142.53 F1500
G1 X104.35 Y142.78 F1500
G1 X103.73 Y144.20 F1500
G1 X103.31 Y144.58 F1500
G1 X102.26 Y142.63 F1500
G1 X102.05 Y142.49 F1500
G1 X101.63 Y142.95 F1500
G1 X100.79 Y144.57 F1500
G1 X100.37 Y144.24 F1500
G1 X99.74 Y142.82 F1500
G1 X99.32 Y142.51 F1500
G1 X98.49 Y144.15 F1500
G1 X98.07 Y144.59 F1500
G1 X97.86 Y144.43 F1500
G1 X97.23 Y143.06 F1500
G1 X96.81 Y142.50 F1500
G1 X96.39 Y142.89 F1500
G1 X95.55 Y144.56 F1500
G1 X95.34 Y144.55 F1500
G1 X95.13 Y144.29 F1500
G1 X94.51 Y142.87 F1500
G1 X94.09 Y142.50 F1500
G1 X93.04 Y144.45 F1500
G1 X92.83 Y144.59 F1500
G1 X92.41 Y144.12 F1500
G1 X91.57 Y142.50 F1500
G1 X91.15 Y142.84 F1500
G1 X90.52 Y144.27 F1500
G1 X90.10 Y144.57 F1500
G1 X89.27 Y142.92 F1500
G1 X88.85 Y142.49 F1500
G1 X87.59 Y144.58 F1500
G1 X87.17 Y144.18 F1500
G1 X86.33 Y142.52 F1500
G1 X86.12 Y142.53 F1500
G1 X85.91 Y142.79 F1500
G1 X85.29 Y144.22 F1500
G1 X84.87 Y144.58 F1500
G1 X83.82 Y142.62 F1500
G1 X83.61 Y142.49 F1500
G1 X83.40 Y142.62 F1500
G1 X82.35 Y144.57 F1500
G1 X81.93 Y144.23 F1500
G1 X81.30 Y142.80 F1500
G1 X81.09 Y142.54 F1500
G1 X80.88 Y142.51 F1500
G1 X80.05 Y144.16 F1500
G1 X79.63 Y144.58 F1500
G1 X78.37 Y142.49 F1500
G1 X77.95 Y142.91 F1500
G1 X77.11 Y144.56 F1500
G1 X76.90 Y144.55 F1500
G1 X76.69 Y144.28 F1500
G1 X76.07 Y142.85 F1500
G1 X75.65 Y142.50 F1500
G1 X74.60 Y144.46 F1500
G1 X74.39 Y144.59 F1500
G1 X74.18 Y144.46 F1500
G1 X73.13 Y142.50 F1500
G1 X72.71 Y142.85 F1500
G1 X72.08 Y144.28 F1500
G1 X71.87 Y144.54 F1500
G1 X71.66 Y144.56 F1500
G1 X70.83 Y142.91 F1500
G1 X70.41 Y142.49 F1500
G1 X69.15 Y144.58 F1500
G1 X68.73 Y144.16 F1500
G1 X67.89 Y142.51 F1500
G1 X67.68 Y142.54 F1500
G1 X67.47 Y142.80 F1500
G1 X66.85 Y144.23 F1500
G1 X66.43 Y144.57 F1500
G1 X65.38 Y142.62 F1500
G1 X65.17 Y142.49 F1500
G1 X64.96 Y142.62 F1500
G1 X63.91 Y144.58 F1500
G1 X63.49 Y144.22 F1500
G1 X62.86 Y142.79 F1500
G1 X62.65 Y142.53 F1500
G1 X62.44 Y142.52 F1500
G1 X61.61 Y144.18 F1500
G1 X61.19 Y144.58 F1500
G1 X59.93 Y142.49 F1500
G1 X59.51 Y142.92 F1500
G1 X58.67 Y144.57 F1500
G1 X58.25 Y144.27 F1500
G1 X57.63 Y142.84 F1500
G1 X57.21 Y142.50 F1500
G1 X56.37 Y144.12 F1500
G1 X55.95 Y144.59 F1500
G1 X55.74 Y144.45 F1500
G1 X54.69 Y142.50 F1500
G1 X54.27 Y142.87 F1500
G1 X53.64 Y144.29 F1500
G1 X53.43 Y144.55 F1500
G1 X53.22 Y144.56 F1500
G1 X52.39 Y142.89 F1500
G1 X51.97 Y142.50 F1500
G1 X51.55 Y143.06 F1500
G1 X50.92 Y144.43 F1500
G1 X50.71 Y144.59 F1500
G1 X50.29 Y144.15 F1500
G1 X49.45 Y142.51 F1500
G1 X49.03 Y142.82 F1500
G1 X48.20 Y144.53 F1500
G1 X47.99 Y143.54 F1500
G1 X0.00 Y143.54 F1500
G1 X0.00 Y143.75 F1500
G1 X0.00 Y143.96 F1500
G1 X0.00 Y144.17 F1500
G1 X0.00 Y144.38 F1500
G1 X0.00 Y144.59 F1500
G1 X0.00 Y144.59 F1500
G1 X46.73 Y144.59 F1500
G1 X46.94 Y143.94 F1500
G1 X47.15 Y144.00 F1500
G1 X47.99 Y145.62 F1500
G1 X48.41 Y145.29 F1500
G1 X49.03 Y143.86 F1500
G1 X49.45 Y143.56 F1500
G1 X50.29 Y145.20 F1500
G1 X50.71 Y145.63 F1500
G1 X50.92 Y145.48 F1500
G1 X51.55 Y144.10 F1500
G1 X51.97 Y143.54 F1500
G1 X52.39 Y143.94 F1500
G1 X53.22 Y145.61 F1500
G1 X53.43 Y145.60 F1500
G1 X53.64 Y145.34 F1500
G1 X54.27 Y143.92 F1500
G1 X54.69 Y143.55 F1500
G1 X55.74 Y145.50 F1500
G1 X55.95 Y145.63 F1500
G1 X56.37 Y145.17 F1500
G1 X57.21 Y143.55 F1500
G1 X57.63 Y143.89 F1500
G1 X58.25 Y145.32 F1500
G1 X58.67 Y145.61 F1500
G1 X59.51 Y143.97 F1500
G1 X59.93 Y143.54 F1500
G1 X61.19 Y145.63 F1500
G1 X61.61 Y145.22 F1500
G1 X62.44 Y143.57 F1500
G1 X62.65 Y143.58 F1500
G1 X62.86 Y143.84 F1500
G1 X63.49 Y145.26 F1500
G1 X63.91 Y145.63 F1500
G1 X64.96 Y143.67 F1500
G1 X65.17 Y143.54 F1500
G1 X65.38 Y143.66 F1500
G1 X66.43 Y145.62 F1500
G1 X66.85 Y145.28 F1500
G1 X67.47 Y143.85 F1500
G1 X67.68 Y143.58 F1500
G1 X67.89 Y143.56 F1500
G1 X68.73 Y145.21 F1500
G1 X69.15 Y145.63 F1500
G1 X70.41 Y143.54 F1500
G1 X70.83 Y143.96 F1500
G1 X71.66 Y145.61 F1500
G1 X71.87 Y145.59 F1500
G1 X72.08 Y145.33 F1500
G1 X72.71 Y143.90 F1500
G1 X73.13 Y143.55 F1500
G1 X74.18 Y145.51 F1500
G1 X74.39 Y145.63 F1500
G1 X74.60 Y145.51 F1500
G1 X75.65 Y143.55 F1500
G1 X76.07 Y143.90 F1500
G1 X76.69 Y145.33 F1500
G1 X76.90 Y145.59 F1500
G1 X77.11 Y145.61 F1500
G1 X77.95 Y143.96 F1500
G1 X78.37 Y143.54 F1500
G1 X79.63 Y145.63 F1500
G1 X80.05 Y145.21 F1500
G1 X80.88 Y143.56 F1500
G1 X81.09 Y143.58 F1500
G1 X81.30 Y143.85 F1500
G1 X81.93 Y145.28 F1500
G1 X82.35 Y145.62 F1500
G1 X83.40 Y143.66 F1500
G1 X83.61 Y143.54 F1500
G1 X83.82 Y143.67 F1500
G1 X84.87 Y145.63 F1500
G1 X85.29 Y145.26 F1500
G1 X85.91 Y143.84 F1500
G1 X86.12 Y143.58 F1500
G1 X86.33 Y143.57 F1500
G1 X87.17 Y145.22 F1500
G1 X87.59 Y145.63 F1500
G1 X88.85 Y143.54 F1500
G1 X89.27 Y143.97 F1500
G1 X90.10 Y145.61 F1500
G1 X90.52 Y145.32 F1500
G1 X91.15 Y143.89 F1500
G1 X91.57 Y143.55 F1500
G1 X92.41 Y145.17 F1500
G1 X92.83 Y145.63 F1500
G1 X93.04 Y145.50 F1500
G1 X94.09 Y143.55 F1500
G1 X94.51 Y143.92 F1500
G1 X95.13 Y145.34 F1500
G1 X95.34 Y145.60 F1500
G1 X95.55 Y145.61 F1500
G1 X96.39 Y143.94 F1500
G1 X96.81 Y143.54 F1500
G1 X97.23 Y144.10 F1500
G1 X97.86 Y145.48 F1500
G1 X98.07 Y145.63 F1500
G1 X98.49 Y145.20 F1500
G1 X99.32 Y143.56 F1500
G1 X99.74 Y143.86 F1500
G1 X100.37 Y145.29 F1500
G1 X100.79 Y145.62 F1500
G1 X101.63 Y144.00 F1500
G1 X102.05 Y143.54 F1500
G1 X102.26 Y143.68 F1500
G1 X103.31 Y145.63 F1500
G1 X103.73 Y145.25 F1500
G1 X104.35 Y143.82 F1500
G1 X104.56 Y143.57 F1500
G1 X104.77 Y143.57 F1500
G1 X105.61 Y145.24 F1500
G1 X106.03 Y145.63 F1500
G1 X107.08 Y143.69 F1500
G1 X107.29 Y143.54 F1500
G1 X107.71 Y143.99 F1500
G1 X108.54 Y145.62 F1500
G1 X108.96 Y145.30 F1500
G1 X109.59 Y143.87 F1500
G1 X110.01 Y143.56 F1500
G1 X110.85 Y145.18 F1500
G1 X111.27 Y145.63 F1500
G1 X111.48 Y145.49 F1500
G1 X112.53 Y143.54 F1500
G1 X112.95 Y143.93 F1500
G1 X113.78 Y145.60 F1500
G1 X113.99 Y145.60 F1500
G1 X114.20 Y145.35 F1500
G1 X114.83 Y143.93 F1500
G1 X115.25 Y143.55 F1500
G1 X116.30 Y145.49 F1500
G1 X116.51 Y145.63 F1500
G1 X116.93 Y145.18 F1500
G1 X117.76 Y143.55 F1500
G1 X118.18 Y143.88 F1500
G1 X118.81 Y145.31 F1500
G1 X119.23 Y145.62 F1500
G1 X120.07 Y143.98 F1500
G1 X120.49 Y143.54 F1500
G1 X120.70 Y143.69 F1500
G1 X121.54 Y145.45 F1500
G1 X121.75 Y145.63 F1500
G1 X122.17 Y145.24 F1500
G1 X123.00 Y143.57 F1500
G1 X123.21 Y143.57 F1500
G1 X123.42 Y143.83 F1500
G1 X124.05 Y145.25 F1500
G1 X124.47 Y145.63 F1500
G1 X125.52 Y143.68 F1500
G1 X125.73 Y143.54 F1500
G1 X126.15 Y144.00 F1500
G1 X126.98 Y145.62 F1500
G1 X127.40 Y145.29 F1500
G1 X128.03 Y143.86 F1500
G1 X128.45 Y143.56 F1500
G1 X129.29 Y145.20 F1500
G1 X129.71 Y145.63 F1500
G1 X130.97 Y143.54 F1500
G1 X131.39 Y143.94 F1500
G1 X132.22 Y145.61 F1500
G1 X132.43 Y145.60 F1500
G1 X132.64 Y145.34 F1500
G1 X133.06 Y144.44 F1500
G1 X133.27 Y144.59 F1500
G1 X180.00 Y144.59 F1500
G1 X180.00 Y144.80 F1500
G1 X180.00 Y145.01 F1500
G1 X180.00 Y145.22 F1500
G1 X180.00 Y145.42 F1500
G1 X180.00 Y145.63 F1500
G1 X180.00 Y145.63 F1500
G1 X134.32 Y145.63 F1500
G1 X133.69 Y144.60 F1500
G1 X133.27 Y144.96 F1500
G1 X132.64 Y146.39 F1500
G1 X132.43 Y146.64 F1500
G1 X132.22 Y146.65 F1500
G1 X131.39 Y144.99 F1500
G1 X130.97 Y144.59 F1500
G1 X129.71 Y146.68 F1500
G1 X129.29 Y146.25 F1500
G1 X128.45 Y144.61 F1500
G1 X128.03 Y144.91 F1500
G1 X127.40 Y146.34 F1500
G1 X126.98 Y146.67 F1500
G1 X126.15 Y145.05 F1500
G1 X125.73 Y144.59 F1500
G1 X125.52 Y144.73 F1500
G1 X124.47 Y146.67 F1500
G1 X124.05 Y146.30 F1500
G1 X123.42 Y144.88 F1500
G1 X123.21 Y144.62 F1500
G1 X123.00 Y144.62 F1500
G1 X122.17 Y146.28 F1500
G1 X121.75 Y146.68 F1500
G1 X121.54 Y146.50 F1500
G1 X120.70 Y144.74 F1500
G1 X120.49 Y144.59 F1500
G1 X120.07 Y145.03 F1500
G1 X119.23 Y146.66 F1500
G1 X118.81 Y146.35 F1500
G1 X118.18 Y144.93 F1500
G1 X117.76 Y144.60 F1500
G1 X116.93 Y146.23 F1500
G1 X116.51 Y146.68 F1500
G1 X116.30 Y146.54 F1500
G1 X115.25 Y144.59 F1500
G1 X114.83 Y144.97 F1500
G1 X114.20 Y146.40 F1500
G1 X113.99 Y146.65 F1500
G1 X113.78 Y146.65 F1500
G1 X112.95 Y144.98 F1500
G1 X112.53 Y144.59 F1500
G1 X111.48 Y146.54 F1500
G1 X111.27 Y146.68 F1500
G1 X110.85 Y146.23 F1500
G1 X110.01 Y144.60 F1500
G1 X109.59 Y144.92 F1500
G1 X108.96 Y146.35 F1500
G1 X108.54 Y146.66 F1500
G1 X107.71 Y145.03 F1500
G1 X107.29 Y144.59 F1500
G1 X107.08 Y144.74 F1500
G1 X106.03 Y146.68 F1500
G1 X105.61 Y146.29 F1500
G1 X104.77 Y144.62 F1500
G1 X104.56 Y144.62 F1500
G1 X104.35 Y144.87 F1500
G1 X103.73 Y146.30 F1500
G1 X103.31 Y146.68 F1500
G1 X102.26 Y144.73 F1500
G1 X102.05 Y144.59 F1500
G1 X101.63 Y145.05 F1500
G1 X100.79 Y146.67 F1500
G1 X100.37 Y146.34 F1500
G1 X99.74 Y144.91 F1500
G1 X99.32 Y144.61 F1500
G1 X98.49 Y146.24 F1500
G1 X98.07 Y146.68 F1500
G1 X97.86 Y146.53 F1500
G1 X97.23 Y145.15 F1500
G1 X96.81 Y144.59 F1500
G1 X96.39 Y144.99 F1500
G1 X95.55 Y146.65 F1500
G1 X95.34 Y146.65 F1500
G1 X95.13 Y146.39 F1500
G1 X94.51 Y144.96 F1500
G1 X94.09 Y144.59 F1500
G1 X93.04 Y146.54 F1500
G1 X92.83 Y146.68 F1500
G1 X92.41 Y146.22 F1500
G1 X91.57 Y144.60 F1500
G1 X91.15 Y144.94 F1500
G1 X90.52 Y146.36 F1500
G1 X90.10 Y146.66 F1500
G1 X89.27 Y145.02 F1500
G1 X88.85 Y144.59 F1500
G1 X87.59 Y146.68 F1500
G1 X87.17 Y146.27 F1500
G1 X86.33 Y144.61 F1500
G1 X86.12 Y144.63 F1500
G1 X85.91 Y144.89 F1500
G1 X85.29 Y146.31 F1500
G1 X84.87 Y146.67 F1500
G1 X83.82 Y144.72 F1500
G1 X83.61 Y144.59 F1500
G1 X83.40 Y144.71 F1500
G1 X82.35 Y146.67 F1500
G1 X81.93 Y146.33 F1500
G1 X81.30 Y144.90 F1500
G1 X81.09 Y144.63 F1500
G1 X80.88 Y144.61 F1500
G1 X80.05 Y146.26 F1500
G1 X79.63 Y146.68 F1500
G1 X78.37 Y144.59 F1500
G1 X77.95 Y145.00 F1500
G1 X77.11 Y146.66 F1500
G1 X76.90 Y146.64 F1500
G1 X76.69 Y146.38 F1500
G1 X76.07 Y144.95 F1500
G1 X75.65 Y144.60 F1500
G1 X74.60 Y146.55 F1500
G1 X74.39 Y146.68 F1500
G1 X74.18 Y146.55 F1500
G1 X73.13 Y144.60 F1500
G1 X72.71 Y144.95 F1500
G1 X72.08 Y146.38 F1500
G1 X71.87 Y146.64 F1500
G1 X71.66 Y146.66 F1500
G1 X70.83 Y145.00 F1500
G1 X70.41 Y144.59 F1500
G1 X69.15 Y146.68 F1500
G1 X68.73 Y146.26 F1500
G1 X67.89 Y144.61 F1500
G1 X67.68 Y144.63 F1500
G1 X67.47 Y144.90 F1500
G1 X66.85 Y146.33 F1500
G1 X66.43 Y146.67 F1500
G1 X65.38 Y144.71 F1500
G1 X65.17 Y144.59 F1500
G1 X64.96 Y144.72 F1500
G1 X63.91 Y146.67 F1500
G1 X63.49 Y146.31 F1500
G1 X62.86 Y144.89 F1500
G1 X62.65 Y144.63 F1500
G1 X62.44 Y144.61 F1500
G1 X61.61 Y146.27 F1500
G1 X61.19 Y146.68 F1500
G1 X59.93 Y144.59 F1500
G1 X59.51 Y145.02 F1500
G1 X58.67 Y146.66 F1500
G1 X58.25 Y146.36 F1500
G1 X57.63 Y144.94 F1500
G1 X57.21 Y144.60 F1500
G1 X56.37 Y146.22 F1500
G1 X55.95 Y146.68 F1500
G1 X55.74 Y146.54 F1500
G1 X54.69 Y144.59 F1500
G1 X54.27 Y144.96 F1500
G1 X53.64 Y146.39 F1500
G1 X53.43 Y146.65 F1500
G1 X53.22 Y146.65 F1500
G1 X52.39 Y144.99 F1500
G1 X51.97 Y144.59 F1500
G1 X51.55 Y145.15 F1500
G1 X50.92 Y146.53 F1500
G1 X50.71 Y146.68 F1500
G1 X50.29 Y146.24 F1500
G1 X49.45 Y144.61 F1500
G1 X49.03 Y144.91 F1500
G1 X48.41 Y146.34 F1500
G1 X47.99 Y146.67 F1500
G1 X47.15 Y145.05 F1500
G1 X46.73 Y144.59 F1500
G1 X46.31 Y145.09 F1500
G1 X45.89 Y146.10 F1500
G1 X45.68 Y145.63 F1500
G1 X0.00 Y145.63 F1500
G1 X0.00 Y145.84 F1500
G1 X0.00 Y146.05 F1500
G1 X0.00 Y146.26 F1500
G1 X0.00 Y146.47 F1500
G1 X0.00 Y146.68 F1500
G1 X0.00 Y146.68 F1500
G1 X44.63 Y146.67 F1500
G1 X45.26 Y147.65 F1500
G1 X45.47 Y147.72 F1500
G1 X46.52 Y145.78 F1500
G1 X46.73 Y145.63 F1500
G1 X47.15 Y146.09 F1500
G1 X47.99 Y147.72 F1500
G1 X48.41 Y147.39 F1500
G1 X49.03 Y145.96 F1500
G1 X49.45 Y145.65 F1500
G1 X50.29 Y147.29 F1500
G1 X50.71 Y147.73 F1500
G1 X50.92 Y147.58 F1500
G1 X51.55 Y146.20 F1500
G1 X51.97 Y145.64 F1500
G1 X52.39 Y146.04 F1500
G1 X53.22 Y147.70 F1500
G1 X53.43 Y147.69 F1500
G1 X53.64 Y147.44 F1500
G1 X54.27 Y146.01 F1500
G1 X54.69 Y145.64 F1500
G1 X55.74 Y147.59 F1500
G1 X55.95 Y147.73 F1500
G1 X56.37 Y147.26 F1500
G1 X57.21 Y145.65 F1500
G1 X57.63 Y145.98 F1500
G1 X58.25 Y147.41 F1500
G1 X58.67 Y147.71 F1500
G1 X59.51 Y146.07 F1500
G1 X59.93 Y145.64 F1500
G1 X61.19 Y147.73 F1500
G1 X61.61 Y147.32 F1500
G1 X62.44 Y145.66 F1500
G1 X62.65 Y145.67 F1500
G1 X62.86 Y145.93 F1500
G1 X63.49 Y147.36 F1500
G1 X63.91 Y147.72 F1500
G1 X64.96 Y145.77 F1500
G1 X65.17 Y145.63 F1500
G1 X65.38 Y145.76 F1500
G1 X66.43 Y147.72 F1500
G1 X66.85 Y147.37 F1500
G1 X67.47 Y145.95 F1500
G1 X67.68 Y145.68 F1500
G1 X67.89 Y145.66 F1500
G1 X68.73 Y147.31 F1500
G1 X69.15 Y147.73 F1500
G1 X70.41 Y145.64 F1500
G1 X70.83 Y146.05 F1500
G1 X71.66 Y147.71 F1500
G1 X71.87 Y147.69 F1500
G1 X72.08 Y147.42 F1500
G1 X72.71 Y146.00 F1500
G1 X73.13 Y145.64 F1500
G1 X74.18 Y147.60 F1500
G1 X74.39 Y147.73 F1500
G1 X74.60 Y147.60 F1500
G1 X75.65 Y145.64 F1500
G1 X76.07 Y146.00 F1500
G1 X76.69 Y147.42 F1500
G1 X76.90 Y147.69 F1500
G1 X77.11 Y147.71 F1500
G1 X77.95 Y146.05 F1500
G1 X78.37 Y145.64 F1500
G1 X79.63 Y147.73 F1500
G1 X80.05 Y147.31 F1500
G1 X80.88 Y145.66 F1500
G1 X81.09 Y145.68 F1500
G1 X81.30 Y145.95 F1500
G1 X81.93 Y147.37 F1500
G1 X82.35 Y147.72 F1500
G1 X83.40 Y145.76 F1500
G1 X83.61 Y145.63 F1500
G1 X83.82 Y145.77 F1500
G1 X84.87 Y147.72 F1500
G1 X85.29 Y147.36 F1500
G1 X85.91 Y145.93 F1500
G1 X86.12 Y145.67 F1500
G1 X86.33 Y145.66 F1500
G1 X87.17 Y147.32 F1500
G1 X87.59 Y147.73 F1500
G1 X88.85 Y145.64 F1500
G1 X89.27 Y146.07 F1500
G1 X90.10 Y147.71 F1500
G1 X90.52 Y147.41 F1500
G1 X91.15 Y145.98 F1500
G1 X91.57 Y145.65 F1500
G1 X92.41 Y147.26 F1500
G1 X92.83 Y147.73 F1500
G1 X93.04 Y147.59 F1500
G1 X94.09 Y145.64 F1500
G1 X94.51 Y146.01 F1500
G1 X95.13 Y147.44 F1500
G1 X95.34 Y147.69 F1500
G1 X95.55 Y147.70 F1500
G1 X96.39 Y146.04 F1500
G1 X96.81 Y145.64 F1500
G1 X97.23 Y146.20 F1500
G1 X97.86 Y147.58 F1500
G1 X98.07 Y147.73 F1500
G1 X98.49 Y147.29 F1500
G1 X99.32 Y145.65 F1500
G1 X99.74 Y145.96 F1500
G1 X100.37 Y147.39 F1500
G1 X100.79 Y147.72 F1500
G1 X101.63 Y146.09 F1500
G1 X102.05 Y145.63 F1500
G1 X102.26 Y145.78 F1500
G1 X103.31 Y147.72 F1500
G1 X103.73 Y147.35 F1500
G1 X104.35 Y145.92 F1500
G1 X104.56 Y145.67 F1500
G1 X104.77 Y145.67 F1500
G1 X105.61 Y147.33 F1500
G1 X106.03 Y147.72 F1500
G1 X107.08 Y145.78 F1500
G1 X107.29 Y145.64 F1500
G1 X107.71 Y146.08 F1500
G1 X108.54 Y147.71 F1500
G1 X108.96 Y147.40 F1500
G1 X109.59 Y145.97 F1500
G1 X110.01 Y145.65 F1500
G1 X110.85 Y147.28 F1500
G1 X111.27 Y147.73 F1500
G1 X111.48 Y147.58 F1500
G1 X112.53 Y145.64 F1500
G1 X112.95 Y146.03 F1500
G1 X113.78 Y147.70 F1500
G1 X113.99 Y147.70 F1500
G1 X114.20 Y147.45 F1500
G1 X114.83 Y146.02 F1500
G1 X115.25 Y145.64 F1500
G1 X116.30 Y147.59 F1500
G1 X116.51 Y147.73 F1500
G1 X116.93 Y147.28 F1500
G1 X117.76 Y145.65 F1500
G1 X118.18 Y145.97 F1500
G1 X118.81 Y147.40 F1500
G1 X119.23 Y147.71 F1500
G1 X120.07 Y146.08 F1500
G1 X120.49 Y145.64 F1500
G1 X120.70 Y145.79 F1500
G1 X121.54 Y147.55 F1500
G1 X121.75 Y147.72 F1500
G1 X122.17 Y147.33 F1500
G1 X123.00 Y145.66 F1500
G1 X123.21 Y145.67 F1500
G1 X123.42 Y145.92 F1500
G1 X124.05 Y147.35 F1500
G1 X124.47 Y147.72 F1500
G1 X125.52 Y145.77 F1500
G1 X125.73 Y145.63 F1500
G1 X126.15 Y146.10 F1500
G1 X126.98 Y147.72 F1500
G1 X127.40 Y147.38 F1500
G1 X128.03 Y145.96 F1500
G1 X128.45 Y145.65 F1500
G1 X129.29 Y147.29 F1500
G1 X129.71 Y147.73 F1500
G1 X130.97 Y145.64 F1500
G1 X131.39 Y146.04 F1500
G1 X132.22 Y147.70 F1500
G1 X132.43 Y147.69 F1500
G1 X132.64 Y147.43 F1500
G1 X133.27 Y146.01 F1500
G1 X133.69 Y145.64 F1500
G1 X134.74 Y147.59 F1500
G1 X134.95 Y147.73 F1500
G1 X135.16 Y147.61 F1500
G1 X135.37 Y146.74 F1500
G1 X135.58 Y146.68 F1500
G1 X180.00 Y146.68 F1500
G1 X180.00 Y146.89 F1500
G1 X180.00 Y147.10 F1500
G1 X180.00 Y147.31 F1500
G1 X180.00 Y147.52 F1500
G1 X180.00 Y147.73 F1500
G1 X180.00 Y147.73 F1500
G1 X136.62 Y147.73 F1500
G1 X136.41 Y147.64 F1500
G1 X136.20 Y146.69 F1500
G1 X135.16 Y148.66 F1500
G1 X134.95 Y148.78 F1500
G1 X134.74 Y148.64 F1500
G1 X133.69 Y146.69 F1500
G1 X133.27 Y147.06 F1500
G1 X132.64 Y148.48 F1500
G1 X132.43 Y148.74 F1500
G1 X132.22 Y148.75 F1500
G1 X131.39 Y147.09 F1500
G1 X130.97 Y146.69 F1500
G1 X129.71 Y148.78 F1500
G1 X129.29 Y148.34 F1500
G1 X128.45 Y146.70 F1500
G1 X128.03 Y147.00 F1500
G1 X127.40 Y148.43 F1500
G1 X126.98 Y148.76 F1500
G1 X126.15 Y147.14 F1500
G1 X125.73 Y146.68 F1500
G1 X125.52 Y146.82 F1500
G1 X124.47 Y148.77 F1500
G1 X124.05 Y148.40 F1500
G1 X123.42 Y146.97 F1500
G1 X123.21 Y146.72 F1500
G1 X123.00 Y146.71 F1500
G1 X122.17 Y148.38 F1500
G1 X121.75 Y148.77 F1500
G1 X121.54 Y148.60 F1500
G1 X120.70 Y146.83 F1500
G1 X120.49 Y146.68 F1500
G1 X120.07 Y147.13 F1500
G1 X119.23 Y148.76 F1500
G1 X118.81 Y148.45 F1500
G1 X118.18 Y147.02 F1500
G1 X117.76 Y146.70 F1500
G1 X116.93 Y148.32 F1500
G1 X116.51 Y148.78 F1500
G1 X116.30 Y148.63 F1500
G1 X115.25 Y146.69 F1500
G1 X114.83 Y147.07 F1500
G1 X114.20 Y148.49 F1500
G1 X113.99 Y148.74 F1500
G1 X113.78 Y148.75 F1500
G1 X112.95 Y147.07 F1500
G1 X112.53 Y146.69 F1500
G1 X111.48 Y148.63 F1500
G1 X111.27 Y148.78 F1500
G1 X110.85 Y148.33 F1500
G1 X110.01 Y146.70 F1500
G1 X109.59 Y147.02 F1500
G1 X108.96 Y148.45 F1500
G1 X108.54 Y148.76 F1500
G1 X107.71 Y147.13 F1500
G1 X107.29 Y146.68 F1500
G1 X107.08 Y146.83 F1500
G1 X106.03 Y148.77 F1500
G1 X105.61 Y148.38 F1500
G1 X104.77 Y146.71 F1500
G1 X104.56 Y146.72 F1500
G1 X104.35 Y146.97 F1500
G1 X103.73 Y148.39 F1500
G1 X103.31 Y148.77 F1500
G1 X102.26 Y146.82 F1500
G1 X102.05 Y146.68 F1500
G1 X101.63 Y147.14 F1500
G1 X100.79 Y148.76 F1500
G1 X100.37 Y148.44 F1500
G1 X99.74 Y147.01 F1500
G1 X99.32 Y146.70 F1500
G1 X98.49 Y148.34 F1500
G1 X98.07 Y148.78 F1500
G1 X97.86 Y148.62 F1500
G1 X97.23 Y147.25 F1500
G1 X96.81 Y146.69 F1500
G1 X96.39 Y147.08 F1500
G1 X95.55 Y148.75 F1500
G1 X95.34 Y148.74 F1500
G1 X95.13 Y148.49 F1500
G1 X94.51 Y147.06 F1500
G1 X94.09 Y146.69 F1500
G1 X93.04 Y148.64 F1500
G1 X92.83 Y148.78 F1500
G1 X92.41 Y148.31 F1500
G1 X91.57 Y146.70 F1500
G1 X91.15 Y147.03 F1500
G1 X90.52 Y148.46 F1500
G1 X90.10 Y148.76 F1500
G1 X89.27 Y147.11 F1500
G1 X88.85 Y146.68 F1500
G1 X87.59 Y148.77 F1500
G1 X87.17 Y148.37 F1500
G1 X86.33 Y146.71 F1500
G1 X86.12 Y146.72 F1500
G1 X85.91 Y146.98 F1500
G1 X85.29 Y148.41 F1500
G1 X84.87 Y148.77 F1500
G1 X83.82 Y146.81 F1500
G1 X83.61 Y146.68 F1500
G1 X83.40 Y146.81 F1500
G1 X82.35 Y148.77 F1500
G1 X81.93 Y148.42 F1500
G1 X81.30 Y146.99 F1500
G1 X81.09 Y146.73 F1500
G1 X80.88 Y146.70 F1500
G1 X80.05 Y148.35 F1500
G1 X79.63 Y148.78 F1500
G1 X78.37 Y146.69 F1500
G1 X77.95 Y147.10 F1500
G1 X77.11 Y148.75 F1500
G1 X76.90 Y148.74 F1500
G1 X76.69 Y148.47 F1500
G1 X76.07 Y147.05 F1500
G1 X75.65 Y146.69 F1500
G1 X74.60 Y148.65 F1500
G1 X74.39 Y148.78 F1500
G1 X74.18 Y148.65 F1500
G1 X73.13 Y146.69 F1500
G1 X72.71 Y147.05 F1500
G1 X72.08 Y148.47 F1500
G1 X71.87 Y148.74 F1500
G1 X71.66 Y148.75 F1500
G1 X70.83 Y147.10 F1500
G1 X70.41 Y146.69 F1500
G1 X69.15 Y148.78 F1500
G1 X68.73 Y148.35 F1500
G1 X67.89 Y146.70 F1500
G1 X67.68 Y146.73 F1500
G1 X67.47 Y146.99 F1500
G1 X66.85 Y148.42 F1500
G1 X66.43 Y148.77 F1500
G1 X65.38 Y146.81 F1500
G1 X65.17 Y146.68 F1500
G1 X64.96 Y146.81 F1500
G1 X63.91 Y148.77 F1500
G1 X63.49 Y148.41 F1500
G1 X62.86 Y146.98 F1500
G1 X62.65 Y146.72 F1500
G1 X62.44 Y146.71 F1500
G1 X61.61 Y148.37 F1500
G1 X61.19 Y148.77 F1500
G1 X59.93 Y146.68 F1500
G1 X59.51 Y147.11 F1500
G1 X58.67 Y148.76 F1500
G1 X58.25 Y148.46 F1500
G1 X57.63 Y147.03 F1500
G1 X57.21 Y146.70 F1500
G1 X56.37 Y148.31 F1500
G1 X55.95 Y148.78 F1500
G1 X55.74 Y148.64 F1500
G1 X54.69 Y146.69 F1500
G1 X54.27 Y147.06 F1500
G1 X53.64 Y148.49 F1500
G1 X53.43 Y148.74 F1500
G1 X53.22 Y148.75 F1500
G1 X52.39 Y147.08 F1500
G1 X51.97 Y146.69 F1500
G1 X51.55 Y147.25 F1500
G1 X50.92 Y148.62 F1500
G1 X50.71 Y148.78 F1500
G1 X50.29 Y148.34 F1500
G1 X49.45 Y146.70 F1500
G1 X49.03 Y147.01 F1500
G1 X48.41 Y148.44 F1500
G1 X47.99 Y148.76 F1500
G1 X47.15 Y147.14 F1500
G1 X46.73 Y146.68 F1500
G1 X46.52 Y146.82 F1500
G1 X45.47 Y148.77 F1500
G1 X45.05 Y148.39 F1500
G1 X44.21 Y146.72 F1500
G1 X44.00 Y146.71 F1500
G1 X43.80 Y146.96 F1500
G1 X43.59 Y147.69 F1500
G1 X43.38 Y147.73 F1500
G1 X0.00 Y147.73 F1500
G1 X0.00 Y147.94 F1500
G1 X0.00 Y148.15 F1500
G1 X0.00 Y148.36 F1500
G1 X0.00 Y148.57 F1500
G1 X0.00 Y148.78 F1500
G1 X0.00 Y148.78 F1500
G1 X42.54 Y148.78 F1500
G1 X42.75 Y149.70 F1500
G1 X42.96 Y149.74 F1500
G1 X43.80 Y148.01 F1500
G1 X44.00 Y147.76 F1500
G1 X44.21 Y147.76 F1500
G1 X45.05 Y149.44 F1500
G1 X45.47 Y149.82 F1500
G1 X46.52 Y147.87 F1500
G1 X46.73 Y147.73 F1500
G1 X47.15 Y148.19 F1500
G1 X47.99 Y149.81 F1500
G1 X48.41 Y149.48 F1500
G1 X49.03 Y148.06 F1500
G1 X49.45 Y147.75 F1500
G1 X50.29 Y149.39 F1500
G1 X50.71 Y149.82 F1500
G1 X50.92 Y149.67 F1500
G1 X51.55 Y148.30 F1500
G1 X51.97 Y147.73 F1500
G1 X52.39 Y148.13 F1500
G1 X53.22 Y149.80 F1500
G1 X53.43 Y149.79 F1500
G1 X53.64 Y149.53 F1500
G1 X54.27 Y148.11 F1500
G1 X54.69 Y147.74 F1500
G1 X55.74 Y149.69 F1500
G1 X55.95 Y149.83 F1500
G1 X56.37 Y149.36 F1500
G1 X57.21 Y147.74 F1500
G1 X57.63 Y148.08 F1500
G1 X58.25 Y149.51 F1500
G1 X58.67 Y149.80 F1500
G1 X59.51 Y148.16 F1500
G1 X59.93 Y147.73 F1500
G1 X61.19 Y149.82 F1500
G1 X61.61 Y149.42 F1500
G1 X62.44 Y147.76 F1500
G1 X62.65 Y147.77 F1500
G1 X62.86 Y148.03 F1500
G1 X63.49 Y149.46 F1500
G1 X63.91 Y149.82 F1500
G1 X64.96 Y147.86 F1500
G1 X65.17 Y147.73 F1500
G1 X65.38 Y147.85 F1500
G1 X66.43 Y149.81 F1500
G1 X66.85 Y149.47 F1500
G1 X67.47 Y148.04 F1500
G1 X67.68 Y147.77 F1500
G1 X67.89 Y147.75 F1500
G1 X68.73 Y149.40 F1500
G1 X69.15 Y149.82 F1500
G1 X70.41 Y147.73 F1500
G1 X70.83 Y148.15 F1500
G1 X71.66 Y149.80 F1500
G1 X71.87 Y149.78 F1500
G1 X72.08 Y149.52 F1500
G1 X72.71 Y148.09 F1500
G1 X73.13 Y147.74 F1500
G1 X74.18 Y149.70 F1500
G1 X74.39 Y149.83 F1500
G1 X74.60 Y149.70 F1500
G1 X75.65 Y147.74 F1500
G1 X76.07 Y148.09 F1500
G1 X76.69 Y149.52 F1500
G1 X76.90 Y149.78 F1500
G1 X77.11 Y149.80 F1500
G1 X77.95 Y148.15 F1500
G1 X78.37 Y147.73 F1500
G1 X79.63 Y149.82 F1500
G1 X80.05 Y149.40 F1500
G1 X80.88 Y147.75 F1500
G1 X81.09 Y147.77 F1500
G1 X81.30 Y148.04 F1500
G1 X81.93 Y149.47 F1500
G1 X82.35 Y149.81 F1500
G1 X83.40 Y147.85 F1500
G1 X83.61 Y147.73 F1500
G1 X83.82 Y147.86 F1500
G1 X84.87 Y149.82 F1500
G1 X85.29 Y149.46 F1500
G1 X85.91 Y148.03 F1500
G1 X86.12 Y147.77 F1500
G1 X86.33 Y147.76 F1500
G1 X87.17 Y149.42 F1500
G1 X87.59 Y149.82 F1500
G1 X88.85 Y147.73 F1500
G1 X89.27 Y148.16 F1500
G1 X90.10 Y149.80 F1500
G1 X90.52 Y149.51 F1500
G1 X91.15 Y148.08 F1500
G1 X91.57 Y147.74 F1500
G1 X92.41 Y149.36 F1500
G1 X92.83 Y149.83 F1500
G1 X93.04 Y149.69 F1500
G1 X94.09 Y147.74 F1500
G1 X94.51 Y148.11 F1500
G1 X95.13 Y149.53 F1500
G1 X95.34 Y149.79 F1500
G1 X95.55 Y149.80 F1500
G1 X96.39 Y148.13 F1500
G1 X96.81 Y147.73 F1500
G1 X97.23 Y148.30 F1500
G1 X97.86 Y149.67 F1500
G1 X98.07 Y149.82 F1500
G1 X98.49 Y149.39 F1500
G1 X99.32 Y147.75 F1500
G1 X99.74 Y148.06 F1500
G1 X100.37 Y149.48 F1500
G1 X100.79 Y149.81 F1500
G1 X101.63 Y148.19 F1500
G1 X102.05 Y147.73 F1500
G1 X102.26 Y147.87 F1500
G1 X103.31 Y149.82 F1500
G1 X103.73 Y149.44 F1500
G1 X104.35 Y148.02 F1500
G1 X104.56 Y147.76 F1500
G1 X104.77 Y147.76 F1500
G1 X105.61 Y149.43 F1500
G1 X106.03 Y149.82 F1500
G1 X107.08 Y147.88 F1500
G1 X107.29 Y147.73 F1500
G1 X107.71 Y148.18 F1500
G1 X108.54 Y149.81 F1500
G1 X108.96 Y149.49 F1500
G1 X109.59 Y148.07 F1500
G1 X110.01 Y147.75 F1500
G1 X110.85 Y149.37 F1500
G1 X111.27 Y149.82 F1500
G1 X111.48 Y149.68 F1500
G1 X112.53 Y147.74 F1500
G1 X112.95 Y148.12 F1500
G1 X113.78 Y149.79 F1500
G1 X113.99 Y149.79 F1500
G1 X114.20 Y149.54 F1500
G1 X114.83 Y148.12 F1500
G1 X115.25 Y147.74 F1500
G1 X116.30 Y149.68 F1500
G1 X116.51 Y149.82 F1500
G1 X116.93 Y149.37 F1500
G1 X117.76 Y147.75 F1500
G1 X118.18 Y148.07 F1500
G1 X118.81 Y149.50 F1500
G1 X119.23 Y149.81 F1500
G1 X120.07 Y148.17 F1500
G1 X120.49 Y147.73 F1500
G1 X120.70 Y147.88 F1500
G1 X121.54 Y149.64 F1500
G1 X121.75 Y149.82 F1500
G1 X122.17 Y149.43 F1500
G1 X123.00 Y147.76 F1500
G1 X123.21 Y147.77 F1500
G1 X123.42 Y148.02 F1500
G1 X124.05 Y149.44 F1500
G1 X124.47 Y149.82 F1500
G1 X125.52 Y147.87 F1500
G1 X125.73 Y147.73 F1500
G1 X126.15 Y148.19 F1500
G1 X126.98 Y149.81 F1500
G1 X127.40 Y149.48 F1500
G1 X128.03 Y148.05 F1500
G1 X128.45 Y147.75 F1500
G1 X129.29 Y149.39 F1500
G1 X129.71 Y149.82 F1500
G1 X130.97 Y147.73 F1500
G1 X131.39 Y148.14 F1500
G1 X132.22 Y149.80 F1500
G1 X132.43 Y149.79 F1500
G1 X132.64 Y149.53 F1500
G1 X133.27 Y148.10 F1500
G1 X133.69 Y147.74 F1500
G1 X134.74 Y149.69 F1500
G1 X134.95 Y149.83 F1500
G1 X135.16 Y149.70 F1500
G1 X136.20 Y147.74 F1500
G1 X136.62 Y148.08 F1500
G1 X137.25 Y149.42 F1500
G1 X137.46 Y148.78 F1500
G1 X180.00 Y148.78 F1500
G1 X180.00 Y148.99 F1500
G1 X180.00 Y149.20 F1500
G1 X180.00 Y149.41 F1500
G1 X180.00 Y149.62 F1500
G1 X180.00 Y149.83 F1500
G1 X180.00 Y149.83 F1500
G1 X138.30 Y149.81 F1500
G1 X137.67 Y150.85 F1500
G1 X137.46 Y150.83 F1500
G1 X137.25 Y150.56 F1500
G1 X136.62 Y149.13 F1500
G1 X136.20 Y148.79 F1500
G1 X135.16 Y150.75 F1500
G1 X134.95 Y150.87 F1500
G1 X134.74 Y150.74 F1500
G1 X133.69 Y148.79 F1500
G1 X133.27 Y149.15 F1500
G1 X132.64 Y150.58 F1500
G1 X132.43 Y150.84 F1500
G1 X132.22 Y150.85 F1500
G1 X131.39 Y149.18 F1500
G1 X130.97 Y148.78 F1500
G1 X129.71 Y150.87 F1500
G1 X129.29 Y150.44 F1500
G1 X128.45 Y148.80 F1500
G1 X128.03 Y149.10 F1500
G1 X127.40 Y150.53 F1500
G1 X126.98 Y150.86 F1500
G1 X126.15 Y149.24 F1500
G1 X125.73 Y148.78 F1500
G1 X125.52 Y148.92 F1500
G1 X124.47 Y150.87 F1500
G1 X124.05 Y150.49 F1500
G1 X123.42 Y149.07 F1500
G1 X123.21 Y148.81 F1500
G1 X123.00 Y148.81 F1500
G1 X122.17 Y150.47 F1500
G1 X121.75 Y150.87 F1500
G1 X121.54 Y150.69 F1500
G1 X120.70 Y148.93 F1500
G1 X120.49 Y148.78 F1500
G1 X120.07 Y149.22 F1500
G1 X119.23 Y150.86 F1500
G1 X118.81 Y150.54 F1500
G1 X118.18 Y149.12 F1500
G1 X117.76 Y148.79 F1500
G1 X116.93 Y150.42 F1500
G1 X116.51 Y150.87 F1500
G1 X116.30 Y150.73 F1500
G1 X115.25 Y148.78 F1500
G1 X114.83 Y149.17 F1500
G1 X114.20 Y150.59 F1500
G1 X113.99 Y150.84 F1500
G1 X113.78 Y150.84 F1500
G1 X112.95 Y149.17 F1500
G1 X112.53 Y148.78 F1500
G1 X111.48 Y150.73 F1500
G1 X111.27 Y150.87 F1500
G1 X110.85 Y150.42 F1500
G1 X110.01 Y148.79 F1500
G1 X109.59 Y149.11 F1500
G1 X108.96 Y150.54 F1500
G1 X108.54 Y150.86 F1500
G1 X107.71 Y149.22 F1500
G1 X107.29 Y148.78 F1500
G1 X107.08 Y148.93 F1500
G1 X106.03 Y150.87 F1500
G1 X105.61 Y150.48 F1500
G1 X104.77 Y148.81 F1500
G1 X104.56 Y148.81 F1500
G1 X104.35 Y149.06 F1500
G1 X103.73 Y150.49 F1500
G1 X103.31 Y150.87 F1500
G1 X102.26 Y148.92 F1500
G1 X102.05 Y148.78 F1500
G1 X101.63 Y149.24 F1500
G1 X100.79 Y150.86 F1500
G1 X100.37 Y150.53 F1500
G1 X99.74 Y149.10 F1500
G1 X99.32 Y148.80 F1500
G1 X98.49 Y150.43 F1500
G1 X98.07 Y150.87 F1500
G1 X97.86 Y150.72 F1500
G1 X97.23 Y149.34 F1500
G1 X96.81 Y148.78 F1500
G1 X96.39 Y149.18 F1500
G1 X95.55 Y150.84 F1500
G1 X95.34 Y150.84 F1500
G1 X95.13 Y150.58 F1500
G1 X94.51 Y149.15 F1500
G1 X94.09 Y148.79 F1500
G1 X93.04 Y150.74 F1500
G1 X92.83 Y150.87 F1500
G1 X92.41 Y150.41 F1500
G1 X91.57 Y148.79 F1500
G1 X91.15 Y149.13 F1500
G1 X90.52 Y150.55 F1500
G1 X90.10 Y150.85 F1500
G1 X89.27 Y149.21 F1500
G1 X88.85 Y148.78 F1500
G1 X87.59 Y150.87 F1500
G1 X87.17 Y150.46 F1500
G1 X86.33 Y148.80 F1500
G1 X86.12 Y148.82 F1500
G1 X85.91 Y149.08 F1500
G1 X85.29 Y150.50 F1500
G1 X84.87 Y150.86 F1500
G1 X83.82 Y148.91 F1500
G1 X83.61 Y148.78 F1500
G1 X83.40 Y148.90 F1500
G1 X82.35 Y150.86 F1500
G1 X81.93 Y150.52 F1500
G1 X81.30 Y149.09 F1500
G1 X81.09 Y148.82 F1500
G1 X80.88 Y148.80 F1500
G1 X80.05 Y150.45 F1500
G1 X79.63 Y150.87 F1500
G1 X78.37 Y148.78 F1500
G1 X77.95 Y149.19 F1500
G1 X77.11 Y150.85 F1500
G1 X76.90 Y150.83 F1500
G1 X76.69 Y150.57 F1500
G1 X76.07 Y149.14 F1500
G1 X75.65 Y148.79 F1500
G1 X74.60 Y150.74 F1500
G1 X74.39 Y150.87 F1500
G1 X74.18 Y150.74 F1500
G1 X73.13 Y148.79 F1500
G1 X72.71 Y149.14 F1500
G1 X72.08 Y150.57 F1500
G1 X71.87 Y150.83 F1500
G1 X71.66 Y150.85 F1500
G1 X70.83 Y149.19 F1500
G1 X70.41 Y148.78 F1500
G1 X69.15 Y150.87 F1500
G1 X68.73 Y150.45 F1500
G1 X67.89 Y148.80 F1500
G1 X67.68 Y148.82 F1500
G1 X67.47 Y149.09 F1500
G1 X66.85 Y150.52 F1500
G1 X66.43 Y150.86 F1500
G1 X65.38 Y148.90 F1500
G1 X65.17 Y148.78 F1500
G1 X64.96 Y148.91 F1500
G1 X63.91 Y150.86 F1500
G1 X63.49 Y150.50 F1500
G1 X62.86 Y149.08 F1500
G1 X62.65 Y148.82 F1500
G1 X62.44 Y148.80 F1500
G1 X61.61 Y150.46 F1500
G1 X61.19 Y150.87 F1500
G1 X59.93 Y148.78 F1500
G1 X59.51 Y149.21 F1500
G1 X58.67 Y150.85 F1500
G1 X58.25 Y150.55 F1500
G1 X57.63 Y149.13 F1500
G1 X57.21 Y148.79 F1500
G1 X56.37 Y150.41 F1500
G1 X55.95 Y150.87 F1500
G1 X55.74 Y150.74 F1500
G1 X54.69 Y148.79 F1500
G1 X54.27 Y149.15 F1500
G1 X53.64 Y150.58 F1500
G1 X53.43 Y150.84 F1500
G1 X53.22 Y150.84 F1500
G1 X52.39 Y149.18 F1500
G1 X51.97 Y148.78 F1500
G1 X51.55 Y149.34 F1500
G1 X50.92 Y150.72 F1500
G1 X50.71 Y150.87 F1500
G1 X50.29 Y150.43 F1500
G1 X49.45 Y148.80 F1500
G1 X49.03 Y149.10 F1500
G1 X48.41 Y150.53 F1500
G1 X47.99 Y150.86 F1500
G1 X47.15 Y149.24 F1500
G1 X46.73 Y148.78 F1500
G1 X46.52 Y148.92 F1500
G1 X45.47 Y150.87 F1500
G1 X45.05 Y150.49 F1500
G1 X44.21 Y148.81 F1500
G1 X44.00 Y148.81 F1500
G1 X43.80 Y149.05 F1500
G1 X43.17 Y150.48 F1500
G1 X42.75 Y150.87 F1500
G1 X42.33 Y150.30 F1500
G1 X41.91 Y149.29 F1500
G1 X41.70 Y149.77 F1500
G1 X41.49 Y149.83 F1500
G1 X0.00 Y149.83 F1500
G1 X0.00 Y150.03 F1500
G1 X0.00 Y150.24 F1500
G1 X0.00 Y150.45 F1500
G1 X0.00 Y150.66 F1500
G1 X0.00 Y150.87 F1500
G1 X0.00 Y150.87 F1500
G1 X40.65 Y150.87 F1500
G1 X40.86 Y150.82 F1500
G1 X41.28 Y149.93 F1500
G1 X41.49 Y149.83 F1500
G1 X41.70 Y149.97 F1500
G1 X42.75 Y151.92 F1500
G1 X43.17 Y151.53 F1500
G1 X43.80 Y150.10 F1500
G1 X44.00 Y149.86 F1500
G1 X44.21 Y149.86 F1500
G1 X45.05 Y151.54 F1500
G1 X45.47 Y151.91 F1500
G1 X46.52 Y149.97 F1500
G1 X46.73 Y149.83 F1500
G1 X47.15 Y150.28 F1500
G1 X47.99 Y151.91 F1500
G1 X48.41 Y151.58 F1500
G1 X49.03 Y150.15 F1500
G1 X49.45 Y149.84 F1500
G1 X50.29 Y151.48 F1500
G1 X50.71 Y151.92 F1500
G1 X50.92 Y151.77 F1500
G1 X51.55 Y150.39 F1500
G1 X51.97 Y149.83 F1500
G1 X52.39 Y150.23 F1500
G1 X53.22 Y151.89 F1500
G1 X53.43 Y151.88 F1500
G1 X53.64 Y151.63 F1500
G1 X54.27 Y150.20 F1500
G1 X54.69 Y149.83 F1500
G1 X55.74 Y151.78 F1500
G1 X55.95 Y151.92 F1500
G1 X56.37 Y151.45 F1500
G1 X57.21 Y149.84 F1500
G1 X57.63 Y150.17 F1500
G1 X58.25 Y151.60 F1500
G1 X58.67 Y151.90 F1500
G1 X59.51 Y150.26 F1500
G1 X59.93 Y149.83 F1500
G1 X61.19 Y151.92 F1500
G1 X61.61 Y151.51 F1500
G1 X62.44 Y149.85 F1500
G1 X62.65 Y149.86 F1500
G1 X62.86 Y150.12 F1500
G1 X63.49 Y151.55 F1500
G1 X63.91 Y151.91 F1500
G1 X64.96 Y149.96 F1500
G1 X65.17 Y149.83 F1500
G1 X65.38 Y149.95 F1500
G1 X66.43 Y151.91 F1500
G1 X66.85 Y151.56 F1500
G1 X67.47 Y150.14 F1500
G1 X67.68 Y149.87 F1500
G1 X67.89 Y149.85 F1500
G1 X68.73 Y151.50 F1500
G1 X69.15 Y151.92 F1500
G1 X70.41 Y149.83 F1500
G1 X70.83 Y150.24 F1500
G1 X71.66 Y151.90 F1500
G1 X71.87 Y151.88 F1500
G1 X72.08 Y151.62 F1500
G1 X72.71 Y150.19 F1500
G1 X73.13 Y149.84 F1500
G1 X74.18 Y151.79 F1500
G1 X74.39 Y151.92 F1500
G1 X74.60 Y151.79 F1500
G1 X75.65 Y149.84 F1500
G1 X76.07 Y150.19 F1500
G1 X76.69 Y151.62 F1500
G1 X76.90 Y151.88 F1500
G1 X77.11 Y151.90 F1500
G1 X77.95 Y150.24 F1500
G1 X78.37 Y149.83 F1500
G1 X79.63 Y151.92 F1500
G1 X80.05 Y151.50 F1500
G1 X80.88 Y149.85 F1500
G1 X81.09 Y149.87 F1500
G1 X81.30 Y150.14 F1500
G1 X81.93 Y151.56 F1500
G1 X82.35 Y151.91 F1500
G1 X83.40 Y149.95 F1500
G1 X83.61 Y149.83 F1500
G1 X83.82 Y149.96 F1500
G1 X84.87 Y151.91 F1500
G1 X85.29 Y151.55 F1500
G1 X85.91 Y150.12 F1500
G1 X86.12 Y149.86 F1500
G1 X86.33 Y149.85 F1500
G1 X87.17 Y151.51 F1500
G1 X87.59 Y151.92 F1500
G1 X88.85 Y149.83 F1500
G1 X89.27 Y150.26 F1500
G1 X90.10 Y151.90 F1500
G1 X90.52 Y151.60 F1500
G1 X91.15 Y150.17 F1500
G1 X91.57 Y149.84 F1500
G1 X92.41 Y151.45 F1500
G1 X92.83 Y151.92 F1500
G1 X93.04 Y151.78 F1500
G1 X94.09 Y149.83 F1500
G1 X94.51 Y150.20 F1500
G1 X95.13 Y151.63 F1500
G1 X95.34 Y151.88 F1500
G1 X95.55 Y151.89 F1500
G1 X96.39 Y150.23 F1500
G1 X96.81 Y149.83 F1500
G1 X97.23 Y150.39 F1500
G1 X97.86 Y151.77 F1500
G1 X98.07 Y151.92 F1500
G1 X98.49 Y151.48 F1500
G1 X99.32 Y149.84 F1500
G1 X99.74 Y150.15 F1500
G1 X100.37 Y151.58 F1500
G1 X100.79 Y151.91 F1500
G1 X101.63 Y150.28 F1500
G1 X102.05 Y149.83 F1500
G1 X102.26 Y149.97 F1500
G1 X103.31 Y151.91 F1500
G1 X103.73 Y151.54 F1500
G1 X104.35 Y150.11 F1500
G1 X104.56 Y149.86 F1500
G1 X104.77 Y149.86 F1500
G1 X105.61 Y151.53 F1500
G1 X106.03 Y151.92 F1500
G1 X107.08 Y149.97 F1500
G1 X107.29 Y149.83 F1500
G1 X107.71 Y150.27 F1500
G1 X108.54 Y151.90 F1500
G1 X108.96 Y151.59 F1500
G1 X109.59 Y150.16 F1500
G1 X110.01 Y149.84 F1500
G1 X110.85 Y151.47 F1500
G1 X111.27 Y151.92 F1500
G1 X111.48 Y151.77 F1500
G1 X112.53 Y149.83 F1500
G1 X112.95 Y150.22 F1500
G1 X113.78 Y151.89 F1500
G1 X113.99 Y151.89 F1500
G1 X114.20 Y151.64 F1500
G1 X114.83 Y150.21 F1500
G1 X115.25 Y149.83 F1500
G1 X116.30 Y151.78 F1500
G1 X116.51 Y151.92 F1500
G1 X116.93 Y151.47 F1500
G1 X117.76 Y149.84 F1500
G1 X118.18 Y150.16 F1500
G1 X118.81 Y151.59 F1500
G1 X119.23 Y151.90 F1500
G1 X120.07 Y150.27 F1500
G1 X120.49 Y149.83 F1500
G1 X120.70 Y149.98 F1500
G1 X121.54 Y151.74 F1500
G1 X121.75 Y151.92 F1500
G1 X122.17 Y151.52 F1500
G1 X123.00 Y149.86 F1500
G1 X123.21 Y149.86 F1500
G1 X123.42 Y150.11 F1500
G1 X124.05 Y151.54 F1500
G1 X124.47 Y151.91 F1500
G1 X125.52 Y149.96 F1500
G1 X125.73 Y149.83 F1500
G1 X126.15 Y150.29 F1500
G1 X126.98 Y151.91 F1500
G1 X127.40 Y151.58 F1500
G1 X128.03 Y150.15 F1500
G1 X128.45 Y149.85 F1500
G1 X129.29 Y151.49 F1500
G1 X129.71 Y151.92 F1500
G1 X130.97 Y149.83 F1500
G1 X131.39 Y150.23 F1500
G1 X132.22 Y151.89 F1500
G1 X132.43 Y151.88 F1500
G1 X132.64 Y151.63 F1500
G1 X133.27 Y150.20 F1500
G1 X133.69 Y149.83 F1500
G1 X134.74 Y151.79 F1500
G1 X134.95 Y151.92 F1500
G1 X135.16 Y151.80 F1500
G1 X136.20 Y149.84 F1500
G1 X136.62 Y150.18 F1500
G1 X137.25 Y151.61 F1500
G1 X137.46 Y151.88 F1500
G1 X137.67 Y151.90 F1500
G1 X138.51 Y150.25 F1500
G1 X138.93 Y149.83 F1500
G1 X139.35 Y150.87 F1500
G1 X180.00 Y150.87 F1500
G1 X180.00 Y151.08 F1500
G1 X180.00 Y151.29 F1500
G1 X180.00 Y151.50 F1500
G1 X180.00 Y151.71 F1500
G1 X180.00 Y151.92 F1500
G1 X180.00 Y151.92 F1500
G1 X140.19 Y151.92 F1500
G1 X139.98 Y152.47 F1500
G1 X139.77 Y152.42 F1500
G1 X139.35 Y151.41 F1500
G1 X138.93 Y150.88 F1500
G1 X138.51 Y151.30 F1500
G1 X137.67 Y152.95 F1500
G1 X137.46 Y152.92 F1500
G1 X137.25 Y152.65 F1500
G1 X136.62 Y151.23 F1500
G1 X136.20 Y150.89 F1500
G1 X135.16 Y152.85 F1500
G1 X134.95 Y152.97 F1500
G1 X134.74 Y152.83 F1500
G1 X133.69 Y150.88 F1500
G1 X133.27 Y151.25 F1500
G1 X132.64 Y152.67 F1500
G1 X132.43 Y152.93 F1500
G1 X132.22 Y152.94 F1500
G1 X131.39 Y151.28 F1500
G1 X130.97 Y150.88 F1500
G1 X129.71 Y152.97 F1500
G1 X129.29 Y152.53 F1500
G1 X128.45 Y150.89 F1500
G1 X128.03 Y151.19 F1500
G1 X127.40 Y152.62 F1500
G1 X126.98 Y152.95 F1500
G1 X126.15 Y151.34 F1500
G1 X125.73 Y150.87 F1500
G1 X125.52 Y151.01 F1500
G1 X124.47 Y152.96 F1500
G1 X124.05 Y152.59 F1500
G1 X123.42 Y151.16 F1500
G1 X123.21 Y150.91 F1500
G1 X123.00 Y150.90 F1500
G1 X122.17 Y152.57 F1500
G1 X121.75 Y152.96 F1500
G1 X121.54 Y152.79 F1500
G1 X120.70 Y151.02 F1500
G1 X120.49 Y150.87 F1500
G1 X120.07 Y151.32 F1500
G1 X119.23 Y152.95 F1500
G1 X118.81 Y152.64 F1500
G1 X118.18 Y151.21 F1500
G1 X117.76 Y150.89 F1500
G1 X116.93 Y152.51 F1500
G1 X116.51 Y152.97 F1500
G1 X116.30 Y152.82 F1500
G1 X115.25 Y150.88 F1500
G1 X114.83 Y151.26 F1500
G1 X114.20 Y152.69 F1500
G1 X113.99 Y152.94 F1500
G1 X113.78 Y152.94 F1500
G1 X112.95 Y151.26 F1500
G1 X112.53 Y150.88 F1500
G1 X111.48 Y152.82 F1500
G1 X111.27 Y152.97 F1500
G1 X110.85 Y152.52 F1500
G1 X110.01 Y150.89 F1500
G1 X109.59 Y151.21 F1500
G1 X108.96 Y152.64 F1500
G1 X108.54 Y152.95 F1500
G1 X107.71 Y151.32 F1500
G1 X107.29 Y150.87 F1500
G1 X107.08 Y151.02 F1500
G1 X106.03 Y152.96 F1500
G1 X105.61 Y152.57 F1500
G1 X104.77 Y150.90 F1500
G1 X104.56 Y150.91 F1500
G1 X104.35 Y151.16 F1500
G1 X103.73 Y152.58 F1500
G1 X103.31 Y152.96 F1500
G1 X102.26 Y151.02 F1500
G1 X102.05 Y150.87 F1500
G1 X101.63 Y151.33 F1500
G1 X100.79 Y152.95 F1500
G1 X100.37 Y152.63 F1500
G1 X99.74 Y151.20 F1500
G1 X99.32 Y150.89 F1500
G1 X98.49 Y152.53 F1500
G1 X98.07 Y152.97 F1500
G1 X97.86 Y152.81 F1500
G1 X97.23 Y151.44 F1500
G1 X96.81 Y150.88 F1500
G1 X96.39 Y151.28 F1500
G1 X95.55 Y152.94 F1500
G1 X95.34 Y152.93 F1500
G1 X95.13 Y152.68 F1500
G1 X94.51 Y151.25 F1500
G1 X94.09 Y150.88 F1500
G1 X93.04 Y152.83 F1500
G1 X92.83 Y152.97 F1500
G1 X92.41 Y152.50 F1500
G1 X91.57 Y150.89 F1500
G1 X91.15 Y151.22 F1500
G1 X90.52 Y152.65 F1500
G1 X90.10 Y152.95 F1500
G1 X89.27 Y151.31 F1500
G1 X88.85 Y150.87 F1500
G1 X87.59 Y152.96 F1500
G1 X87.17 Y152.56 F1500
G1 X86.33 Y150.90 F1500
G1 X86.12 Y150.91 F1500
G1 X85.91 Y151.17 F1500
G1 X85.29 Y152.60 F1500
G1 X84.87 Y152.96 F1500
G1 X83.82 Y151.01 F1500
G1 X83.61 Y150.87 F1500
G1 X83.40 Y151.00 F1500
G1 X82.35 Y152.96 F1500
G1 X81.93 Y152.61 F1500
G1 X81.30 Y151.18 F1500
G1 X81.09 Y150.92 F1500
G1 X80.88 Y150.90 F1500
G1 X80.05 Y152.54 F1500
G1 X79.63 Y152.97 F1500
G1 X78.37 Y150.88 F1500
G1 X77.95 Y151.29 F1500
G1 X77.11 Y152.94 F1500
G1 X76.90 Y152.93 F1500
G1 X76.69 Y152.66 F1500
G1 X76.07 Y151.24 F1500
G1 X75.65 Y150.88 F1500
G1 X74.60 Y152.84 F1500
G1 X74.39 Y152.97 F1500
G1 X74.18 Y152.84 F1500
G1 X73.13 Y150.88 F1500
G1 X72.71 Y151.24 F1500
G1 X72.08 Y152.66 F1500
G1 X71.87 Y152.93 F1500
G1 X71.66 Y152.94 F1500
G1 X70.83 Y151.29 F1500
G1 X70.41 Y150.88 F1500
G1 X69.15 Y152.97 F1500
G1 X68.73 Y152.54 F1500
G1 X67.89 Y150.90 F1500
G1 X67.68 Y150.92 F1500
G1 X67.47 Y151.18 F1500
G1 X66.85 Y152.61 F1500
G1 X66.43 Y152.96 F1500
G1 X65.38 Y151.00 F1500
G1 X65.17 Y150.87 F1500
G1 X64.96 Y151.01 F1500
G1 X63.91 Y152.96 F1500
G1 X63.49 Y152.60 F1500
G1 X62.86 Y151.17 F1500
G1 X62.65 Y150.91 F1500
G1 X62.44 Y150.90 F1500
G1 X61.61 Y152.56 F1500
G1 X61.19 Y152.96 F1500
G1 X59.93 Y150.87 F1500
G1 X59.51 Y151.30 F1500
G1 X58.67 Y152.95 F1500
G1 X58.25 Y152.65 F1500
G1 X57.63 Y151.22 F1500
G1 X57.21 Y150.89 F1500
G1 X56.37 Y152.50 F1500
G1 X55.95 Y152.97 F1500
G1 X55.74 Y152.83 F1500
G1 X54.69 Y150.88 F1500
G1 X54.27 Y151.25 F1500
G1 X53.64 Y152.68 F1500
G1 X53.43 Y152.93 F1500
G1 X53.22 Y152.94 F1500
G1 X52.39 Y151.28 F1500
G1 X51.97 Y150.88 F1500
G1 X51.55 Y151.44 F1500
G1 X50.92 Y152.81 F1500
G1 X50.71 Y152.97 F1500
G1 X50.29 Y152.53 F1500
G1 X49.45 Y150.89 F1500
G1 X49.03 Y151.20 F1500
G1 X48.41 Y152.63 F1500
G1 X47.99 Y152.95 F1500
G1 X47.15 Y151.33 F1500
G1 X46.73 Y150.87 F1500
G1 X46.52 Y151.02 F1500
G1 X45.47 Y152.96 F1500
G1 X45.05 Y152.58 F1500
G1 X44.21 Y150.91 F1500
G1 X44.00 Y150.90 F1500
G1 X43.80 Y151.15 F1500
G1 X43.17 Y152.57 F1500
G1 X42.75 Y152.96 F1500
G1 X41.70 Y151.02 F1500
G1 X41.49 Y150.87 F1500
G1 X41.07 Y151.32 F1500
G1 X40.23 Y152.95 F1500
G1 X39.81 Y151.92 F1500
G1 X0.00 Y151.92 F1500
G1 X0.00 Y152.13 F1500
G1 X0.00 Y152.34 F1500
G1 X0.00 Y152.55 F1500
G1 X0.00 Y152.76 F1500
G1 X0.00 Y152.97 F1500
G1 X0.00 Y152.97 F1500
G1 X38.98 Y152.97 F1500
G1 X39.19 Y152.64 F1500
G1 X39.39 Y152.71 F1500
G1 X40.02 Y153.96 F1500
G1 X40.23 Y154.00 F1500
G1 X41.07 Y152.37 F1500
G1 X41.49 Y151.92 F1500
G1 X41.70 Y152.07 F1500
G1 X42.75 Y154.01 F1500
G1 X43.17 Y153.62 F1500
G1 X43.80 Y152.20 F1500
G1 X44.00 Y151.95 F1500
G1 X44.21 Y151.96 F1500
G1 X45.05 Y153.63 F1500
G1 X45.47 Y154.01 F1500
G1 X46.52 Y152.06 F1500
G1 X46.73 Y151.92 F1500
G1 X47.15 Y152.38 F1500
G1 X47.99 Y154.00 F1500
G1 X48.41 Y153.67 F1500
G1 X49.03 Y152.25 F1500
G1 X49.45 Y151.94 F1500
G1 X50.29 Y153.58 F1500
G1 X50.71 Y154.02 F1500
G1 X50.92 Y153.86 F1500
G1 X51.55 Y152.49 F1500
G1 X51.97 Y151.93 F1500
G1 X52.39 Y152.32 F1500
G1 X53.22 Y153.99 F1500
G1 X53.43 Y153.98 F1500
G1 X53.64 Y153.72 F1500
G1 X54.27 Y152.30 F1500
G1 X54.69 Y151.93 F1500
G1 X55.74 Y153.88 F1500
G1 X55.95 Y154.02 F1500
G1 X56.37 Y153.55 F1500
G1 X57.21 Y151.93 F1500
G1 X57.63 Y152.27 F1500
G1 X58.25 Y153.70 F1500
G1 X58.67 Y154.00 F1500
G1 X59.51 Y152.35 F1500
G1 X59.93 Y151.92 F1500
G1 X61.19 Y154.01 F1500
G1 X61.61 Y153.61 F1500
G1 X62.44 Y151.95 F1500
G1 X62.65 Y151.96 F1500
G1 X62.86 Y152.22 F1500
G1 X63.49 Y153.65 F1500
G1 X63.91 Y154.01 F1500
G1 X64.96 Y152.05 F1500
G1 X65.17 Y151.92 F1500
G1 X65.38 Y152.04 F1500
G1 X66.43 Y154.00 F1500
G1 X66.85 Y153.66 F1500
G1 X67.47 Y152.23 F1500
G1 X67.68 Y151.97 F1500
G1 X67.89 Y151.94 F1500
G1 X68.73 Y153.59 F1500
G1 X69.15 Y154.01 F1500
G1 X70.41 Y151.92 F1500
G1 X70.83 Y152.34 F1500
G1 X71.66 Y153.99 F1500
G1 X71.87 Y153.97 F1500
G1 X72.08 Y153.71 F1500
G1 X72.71 Y152.28 F1500
G1 X73.13 Y151.93 F1500
G1 X74.18 Y153.89 F1500
G1 X74.39 Y154.02 F1500
G1 X74.60 Y153.89 F1500
G1 X75.65 Y151.93 F1500
G1 X76.07 Y152.28 F1500
G1 X76.69 Y153.71 F1500
G1 X76.90 Y153.97 F1500
G1 X77.11 Y153.99 F1500
G1 X77.95 Y152.34 F1500
G1 X78.37 Y151.92 F1500
G1 X79.63 Y154.01 F1500
G1 X80.05 Y153.59 F1500
G1 X80.88 Y151.94 F1500
G1 X81.09 Y151.97 F1500
G1 X81.30 Y152.23 F1500
G1 X81.93 Y153.66 F1500
G1 X82.35 Y154.00 F1500
G1 X83.40 Y152.04 F1500
G1 X83.61 Y151.92 F1500
G1 X83.82 Y152.05 F1500
G1 X84.87 Y154.01 F1500
G1 X85.29 Y153.65 F1500
G1 X85.91 Y152.22 F1500
G1 X86.12 Y151.96 F1500
G1 X86.33 Y151.95 F1500
G1 X87.17 Y153.61 F1500
G1 X87.59 Y154.01 F1500
G1 X88.85 Y151.92 F1500
G1 X89.27 Y152.35 F1500
G1 X90.10 Y154.00 F1500
G1 X90.52 Y153.70 F1500
G1 X91.15 Y152.27 F1500
G1 X91.57 Y151.93 F1500
G1 X92.41 Y153.55 F1500
G1 X92.83 Y154.02 F1500
G1 X93.04 Y153.88 F1500
G1 X94.09 Y151.93 F1500
G1 X94.51 Y152.30 F1500
G1 X95.13 Y153.72 F1500
G1 X95.34 Y153.98 F1500
G1 X95.55 Y153.99 F1500
G1 X96.39 Y152.32 F1500
G1 X96.81 Y151.93 F1500
G1 X97.23 Y152.49 F1500
G1 X97.86 Y153.86 F1500
G1 X98.07 Y154.02 F1500
G1 X98.49 Y153.58 F1500
G1 X99.32 Y151.94 F1500
G1 X99.74 Y152.25 F1500
G1 X100.37 Y153.67 F1500
G1 X100.79 Y154.00 F1500
G1 X101.63 Y152.38 F1500
G1 X102.05 Y151.92 F1500
G1 X102.26 Y152.06 F1500
G1 X103.31 Y154.01 F1500
G1 X103.73 Y153.63 F1500
G1 X104.35 Y152.21 F1500
G1 X104.56 Y151.96 F1500
G1 X104.77 Y151.95 F1500
G1 X105.61 Y153.62 F1500
G1 X106.03 Y154.01 F1500
G1 X107.08 Y152.07 F1500
G1 X107.29 Y151.92 F1500
G1 X107.71 Y152.37 F1500
G1 X108.54 Y154.00 F1500
G1 X108.96 Y153.68 F1500
G1 X109.59 Y152.26 F1500
G1 X110.01 Y151.94 F1500
G1 X110.85 Y153.57 F1500
G1 X111.27 Y154.02 F1500
G1 X111.48 Y153.87 F1500
G1 X112.53 Y151.93 F1500
G1 X112.95 Y152.31 F1500
G1 X113.78 Y153.98 F1500
G1 X113.99 Y153.98 F1500
G1 X114.20 Y153.73 F1500
G1 X114.83 Y152.31 F1500
G1 X115.25 Y151.93 F1500
G1 X116.30 Y153.87 F1500
G1 X116.51 Y154.02 F1500
G1 X116.93 Y153.56 F1500
G1 X117.76 Y151.94 F1500
G1 X118.18 Y152.26 F1500
G1 X118.81 Y153.69 F1500
G1 X119.23 Y154.00 F1500
G1 X120.07 Y152.36 F1500
G1 X120.49 Y151.92 F1500
G1 X120.70 Y152.07 F1500
G1 X121.54 Y153.83 F1500
G1 X121.75 Y154.01 F1500
G1 X122.17 Y153.62 F1500
G1 X123.00 Y151.95 F1500
G1 X123.21 Y151.96 F1500
G1 X123.42 Y152.21 F1500
G1 X124.05 Y153.64 F1500
G1 X124.47 Y154.01 F1500
G1 X125.52 Y152.06 F1500
G1 X125.73 Y151.92 F1500
G1 X126.15 Y152.38 F1500
G1 X126.98 Y154.00 F1500
G1 X127.40 Y153.67 F1500
G1 X128.03 Y152.24 F1500
G1 X128.45 Y151.94 F1500
G1 X129.29 Y153.58 F1500
G1 X129.71 Y154.01 F1500
G1 X130.97 Y151.92 F1500
G1 X131.39 Y152.33 F1500
G1 X132.22 Y153.99 F1500
G1 X132.43 Y153.98 F1500
G1 X132.64 Y153.72 F1500
G1 X133.27 Y152.29 F1500
G1 X133.69 Y151.93 F1500
G1 X134.74 Y153.88 F1500
G1 X134.95 Y154.02 F1500
G1 X135.16 Y153.89 F1500
G1 X136.20 Y151.93 F1500
G1 X136.62 Y152.27 F1500
G1 X137.25 Y153.70 F1500
G1 X137.46 Y153.97 F1500
G1 X137.67 Y153.99 F1500
G1 X138.51 Y152.35 F1500
G1 X138.93 Y151.92 F1500
G1 X140.19 Y154.01 F1500
G1 X140.61 Y153.60 F1500
G1 X140.81 Y153.04 F1500
G1 X141.02 Y152.97 F1500
G1 X180.00 Y152.97 F1500
G1 X180.00 Y153.18 F1500
G1 X180.00 Y153.39 F1500
G1 X180.00 Y153.60 F1500
G1 X180.00 Y153.81 F1500
G1 X180.00 Y154.02 F1500
G1 X180.00 Y154.02 F1500
G1 X141.86 Y154.02 F1500
G1 X141.65 Y153.92 F1500
G1 X141.44 Y152.99 F1500
G1 X140.61 Y154.65 F1500
G1 X140.19 Y155.06 F1500
G1 X138.93 Y152.97 F1500
G1 X138.51 Y153.40 F1500
G1 X137.67 Y155.04 F1500
G1 X137.46 Y155.02 F1500
G1 X137.25 Y154.75 F1500
G1 X136.62 Y153.32 F1500
G1 X136.20 Y152.98 F1500
G1 X135.16 Y154.94 F1500
G1 X134.95 Y155.06 F1500
G1 X134.74 Y154.93 F1500
G1 X133.69 Y152.98 F1500
G1 X133.27 Y153.34 F1500
G1 X132.64 Y154.77 F1500
G1 X132.43 Y155.03 F1500
G1 X132.22 Y155.04 F1500
G1 X131.39 Y153.37 F1500
G1 X130.97 Y152.97 F1500
G1 X129.71 Y155.06 F1500
G1 X129.29 Y154.63 F1500
G1 X128.45 Y152.99 F1500
G1 X128.03 Y153.29 F1500
G1 X127.40 Y154.72 F1500
G1 X126.98 Y155.05 F1500
G1 X126.15 Y153.43 F1500
G1 X125.73 Y152.97 F1500
G1 X125.52 Y153.11 F1500
G1 X124.47 Y155.06 F1500
G1 X124.05 Y154.68 F1500
G1 X123.42 Y153.26 F1500
G1 X123.21 Y153.00 F1500
G1 X123.00 Y153.00 F1500
G1 X122.17 Y154.67 F1500
G1 X121.75 Y155.06 F1500
G1 X121.54 Y154.88 F1500
G1 X120.70 Y153.12 F1500
G1 X120.49 Y152.97 F1500
G1 X120.07 Y153.41 F1500
G1 X119.23 Y155.05 F1500
G1 X118.81 Y154.74 F1500
G1 X118.18 Y153.31 F1500
G1 X117.76 Y152.98 F1500
G1 X116.93 Y154.61 F1500
G1 X116.51 Y155.06 F1500
G1 X116.30 Y154.92 F1500
G1 X115.25 Y152.97 F1500
G1 X114.83 Y153.36 F1500
G1 X114.20 Y154.78 F1500
G1 X113.99 Y155.03 F1500
G1 X113.78 Y155.03 F1500
G1 X112.95 Y153.36 F1500
G1 X112.53 Y152.97 F1500
G1 X111.48 Y154.92 F1500
G1 X111.27 Y155.06 F1500
G1 X110.85 Y154.61 F1500
G1 X110.01 Y152.98 F1500
G1 X109.59 Y153.30 F1500
G1 X108.96 Y154.73 F1500
G1 X108.54 Y155.05 F1500
G1 X107.71 Y153.42 F1500
G1 X107.29 Y152.97 F1500
G1 X107.08 Y153.12 F1500
G1 X106.03 Y155.06 F1500
G1 X105.61 Y154.67 F1500
G1 X104.77 Y153.00 F1500
G1 X104.56 Y153.00 F1500
G1 X104.35 Y153.25 F1500
G1 X103.73 Y154.68 F1500
G1 X103.31 Y155.06 F1500
G1 X102.26 Y153.11 F1500
G1 X102.05 Y152.97 F1500
G1 X101.63 Y153.43 F1500
G1 X100.79 Y155.05 F1500
G1 X100.37 Y154.72 F1500
G1 X99.74 Y153.29 F1500
G1 X99.32 Y152.99 F1500
G1 X98.49 Y154.62 F1500
G1 X98.07 Y155.06 F1500
G1 X97.86 Y154.91 F1500
G1 X97.23 Y153.53 F1500
G1 X96.81 Y152.97 F1500
G1 X96.39 Y153.37 F1500
G1 X95.55 Y155.04 F1500
G1 X95.34 Y155.03 F1500
G1 X95.13 Y154.77 F1500
G1 X94.51 Y153.35 F1500
G1 X94.09 Y152.98 F1500
G1 X93.04 Y154.93 F1500
G1 X92.83 Y155.06 F1500
G1 X92.41 Y154.60 F1500
G1 X91.57 Y152.98 F1500
G1 X91.15 Y153.32 F1500
G1 X90.52 Y154.75 F1500
G1 X90.10 Y155.04 F1500
G1 X89.27 Y153.40 F1500
G1 X88.85 Y152.97 F1500
G1 X87.59 Y155.06 F1500
G1 X87.17 Y154.65 F1500
G1 X86.33 Y153.00 F1500
G1 X86.12 Y153.01 F1500
G1 X85.91 Y153.27 F1500
G1 X85.29 Y154.69 F1500
G1 X84.87 Y155.05 F1500
G1 X83.82 Y153.10 F1500
G1 X83.61 Y152.97 F1500
G1 X83.40 Y153.09 F1500
G1 X82.35 Y155.05 F1500
G1 X81.93 Y154.71 F1500
G1 X81.30 Y153.28 F1500
G1 X81.09 Y153.01 F1500
G1 X80.88 Y152.99 F1500
G1 X80.05 Y154.64 F1500
G1 X79.63 Y155.06 F1500
G1 X78.37 Y152.97 F1500
G1 X77.95 Y153.39 F1500
G1 X77.11 Y155.04 F1500
G1 X76.90 Y155.02 F1500
G1 X76.69 Y154.76 F1500
G1 X76.07 Y153.33 F1500
G1 X75.65 Y152.98 F1500
G1 X74.60 Y154.94 F1500
G1 X74.39 Y155.06 F1500
G1 X74.18 Y154.94 F1500
G1 X73.13 Y152.98 F1500
G1 X72.71 Y153.33 F1500
G1 X72.08 Y154.76 F1500
G1 X71.87 Y155.02 F1500
G1 X71.66 Y155.04 F1500
G1 X70.83 Y153.39 F1500
G1 X70.41 Y152.97 F1500
G1 X69.15 Y155.06 F1500
G1 X68.73 Y154.64 F1500
G1 X67.89 Y152.99 F1500
G1 X67.68 Y153.01 F1500
G1 X67.47 Y153.28 F1500
G1 X66.85 Y154.71 F1500
G1 X66.43 Y155.05 F1500
G1 X65.38 Y153.09 F1500
G1 X65.17 Y152.97 F1500
G1 X64.96 Y153.10 F1500
G1 X63.91 Y155.05 F1500
G1 X63.49 Y154.69 F1500
G1 X62.86 Y153.27 F1500
G1 X62.65 Y153.01 F1500
G1 X62.44 Y153.00 F1500
G1 X61.61 Y154.65 F1500
G1 X61.19 Y155.06 F1500
G1 X59.93 Y152.97 F1500
G1 X59.51 Y153.40 F1500
G1 X58.67 Y155.04 F1500
G1 X58.25 Y154.75 F1500
G1 X57.63 Y153.32 F1500
G1 X57.21 Y152.98 F1500
G1 X56.37 Y154.60 F1500
G1 X55.95 Y155.06 F1500
G1 X55.74 Y154.93 F1500
G1 X54.69 Y152.98 F1500
G1 X54.27 Y153.35 F1500
G1 X53.64 Y154.77 F1500
G1 X53.43 Y155.03 F1500
G1 X53.22 Y155.04 F1500
G1 X52.39 Y153.37 F1500
G1 X51.97 Y152.97 F1500
G1 X51.55 Y153.53 F1500
G1 X50.92 Y154.91 F1500
G1 X50.71 Y155.06 F1500
G1 X50.29 Y154.62 F1500
G1 X49.45 Y152.99 F1500
G1 X49.03 Y153.29 F1500
G1 X48.41 Y154.72 F1500
G1 X47.99 Y155.05 F1500
G1 X47.15 Y153.43 F1500
G1 X46.73 Y152.97 F1500
G1 X46.52 Y153.11 F1500
G1 X45.47 Y155.06 F1500
G1 X45.05 Y154.68 F1500
G1 X44.21 Y153.00 F1500
G1 X44.00 Y153.00 F1500
G1 X43.80 Y153.24 F1500
G1 X43.17 Y154.67 F1500
G1 X42.75 Y155.06 F1500
G1 X41.70 Y153.12 F1500
G1 X41.49 Y152.97 F1500
G1 X41.07 Y153.42 F1500
G1 X40.23 Y155.05 F1500
G1 X39.81 Y154.73 F1500
G1 X39.19 Y153.30 F1500
G1 X38.77 Y152.98 F1500
G1 X38.56 Y153.20 F1500
G1 X38.35 Y153.93 F1500
G1 X38.14 Y154.02 F1500
G1 X0.00 Y154.02 F1500
G1 X0.00 Y154.23 F1500
G1 X0.00 Y154.44 F1500
G1 X0.00 Y154.64 F1500
G1 X0.00 Y154.85 F1500
G1 X0.00 Y155.06 F1500
G1 X0.00 Y155.06 F1500
G1 X37.51 Y155.06 F1500
G1 X37.72 Y156.00 F1500
G1 X38.77 Y154.03 F1500
G1 X39.19 Y154.35 F1500
G1 X39.81 Y155.78 F1500
G1 X40.23 Y156.09 F1500
G1 X41.07 Y154.46 F1500
G1 X41.49 Y154.02 F1500
G1 X41.70 Y154.17 F1500
G1 X42.75 Y156.11 F1500
G1 X43.17 Y155.72 F1500
G1 X43.80 Y154.29 F1500
G1 X44.00 Y154.05 F1500
G1 X44.21 Y154.05 F1500
G1 X45.05 Y155.73 F1500
G1 X45.47 Y156.10 F1500
G1 X46.52 Y154.16 F1500
G1 X46.73 Y154.02 F1500
G1 X47.15 Y154.47 F1500
G1 X47.99 Y156.10 F1500
G1 X48.41 Y155.77 F1500
G1 X49.03 Y154.34 F1500
G1 X49.45 Y154.04 F1500
G1 X50.29 Y155.67 F1500
G1 X50.71 Y156.11 F1500
G1 X50.92 Y155.96 F1500
G1 X51.55 Y154.58 F1500
G1 X51.97 Y154.02 F1500
G1 X52.39 Y154.42 F1500
G1 X53.22 Y156.08 F1500
G1 X53.43 Y156.08 F1500
G1 X53.64 Y155.82 F1500
G1 X54.27 Y154.39 F1500
G1 X54.69 Y154.02 F1500
G1 X55.74 Y155.97 F1500
G1 X55.95 Y156.11 F1500
G1 X56.37 Y155.65 F1500
G1 X57.21 Y154.03 F1500
G1 X57.63 Y154.37 F1500
G1 X58.25 Y155.79 F1500
G1 X58.67 Y156.09 F1500
G1 X59.51 Y154.45 F1500
G1 X59.93 Y154.02 F1500
G1 X61.19 Y156.11 F1500
G1 X61.61 Y155.70 F1500
G1 X62.44 Y154.04 F1500
G1 X62.65 Y154.06 F1500
G1 X62.86 Y154.32 F1500
G1 X63.49 Y155.74 F1500
G1 X63.91 Y156.10 F1500
G1 X64.96 Y154.15 F1500
G1 X65.17 Y154.02 F1500
G1 X65.38 Y154.14 F1500
G1 X66.43 Y156.10 F1500
G1 X66.85 Y155.76 F1500
G1 X67.47 Y154.33 F1500
G1 X67.68 Y154.06 F1500
G1 X67.89 Y154.04 F1500
G1 X68.73 Y155.69 F1500
G1 X69.15 Y156.11 F1500
G1 X70.41 Y154.02 F1500
G1 X70.83 Y154.43 F1500
G1 X71.66 Y156.09 F1500
G1 X71.87 Y156.07 F1500
G1 X72.08 Y155.81 F1500
G1 X72.71 Y154.38 F1500
G1 X73.13 Y154.03 F1500
G1 X74.18 Y155.98 F1500
G1 X74.39 Y156.11 F1500
G1 X74.60 Y155.98 F1500
G1 X75.65 Y154.03 F1500
G1 X76.07 Y154.38 F1500
G1 X76.69 Y155.81 F1500
G1 X76.90 Y156.07 F1500
G1 X77.11 Y156.09 F1500
G1 X77.95 Y154.43 F1500
G1 X78.37 Y154.02 F1500
G1 X79.63 Y156.11 F1500
G1 X80.05 Y155.69 F1500
G1 X80.88 Y154.04 F1500
G1 X81.09 Y154.06 F1500
G1 X81.30 Y154.33 F1500
G1 X81.93 Y155.76 F1500
G1 X82.35 Y156.10 F1500
G1 X83.40 Y154.14 F1500
G1 X83.61 Y154.02 F1500
G1 X83.82 Y154.15 F1500
G1 X84.87 Y156.10 F1500
G1 X85.29 Y155.74 F1500
G1 X85.91 Y154.32 F1500
G1 X86.12 Y154.06 F1500
G1 X86.33 Y154.04 F1500
G1 X87.17 Y155.70 F1500
G1 X87.59 Y156.11 F1500
G1 X88.85 Y154.02 F1500
G1 X89.27 Y154.45 F1500
G1 X90.10 Y156.09 F1500
G1 X90.52 Y155.79 F1500
G1 X91.15 Y154.37 F1500
G1 X91.57 Y154.03 F1500
G1 X92.41 Y155.65 F1500
G1 X92.83 Y156.11 F1500
G1 X93.04 Y155.97 F1500
G1 X94.09 Y154.02 F1500
G1 X94.51 Y154.39 F1500
G1 X95.13 Y155.82 F1500
G1 X95.34 Y156.08 F1500
G1 X95.55 Y156.08 F1500
G1 X96.39 Y154.42 F1500
G1 X96.81 Y154.02 F1500
G1 X97.23 Y154.58 F1500
G1 X97.86 Y155.96 F1500
G1 X98.07 Y156.11 F1500
G1 X98.49 Y155.67 F1500
G1 X99.32 Y154.04 F1500
G1 X99.74 Y154.34 F1500
G1 X100.37 Y155.77 F1500
G1 X100.79 Y156.10 F1500
G1 X101.63 Y154.47 F1500
G1 X102.05 Y154.02 F1500
G1 X102.26 Y154.16 F1500
G1 X103.31 Y156.10 F1500
G1 X103.73 Y155.73 F1500
G1 X104.35 Y154.30 F1500
G1 X104.56 Y154.05 F1500
G1 X104.77 Y154.05 F1500
G1 X105.61 Y155.72 F1500
G1 X106.03 Y156.11 F1500
G1 X107.08 Y154.17 F1500
G1 X107.29 Y154.02 F1500
G1 X107.71 Y154.46 F1500
G1 X108.54 Y156.09 F1500
G1 X108.96 Y155.78 F1500
G1 X109.59 Y154.35 F1500
G1 X110.01 Y154.03 F1500
G1 X110.85 Y155.66 F1500
G1 X111.27 Y156.11 F1500
G1 X111.48 Y155.97 F1500
G1 X112.53 Y154.02 F1500
G1 X112.95 Y154.41 F1500
G1 X113.78 Y156.08 F1500
G1 X113.99 Y156.08 F1500
G1 X114.20 Y155.83 F1500
G1 X114.83 Y154.40 F1500
G1 X115.25 Y154.02 F1500
G1 X116.30 Y155.97 F1500
G1 X116.51 Y156.11 F1500
G1 X116.93 Y155.66 F1500
G1 X117.76 Y154.03 F1500
G1 X118.18 Y154.35 F1500
G1 X118.81 Y155.78 F1500
G1 X119.23 Y156.09 F1500
G1 X120.07 Y154.46 F1500
G1 X120.49 Y154.02 F1500
G1 X120.70 Y154.17 F1500
G1 X121.54 Y155.93 F1500
G1 X121.75 Y156.11 F1500
G1 X122.17 Y155.71 F1500
G1 X123.00 Y154.05 F1500
G1 X123.21 Y154.05 F1500
G1 X123.42 Y154.31 F1500
G1 X124.05 Y155.73 F1500
G1 X124.47 Y156.10 F1500
G1 X125.52 Y154.16 F1500
G1 X125.73 Y154.02 F1500
G1 X126.15 Y154.48 F1500
G1 X126.98 Y156.10 F1500
G1 X127.40 Y155.77 F1500
G1 X128.03 Y154.34 F1500
G1 X128.45 Y154.04 F1500
G1 X129.29 Y155.68 F1500
G1 X129.71 Y156.11 F1500
G1 X130.97 Y154.02 F1500
G1 X131.39 Y154.42 F1500
G1 X132.22 Y156.08 F1500
G1 X132.43 Y156.07 F1500
G1 X132.64 Y155.82 F1500
G1 X133.27 Y154.39 F1500
G1 X133.69 Y154.02 F1500
G1 X134.74 Y155.98 F1500
G1 X134.95 Y156.11 F1500
G1 X135.16 Y155.99 F1500
G1 X136.20 Y154.03 F1500
G1 X136.62 Y154.37 F1500
G1 X137.25 Y155.80 F1500
G1 X137.46 Y156.07 F1500
G1 X137.67 Y156.09 F1500
G1 X138.51 Y154.44 F1500
G1 X138.93 Y154.02 F1500
G1 X140.19 Y156.11 F1500
G1 X140.61 Y155.70 F1500
G1 X141.44 Y154.04 F1500
G1 X141.65 Y154.06 F1500
G1 X141.86 Y154.32 F1500
G1 X142.28 Y155.28 F1500
G1 X142.49 Y155.06 F1500
G1 X180.00 Y155.06 F1500
G1 X180.00 Y155.27 F1500
G1 X180.00 Y155.48 F1500
G1 X180.00 Y155.69 F1500
G1 X180.00 Y155.90 F1500
G1 X180.00 Y156.11 F1500
G1 X180.00 Y156.11 F1500
G1 X143.33 Y156.11 F1500
G1 X143.12 Y156.36 F1500
G1 X142.91 Y157.15 F1500
G1 X142.49 Y156.79 F1500
G1 X141.86 Y155.37 F1500
G1 X141.65 Y155.10 F1500
G1 X141.44 Y155.09 F1500
G1 X140.61 Y156.75 F1500
G1 X140.19 Y157.16 F1500
G1 X138.93 Y155.07 F1500
G1 X138.51 Y155.49 F1500
G1 X137.67 Y157.14 F1500
G1 X137.46 Y157.11 F1500
G1 X137.25 Y156.84 F1500
G1 X136.62 Y155.42 F1500
G1 X136.20 Y155.08 F1500
G1 X135.16 Y157.04 F1500
G1 X134.95 Y157.16 F1500
G1 X134.74 Y157.02 F1500
G1 X133.69 Y155.07 F1500
G1 X133.27 Y155.44 F1500
G1 X132.64 Y156.86 F1500
G1 X132.43 Y157.12 F1500
G1 X132.22 Y157.13 F1500
G1 X131.39 Y155.47 F1500
G1 X130.97 Y155.07 F1500
G1 X129.71 Y157.16 F1500
G1 X129.29 Y156.72 F1500
G1 X128.45 Y155.08 F1500
G1 X128.03 Y155.39 F1500
G1 X127.40 Y156.81 F1500
G1 X126.98 Y157.15 F1500
G1 X126.15 Y155.53 F1500
G1 X125.73 Y155.06 F1500
G1 X125.52 Y155.20 F1500
G1 X124.47 Y157.15 F1500
G1 X124.05 Y156.78 F1500
G1 X123.42 Y155.35 F1500
G1 X123.21 Y155.10 F1500
G1 X123.00 Y155.09 F1500
G1 X122.17 Y156.76 F1500
G1 X121.75 Y157.15 F1500
G1 X121.54 Y156.98 F1500
G1 X120.70 Y155.22 F1500
G1 X120.49 Y155.07 F1500
G1 X120.07 Y155.51 F1500
G1 X119.23 Y157.14 F1500
G1 X118.81 Y156.83 F1500
G1 X118.18 Y155.40 F1500
G1 X117.76 Y155.08 F1500
G1 X116.93 Y156.70 F1500
G1 X116.51 Y157.16 F1500
G1 X116.30 Y157.02 F1500
G1 X115.25 Y155.07 F1500
G1 X114.83 Y155.45 F1500
G1 X114.20 Y156.88 F1500
G1 X113.99 Y157.13 F1500
G1 X113.78 Y157.13 F1500
G1 X112.95 Y155.46 F1500
G1 X112.53 Y155.07 F1500
G1 X111.48 Y157.01 F1500
G1 X111.27 Y157.16 F1500
G1 X110.85 Y156.71 F1500
G1 X110.01 Y155.08 F1500
G1 X109.59 Y155.40 F1500
G1 X108.96 Y156.83 F1500
G1 X108.54 Y157.14 F1500
G1 X107.71 Y155.51 F1500
G1 X107.29 Y155.06 F1500
G1 X107.08 Y155.21 F1500
G1 X106.03 Y157.15 F1500
G1 X105.61 Y156.76 F1500
G1 X104.77 Y155.09 F1500
G1 X104.56 Y155.10 F1500
G1 X104.35 Y155.35 F1500
G1 X103.73 Y156.78 F1500
G1 X103.31 Y157.15 F1500
G1 X102.26 Y155.21 F1500
G1 X102.05 Y155.06 F1500
G1 X101.63 Y155.52 F1500
G1 X100.79 Y157.14 F1500
G1 X100.37 Y156.82 F1500
G1 X99.74 Y155.39 F1500
G1 X99.32 Y155.08 F1500
G1 X98.49 Y156.72 F1500
G1 X98.07 Y157.16 F1500
G1 X97.86 Y157.01 F1500
G1 X97.23 Y155.63 F1500
G1 X96.81 Y155.07 F1500
G1 X96.39 Y155.47 F1500
G1 X95.55 Y157.13 F1500
G1 X95.34 Y157.12 F1500
G1 X95.13 Y156.87 F1500
G1 X94.51 Y155.44 F1500
G1 X94.09 Y155.07 F1500
G1 X93.04 Y157.02 F1500
G1 X92.83 Y157.16 F1500
G1 X92.41 Y156.69 F1500
G1 X91.57 Y155.08 F1500
G1 X91.15 Y155.41 F1500
G1 X90.52 Y156.84 F1500
G1 X90.10 Y157.14 F1500
G1 X89.27 Y155.50 F1500
G1 X88.85 Y155.07 F1500
G1 X87.59 Y157.16 F1500
G1 X87.17 Y156.75 F1500
G1 X86.33 Y155.09 F1500
G1 X86.12 Y155.10 F1500
G1 X85.91 Y155.36 F1500
G1 X85.29 Y156.79 F1500
G1 X84.87 Y157.15 F1500
G1 X83.82 Y155.20 F1500
G1 X83.61 Y155.06 F1500
G1 X83.40 Y155.19 F1500
G1 X82.35 Y157.15 F1500
G1 X81.93 Y156.80 F1500
G1 X81.30 Y155.38 F1500
G1 X81.09 Y155.11 F1500
G1 X80.88 Y155.09 F1500
G1 X80.05 Y156.74 F1500
G1 X79.63 Y157.16 F1500
G1 X78.37 Y155.07 F1500
G1 X77.95 Y155.48 F1500
G1 X77.11 Y157.13 F1500
G1 X76.90 Y157.12 F1500
G1 X76.69 Y156.85 F1500
G1 X76.07 Y155.43 F1500
G1 X75.65 Y155.07 F1500
G1 X74.60 Y157.03 F1500
G1 X74.39 Y157.16 F1500
G1 X74.18 Y157.03 F1500
G1 X73.13 Y155.07 F1500
G1 X72.71 Y155.43 F1500
G1 X72.08 Y156.85 F1500
G1 X71.87 Y157.12 F1500
G1 X71.66 Y157.13 F1500
G1 X70.83 Y155.48 F1500
G1 X70.41 Y155.07 F1500
G1 X69.15 Y157.16 F1500
G1 X68.73 Y156.74 F1500
G1 X67.89 Y155.09 F1500
G1 X67.68 Y155.11 F1500
G1 X67.47 Y155.38 F1500
G1 X66.85 Y156.80 F1500
G1 X66.43 Y157.15 F1500
G1 X65.38 Y155.19 F1500
G1 X65.17 Y155.06 F1500
G1 X64.96 Y155.20 F1500
G1 X63.91 Y157.15 F1500
G1 X63.49 Y156.79 F1500
G1 X62.86 Y155.36 F1500
G1 X62.65 Y155.10 F1500
G1 X62.44 Y155.09 F1500
G1 X61.61 Y156.75 F1500
G1 X61.19 Y157.16 F1500
G1 X59.93 Y155.07 F1500
G1 X59.51 Y155.50 F1500
G1 X58.67 Y157.14 F1500
G1 X58.25 Y156.84 F1500
G1 X57.63 Y155.41 F1500
G1 X57.21 Y155.08 F1500
G1 X56.37 Y156.69 F1500
G1 X55.95 Y157.16 F1500
G1 X55.74 Y157.02 F1500
G1 X54.69 Y155.07 F1500
G1 X54.27 Y155.44 F1500
G1 X53.64 Y156.87 F1500
G1 X53.43 Y157.12 F1500
G1 X53.22 Y157.13 F1500
G1 X52.39 Y155.47 F1500
G1 X51.97 Y155.07 F1500
G1 X51.55 Y155.63 F1500
G1 X50.92 Y157.01 F1500
G1 X50.71 Y157.16 F1500
G1 X50.29 Y156.72 F1500
G1 X49.45 Y155.08 F1500
G1 X49.03 Y155.39 F1500
G1 X48.41 Y156.82 F1500
G1 X47.99 Y157.14 F1500
G1 X47.15 Y155.52 F1500
G1 X46.73 Y155.06 F1500
G1 X46.52 Y155.21 F1500
G1 X45.47 Y157.15 F1500
G1 X45.05 Y156.78 F1500
G1 X44.21 Y155.10 F1500
G1 X44.00 Y155.09 F1500
G1 X43.80 Y155.34 F1500
G1 X43.17 Y156.76 F1500
G1 X42.75 Y157.15 F1500
G1 X41.70 Y155.21 F1500
G1 X41.49 Y155.06 F1500
G1 X41.07 Y155.51 F1500
G1 X40.23 Y157.14 F1500
G1 X39.81 Y156.83 F1500
G1 X39.19 Y155.40 F1500
G1 X38.77 Y155.08 F1500
G1 X37.93 Y156.71 F1500
G1 X37.51 Y157.16 F1500
G1 X37.30 Y157.01 F1500
G1 X36.88 Y156.12 F1500
G1 X0.00 Y156.11 F1500
G1 X0.00 Y156.32 F1500
G1 X0.00 Y156.53 F1500
G1 X0.00 Y156.74 F1500
G1 X0.00 Y156.95 F1500
G1 X0.00 Y157.16 F1500
G1 X0.00 Y157.16 F1500
G1 X36.04 Y157.16 F1500
G1 X36.46 Y156.30 F1500
G1 X37.09 Y157.69 F1500
G1 X37.51 Y158.21 F1500
G1 X37.93 Y157.76 F1500
G1 X38.77 Y156.13 F1500
G1 X39.19 Y156.45 F1500
G1 X39.81 Y157.88 F1500
G1 X40.23 Y158.19 F1500
G1 X41.07 Y156.56 F1500
G1 X41.49 Y156.11 F1500
G1 X41.70 Y156.26 F1500
G1 X42.75 Y158.20 F1500
G1 X43.17 Y157.81 F1500
G1 X43.80 Y156.39 F1500
G1 X44.00 Y156.14 F1500
G1 X44.21 Y156.15 F1500
G1 X45.05 Y157.82 F1500
G1 X45.47 Y158.20 F1500
G1 X46.52 Y156.25 F1500
G1 X46.73 Y156.11 F1500
G1 X47.15 Y156.57 F1500
G1 X47.99 Y158.19 F1500
G1 X48.41 Y157.87 F1500
G1 X49.03 Y156.44 F1500
G1 X49.45 Y156.13 F1500
G1 X50.29 Y157.77 F1500
G1 X50.71 Y158.21 F1500
G1 X50.92 Y158.05 F1500
G1 X51.55 Y156.68 F1500
G1 X51.97 Y156.12 F1500
G1 X52.39 Y156.51 F1500
G1 X53.22 Y158.18 F1500
G1 X53.43 Y158.17 F1500
G1 X53.64 Y157.91 F1500
G1 X54.27 Y156.49 F1500
G1 X54.69 Y156.12 F1500
G1 X55.74 Y158.07 F1500
G1 X55.95 Y158.21 F1500
G1 X56.37 Y157.74 F1500
G1 X57.21 Y156.13 F1500
G1 X57.63 Y156.46 F1500
G1 X58.25 Y157.89 F1500
G1 X58.67 Y158.19 F1500
G1 X59.51 Y156.54 F1500
G1 X59.93 Y156.11 F1500
G1 X61.19 Y158.20 F1500
G1 X61.61 Y157.80 F1500
G1 X62.44 Y156.14 F1500
G1 X62.65 Y156.15 F1500
G1 X62.86 Y156.41 F1500
G1 X63.49 Y157.84 F1500
G1 X63.91 Y158.20 F1500
G1 X64.96 Y156.24 F1500
G1 X65.17 Y156.11 F1500
G1 X65.38 Y156.24 F1500
G1 X66.43 Y158.20 F1500
G1 X66.85 Y157.85 F1500
G1 X67.47 Y156.42 F1500
G1 X67.68 Y156.16 F1500
G1 X67.89 Y156.13 F1500
G1 X68.73 Y157.78 F1500
G1 X69.15 Y158.20 F1500
G1 X70.41 Y156.11 F1500
G1 X70.83 Y156.53 F1500
G1 X71.66 Y158.18 F1500
G1 X71.87 Y158.17 F1500
G1 X72.08 Y157.90 F1500
G1 X72.71 Y156.47 F1500
G1 X73.13 Y156.12 F1500
G1 X74.18 Y158.08 F1500
G1 X74.39 Y158.21 F1500
G1 X74.60 Y158.08 F1500
G1 X75.65 Y156.12 F1500
G1 X76.07 Y156.47 F1500
G1 X76.69 Y157.90 F1500
G1 X76.90 Y158.17 F1500
G1 X77.11 Y158.18 F1500
G1 X77.95 Y156.53 F1500
G1 X78.37 Y156.11 F1500
G1 X79.63 Y158.20 F1500
G1 X80.05 Y157.78 F1500
G1 X80.88 Y156.13 F1500
G1 X81.09 Y156.16 F1500
G1 X81.30 Y156.42 F1500
G1 X81.93 Y157.85 F1500
G1 X82.35 Y158.20 F1500
G1 X83.40 Y156.24 F1500
G1 X83.61 Y156.11 F1500
G1 X83.82 Y156.24 F1500
G1 X84.87 Y158.20 F1500
G1 X85.29 Y157.84 F1500
G1 X85.91 Y156.41 F1500
G1 X86.12 Y156.15 F1500
G1 X86.33 Y156.14 F1500
G1 X87.17 Y157.80 F1500
G1 X87.59 Y158.20 F1500
G1 X88.85 Y156.11 F1500
G1 X89.27 Y156.54 F1500
G1 X90.10 Y158.19 F1500
G1 X90.52 Y157.89 F1500
G1 X91.15 Y156.46 F1500
G1 X91.57 Y156.13 F1500
G1 X92.41 Y157.74 F1500
G1 X92.83 Y158.21 F1500
G1 X93.04 Y158.07 F1500
G1 X94.09 Y156.12 F1500
G1 X94.51 Y156.49 F1500
G1 X95.13 Y157.91 F1500
G1 X95.34 Y158.17 F1500
G1 X95.55 Y158.18 F1500
G1 X96.39 Y156.51 F1500
G1 X96.81 Y156.12 F1500
G1 X97.23 Y156.68 F1500
G1 X97.86 Y158.05 F1500
G1 X98.07 Y158.21 F1500
G1 X98.49 Y157.77 F1500
G1 X99.32 Y156.13 F1500
G1 X99.74 Y156.44 F1500
G1 X100.37 Y157.87 F1500
G1 X100.79 Y158.19 F1500
G1 X101.63 Y156.57 F1500
G1 X102.05 Y156.11 F1500
G1 X102.26 Y156.25 F1500
G1 X103.31 Y158.20 F1500
G1 X103.73 Y157.82 F1500
G1 X104.35 Y156.40 F1500
G1 X104.56 Y156.15 F1500
G1 X104.77 Y156.14 F1500
G1 X105.61 Y157.81 F1500
G1 X106.03 Y158.20 F1500
G1 X107.08 Y156.26 F1500
G1 X107.29 Y156.11 F1500
G1 X107.71 Y156.56 F1500
G1 X108.54 Y158.19 F1500
G1 X108.96 Y157.88 F1500
G1 X109.59 Y156.45 F1500
G1 X110.01 Y156.13 F1500
G1 X110.85 Y157.76 F1500
G1 X111.27 Y158.21 F1500
G1 X111.48 Y158.06 F1500
G1 X112.53 Y156.12 F1500
G1 X112.95 Y156.50 F1500
G1 X113.78 Y158.18 F1500
G1 X113.99 Y158.17 F1500
G1 X114.20 Y157.92 F1500
G1 X114.83 Y156.50 F1500
G1 X115.25 Y156.12 F1500
G1 X116.30 Y158.06 F1500
G1 X116.51 Y158.21 F1500
G1 X116.93 Y157.75 F1500
G1 X117.76 Y156.13 F1500
G1 X118.18 Y156.45 F1500
G1 X118.81 Y157.88 F1500
G1 X119.23 Y158.19 F1500
G1 X120.07 Y156.55 F1500
G1 X120.49 Y156.11 F1500
G1 X120.70 Y156.26 F1500
G1 X121.54 Y158.03 F1500
G1 X121.75 Y158.20 F1500
G1 X122.17 Y157.81 F1500
G1 X123.00 Y156.14 F1500
G1 X123.21 Y156.15 F1500
G1 X123.42 Y156.40 F1500
G1 X124.05 Y157.83 F1500
G1 X124.47 Y158.20 F1500
G1 X125.52 Y156.25 F1500
G1 X125.73 Y156.11 F1500
G1 X126.15 Y156.57 F1500
G1 X126.98 Y158.19 F1500
G1 X127.40 Y157.86 F1500
G1 X128.03 Y156.43 F1500
G1 X128.45 Y156.13 F1500
G1 X129.29 Y157.77 F1500
G1 X129.71 Y158.21 F1500
G1 X130.97 Y156.12 F1500
G1 X131.39 Y156.52 F1500
G1 X132.22 Y158.18 F1500
G1 X132.43 Y158.17 F1500
G1 X132.64 Y157.91 F1500
G1 X133.27 Y156.49 F1500
G1 X133.69 Y156.12 F1500
G1 X134.74 Y158.07 F1500
G1 X134.95 Y158.21 F1500
G1 X135.16 Y158.09 F1500
G1 X136.20 Y156.12 F1500
G1 X136.62 Y156.46 F1500
G1 X137.25 Y157.89 F1500
G1 X137.46 Y158.16 F1500
G1 X137.67 Y158.19 F1500
G1 X138.51 Y156.54 F1500
G1 X138.93 Y156.11 F1500
G1 X140.19 Y158.20 F1500
G1 X140.61 Y157.79 F1500
G1 X141.44 Y156.14 F1500
G1 X141.65 Y156.15 F1500
G1 X141.86 Y156.41 F1500
G1 X142.49 Y157.84 F1500
G1 X142.91 Y158.20 F1500
G1 X143.75 Y156.92 F1500
G1 X143.96 Y157.16 F1500
G1 X180.00 Y157.16 F1500
G1 X180.00 Y157.37 F1500
G1 X180.00 Y157.58 F1500
G1 X180.00 Y157.79 F1500
G1 X180.00 Y158.00 F1500
G1 X180.00 Y158.21 F1500
G1 X180.00 Y158.21 F1500
G1 X144.59 Y158.21 F1500
G1 X144.38 Y158.16 F1500
G1 X144.17 Y157.16 F1500
G1 X143.96 Y157.29 F1500
G1 X142.91 Y159.25 F1500
G1 X142.49 Y158.89 F1500
G1 X141.86 Y157.46 F1500
G1 X141.65 Y157.20 F1500
G1 X141.44 Y157.19 F1500
G1 X140.61 Y158.84 F1500
G1 X140.19 Y159.25 F1500
G1 X138.93 Y157.16 F1500
G1 X138.51 Y157.59 F1500
G1 X137.67 Y159.23 F1500
G1 X137.46 Y159.21 F1500
G1 X137.25 Y158.94 F1500
G1 X136.62 Y157.51 F1500
G1 X136.20 Y157.17 F1500
G1 X135.16 Y159.13 F1500
G1 X134.95 Y159.25 F1500
G1 X134.74 Y159.12 F1500
G1 X133.69 Y157.17 F1500
G1 X133.27 Y157.53 F1500
G1 X132.64 Y158.96 F1500
G1 X132.43 Y159.22 F1500
G1 X132.22 Y159.23 F1500
G1 X131.39 Y157.57 F1500
G1 X130.97 Y157.16 F1500
G1 X129.71 Y159.25 F1500
G1 X129.29 Y158.82 F1500
G1 X128.45 Y157.18 F1500
G1 X128.03 Y157.48 F1500
G1 X127.40 Y158.91 F1500
G1 X126.98 Y159.24 F1500
G1 X126.15 Y157.62 F1500
G1 X125.73 Y157.16 F1500
G1 X125.52 Y157.30 F1500
G1 X124.47 Y159.25 F1500
G1 X124.05 Y158.87 F1500
G1 X123.42 Y157.45 F1500
G1 X123.21 Y157.19 F1500
G1 X123.00 Y157.19 F1500
G1 X122.17 Y158.86 F1500
G1 X121.75 Y159.25 F1500
G1 X121.54 Y159.07 F1500
G1 X120.70 Y157.31 F1500
G1 X120.49 Y157.16 F1500
G1 X120.07 Y157.60 F1500
G1 X119.23 Y159.24 F1500
G1 X118.81 Y158.93 F1500
G1 X118.18 Y157.50 F1500
G1 X117.76 Y157.18 F1500
G1 X116.93 Y158.80 F1500
G1 X116.51 Y159.25 F1500
G1 X116.30 Y159.11 F1500
G1 X115.25 Y157.17 F1500
G1 X114.83 Y157.55 F1500
G1 X114.20 Y158.97 F1500
G1 X113.99 Y159.22 F1500
G1 X113.78 Y159.22 F1500
G1 X112.95 Y157.55 F1500
G1 X112.53 Y157.17 F1500
G1 X111.48 Y159.11 F1500
G1 X111.27 Y159.25 F1500
G1 X110.85 Y158.80 F1500
G1 X110.01 Y157.18 F1500
G1 X109.59 Y157.49 F1500
G1 X108.96 Y158.92 F1500
G1 X108.54 Y159.24 F1500
G1 X107.71 Y157.61 F1500
G1 X107.29 Y157.16 F1500
G1 X107.08 Y157.31 F1500
G1 X106.03 Y159.25 F1500
G1 X105.61 Y158.86 F1500
G1 X104.77 Y157.19 F1500
G1 X104.56 Y157.19 F1500
G1 X104.35 Y157.45 F1500
G1 X103.73 Y158.87 F1500
G1 X103.31 Y159.25 F1500
G1 X102.26 Y157.30 F1500
G1 X102.05 Y157.16 F1500
G1 X101.63 Y157.62 F1500
G1 X100.79 Y159.24 F1500
G1 X100.37 Y158.91 F1500
G1 X99.74 Y157.48 F1500
G1 X99.32 Y157.18 F1500
G1 X98.49 Y158.82 F1500
G1 X98.07 Y159.25 F1500
G1 X97.86 Y159.10 F1500
G1 X97.23 Y157.73 F1500
G1 X96.81 Y157.16 F1500
G1 X96.39 Y157.56 F1500
G1 X95.55 Y159.23 F1500
G1 X95.34 Y159.22 F1500
G1 X95.13 Y158.96 F1500
G1 X94.51 Y157.54 F1500
G1 X94.09 Y157.17 F1500
G1 X93.04 Y159.12 F1500
G1 X92.83 Y159.25 F1500
G1 X92.41 Y158.79 F1500
G1 X91.57 Y157.17 F1500
G1 X91.15 Y157.51 F1500
G1 X90.52 Y158.94 F1500
G1 X90.10 Y159.23 F1500
G1 X89.27 Y157.59 F1500
G1 X88.85 Y157.16 F1500
G1 X87.59 Y159.25 F1500
G1 X87.17 Y158.85 F1500
G1 X86.33 Y157.19 F1500
G1 X86.12 Y157.20 F1500
G1 X85.91 Y157.46 F1500
G1 X85.29 Y158.89 F1500
G1 X84.87 Y159.25 F1500
G1 X83.82 Y157.29 F1500
G1 X83.61 Y157.16 F1500
G1 X83.40 Y157.28 F1500
G1 X82.35 Y159.24 F1500
G1 X81.93 Y158.90 F1500
G1 X81.30 Y157.47 F1500
G1 X81.09 Y157.20 F1500
G1 X80.88 Y157.18 F1500
G1 X80.05 Y158.83 F1500
G1 X79.63 Y159.25 F1500
G1 X78.37 Y157.16 F1500
G1 X77.95 Y157.58 F1500
G1 X77.11 Y159.23 F1500
G1 X76.90 Y159.21 F1500
G1 X76.69 Y158.95 F1500
G1 X76.07 Y157.52 F1500
G1 X75.65 Y157.17 F1500
G1 X74.60 Y159.13 F1500
G1 X74.39 Y159.25 F1500
G1 X74.18 Y159.13 F1500
G1 X73.13 Y157.17 F1500
G1 X72.71 Y157.52 F1500
G1 X72.08 Y158.95 F1500
G1 X71.87 Y159.21 F1500
G1 X71.66 Y159.23 F1500
G1 X70.83 Y157.58 F1500
G1 X70.41 Y157.16 F1500
G1 X69.15 Y159.25 F1500
G1 X68.73 Y158.83 F1500
G1 X67.89 Y157.18 F1500
G1 X67.68 Y157.20 F1500
G1 X67.47 Y157.47 F1500
G1 X66.85 Y158.90 F1500
G1 X66.43 Y159.24 F1500
G1 X65.38 Y157.28 F1500
G1 X65.17 Y157.16 F1500
G1 X64.96 Y157.29 F1500
G1 X63.91 Y159.25 F1500
G1 X63.49 Y158.89 F1500
G1 X62.86 Y157.46 F1500
G1 X62.65 Y157.20 F1500
G1 X62.44 Y157.19 F1500
G1 X61.61 Y158.85 F1500
G1 X61.19 Y159.25 F1500
G1 X59.93 Y157.16 F1500
G1 X59.51 Y157.59 F1500
G1 X58.67 Y159.23 F1500
G1 X58.25 Y158.94 F1500
G1 X57.63 Y157.51 F1500
G1 X57.21 Y157.17 F1500
G1 X56.37 Y158.79 F1500
G1 X55.95 Y159.25 F1500
G1 X55.74 Y159.12 F1500
G1 X54.69 Y157.17 F1500
G1 X54.27 Y157.54 F1500
G1 X53.64 Y158.96 F1500
G1 X53.43 Y159.22 F1500
G1 X53.22 Y159.23 F1500
G1 X52.39 Y157.56 F1500
G1 X51.97 Y157.16 F1500
G1 X51.55 Y157.73 F1500
G1 X50.92 Y159.10 F1500
G1 X50.71 Y159.25 F1500
G1 X50.29 Y158.82 F1500
G1 X49.45 Y157.18 F1500
G1 X49.03 Y157.48 F1500
G1 X48.41 Y158.91 F1500
G1 X47.99 Y159.24 F1500
G1 X47.15 Y157.62 F1500
G1 X46.73 Y157.16 F1500
G1 X46.52 Y157.30 F1500
G1 X45.47 Y159.25 F1500
G1 X45.05 Y158.87 F1500
G1 X44.21 Y157.19 F1500
G1 X44.00 Y157.19 F1500
G1 X43.80 Y157.44 F1500
G1 X43.17 Y158.86 F1500
G1 X42.75 Y159.25 F1500
G1 X41.70 Y157.31 F1500
G1 X41.49 Y157.16 F1500
G1 X41.07 Y157.61 F1500
G1 X40.23 Y159.24 F1500
G1 X39.81 Y158.92 F1500
G1 X39.19 Y157.49 F1500
G1 X38.77 Y157.18 F1500
G1 X37.93 Y158.80 F1500
G1 X37.51 Y159.25 F1500
G1 X37.30 Y159.11 F1500
G1 X36.25 Y157.17 F1500
G1 X35.83 Y157.55 F1500
G1 X35.62 Y158.21 F1500
G1 X0.00 Y158.21 F1500
G1 X0.00 Y158.42 F1500
G1 X0.00 Y158.63 F1500
G1 X0.00 Y158.84 F1500
G1 X0.00 Y159.05 F1500
G1 X0.00 Y159.25 F1500
G1 X0.00 Y159.25 F1500
G1 X35.20 Y159.25 F1500
G1 X35.41 Y159.59 F1500
G1 X35.83 Y158.60 F1500
G1 X36.25 Y158.21 F1500
G1 X37.30 Y160.16 F1500
G1 X37.51 Y160.30 F1500
G1 X37.93 Y159.85 F1500
G1 X38.77 Y158.22 F1500
G1 X39.19 Y158.54 F1500
G1 X39.81 Y159.97 F1500
G1 X40.23 Y160.29 F1500
G1 X41.07 Y158.65 F1500
G1 X41.49 Y158.21 F1500
G1 X41.70 Y158.36 F1500
G1 X42.75 Y160.30 F1500
G1 X43.17 Y159.91 F1500
G1 X43.80 Y158.48 F1500
G1 X44.00 Y158.24 F1500
G1 X44.21 Y158.24 F1500
G1 X45.05 Y159.92 F1500
G1 X45.47 Y160.30 F1500
G1 X46.52 Y158.35 F1500
G1 X46.73 Y158.21 F1500
G1 X47.15 Y158.67 F1500
G1 X47.99 Y160.29 F1500
G1 X48.41 Y159.96 F1500
G1 X49.03 Y158.53 F1500
G1 X49.45 Y158.23 F1500
G1 X50.29 Y159.86 F1500
G1 X50.71 Y160.30 F1500
G1 X50.92 Y160.15 F1500
G1 X51.55 Y158.77 F1500
G1 X51.97 Y158.21 F1500
G1 X52.39 Y158.61 F1500
G1 X53.22 Y160.27 F1500
G1 X53.43 Y160.27 F1500
G1 X53.64 Y160.01 F1500
G1 X54.27 Y158.58 F1500
G1 X54.69 Y158.22 F1500
G1 X55.74 Y160.17 F1500
G1 X55.95 Y160.30 F1500
G1 X56.37 Y159.84 F1500
G1 X57.21 Y158.22 F1500
G1 X57.63 Y158.56 F1500
G1 X58.25 Y159.98 F1500
G1 X58.67 Y160.28 F1500
G1 X59.51 Y158.64 F1500
G1 X59.93 Y158.21 F1500
G1 X61.19 Y160.30 F1500
G1 X61.61 Y159.89 F1500
G1 X62.44 Y158.23 F1500
G1 X62.65 Y158.25 F1500
G1 X62.86 Y158.51 F1500
G1 X63.49 Y159.93 F1500
G1 X63.91 Y160.29 F1500
G1 X64.96 Y158.34 F1500
G1 X65.17 Y158.21 F1500
G1 X65.38 Y158.33 F1500
G1 X66.43 Y160.29 F1500
G1 X66.85 Y159.95 F1500
G1 X67.47 Y158.52 F1500
G1 X67.68 Y158.25 F1500
G1 X67.89 Y158.23 F1500
G1 X68.73 Y159.88 F1500
G1 X69.15 Y160.30 F1500
G1 X70.41 Y158.21 F1500
G1 X70.83 Y158.62 F1500
G1 X71.66 Y160.28 F1500
G1 X71.87 Y160.26 F1500
G1 X72.08 Y160.00 F1500
G1 X72.71 Y158.57 F1500
G1 X73.13 Y158.22 F1500
G1 X74.18 Y160.17 F1500
G1 X74.39 Y160.30 F1500
G1 X74.60 Y160.17 F1500
G1 X75.65 Y158.22 F1500
G1 X76.07 Y158.57 F1500
G1 X76.69 Y160.00 F1500
G1 X76.90 Y160.26 F1500
G1 X77.11 Y160.28 F1500
G1 X77.95 Y158.62 F1500
G1 X78.37 Y158.21 F1500
G1 X79.63 Y160.30 F1500
G1 X80.05 Y159.88 F1500
G1 X80.88 Y158.23 F1500
G1 X81.09 Y158.25 F1500
G1 X81.30 Y158.52 F1500
G1 X81.93 Y159.95 F1500
G1 X82.35 Y160.29 F1500
G1 X83.40 Y158.33 F1500
G1 X83.61 Y158.21 F1500
G1 X83.82 Y158.34 F1500
G1 X84.87 Y160.29 F1500
G1 X85.29 Y159.93 F1500
G1 X85.91 Y158.51 F1500
G1 X86.12 Y158.25 F1500
G1 X86.33 Y158.23 F1500
G1 X87.17 Y159.89 F1500
G1 X87.59 Y160.30 F1500
G1 X88.85 Y158.21 F1500
G1 X89.27 Y158.64 F1500
G1 X90.10 Y160.28 F1500
G1 X90.52 Y159.98 F1500
G1 X91.15 Y158.56 F1500
G1 X91.57 Y158.22 F1500
G1 X92.41 Y159.84 F1500
G1 X92.83 Y160.30 F1500
G1 X93.04 Y160.17 F1500
G1 X94.09 Y158.22 F1500
G1 X94.51 Y158.58 F1500
G1 X95.13 Y160.01 F1500
G1 X95.34 Y160.27 F1500
G1 X95.55 Y160.27 F1500
G1 X96.39 Y158.61 F1500
G1 X96.81 Y158.21 F1500
G1 X97.23 Y158.77 F1500
G1 X97.86 Y160.15 F1500
G1 X98.07 Y160.30 F1500
G1 X98.49 Y159.86 F1500
G1 X99.32 Y158.23 F1500
G1 X99.74 Y158.53 F1500
G1 X100.37 Y159.96 F1500
G1 X100.79 Y160.29 F1500
G1 X101.63 Y158.67 F1500
G1 X102.05 Y158.21 F1500
G1 X102.26 Y158.35 F1500
G1 X103.31 Y160.30 F1500
G1 X103.73 Y159.92 F1500
G1 X104.35 Y158.49 F1500
G1 X104.56 Y158.24 F1500
G1 X104.77 Y158.24 F1500
G1 X105.61 Y159.91 F1500
G1 X106.03 Y160.30 F1500
G1 X107.08 Y158.36 F1500
G1 X107.29 Y158.21 F1500
G1 X107.71 Y158.65 F1500
G1 X108.54 Y160.29 F1500
G1 X108.96 Y159.97 F1500
G1 X109.59 Y158.54 F1500
G1 X110.01 Y158.22 F1500
G1 X110.85 Y159.85 F1500
G1 X111.27 Y160.30 F1500
G1 X111.48 Y160.16 F1500
G1 X112.53 Y158.21 F1500
G1 X112.95 Y158.60 F1500
G1 X113.78 Y160.27 F1500
G1 X113.99 Y160.27 F1500
G1 X114.20 Y160.02 F1500
G1 X114.83 Y158.59 F1500
G1 X115.25 Y158.21 F1500
G1 X116.30 Y160.16 F1500
G1 X116.51 Y160.30 F1500
G1 X116.93 Y159.85 F1500
G1 X117.76 Y158.22 F1500
G1 X118.18 Y158.55 F1500
G1 X118.81 Y159.97 F1500
G1 X119.23 Y160.28 F1500
G1 X120.07 Y158.65 F1500
G1 X120.49 Y158.21 F1500
G1 X120.70 Y158.36 F1500
G1 X121.54 Y160.12 F1500
G1 X121.75 Y160.30 F1500
G1 X122.17 Y159.90 F1500
G1 X123.00 Y158.24 F1500
G1 X123.21 Y158.24 F1500
G1 X123.42 Y158.50 F1500
G1 X124.05 Y159.92 F1500
G1 X124.47 Y160.30 F1500
G1 X125.52 Y158.35 F1500
G1 X125.73 Y158.21 F1500
G1 X126.15 Y158.67 F1500
G1 X126.98 Y160.29 F1500
G1 X127.40 Y159.96 F1500
G1 X128.03 Y158.53 F1500
G1 X128.45 Y158.23 F1500
G1 X129.29 Y159.87 F1500
G1 X129.71 Y160.30 F1500
G1 X130.97 Y158.21 F1500
G1 X131.39 Y158.61 F1500
G1 X132.22 Y160.28 F1500
G1 X132.43 Y160.26 F1500
G1 X132.64 Y160.01 F1500
G1 X133.27 Y158.58 F1500
G1 X133.69 Y158.22 F1500
G1 X134.74 Y160.17 F1500
G1 X134.95 Y160.30 F1500
G1 X135.16 Y160.18 F1500
G1 X136.20 Y158.22 F1500
G1 X136.62 Y158.56 F1500
G1 X137.25 Y159.99 F1500
G1 X137.46 Y160.26 F1500
G1 X137.67 Y160.28 F1500
G1 X138.51 Y158.64 F1500
G1 X138.93 Y158.21 F1500
G1 X140.19 Y160.30 F1500
G1 X140.61 Y159.89 F1500
G1 X141.44 Y158.23 F1500
G1 X141.65 Y158.25 F1500
G1 X141.86 Y158.51 F1500
G1 X142.49 Y159.94 F1500
G1 X142.91 Y160.29 F1500
G1 X143.96 Y158.34 F1500
G1 X144.17 Y158.21 F1500
G1 X144.38 Y158.33 F1500
G1 X144.80 Y159.22 F1500
G1 X145.01 Y159.25 F1500
G1 X180.00 Y159.25 F1500
G1 X180.00 Y159.46 F1500
G1 X180.00 Y159.67 F1500
G1 X180.00 Y159.88 F1500
G1 X180.00 Y160.09 F1500
G1 X180.00 Y160.30 F1500
G1 X180.00 Y160.30 F1500
G1 X145.42 Y160.30 F1500
G1 X145.01 Y160.73 F1500
G1 X144.59 Y159.73 F1500
G1 X144.17 Y159.25 F1500
G1 X143.96 Y159.39 F1500
G1 X142.91 Y161.34 F1500
G1 X142.49 Y160.98 F1500
G1 X141.86 Y159.56 F1500
G1 X141.65 Y159.30 F1500
G1 X141.44 Y159.28 F1500
G1 X140.61 Y160.94 F1500
G1 X140.19 Y161.35 F1500
G1 X138.93 Y159.26 F1500
G1 X138.51 Y159.68 F1500
G1 X137.67 Y161.33 F1500
G1 X137.46 Y161.30 F1500
G1 X137.25 Y161.04 F1500
G1 X136.62 Y159.61 F1500
G1 X136.20 Y159.27 F1500
G1 X135.16 Y161.23 F1500
G1 X134.95 Y161.35 F1500
G1 X134.74 Y161.22 F1500
G1 X133.69 Y159.26 F1500
G1 X133.27 Y159.63 F1500
G1 X132.64 Y161.05 F1500
G1 X132.43 Y161.31 F1500
G1 X132.22 Y161.32 F1500
G1 X131.39 Y159.66 F1500
G1 X130.97 Y159.26 F1500
G1 X129.71 Y161.35 F1500
G1 X129.29 Y160.91 F1500
G1 X128.45 Y159.27 F1500
G1 X128.03 Y159.58 F1500
G1 X127.40 Y161.00 F1500
G1 X126.98 Y161.34 F1500
G1 X126.15 Y159.72 F1500
G1 X125.73 Y159.26 F1500
G1 X125.52 Y159.39 F1500
G1 X124.47 Y161.34 F1500
G1 X124.05 Y160.97 F1500
G1 X123.42 Y159.54 F1500
G1 X123.21 Y159.29 F1500
G1 X123.00 Y159.28 F1500
G1 X122.17 Y160.95 F1500
G1 X121.75 Y161.35 F1500
G1 X121.54 Y161.17 F1500
G1 X120.70 Y159.41 F1500
G1 X120.49 Y159.26 F1500
G1 X120.07 Y159.70 F1500
G1 X119.23 Y161.33 F1500
G1 X118.81 Y161.02 F1500
G1 X118.18 Y159.59 F1500
G1 X117.76 Y159.27 F1500
G1 X116.93 Y160.90 F1500
G1 X116.51 Y161.35 F1500
G1 X116.30 Y161.21 F1500
G1 X115.25 Y159.26 F1500
G1 X114.83 Y159.64 F1500
G1 X114.20 Y161.07 F1500
G1 X113.99 Y161.32 F1500
G1 X113.78 Y161.32 F1500
G1 X112.95 Y159.65 F1500
G1 X112.53 Y159.26 F1500
G1 X111.48 Y161.20 F1500
G1 X111.27 Y161.35 F1500
G1 X110.85 Y160.90 F1500
G1 X110.01 Y159.27 F1500
G1 X109.59 Y159.59 F1500
G1 X108.96 Y161.02 F1500
G1 X108.54 Y161.33 F1500
G1 X107.71 Y159.70 F1500
G1 X107.29 Y159.26 F1500
G1 X107.08 Y159.40 F1500
G1 X106.03 Y161.34 F1500
G1 X105.61 Y160.96 F1500
G1 X104.77 Y159.29 F1500
G1 X104.56 Y159.29 F1500
G1 X104.35 Y159.54 F1500
G1 X103.73 Y160.97 F1500
G1 X103.31 Y161.34 F1500
G1 X102.26 Y159.40 F1500
G1 X102.05 Y159.26 F1500
G1 X101.63 Y159.71 F1500
G1 X100.79 Y161.34 F1500
G1 X100.37 Y161.01 F1500
G1 X99.74 Y159.58 F1500
G1 X99.32 Y159.27 F1500
G1 X98.49 Y160.91 F1500
G1 X98.07 Y161.35 F1500
G1 X97.86 Y161.20 F1500
G1 X97.23 Y159.82 F1500
G1 X96.81 Y159.26 F1500
G1 X96.39 Y159.66 F1500
G1 X95.55 Y161.32 F1500
G1 X95.34 Y161.31 F1500
G1 X95.13 Y161.06 F1500
G1 X94.51 Y159.63 F1500
G1 X94.09 Y159.26 F1500
G1 X93.04 Y161.21 F1500
G1 X92.83 Y161.35 F1500
G1 X92.41 Y160.88 F1500
G1 X91.57 Y159.27 F1500
G1 X91.15 Y159.60 F1500
G1 X90.52 Y161.03 F1500
G1 X90.10 Y161.33 F1500
G1 X89.27 Y159.69 F1500
G1 X88.85 Y159.26 F1500
G1 X87.59 Y161.35 F1500
G1 X87.17 Y160.94 F1500
G1 X86.33 Y159.28 F1500
G1 X86.12 Y159.29 F1500
G1 X85.91 Y159.55 F1500
G1 X85.29 Y160.98 F1500
G1 X84.87 Y161.34 F1500
G1 X83.82 Y159.39 F1500
G1 X83.61 Y159.25 F1500
G1 X83.40 Y159.38 F1500
G1 X82.35 Y161.34 F1500
G1 X81.93 Y160.99 F1500
G1 X81.30 Y159.57 F1500
G1 X81.09 Y159.30 F1500
G1 X80.88 Y159.28 F1500
G1 X80.05 Y160.93 F1500
G1 X79.63 Y161.35 F1500
G1 X78.37 Y159.26 F1500
G1 X77.95 Y159.67 F1500
G1 X77.11 Y161.33 F1500
G1 X76.90 Y161.31 F1500
G1 X76.69 Y161.05 F1500
G1 X76.07 Y159.62 F1500
G1 X75.65 Y159.27 F1500
G1 X74.60 Y161.22 F1500
G1 X74.39 Y161.35 F1500
G1 X74.18 Y161.22 F1500
G1 X73.13 Y159.27 F1500
G1 X72.71 Y159.62 F1500
G1 X72.08 Y161.05 F1500
G1 X71.87 Y161.31 F1500
G1 X71.66 Y161.33 F1500
G1 X70.83 Y159.67 F1500
G1 X70.41 Y159.26 F1500
G1 X69.15 Y161.35 F1500
G1 X68.73 Y160.93 F1500
G1 X67.89 Y159.28 F1500
G1 X67.68 Y159.30 F1500
G1 X67.47 Y159.57 F1500
G1 X66.85 Y160.99 F1500
G1 X66.43 Y161.34 F1500
G1 X65.38 Y159.38 F1500
G1 X65.17 Y159.25 F1500
G1 X64.96 Y159.39 F1500
G1 X63.91 Y161.34 F1500
G1 X63.49 Y160.98 F1500
G1 X62.86 Y159.55 F1500
G1 X62.65 Y159.29 F1500
G1 X62.44 Y159.28 F1500
G1 X61.61 Y160.94 F1500
G1 X61.19 Y161.35 F1500
G1 X59.93 Y159.26 F1500
G1 X59.51 Y159.69 F1500
G1 X58.67 Y161.33 F1500
G1 X58.25 Y161.03 F1500
G1 X57.63 Y159.60 F1500
G1 X57.21 Y159.27 F1500
G1 X56.37 Y160.88 F1500
G1 X55.95 Y161.35 F1500
G1 X55.74 Y161.21 F1500
G1 X54.69 Y159.26 F1500
G1 X54.27 Y159.63 F1500
G1 X53.64 Y161.06 F1500
G1 X53.43 Y161.31 F1500
G1 X53.22 Y161.32 F1500
G1 X52.39 Y159.66 F1500
G1 X51.97 Y159.26 F1500
G1 X51.55 Y159.82 F1500
G1 X50.92 Y161.20 F1500
G1 X50.71 Y161.35 F1500
G1 X50.29 Y160.91 F1500
G1 X49.45 Y159.27 F1500
G1 X49.03 Y159.58 F1500
G1 X48.41 Y161.01 F1500
G1 X47.99 Y161.34 F1500
G1 X47.15 Y159.71 F1500
G1 X46.73 Y159.26 F1500
G1 X46.52 Y159.40 F1500
G1 X45.47 Y161.34 F1500
G1 X45.05 Y160.97 F1500
G1 X44.21 Y159.29 F1500
G1 X44.00 Y159.29 F1500
G1 X43.80 Y159.53 F1500
G1 X43.17 Y160.96 F1500
G1 X42.75 Y161.34 F1500
G1 X41.70 Y159.40 F1500
G1 X41.49 Y159.26 F1500
G1 X41.07 Y159.70 F1500
G1 X40.23 Y161.33 F1500
G1 X39.81 Y161.02 F1500
G1 X39.19 Y159.59 F1500
G1 X38.77 Y159.27 F1500
G1 X37.93 Y160.90 F1500
G1 X37.51 Y161.35 F1500
G1 X37.30 Y161.20 F1500
G1 X36.25 Y159.26 F1500
G1 X35.83 Y159.65 F1500
G1 X34.99 Y161.32 F1500
G1 X34.78 Y160.30 F1500
G1 X0.00 Y160.30 F1500
G1 X0.00 Y160.51 F1500
G1 X0.00 Y160.72 F1500
G1 X0.00 Y160.93 F1500
G1 X0.00 Y161.14 F1500
G1 X0.00 Y161.35 F1500
G1 X0.00 Y161.35 F1500
G1 X34.37 Y161.35 F1500
G1 X34.58 Y162.09 F1500
G1 X34.78 Y162.36 F1500
G1 X34.99 Y162.37 F1500
G1 X35.83 Y160.69 F1500
G1 X36.25 Y160.31 F1500
G1 X37.30 Y162.25 F1500
G1 X37.51 Y162.40 F1500
G1 X37.93 Y161.95 F1500
G1 X38.77 Y160.32 F1500
G1 X39.19 Y160.64 F1500
G1 X39.81 Y162.07 F1500
G1 X40.23 Y162.38 F1500
G1 X41.07 Y160.75 F1500
G1 X41.49 Y160.30 F1500
G1 X41.70 Y160.45 F1500
G1 X42.75 Y162.39 F1500
G1 X43.17 Y162.00 F1500
G1 X43.80 Y160.58 F1500
G1 X44.00 Y160.33 F1500
G1 X44.21 Y160.34 F1500
G1 X45.05 Y162.01 F1500
G1 X45.47 Y162.39 F1500
G1 X46.52 Y160.44 F1500
G1 X46.73 Y160.30 F1500
G1 X47.15 Y160.76 F1500
G1 X47.99 Y162.38 F1500
G1 X48.41 Y162.06 F1500
G1 X49.03 Y160.63 F1500
G1 X49.45 Y160.32 F1500
G1 X50.29 Y161.96 F1500
G1 X50.71 Y162.40 F1500
G1 X50.92 Y162.24 F1500
G1 X51.55 Y160.87 F1500
G1 X51.97 Y160.31 F1500
G1 X52.39 Y160.70 F1500
G1 X53.22 Y162.37 F1500
G1 X53.43 Y162.36 F1500
G1 X53.64 Y162.11 F1500
G1 X54.27 Y160.68 F1500
G1 X54.69 Y160.31 F1500
G1 X55.74 Y162.26 F1500
G1 X55.95 Y162.40 F1500
G1 X56.37 Y161.93 F1500
G1 X57.21 Y160.32 F1500
G1 X57.63 Y160.65 F1500
G1 X58.25 Y162.08 F1500
G1 X58.67 Y162.38 F1500
G1 X59.51 Y160.73 F1500
G1 X59.93 Y160.30 F1500
G1 X61.19 Y162.39 F1500
G1 X61.61 Y161.99 F1500
G1 X62.44 Y160.33 F1500
G1 X62.65 Y160.34 F1500
G1 X62.86 Y160.60 F1500
G1 X63.49 Y162.03 F1500
G1 X63.91 Y162.39 F1500
G1 X64.96 Y160.44 F1500
G1 X65.17 Y160.30 F1500
G1 X65.38 Y160.43 F1500
G1 X66.43 Y162.39 F1500
G1 X66.85 Y162.04 F1500
G1 X67.47 Y160.61 F1500
G1 X67.68 Y160.35 F1500
G1 X67.89 Y160.33 F1500
G1 X68.73 Y161.97 F1500
G1 X69.15 Y162.40 F1500
G1 X70.41 Y160.31 F1500
G1 X70.83 Y160.72 F1500
G1 X71.66 Y162.37 F1500
G1 X71.87 Y162.36 F1500
G1 X72.08 Y162.09 F1500
G1 X72.71 Y160.67 F1500
G1 X73.13 Y160.31 F1500
G1 X74.18 Y162.27 F1500
G1 X74.39 Y162.40 F1500
G1 X74.60 Y162.27 F1500
G1 X75.65 Y160.31 F1500
G1 X76.07 Y160.67 F1500
G1 X76.69 Y162.09 F1500
G1 X76.90 Y162.36 F1500
G1 X77.11 Y162.37 F1500
G1 X77.95 Y160.72 F1500
G1 X78.37 Y160.31 F1500
G1 X79.63 Y162.40 F1500
G1 X80.05 Y161.97 F1500
G1 X80.88 Y160.33 F1500
G1 X81.09 Y160.35 F1500
G1 X81.30 Y160.61 F1500
G1 X81.93 Y162.04 F1500
G1 X82.35 Y162.39 F1500
G1 X83.40 Y160.43 F1500
G1 X83.61 Y160.30 F1500
G1 X83.82 Y160.44 F1500
G1 X84.87 Y162.39 F1500
G1 X85.29 Y162.03 F1500
G1 X85.91 Y160.60 F1500
G1 X86.12 Y160.34 F1500
G1 X86.33 Y160.33 F1500
G1 X87.17 Y161.99 F1500
G1 X87.59 Y162.39 F1500
G1 X88.85 Y160.30 F1500
G1 X89.27 Y160.73 F1500
G1 X90.10 Y162.38 F1500
G1 X90.52 Y162.08 F1500
G1 X91.15 Y160.65 F1500
G1 X91.57 Y160.32 F1500
G1 X92.41 Y161.93 F1500
G1 X92.83 Y162.40 F1500
G1 X93.04 Y162.26 F1500
G1 X94.09 Y160.31 F1500
G1 X94.51 Y160.68 F1500
G1 X95.13 Y162.11 F1500
G1 X95.34 Y162.36 F1500
G1 X95.55 Y162.37 F1500
G1 X96.39 Y160.70 F1500
G1 X96.81 Y160.31 F1500
G1 X97.23 Y160.87 F1500
G1 X97.86 Y162.24 F1500
G1 X98.07 Y162.40 F1500
G1 X98.49 Y161.96 F1500
G1 X99.32 Y160.32 F1500
G1 X99.74 Y160.63 F1500
G1 X100.37 Y162.06 F1500
G1 X100.79 Y162.38 F1500
G1 X101.63 Y160.76 F1500
G1 X102.05 Y160.30 F1500
G1 X102.26 Y160.44 F1500
G1 X103.31 Y162.39 F1500
G1 X103.73 Y162.01 F1500
G1 X104.35 Y160.59 F1500
G1 X104.56 Y160.34 F1500
G1 X104.77 Y160.33 F1500
G1 X105.61 Y162.00 F1500
G1 X106.03 Y162.39 F1500
G1 X107.08 Y160.45 F1500
G1 X107.29 Y160.30 F1500
G1 X107.71 Y160.75 F1500
G1 X108.54 Y162.38 F1500
G1 X108.96 Y162.07 F1500
G1 X109.59 Y160.64 F1500
G1 X110.01 Y160.32 F1500
G1 X110.85 Y161.95 F1500
G1 X111.27 Y162.40 F1500
G1 X111.48 Y162.25 F1500
G1 X112.53 Y160.31 F1500
G1 X112.95 Y160.69 F1500
G1 X113.78 Y162.37 F1500
G1 X113.99 Y162.36 F1500
G1 X114.20 Y162.12 F1500
G1 X114.83 Y160.69 F1500
G1 X115.25 Y160.31 F1500
G1 X116.30 Y162.25 F1500
G1 X116.51 Y162.40 F1500
G1 X116.93 Y161.94 F1500
G1 X117.76 Y160.32 F1500
G1 X118.18 Y160.64 F1500
G1 X118.81 Y162.07 F1500
G1 X119.23 Y162.38 F1500
G1 X120.07 Y160.75 F1500
G1 X120.49 Y160.30 F1500
G1 X120.70 Y160.45 F1500
G1 X121.54 Y162.22 F1500
G1 X121.75 Y162.39 F1500
G1 X122.17 Y162.00 F1500
G1 X123.00 Y160.33 F1500
G1 X123.21 Y160.34 F1500
G1 X123.42 Y160.59 F1500
G1 X124.05 Y162.02 F1500
G1 X124.47 Y162.39 F1500
G1 X125.52 Y160.44 F1500
G1 X125.73 Y160.30 F1500
G1 X126.15 Y160.76 F1500
G1 X126.98 Y162.38 F1500
G1 X127.40 Y162.05 F1500
G1 X128.03 Y160.62 F1500
G1 X128.45 Y160.32 F1500
G1 X129.29 Y161.96 F1500
G1 X129.71 Y162.40 F1500
G1 X130.97 Y160.31 F1500
G1 X131.39 Y160.71 F1500
G1 X132.22 Y162.37 F1500
G1 X132.43 Y162.36 F1500
G1 X132.64 Y162.10 F1500
G1 X133.27 Y160.68 F1500
G1 X133.69 Y160.31 F1500
G1 X134.74 Y162.26 F1500
G1 X134.95 Y162.40 F1500
G1 X135.16 Y162.28 F1500
G1 X136.20 Y160.32 F1500
G1 X136.62 Y160.66 F1500
G1 X137.25 Y162.08 F1500
G1 X137.46 Y162.35 F1500
G1 X137.67 Y162.38 F1500
G1 X138.51 Y160.73 F1500
G1 X138.93 Y160.30 F1500
G1 X140.19 Y162.39 F1500
G1 X140.61 Y161.98 F1500
G1 X141.44 Y160.33 F1500
G1 X141.65 Y160.34 F1500
G1 X141.86 Y160.60 F1500
G1 X142.49 Y162.03 F1500
G1 X142.91 Y162.39 F1500
G1 X143.96 Y160.43 F1500
G1 X144.17 Y160.30 F1500
G1 X144.38 Y160.43 F1500
G1 X145.42 Y162.39 F1500
G1 X145.63 Y161.35 F1500
G1 X180.00 Y161.35 F1500
G1 X180.00 Y161.56 F1500
G1 X180.00 Y161.77 F1500
G1 X180.00 Y161.98 F1500
G1 X180.00 Y162.19 F1500
G1 X180.00 Y162.40 F1500
G1 X180.00 Y162.40 F1500
G1 X146.05 Y162.40 F1500
G1 X145.84 Y162.60 F1500
G1 X145.63 Y163.38 F1500
G1 X145.42 Y163.43 F1500
G1 X144.38 Y161.48 F1500
G1 X144.17 Y161.35 F1500
G1 X143.96 Y161.48 F1500
G1 X142.91 Y163.44 F1500
G1 X142.49 Y163.08 F1500
G1 X141.86 Y161.65 F1500
G1 X141.65 Y161.39 F1500
G1 X141.44 Y161.38 F1500
G1 X140.61 Y163.03 F1500
G1 X140.19 Y163.44 F1500
G1 X138.93 Y161.35 F1500
G1 X138.51 Y161.78 F1500
G1 X137.67 Y163.42 F1500
G1 X137.46 Y163.40 F1500
G1 X137.25 Y163.13 F1500
G1 X136.62 Y161.70 F1500
G1 X136.20 Y161.36 F1500
G1 X135.16 Y163.32 F1500
G1 X134.95 Y163.45 F1500
G1 X134.74 Y163.31 F1500
G1 X133.69 Y161.36 F1500
G1 X133.27 Y161.72 F1500
G1 X132.64 Y163.15 F1500
G1 X132.43 Y163.41 F1500
G1 X132.22 Y163.42 F1500
G1 X131.39 Y161.76 F1500
G1 X130.97 Y161.35 F1500
G1 X129.71 Y163.44 F1500
G1 X129.29 Y163.01 F1500
G1 X128.45 Y161.37 F1500
G1 X128.03 Y161.67 F1500
G1 X127.40 Y163.10 F1500
G1 X126.98 Y163.43 F1500
G1 X126.15 Y161.81 F1500
G1 X125.73 Y161.35 F1500
G1 X125.52 Y161.49 F1500
G1 X124.47 Y163.44 F1500
G1 X124.05 Y163.07 F1500
G1 X123.42 Y161.64 F1500
G1 X123.21 Y161.39 F1500
G1 X123.00 Y161.38 F1500
G1 X122.17 Y163.05 F1500
G1 X121.75 Y163.44 F1500
G1 X121.54 Y163.26 F1500
G1 X120.70 Y161.50 F1500
G1 X120.49 Y161.35 F1500
G1 X120.07 Y161.79 F1500
G1 X119.23 Y163.43 F1500
G1 X118.81 Y163.12 F1500
G1 X118.18 Y161.69 F1500
G1 X117.76 Y161.37 F1500
G1 X116.93 Y162.99 F1500
G1 X116.51 Y163.45 F1500
G1 X116.30 Y163.30 F1500
G1 X115.25 Y161.36 F1500
G1 X114.83 Y161.74 F1500
G1 X114.20 Y163.16 F1500
G1 X113.99 Y163.41 F1500
G1 X113.78 Y163.41 F1500
G1 X112.95 Y161.74 F1500
G1 X112.53 Y161.36 F1500
G1 X111.48 Y163.30 F1500
G1 X111.27 Y163.45 F1500
G1 X110.85 Y163.00 F1500
G1 X110.01 Y161.37 F1500
G1 X109.59 Y161.69 F1500
G1 X108.96 Y163.11 F1500
G1 X108.54 Y163.43 F1500
G1 X107.71 Y161.80 F1500
G1 X107.29 Y161.35 F1500
G1 X107.08 Y161.50 F1500
G1 X106.03 Y163.44 F1500
G1 X105.61 Y163.05 F1500
G1 X104.77 Y161.38 F1500
G1 X104.56 Y161.38 F1500
G1 X104.35 Y161.64 F1500
G1 X103.73 Y163.06 F1500
G1 X103.31 Y163.44 F1500
G1 X102.26 Y161.49 F1500
G1 X102.05 Y161.35 F1500
G1 X101.63 Y161.81 F1500
G1 X100.79 Y163.43 F1500
G1 X100.37 Y163.10 F1500
G1 X99.74 Y161.68 F1500
G1 X99.32 Y161.37 F1500
G1 X98.49 Y163.01 F1500
G1 X98.07 Y163.44 F1500
G1 X97.86 Y163.29 F1500
G1 X97.23 Y161.92 F1500
G1 X96.81 Y161.35 F1500
G1 X96.39 Y161.75 F1500
G1 X95.55 Y163.42 F1500
G1 X95.34 Y163.41 F1500
G1 X95.13 Y163.15 F1500
G1 X94.51 Y161.73 F1500
G1 X94.09 Y161.36 F1500
G1 X93.04 Y163.31 F1500
G1 X92.83 Y163.45 F1500
G1 X92.41 Y162.98 F1500
G1 X91.57 Y161.36 F1500
G1 X91.15 Y161.70 F1500
G1 X90.52 Y163.13 F1500
G1 X90.10 Y163.43 F1500
G1 X89.27 Y161.78 F1500
G1 X88.85 Y161.35 F1500
G1 X87.59 Y163.44 F1500
G1 X87.17 Y163.04 F1500
G1 X86.33 Y161.38 F1500
G1 X86.12 Y161.39 F1500
G1 X85.91 Y161.65 F1500
G1 X85.29 Y163.08 F1500
G1 X84.87 Y163.44 F1500
G1 X83.82 Y161.48 F1500
G1 X83.61 Y161.35 F1500
G1 X83.40 Y161.47 F1500
G1 X82.35 Y163.43 F1500
G1 X81.93 Y163.09 F1500
G1 X81.30 Y161.66 F1500
G1 X81.09 Y161.39 F1500
G1 X80.88 Y161.37 F1500
G1 X80.05 Y163.02 F1500
G1 X79.63 Y163.44 F1500
G1 X78.37 Y161.35 F1500
G1 X77.95 Y161.77 F1500
G1 X77.11 Y163.42 F1500
G1 X76.90 Y163.40 F1500
G1 X76.69 Y163.14 F1500
G1 X76.07 Y161.71 F1500
G1 X75.65 Y161.36 F1500
G1 X74.60 Y163.32 F1500
G1 X74.39 Y163.45 F1500
G1 X74.18 Y163.32 F1500
G1 X73.13 Y161.36 F1500
G1 X72.71 Y161.71 F1500
G1 X72.08 Y163.14 F1500
G1 X71.87 Y163.40 F1500
G1 X71.66 Y163.42 F1500
G1 X70.83 Y161.77 F1500
G1 X70.41 Y161.35 F1500
G1 X69.15 Y163.44 F1500
G1 X68.73 Y163.02 F1500
G1 X67.89 Y161.37 F1500
G1 X67.68 Y161.39 F1500
G1 X67.47 Y161.66 F1500
G1 X66.85 Y163.09 F1500
G1 X66.43 Y163.43 F1500
G1 X65.38 Y161.47 F1500
G1 X65.17 Y161.35 F1500
G1 X64.96 Y161.48 F1500
G1 X63.91 Y163.44 F1500
G1 X63.49 Y163.08 F1500
G1 X62.86 Y161.65 F1500
G1 X62.65 Y161.39 F1500
G1 X62.44 Y161.38 F1500
G1 X61.61 Y163.04 F1500
G1 X61.19 Y163.44 F1500
G1 X59.93 Y161.35 F1500
G1 X59.51 Y161.78 F1500
G1 X58.67 Y163.43 F1500
G1 X58.25 Y163.13 F1500
G1 X57.63 Y161.70 F1500
G1 X57.21 Y161.36 F1500
G1 X56.37 Y162.98 F1500
G1 X55.95 Y163.45 F1500
G1 X55.74 Y163.31 F1500
G1 X54.69 Y161.36 F1500
G1 X54.27 Y161.73 F1500
G1 X53.64 Y163.15 F1500
G1 X53.43 Y163.41 F1500
G1 X53.22 Y163.42 F1500
G1 X52.39 Y161.75 F1500
G1 X51.97 Y161.35 F1500
G1 X51.55 Y161.92 F1500
G1 X50.92 Y163.29 F1500
G1 X50.71 Y163.44 F1500
G1 X50.29 Y163.01 F1500
G1 X49.45 Y161.37 F1500
G1 X49.03 Y161.68 F1500
G1 X48.41 Y163.10 F1500
G1 X47.99 Y163.43 F1500
G1 X47.15 Y161.81 F1500
G1 X46.73 Y161.35 F1500
G1 X46.52 Y161.49 F1500
G1 X45.47 Y163.44 F1500
G1 X45.05 Y163.06 F1500
G1 X44.21 Y161.38 F1500
G1 X44.00 Y161.38 F1500
G1 X43.80 Y161.63 F1500
G1 X43.17 Y163.05 F1500
G1 X42.75 Y163.44 F1500
G1 X41.70 Y161.50 F1500
G1 X41.49 Y161.35 F1500
G1 X41.07 Y161.80 F1500
G1 X40.23 Y163.43 F1500
G1 X39.81 Y163.11 F1500
G1 X39.19 Y161.69 F1500
G1 X38.77 Y161.37 F1500
G1 X37.93 Y163.00 F1500
G1 X37.51 Y163.45 F1500
G1 X37.30 Y163.30 F1500
G1 X36.25 Y161.36 F1500
G1 X35.83 Y161.74 F1500
G1 X34.99 Y163.41 F1500
G1 X34.78 Y163.41 F1500
G1 X34.58 Y163.16 F1500
G1 X34.16 Y162.40 F1500
G1 X0.00 Y162.40 F1500
G1 X0.00 Y162.61 F1500
G1 X0.00 Y162.82 F1500
G1 X0.00 Y163.03 F1500
G1 X0.00 Y163.24 F1500
G1 X0.00 Y163.45 F1500
G1 X0.00 Y163.45 F1500
G1 X33.74 Y163.45 F1500
G1 X34.16 Y163.26 F1500
G1 X34.58 Y164.21 F1500
G1 X34.78 Y164.46 F1500
G1 X34.99 Y164.46 F1500
G1 X35.83 Y162.79 F1500
G1 X36.25 Y162.40 F1500
G1 X37.30 Y164.35 F1500
G1 X37.51 Y164.49 F1500
G1 X37.93 Y164.04 F1500
G1 X38.77 Y162.41 F1500
G1 X39.19 Y162.73 F1500
G1 X39.81 Y164.16 F1500
G1 X40.23 Y164.48 F1500
G1 X41.07 Y162.85 F1500
G1 X41.49 Y162.40 F1500
G1 X41.70 Y162.55 F1500
G1 X42.75 Y164.49 F1500
G1 X43.17 Y164.10 F1500
G1 X43.80 Y162.67 F1500
G1 X44.00 Y162.43 F1500
G1 X44.21 Y162.43 F1500
G1 X45.05 Y164.11 F1500
G1 X45.47 Y164.49 F1500
G1 X46.52 Y162.54 F1500
G1 X46.73 Y162.40 F1500
G1 X47.15 Y162.86 F1500
G1 X47.99 Y164.48 F1500
G1 X48.41 Y164.15 F1500
G1 X49.03 Y162.72 F1500
G1 X49.45 Y162.42 F1500
G1 X50.29 Y164.05 F1500
G1 X50.71 Y164.49 F1500
G1 X50.92 Y164.34 F1500
G1 X51.55 Y162.96 F1500
G1 X51.97 Y162.40 F1500
G1 X52.39 Y162.80 F1500
G1 X53.22 Y164.46 F1500
G1 X53.43 Y164.46 F1500
G1 X53.64 Y164.20 F1500
G1 X54.27 Y162.78 F1500
G1 X54.69 Y162.41 F1500
G1 X55.74 Y164.36 F1500
G1 X55.95 Y164.49 F1500
G1 X56.37 Y164.03 F1500
G1 X57.21 Y162.41 F1500
G1 X57.63 Y162.75 F1500
G1 X58.25 Y164.18 F1500
G1 X58.67 Y164.47 F1500
G1 X59.51 Y162.83 F1500
G1 X59.93 Y162.40 F1500
G1 X61.19 Y164.49 F1500
G1 X61.61 Y164.08 F1500
G1 X62.44 Y162.42 F1500
G1 X62.65 Y162.44 F1500
G1 X62.86 Y162.70 F1500
G1 X63.49 Y164.12 F1500
G1 X63.91 Y164.48 F1500
G1 X64.96 Y162.53 F1500
G1 X65.17 Y162.40 F1500
G1 X65.38 Y162.52 F1500
G1 X66.43 Y164.48 F1500
G1 X66.85 Y164.14 F1500
G1 X67.47 Y162.71 F1500
G1 X67.68 Y162.44 F1500
G1 X67.89 Y162.42 F1500
G1 X68.73 Y164.07 F1500
G1 X69.15 Y164.49 F1500
G1 X70.41 Y162.40 F1500
G1 X70.83 Y162.82 F1500
G1 X71.66 Y164.47 F1500
G1 X71.87 Y164.45 F1500
G1 X72.08 Y164.19 F1500
G1 X72.71 Y162.76 F1500
G1 X73.13 Y162.41 F1500
G1 X74.18 Y164.37 F1500
G1 X74.39 Y164.49 F1500
G1 X74.60 Y164.37 F1500
G1 X75.65 Y162.41 F1500
G1 X76.07 Y162.76 F1500
G1 X76.69 Y164.19 F1500
G1 X76.90 Y164.45 F1500
G1 X77.11 Y164.47 F1500
G1 X77.95 Y162.82 F1500
G1 X78.37 Y162.40 F1500
G1 X79.63 Y164.49 F1500
G1 X80.05 Y164.07 F1500
G1 X80.88 Y162.42 F1500
G1 X81.09 Y162.44 F1500
G1 X81.30 Y162.71 F1500
G1 X81.93 Y164.14 F1500
G1 X82.35 Y164.48 F1500
G1 X83.40 Y162.52 F1500
G1 X83.61 Y162.40 F1500
G1 X83.82 Y162.53 F1500
G1 X84.87 Y164.48 F1500
G1 X85.29 Y164.12 F1500
G1 X85.91 Y162.70 F1500
G1 X86.12 Y162.44 F1500
G1 X86.33 Y162.42 F1500
G1 X87.17 Y164.08 F1500
G1 X87.59 Y164.49 F1500
G1 X88.85 Y162.40 F1500
G1 X89.27 Y162.83 F1500
G1 X90.10 Y164.47 F1500
G1 X90.52 Y164.18 F1500
G1 X91.15 Y162.75 F1500
G1 X91.57 Y162.41 F1500
G1 X92.41 Y164.03 F1500
G1 X92.83 Y164.49 F1500
G1 X93.04 Y164.36 F1500
G1 X94.09 Y162.41 F1500
G1 X94.51 Y162.78 F1500
G1 X95.13 Y164.20 F1500
G1 X95.34 Y164.46 F1500
G1 X95.55 Y164.46 F1500
G1 X96.39 Y162.80 F1500
G1 X96.81 Y162.40 F1500
G1 X97.23 Y162.96 F1500
G1 X97.86 Y164.34 F1500
G1 X98.07 Y164.49 F1500
G1 X98.49 Y164.05 F1500
G1 X99.32 Y162.42 F1500
G1 X99.74 Y162.72 F1500
G1 X100.37 Y164.15 F1500
G1 X100.79 Y164.48 F1500
G1 X101.63 Y162.86 F1500
G1 X102.05 Y162.40 F1500
G1 X102.26 Y162.54 F1500
G1 X103.31 Y164.49 F1500
G1 X103.73 Y164.11 F1500
G1 X104.35 Y162.68 F1500
G1 X104.56 Y162.43 F1500
G1 X104.77 Y162.43 F1500
G1 X105.61 Y164.10 F1500
G1 X106.03 Y164.49 F1500
G1 X107.08 Y162.55 F1500
G1 X107.29 Y162.40 F1500
G1 X107.71 Y162.85 F1500
G1 X108.54 Y164.48 F1500
G1 X108.96 Y164.16 F1500
G1 X109.59 Y162.73 F1500
G1 X110.01 Y162.41 F1500
G1 X110.85 Y164.04 F1500
G1 X111.27 Y164.49 F1500
G1 X111.48 Y164.35 F1500
G1 X112.53 Y162.40 F1500
G1 X112.95 Y162.79 F1500
G1 X113.78 Y164.46 F1500
G1 X113.99 Y164.46 F1500
G1 X114.20 Y164.21 F1500
G1 X114.83 Y162.79 F1500
G1 X115.25 Y162.40 F1500
G1 X116.30 Y164.35 F1500
G1 X116.51 Y164.49 F1500
G1 X116.93 Y164.04 F1500
G1 X117.76 Y162.41 F1500
G1 X118.18 Y162.74 F1500
G1 X118.81 Y164.17 F1500
G1 X119.23 Y164.48 F1500
G1 X120.07 Y162.84 F1500
G1 X120.49 Y162.40 F1500
G1 X120.70 Y162.55 F1500
G1 X121.54 Y164.31 F1500
G1 X121.75 Y164.49 F1500
G1 X122.17 Y164.09 F1500
G1 X123.00 Y162.43 F1500
G1 X123.21 Y162.43 F1500
G1 X123.42 Y162.69 F1500
G1 X124.05 Y164.11 F1500
G1 X124.47 Y164.49 F1500
G1 X125.52 Y162.54 F1500
G1 X125.73 Y162.40 F1500
G1 X126.15 Y162.86 F1500
G1 X126.98 Y164.48 F1500
G1 X127.40 Y164.15 F1500
G1 X128.03 Y162.72 F1500
G1 X128.45 Y162.42 F1500
G1 X129.29 Y164.06 F1500
G1 X129.71 Y164.49 F1500
G1 X130.97 Y162.40 F1500
G1 X131.39 Y162.80 F1500
G1 X132.22 Y164.47 F1500
G1 X132.43 Y164.46 F1500
G1 X132.64 Y164.20 F1500
G1 X133.27 Y162.77 F1500
G1 X133.69 Y162.41 F1500
G1 X134.74 Y164.36 F1500
G1 X134.95 Y164.49 F1500
G1 X135.16 Y164.37 F1500
G1 X136.20 Y162.41 F1500
G1 X136.62 Y162.75 F1500
G1 X137.25 Y164.18 F1500
G1 X137.46 Y164.45 F1500
G1 X137.67 Y164.47 F1500
G1 X138.51 Y162.83 F1500
G1 X138.93 Y162.40 F1500
G1 X140.19 Y164.49 F1500
G1 X140.61 Y164.08 F1500
G1 X141.44 Y162.42 F1500
G1 X141.65 Y162.44 F1500
G1 X141.86 Y162.70 F1500
G1 X142.49 Y164.13 F1500
G1 X142.91 Y164.48 F1500
G1 X143.96 Y162.53 F1500
G1 X144.17 Y162.40 F1500
G1 X144.38 Y162.52 F1500
G1 X145.42 Y164.48 F1500
G1 X145.63 Y164.43 F1500
G1 X146.05 Y163.55 F1500
G1 X146.26 Y163.45 F1500
G1 X180.00 Y163.45 F1500
G1 X180.00 Y163.66 F1500
G1 X180.00 Y163.86 F1500
G1 X180.00 Y164.07 F1500
G1 X180.00 Y164.28 F1500
G1 X180.00 Y164.49 F1500
G1 X180.00 Y164.49 F1500
G1 X146.26 Y164.49 F1500
G1 X145.63 Y165.48 F1500
G1 X145.42 Y165.53 F1500
G1 X144.38 Y163.57 F1500
G1 X144.17 Y163.45 F1500
G1 X143.96 Y163.58 F1500
G1 X142.91 Y165.53 F1500
G1 X142.49 Y165.17 F1500
G1 X141.86 Y163.75 F1500
G1 X141.65 Y163.49 F1500
G1 X141.44 Y163.47 F1500
G1 X140.61 Y165.13 F1500
G1 X140.19 Y165.54 F1500
G1 X138.93 Y163.45 F1500
G1 X138.51 Y163.87 F1500
G1 X137.67 Y165.52 F1500
G1 X137.46 Y165.50 F1500
G1 X137.25 Y165.23 F1500
G1 X136.62 Y163.80 F1500
G1 X136.20 Y163.46 F1500
G1 X135.16 Y165.42 F1500
G1 X134.95 Y165.54 F1500
G1 X134.74 Y165.41 F1500
G1 X133.69 Y163.45 F1500
G1 X133.27 Y163.82 F1500
G1 X132.64 Y165.25 F1500
G1 X132.43 Y165.50 F1500
G1 X132.22 Y165.51 F1500
G1 X131.39 Y163.85 F1500
G1 X130.97 Y163.45 F1500
G1 X129.71 Y165.54 F1500
G1 X129.29 Y165.11 F1500
G1 X128.45 Y163.47 F1500
G1 X128.03 Y163.77 F1500
G1 X127.40 Y165.20 F1500
G1 X126.98 Y165.53 F1500
G1 X126.15 Y163.91 F1500
G1 X125.73 Y163.45 F1500
G1 X125.52 Y163.59 F1500
G1 X124.47 Y165.53 F1500
G1 X124.05 Y165.16 F1500
G1 X123.42 Y163.73 F1500
G1 X123.21 Y163.48 F1500
G1 X123.00 Y163.48 F1500
G1 X122.17 Y165.14 F1500
G1 X121.75 Y165.54 F1500
G1 X121.54 Y165.36 F1500
G1 X120.70 Y163.60 F1500
G1 X120.49 Y163.45 F1500
G1 X120.07 Y163.89 F1500
G1 X119.23 Y165.52 F1500
G1 X118.81 Y165.21 F1500
G1 X118.18 Y163.78 F1500
G1 X117.76 Y163.46 F1500
G1 X116.93 Y165.09 F1500
G1 X116.51 Y165.54 F1500
G1 X116.30 Y165.40 F1500
G1 X115.25 Y163.45 F1500
G1 X114.83 Y163.83 F1500
G1 X114.20 Y165.26 F1500
G1 X113.99 Y165.51 F1500
G1 X113.78 Y165.51 F1500
G1 X112.95 Y163.84 F1500
G1 X112.53 Y163.45 F1500
G1 X111.48 Y165.39 F1500
G1 X111.27 Y165.54 F1500
G1 X110.85 Y165.09 F1500
G1 X110.01 Y163.46 F1500
G1 X109.59 Y163.78 F1500
G1 X108.96 Y165.21 F1500
G1 X108.54 Y165.52 F1500
G1 X107.71 Y163.89 F1500
G1 X107.29 Y163.45 F1500
G1 X107.08 Y163.59 F1500
G1 X106.03 Y165.54 F1500
G1 X105.61 Y165.15 F1500
G1 X104.77 Y163.48 F1500
G1 X104.56 Y163.48 F1500
G1 X104.35 Y163.73 F1500
G1 X103.73 Y165.16 F1500
G1 X103.31 Y165.53 F1500
G1 X102.26 Y163.59 F1500
G1 X102.05 Y163.45 F1500
G1 X101.63 Y163.90 F1500
G1 X100.79 Y165.53 F1500
G1 X100.37 Y165.20 F1500
G1 X99.74 Y163.77 F1500
G1 X99.32 Y163.46 F1500
G1 X98.49 Y165.10 F1500
G1 X98.07 Y165.54 F1500
G1 X97.86 Y165.39 F1500
G1 X97.23 Y164.01 F1500
G1 X96.81 Y163.45 F1500
G1 X96.39 Y163.85 F1500
G1 X95.55 Y165.51 F1500
G1 X95.34 Y165.50 F1500
G1 X95.13 Y165.25 F1500
G1 X94.51 Y163.82 F1500
G1 X94.09 Y163.45 F1500
G1 X93.04 Y165.40 F1500
G1 X92.83 Y165.54 F1500
G1 X92.41 Y165.08 F1500
G1 X91.57 Y163.46 F1500
G1 X91.15 Y163.79 F1500
G1 X90.52 Y165.22 F1500
G1 X90.10 Y165.52 F1500
G1 X89.27 Y163.88 F1500
G1 X88.85 Y163.45 F1500
G1 X87.59 Y165.54 F1500
G1 X87.17 Y165.13 F1500
G1 X86.33 Y163.47 F1500
G1 X86.12 Y163.49 F1500
G1 X85.91 Y163.74 F1500
G1 X85.29 Y165.17 F1500
G1 X84.87 Y165.53 F1500
G1 X83.82 Y163.58 F1500
G1 X83.61 Y163.45 F1500
G1 X83.40 Y163.57 F1500
G1 X82.35 Y165.53 F1500
G1 X81.93 Y165.19 F1500
G1 X81.30 Y163.76 F1500
G1 X81.09 Y163.49 F1500
G1 X80.88 Y163.47 F1500
G1 X80.05 Y165.12 F1500
G1 X79.63 Y165.54 F1500
G1 X78.37 Y163.45 F1500
G1 X77.95 Y163.86 F1500
G1 X77.11 Y165.52 F1500
G1 X76.90 Y165.50 F1500
G1 X76.69 Y165.24 F1500
G1 X76.07 Y163.81 F1500
G1 X75.65 Y163.46 F1500
G1 X74.60 Y165.41 F1500
G1 X74.39 Y165.54 F1500
G1 X74.18 Y165.41 F1500
G1 X73.13 Y163.46 F1500
G1 X72.71 Y163.81 F1500
G1 X72.08 Y165.24 F1500
G1 X71.87 Y165.50 F1500
G1 X71.66 Y165.52 F1500
G1 X70.83 Y163.86 F1500
G1 X70.41 Y163.45 F1500
G1 X69.15 Y165.54 F1500
G1 X68.73 Y165.12 F1500
G1 X67.89 Y163.47 F1500
G1 X67.68 Y163.49 F1500
G1 X67.47 Y163.76 F1500
G1 X66.85 Y165.19 F1500
G1 X66.43 Y165.53 F1500
G1 X65.38 Y163.57 F1500
G1 X65.17 Y163.45 F1500
G1 X64.96 Y163.58 F1500
G1 X63.91 Y165.53 F1500
G1 X63.49 Y165.17 F1500
G1 X62.86 Y163.74 F1500
G1 X62.65 Y163.49 F1500
G1 X62.44 Y163.47 F1500
G1 X61.61 Y165.13 F1500
G1 X61.19 Y165.54 F1500
G1 X59.93 Y163.45 F1500
G1 X59.51 Y163.88 F1500
G1 X58.67 Y165.52 F1500
G1 X58.25 Y165.22 F1500
G1 X57.63 Y163.79 F1500
G1 X57.21 Y163.46 F1500
G1 X56.37 Y165.08 F1500
G1 X55.95 Y165.54 F1500
G1 X55.74 Y165.40 F1500
G1 X54.69 Y163.45 F1500
G1 X54.27 Y163.82 F1500
G1 X53.64 Y165.25 F1500
G1 X53.43 Y165.50 F1500
G1 X53.22 Y165.51 F1500
G1 X52.39 Y163.85 F1500
G1 X51.97 Y163.45 F1500
G1 X51.55 Y164.01 F1500
G1 X50.92 Y165.39 F1500
G1 X50.71 Y165.54 F1500
G1 X50.29 Y165.10 F1500
G1 X49.45 Y163.46 F1500
G1 X49.03 Y163.77 F1500
G1 X48.41 Y165.20 F1500
G1 X47.99 Y165.53 F1500
G1 X47.15 Y163.90 F1500
G1 X46.73 Y163.45 F1500
G1 X46.52 Y163.59 F1500
G1 X45.47 Y165.53 F1500
G1 X45.05 Y165.16 F1500
G1 X44.21 Y163.48 F1500
G1 X44.00 Y163.48 F1500
G1 X43.80 Y163.72 F1500
G1 X43.17 Y165.15 F1500
G1 X42.75 Y165.54 F1500
G1 X41.70 Y163.59 F1500
G1 X41.49 Y163.45 F1500
G1 X41.07 Y163.89 F1500
G1 X40.23 Y165.52 F1500
G1 X39.81 Y165.21 F1500
G1 X39.19 Y163.78 F1500
G1 X38.77 Y163.46 F1500
G1 X37.93 Y165.09 F1500
G1 X37.51 Y165.54 F1500
G1 X37.30 Y165.39 F1500
G1 X36.25 Y163.45 F1500
G1 X35.83 Y163.84 F1500
G1 X34.99 Y165.51 F1500
G1 X34.78 Y165.51 F1500
G1 X34.58 Y165.26 F1500
G1 X33.95 Y163.83 F1500
G1 X33.74 Y164.49 F1500
G1 X0.00 Y164.49 F1500
G1 X0.00 Y164.70 F1500
G1 X0.00 Y164.91 F1500
G1 X0.00 Y165.12 F1500
G1 X0.00 Y165.33 F1500
G1 X0.00 Y165.54 F1500
G1 X0.00 Y165.54 F1500
G1 X33.53 Y165.54 F1500
G1 X33.95 Y164.88 F1500
G1 X34.58 Y166.31 F1500
G1 X34.78 Y166.56 F1500
G1 X34.99 Y166.56 F1500
G1 X35.83 Y164.88 F1500
G1 X36.25 Y164.50 F1500
G1 X37.30 Y166.44 F1500
G1 X37.51 Y166.59 F1500
G1 X37.93 Y166.14 F1500
G1 X38.77 Y164.51 F1500
G1 X39.19 Y164.83 F1500
G1 X39.81 Y166.26 F1500
G1 X40.23 Y166.57 F1500
G1 X41.07 Y164.94 F1500
G1 X41.49 Y164.49 F1500
G1 X41.70 Y164.64 F1500
G1 X42.75 Y166.58 F1500
G1 X43.17 Y166.19 F1500
G1 X43.80 Y164.77 F1500
G1 X44.00 Y164.52 F1500
G1 X44.21 Y164.53 F1500
G1 X45.05 Y166.20 F1500
G1 X45.47 Y166.58 F1500
G1 X46.52 Y164.64 F1500
G1 X46.73 Y164.49 F1500
G1 X47.15 Y164.95 F1500
G1 X47.99 Y166.57 F1500
G1 X48.41 Y166.25 F1500
G1 X49.03 Y164.82 F1500
G1 X49.45 Y164.51 F1500
G1 X50.29 Y166.15 F1500
G1 X50.71 Y166.59 F1500
G1 X50.92 Y166.44 F1500
G1 X51.55 Y165.06 F1500
G1 X51.97 Y164.50 F1500
G1 X52.39 Y164.90 F1500
G1 X53.22 Y166.56 F1500
G1 X53.43 Y166.55 F1500
G1 X53.64 Y166.30 F1500
G1 X54.27 Y164.87 F1500
G1 X54.69 Y164.50 F1500
G1 X55.74 Y166.45 F1500
G1 X55.95 Y166.59 F1500
G1 X56.37 Y166.12 F1500
G1 X57.21 Y164.51 F1500
G1 X57.63 Y164.84 F1500
G1 X58.25 Y166.27 F1500
G1 X58.67 Y166.57 F1500
G1 X59.51 Y164.93 F1500
G1 X59.93 Y164.50 F1500
G1 X61.19 Y166.59 F1500
G1 X61.61 Y166.18 F1500
G1 X62.44 Y164.52 F1500
G1 X62.65 Y164.53 F1500
G1 X62.86 Y164.79 F1500
G1 X63.49 Y166.22 F1500
G1 X63.91 Y166.58 F1500
G1 X64.96 Y164.63 F1500
G1 X65.17 Y164.49 F1500
G1 X65.38 Y164.62 F1500
G1 X66.43 Y166.58 F1500
G1 X66.85 Y166.23 F1500
G1 X67.47 Y164.81 F1500
G1 X67.68 Y164.54 F1500
G1 X67.89 Y164.52 F1500
G1 X68.73 Y166.16 F1500
G1 X69.15 Y166.59 F1500
G1 X70.41 Y164.50 F1500
G1 X70.83 Y164.91 F1500
G1 X71.66 Y166.56 F1500
G1 X71.87 Y166.55 F1500
G1 X72.08 Y166.28 F1500
G1 X72.71 Y164.86 F1500
G1 X73.13 Y164.50 F1500
G1 X74.18 Y166.46 F1500
G1 X74.39 Y166.59 F1500
G1 X74.60 Y166.46 F1500
G1 X75.65 Y164.50 F1500
G1 X76.07 Y164.86 F1500
G1 X76.69 Y166.28 F1500
G1 X76.90 Y166.55 F1500
G1 X77.11 Y166.56 F1500
G1 X77.95 Y164.91 F1500
G1 X78.37 Y164.50 F1500
G1 X79.63 Y166.59 F1500
G1 X80.05 Y166.16 F1500
G1 X80.88 Y164.52 F1500
G1 X81.09 Y164.54 F1500
G1 X81.30 Y164.81 F1500
G1 X81.93 Y166.23 F1500
G1 X82.35 Y166.58 F1500
G1 X83.40 Y164.62 F1500
G1 X83.61 Y164.49 F1500
G1 X83.82 Y164.63 F1500
G1 X84.87 Y166.58 F1500
G1 X85.29 Y166.22 F1500
G1 X85.91 Y164.79 F1500
G1 X86.12 Y164.53 F1500
G1 X86.33 Y164.52 F1500
G1 X87.17 Y166.18 F1500
G1 X87.59 Y166.59 F1500
G1 X88.85 Y164.50 F1500
G1 X89.27 Y164.93 F1500
G1 X90.10 Y166.57 F1500
G1 X90.52 Y166.27 F1500
G1 X91.15 Y164.84 F1500
G1 X91.57 Y164.51 F1500
G1 X92.41 Y166.12 F1500
G1 X92.83 Y166.59 F1500
G1 X93.04 Y166.45 F1500
G1 X94.09 Y164.50 F1500
G1 X94.51 Y164.87 F1500
G1 X95.13 Y166.30 F1500
G1 X95.34 Y166.55 F1500
G1 X95.55 Y166.56 F1500
G1 X96.39 Y164.90 F1500
G1 X96.81 Y164.50 F1500
G1 X97.23 Y165.06 F1500
G1 X97.86 Y166.44 F1500
G1 X98.07 Y166.59 F1500
G1 X98.49 Y166.15 F1500
G1 X99.32 Y164.51 F1500
G1 X99.74 Y164.82 F1500
G1 X100.37 Y166.25 F1500
G1 X100.79 Y166.57 F1500
G1 X101.63 Y164.95 F1500
G1 X102.05 Y164.49 F1500
G1 X102.26 Y164.64 F1500
G1 X103.31 Y166.58 F1500
G1 X103.73 Y166.20 F1500
G1 X104.35 Y164.78 F1500
G1 X104.56 Y164.53 F1500
G1 X104.77 Y164.52 F1500
G1 X105.61 Y166.19 F1500
G1 X106.03 Y166.58 F1500
G1 X107.08 Y164.64 F1500
G1 X107.29 Y164.49 F1500
G1 X107.71 Y164.94 F1500
G1 X108.54 Y166.57 F1500
G1 X108.96 Y166.26 F1500
G1 X109.59 Y164.83 F1500
G1 X110.01 Y164.51 F1500
G1 X110.85 Y166.14 F1500
G1 X111.27 Y166.59 F1500
G1 X111.48 Y166.44 F1500
G1 X112.53 Y164.50 F1500
G1 X112.95 Y164.88 F1500
G1 X113.78 Y166.56 F1500
G1 X113.99 Y166.56 F1500
G1 X114.20 Y166.31 F1500
G1 X114.83 Y164.88 F1500
G1 X115.25 Y164.50 F1500
G1 X116.30 Y166.44 F1500
G1 X116.51 Y166.59 F1500
G1 X116.93 Y166.13 F1500
G1 X117.76 Y164.51 F1500
G1 X118.18 Y164.83 F1500
G1 X118.81 Y166.26 F1500
G1 X119.23 Y166.57 F1500
G1 X120.07 Y164.94 F1500
G1 X120.49 Y164.49 F1500
G1 X120.70 Y164.64 F1500
G1 X121.54 Y166.41 F1500
G1 X121.75 Y166.58 F1500
G1 X122.17 Y166.19 F1500
G1 X123.00 Y164.52 F1500
G1 X123.21 Y164.53 F1500
G1 X123.42 Y164.78 F1500
G1 X124.05 Y166.21 F1500
G1 X124.47 Y166.58 F1500
G1 X125.52 Y164.63 F1500
G1 X125.73 Y164.49 F1500
G1 X126.15 Y164.96 F1500
G1 X126.98 Y166.58 F1500
G1 X127.40 Y166.24 F1500
G1 X128.03 Y164.82 F1500
G1 X128.45 Y164.51 F1500
G1 X129.29 Y166.15 F1500
G1 X129.71 Y166.59 F1500
G1 X130.97 Y164.50 F1500
G1 X131.39 Y164.90 F1500
G1 X132.22 Y166.56 F1500
G1 X132.43 Y166.55 F1500
G1 X132.64 Y166.29 F1500
G1 X133.27 Y164.87 F1500
G1 X133.69 Y164.50 F1500
G1 X134.74 Y166.45 F1500
G1 X134.95 Y166.59 F1500
G1 X135.16 Y166.47 F1500
G1 X136.20 Y164.51 F1500
G1 X136.62 Y164.85 F1500
G1 X137.25 Y166.27 F1500
G1 X137.46 Y166.54 F1500
G1 X137.67 Y166.57 F1500
G1 X138.51 Y164.92 F1500
G1 X138.93 Y164.50 F1500
G1 X140.19 Y166.59 F1500
G1 X140.61 Y166.18 F1500
G1 X141.44 Y164.52 F1500
G1 X141.65 Y164.53 F1500
G1 X141.86 Y164.80 F1500
G1 X142.49 Y166.22 F1500
G1 X142.91 Y166.58 F1500
G1 X143.96 Y164.62 F1500
G1 X144.17 Y164.49 F1500
G1 X144.38 Y164.62 F1500
G1 X145.42 Y166.58 F1500
G1 X145.84 Y166.23 F1500
G1 X146.26 Y165.28 F1500
G1 X146.47 Y165.54 F1500
G1 X180.00 Y165.54 F1500
G1 X180.00 Y165.75 F1500
G1 X180.00 Y165.96 F1500
G1 X180.00 Y166.17 F1500
G1 X180.00 Y166.38 F1500
G1 X180.00 Y166.59 F1500
G1 X180.00 Y166.59 F1500
G1 X146.47 Y166.59 F1500
G1 X146.26 Y166.30 F1500
G1 X145.84 Y167.28 F1500
G1 X145.42 Y167.63 F1500
G1 X144.38 Y165.67 F1500
G1 X144.17 Y165.54 F1500
G1 X143.96 Y165.67 F1500
G1 X142.91 Y167.63 F1500
G1 X142.49 Y167.27 F1500
G1 X141.86 Y165.84 F1500
G1 X141.65 Y165.58 F1500
G1 X141.44 Y165.57 F1500
G1 X140.61 Y167.22 F1500
G1 X140.19 Y167.63 F1500
G1 X138.93 Y165.54 F1500
G1 X138.51 Y165.97 F1500
G1 X137.67 Y167.62 F1500
G1 X137.46 Y167.59 F1500
G1 X137.25 Y167.32 F1500
G1 X136.62 Y165.89 F1500
G1 X136.20 Y165.55 F1500
G1 X135.16 Y167.52 F1500
G1 X134.95 Y167.64 F1500
G1 X134.74 Y167.50 F1500
G1 X133.69 Y165.55 F1500
G1 X133.27 Y165.91 F1500
G1 X132.64 Y167.34 F1500
G1 X132.43 Y167.60 F1500
G1 X132.22 Y167.61 F1500
G1 X131.39 Y165.95 F1500
G1 X130.97 Y165.55 F1500
G1 X129.71 Y167.64 F1500
G1 X129.29 Y167.20 F1500
G1 X128.45 Y165.56 F1500
G1 X128.03 Y165.86 F1500
G1 X127.40 Y167.29 F1500
G1 X126.98 Y167.62 F1500
G1 X126.15 Y166.00 F1500
G1 X125.73 Y165.54 F1500
G1 X125.52 Y165.68 F1500
G1 X124.47 Y167.63 F1500
G1 X124.05 Y167.26 F1500
G1 X123.42 Y165.83 F1500
G1 X123.21 Y165.58 F1500
G1 X123.00 Y165.57 F1500
G1 X122.17 Y167.24 F1500
G1 X121.75 Y167.63 F1500
G1 X121.54 Y167.46 F1500
G1 X120.70 Y165.69 F1500
G1 X120.49 Y165.54 F1500
G1 X120.07 Y165.98 F1500
G1 X119.23 Y167.62 F1500
G1 X118.81 Y167.31 F1500
G1 X118.18 Y165.88 F1500
G1 X117.76 Y165.56 F1500
G1 X116.93 Y167.18 F1500
G1 X116.51 Y167.64 F1500
G1 X116.30 Y167.49 F1500
G1 X115.25 Y165.55 F1500
G1 X114.83 Y165.93 F1500
G1 X114.20 Y167.35 F1500
G1 X113.99 Y167.60 F1500
G1 X113.78 Y167.60 F1500
G1 X112.95 Y165.93 F1500
G1 X112.53 Y165.55 F1500
G1 X111.48 Y167.49 F1500
G1 X111.27 Y167.64 F1500
G1 X110.85 Y167.19 F1500
G1 X110.01 Y165.56 F1500
G1 X109.59 Y165.88 F1500
G1 X108.96 Y167.30 F1500
G1 X108.54 Y167.62 F1500
G1 X107.71 Y165.99 F1500
G1 X107.29 Y165.54 F1500
G1 X107.08 Y165.69 F1500
G1 X106.03 Y167.63 F1500
G1 X105.61 Y167.24 F1500
G1 X104.77 Y165.57 F1500
G1 X104.56 Y165.58 F1500
G1 X104.35 Y165.83 F1500
G1 X103.73 Y167.25 F1500
G1 X103.31 Y167.63 F1500
G1 X102.26 Y165.68 F1500
G1 X102.05 Y165.54 F1500
G1 X101.63 Y166.00 F1500
G1 X100.79 Y167.62 F1500
G1 X100.37 Y167.29 F1500
G1 X99.74 Y165.87 F1500
G1 X99.32 Y165.56 F1500
G1 X98.49 Y167.20 F1500
G1 X98.07 Y167.64 F1500
G1 X97.86 Y167.48 F1500
G1 X97.23 Y166.11 F1500
G1 X96.81 Y165.55 F1500
G1 X96.39 Y165.94 F1500
G1 X95.55 Y167.61 F1500
G1 X95.34 Y167.60 F1500
G1 X95.13 Y167.34 F1500
G1 X94.51 Y165.92 F1500
G1 X94.09 Y165.55 F1500
G1 X93.04 Y167.50 F1500
G1 X92.83 Y167.64 F1500
G1 X92.41 Y167.17 F1500
G1 X91.57 Y165.55 F1500
G1 X91.15 Y165.89 F1500
G1 X90.52 Y167.32 F1500
G1 X90.10 Y167.62 F1500
G1 X89.27 Y165.97 F1500
G1 X88.85 Y165.54 F1500
G1 X87.59 Y167.63 F1500
G1 X87.17 Y167.23 F1500
G1 X86.33 Y165.57 F1500
G1 X86.12 Y165.58 F1500
G1 X85.91 Y165.84 F1500
G1 X85.29 Y167.27 F1500
G1 X84.87 Y167.63 F1500
G1 X83.82 Y165.67 F1500
G1 X83.61 Y165.54 F1500
G1 X83.40 Y165.67 F1500
G1 X82.35 Y167.62 F1500
G1 X81.93 Y167.28 F1500
G1 X81.30 Y165.85 F1500
G1 X81.09 Y165.59 F1500
G1 X80.88 Y165.56 F1500
G1 X80.05 Y167.21 F1500
G1 X79.63 Y167.63 F1500
G1 X78.37 Y165.54 F1500
G1 X77.95 Y165.96 F1500
G1 X77.11 Y167.61 F1500
G1 X76.90 Y167.60 F1500
G1 X76.69 Y167.33 F1500
G1 X76.07 Y165.90 F1500
G1 X75.65 Y165.55 F1500
G1 X74.60 Y167.51 F1500
G1 X74.39 Y167.64 F1500
G1 X74.18 Y167.51 F1500
G1 X73.13 Y165.55 F1500
G1 X72.71 Y165.90 F1500
G1 X72.08 Y167.33 F1500
G1 X71.87 Y167.60 F1500
G1 X71.66 Y167.61 F1500
G1 X70.83 Y165.96 F1500
G1 X70.41 Y165.54 F1500
G1 X69.15 Y167.63 F1500
G1 X68.73 Y167.21 F1500
G1 X67.89 Y165.56 F1500
G1 X67.68 Y165.59 F1500
G1 X67.47 Y165.85 F1500
G1 X66.85 Y167.28 F1500
G1 X66.43 Y167.62 F1500
G1 X65.38 Y165.67 F1500
G1 X65.17 Y165.54 F1500
G1 X64.96 Y165.67 F1500
G1 X63.91 Y167.63 F1500
G1 X63.49 Y167.27 F1500
G1 X62.86 Y165.84 F1500
G1 X62.65 Y165.58 F1500
G1 X62.44 Y165.57 F1500
G1 X61.61 Y167.23 F1500
G1 X61.19 Y167.63 F1500
G1 X59.93 Y165.54 F1500
G1 X59.51 Y165.97 F1500
G1 X58.67 Y167.62 F1500
G1 X58.25 Y167.32 F1500
G1 X57.63 Y165.89 F1500
G1 X57.21 Y165.55 F1500
G1 X56.37 Y167.17 F1500
G1 X55.95 Y167.64 F1500
G1 X55.74 Y167.50 F1500
G1 X54.69 Y165.55 F1500
G1 X54.27 Y165.92 F1500
G1 X53.64 Y167.34 F1500
G1 X53.43 Y167.60 F1500
G1 X53.22 Y167.61 F1500
G1 X52.39 Y165.94 F1500
G1 X51.97 Y165.55 F1500
G1 X51.55 Y166.11 F1500
G1 X50.92 Y167.48 F1500
G1 X50.71 Y167.64 F1500
G1 X50.29 Y167.20 F1500
G1 X49.45 Y165.56 F1500
G1 X49.03 Y165.87 F1500
G1 X48.41 Y167.29 F1500
G1 X47.99 Y167.62 F1500
G1 X47.15 Y166.00 F1500
G1 X46.73 Y165.54 F1500
G1 X46.52 Y165.68 F1500
G1 X45.47 Y167.63 F1500
G1 X45.05 Y167.25 F1500
G1 X44.21 Y165.58 F1500
G1 X44.00 Y165.57 F1500
G1 X43.80 Y165.82 F1500
G1 X43.17 Y167.24 F1500
G1 X42.75 Y167.63 F1500
G1 X41.70 Y165.69 F1500
G1 X41.49 Y165.54 F1500
G1 X41.07 Y165.99 F1500
G1 X40.23 Y167.62 F1500
G1 X39.81 Y167.30 F1500
G1 X39.19 Y165.88 F1500
G1 X38.77 Y165.56 F1500
G1 X37.93 Y167.19 F1500
G1 X37.51 Y167.64 F1500
G1 X37.30 Y167.49 F1500
G1 X36.25 Y165.55 F1500
G1 X35.83 Y165.93 F1500
G1 X34.99 Y167.60 F1500
G1 X34.78 Y167.60 F1500
G1 X34.58 Y167.35 F1500
G1 X33.74 Y165.62 F1500
G1 X33.53 Y166.59 F1500
G1 X0.00 Y166.59 F1500
G1 X0.00 Y166.80 F1500
G1 X0.00 Y167.01 F1500
G1 X0.00 Y167.22 F1500
G1 X0.00 Y167.43 F1500
G1 X0.00 Y167.64 F1500
G1 X0.00 Y167.64 F1500
G1 X33.53 Y167.64 F1500
G1 X33.74 Y166.67 F1500
G1 X34.58 Y168.40 F1500
G1 X34.78 Y168.65 F1500
G1 X34.99 Y168.65 F1500
G1 X35.83 Y166.98 F1500
G1 X36.25 Y166.59 F1500
G1 X37.30 Y168.54 F1500
G1 X37.51 Y168.68 F1500
G1 X37.93 Y168.23 F1500
G1 X38.77 Y166.61 F1500
G1 X39.19 Y166.92 F1500
G1 X39.81 Y168.35 F1500
G1 X40.23 Y168.67 F1500
G1 X41.07 Y167.04 F1500
G1 X41.49 Y166.59 F1500
G1 X41.70 Y166.74 F1500
G1 X42.75 Y168.68 F1500
G1 X43.17 Y168.29 F1500
G1 X43.80 Y166.87 F1500
G1 X44.00 Y166.62 F1500
G1 X44.21 Y166.62 F1500
G1 X45.05 Y168.30 F1500
G1 X45.47 Y168.68 F1500
G1 X46.52 Y166.73 F1500
G1 X46.73 Y166.59 F1500
G1 X47.15 Y167.05 F1500
G1 X47.99 Y168.67 F1500
G1 X48.41 Y168.34 F1500
G1 X49.03 Y166.91 F1500
G1 X49.45 Y166.61 F1500
G1 X50.29 Y168.25 F1500
G1 X50.71 Y168.68 F1500
G1 X50.92 Y168.53 F1500
G1 X51.55 Y167.15 F1500
G1 X51.97 Y166.59 F1500
G1 X52.39 Y166.99 F1500
G1 X53.22 Y168.66 F1500
G1 X53.43 Y168.65 F1500
G1 X53.64 Y168.39 F1500
G1 X54.27 Y166.97 F1500
G1 X54.69 Y166.60 F1500
G1 X55.74 Y168.55 F1500
G1 X55.95 Y168.68 F1500
G1 X56.37 Y168.22 F1500
G1 X57.21 Y166.60 F1500
G1 X57.63 Y166.94 F1500
G1 X58.25 Y168.37 F1500
G1 X58.67 Y168.66 F1500
G1 X59.51 Y167.02 F1500
G1 X59.93 Y166.59 F1500
G1 X61.19 Y168.68 F1500
G1 X61.61 Y168.27 F1500
G1 X62.44 Y166.62 F1500
G1 X62.65 Y166.63 F1500
G1 X62.86 Y166.89 F1500
G1 X63.49 Y168.31 F1500
G1 X63.91 Y168.68 F1500
G1 X64.96 Y166.72 F1500
G1 X65.17 Y166.59 F1500
G1 X65.38 Y166.71 F1500
G1 X66.43 Y168.67 F1500
G1 X66.85 Y168.33 F1500
G1 X67.47 Y166.90 F1500
G1 X67.68 Y166.63 F1500
G1 X67.89 Y166.61 F1500
G1 X68.73 Y168.26 F1500
G1 X69.15 Y168.68 F1500
G1 X70.41 Y166.59 F1500
G1 X70.83 Y167.01 F1500
G1 X71.66 Y168.66 F1500
G1 X71.87 Y168.64 F1500
G1 X72.08 Y168.38 F1500
G1 X72.71 Y166.95 F1500
G1 X73.13 Y166.60 F1500
G1 X74.18 Y168.56 F1500
G1 X74.39 Y168.68 F1500
G1 X74.60 Y168.56 F1500
G1 X75.65 Y166.60 F1500
G1 X76.07 Y166.95 F1500
G1 X76.69 Y168.38 F1500
G1 X76.90 Y168.64 F1500
G1 X77.11 Y168.66 F1500
G1 X77.95 Y167.01 F1500
G1 X78.37 Y166.59 F1500
G1 X79.63 Y168.68 F1500
G1 X80.05 Y168.26 F1500
G1 X80.88 Y166.61 F1500
G1 X81.09 Y166.63 F1500
G1 X81.30 Y166.90 F1500
G1 X81.93 Y168.33 F1500
G1 X82.35 Y168.67 F1500
G1 X83.40 Y166.71 F1500
G1 X83.61 Y166.59 F1500
G1 X83.82 Y166.72 F1500
G1 X84.87 Y168.68 F1500
G1 X85.29 Y168.31 F1500
G1 X85.91 Y166.89 F1500
G1 X86.12 Y166.63 F1500
G1 X86.33 Y166.62 F1500
G1 X87.17 Y168.27 F1500
G1 X87.59 Y168.68 F1500
G1 X88.85 Y166.59 F1500
G1 X89.27 Y167.02 F1500
G1 X90.10 Y168.66 F1500
G1 X90.52 Y168.37 F1500
G1 X91.15 Y166.94 F1500
G1 X91.57 Y166.60 F1500
G1 X92.41 Y168.22 F1500
G1 X92.83 Y168.68 F1500
G1 X93.04 Y168.55 F1500
G1 X94.09 Y166.60 F1500
G1 X94.51 Y166.97 F1500
G1 X95.13 Y168.39 F1500
G1 X95.34 Y168.65 F1500
G1 X95.55 Y168.66 F1500
G1 X96.39 Y166.99 F1500
G1 X96.81 Y166.59 F1500
G1 X97.23 Y167.15 F1500
G1 X97.86 Y168.53 F1500
G1 X98.07 Y168.68 F1500
G1 X98.49 Y168.25 F1500
G1 X99.32 Y166.61 F1500
G1 X99.74 Y166.91 F1500
G1 X100.37 Y168.34 F1500
G1 X100.79 Y168.67 F1500
G1 X101.63 Y167.05 F1500
G1 X102.05 Y166.59 F1500
G1 X102.26 Y166.73 F1500
G1 X103.31 Y168.68 F1500
G1 X103.73 Y168.30 F1500
G1 X104.35 Y166.87 F1500
G1 X104.56 Y166.62 F1500
G1 X104.77 Y166.62 F1500
G1 X105.61 Y168.29 F1500
G1 X106.03 Y168.68 F1500
G1 X107.08 Y166.74 F1500
G1 X107.29 Y166.59 F1500
G1 X107.71 Y167.04 F1500
G1 X108.54 Y168.67 F1500
G1 X108.96 Y168.35 F1500
G1 X109.59 Y166.92 F1500
G1 X110.01 Y166.61 F1500
G1 X110.85 Y168.23 F1500
G1 X111.27 Y168.68 F1500
G1 X111.48 Y168.54 F1500
G1 X112.53 Y166.59 F1500
G1 X112.95 Y166.98 F1500
G1 X113.78 Y168.65 F1500
G1 X113.99 Y168.65 F1500
G1 X114.20 Y168.40 F1500
G1 X114.83 Y166.98 F1500
G1 X115.25 Y166.60 F1500
G1 X116.30 Y168.54 F1500
G1 X116.51 Y168.68 F1500
G1 X116.93 Y168.23 F1500
G1 X117.76 Y166.60 F1500
G1 X118.18 Y166.93 F1500
G1 X118.81 Y168.36 F1500
G1 X119.23 Y168.67 F1500
G1 X120.07 Y167.03 F1500
G1 X120.49 Y166.59 F1500
G1 X120.70 Y166.74 F1500
G1 X121.54 Y168.50 F1500
G1 X121.75 Y168.68 F1500
G1 X122.17 Y168.29 F1500
G1 X123.00 Y166.62 F1500
G1 X123.21 Y166.62 F1500
G1 X123.42 Y166.88 F1500
G1 X124.05 Y168.30 F1500
G1 X124.47 Y168.68 F1500
G1 X125.52 Y166.73 F1500
G1 X125.73 Y166.59 F1500
G1 X126.15 Y167.05 F1500
G1 X126.98 Y168.67 F1500
G1 X127.40 Y168.34 F1500
G1 X128.03 Y166.91 F1500
G1 X128.45 Y166.61 F1500
G1 X129.29 Y168.25 F1500
G1 X129.71 Y168.68 F1500
G1 X130.97 Y166.59 F1500
G1 X131.39 Y167.00 F1500
G1 X132.22 Y168.66 F1500
G1 X132.43 Y168.65 F1500
G1 X132.64 Y168.39 F1500
G1 X133.27 Y166.96 F1500
G1 X133.69 Y166.60 F1500
G1 X134.74 Y168.55 F1500
G1 X134.95 Y168.68 F1500
G1 X135.16 Y168.56 F1500
G1 X136.20 Y166.60 F1500
G1 X136.62 Y166.94 F1500
G1 X137.25 Y168.37 F1500
G1 X137.46 Y168.64 F1500
G1 X137.67 Y168.66 F1500
G1 X138.51 Y167.02 F1500
G1 X138.93 Y166.59 F1500
G1 X140.19 Y168.68 F1500
G1 X140.61 Y168.27 F1500
G1 X141.44 Y166.61 F1500
G1 X141.65 Y166.63 F1500
G1 X141.86 Y166.89 F1500
G1 X142.49 Y168.32 F1500
G1 X142.91 Y168.67 F1500
G1 X143.96 Y166.72 F1500
G1 X144.17 Y166.59 F1500
G1 X144.38 Y166.72 F1500
G1 X145.42 Y168.67 F1500
G1 X145.84 Y168.33 F1500
G1 X146.26 Y167.34 F1500
G1 X146.47 Y167.64 F1500
G1 X180.00 Y167.64 F1500
G1 X180.00 Y167.85 F1500
G1 X180.00 Y168.06 F1500
G1 X180.00 Y168.27 F1500
G1 X180.00 Y168.47 F1500
G1 X180.00 Y168.68 F1500
G1 X180.00 Y168.68 F1500
G1 X146.26 Y168.68 F1500
G1 X145.63 Y169.67 F1500
G1 X145.42 Y169.72 F1500
G1 X144.38 Y167.76 F1500
G1 X144.17 Y167.64 F1500
G1 X143.96 Y167.77 F1500
G1 X142.91 Y169.72 F1500
G1 X142.49 Y169.37 F1500
G1 X141.86 Y167.94 F1500
G1 X141.65 Y167.68 F1500
G1 X141.44 Y167.66 F1500
G1 X140.61 Y169.32 F1500
G1 X140.19 Y169.73 F1500
G1 X138.93 Y167.64 F1500
G1 X138.51 Y168.06 F1500
G1 X137.67 Y169.71 F1500
G1 X137.46 Y169.69 F1500
G1 X137.25 Y169.42 F1500
G1 X136.62 Y167.99 F1500
G1 X136.20 Y167.65 F1500
G1 X135.16 Y169.61 F1500
G1 X134.95 Y169.73 F1500
G1 X134.74 Y169.60 F1500
G1 X133.69 Y167.65 F1500
G1 X133.27 Y168.01 F1500
G1 X132.64 Y169.44 F1500
G1 X132.43 Y169.69 F1500
G1 X132.22 Y169.70 F1500
G1 X131.39 Y168.04 F1500
G1 X130.97 Y167.64 F1500
G1 X129.71 Y169.73 F1500
G1 X129.29 Y169.30 F1500
G1 X128.45 Y167.66 F1500
G1 X128.03 Y167.96 F1500
G1 X127.40 Y169.39 F1500
G1 X126.98 Y169.72 F1500
G1 X126.15 Y168.10 F1500
G1 X125.73 Y167.64 F1500
G1 X125.52 Y167.78 F1500
G1 X124.47 Y169.72 F1500
G1 X124.05 Y169.35 F1500
G1 X123.42 Y167.93 F1500
G1 X123.21 Y167.67 F1500
G1 X123.00 Y167.67 F1500
G1 X122.17 Y169.33 F1500
G1 X121.75 Y169.73 F1500
G1 X121.54 Y169.55 F1500
G1 X120.70 Y167.79 F1500
G1 X120.49 Y167.64 F1500
G1 X120.07 Y168.08 F1500
G1 X119.23 Y169.71 F1500
G1 X118.81 Y169.40 F1500
G1 X118.18 Y167.98 F1500
G1 X117.76 Y167.65 F1500
G1 X116.93 Y169.28 F1500
G1 X116.51 Y169.73 F1500
G1 X116.30 Y169.59 F1500
G1 X115.25 Y167.64 F1500
G1 X114.83 Y168.02 F1500
G1 X114.20 Y169.45 F1500
G1 X113.99 Y169.70 F1500
G1 X113.78 Y169.70 F1500
G1 X112.95 Y168.03 F1500
G1 X112.53 Y167.64 F1500
G1 X111.48 Y169.59 F1500
G1 X111.27 Y169.73 F1500
G1 X110.85 Y169.28 F1500
G1 X110.01 Y167.65 F1500
G1 X109.59 Y167.97 F1500
G1 X108.96 Y169.40 F1500
G1 X108.54 Y169.72 F1500
G1 X107.71 Y168.08 F1500
G1 X107.29 Y167.64 F1500
G1 X107.08 Y167.79 F1500
G1 X106.03 Y169.73 F1500
G1 X105.61 Y169.34 F1500
G1 X104.77 Y167.67 F1500
G1 X104.56 Y167.67 F1500
G1 X104.35 Y167.92 F1500
G1 X103.73 Y169.35 F1500
G1 X103.31 Y169.73 F1500
G1 X102.26 Y167.78 F1500
G1 X102.05 Y167.64 F1500
G1 X101.63 Y168.10 F1500
G1 X100.79 Y169.72 F1500
G1 X100.37 Y169.39 F1500
G1 X99.74 Y167.96 F1500
G1 X99.32 Y167.66 F1500
G1 X98.49 Y169.29 F1500
G1 X98.07 Y169.73 F1500
G1 X97.86 Y169.58 F1500
G1 X97.23 Y168.20 F1500
G1 X96.81 Y167.64 F1500
G1 X96.39 Y168.04 F1500
G1 X95.55 Y169.70 F1500
G1 X95.34 Y169.70 F1500
G1 X95.13 Y169.44 F1500
G1 X94.51 Y168.01 F1500
G1 X94.09 Y167.64 F1500
G1 X93.04 Y169.59 F1500
G1 X92.83 Y169.73 F1500
G1 X92.41 Y169.27 F1500
G1 X91.57 Y167.65 F1500
G1 X91.15 Y167.99 F1500
G1 X90.52 Y169.41 F1500
G1 X90.10 Y169.71 F1500
G1 X89.27 Y168.07 F1500
G1 X88.85 Y167.64 F1500
G1 X87.59 Y169.73 F1500
G1 X87.17 Y169.32 F1500
G1 X86.33 Y167.66 F1500
G1 X86.12 Y167.68 F1500
G1 X85.91 Y167.94 F1500
G1 X85.29 Y169.36 F1500
G1 X84.87 Y169.72 F1500
G1 X83.82 Y167.77 F1500
G1 X83.61 Y167.64 F1500
G1 X83.40 Y167.76 F1500
G1 X82.35 Y169.72 F1500
G1 X81.93 Y169.38 F1500
G1 X81.30 Y167.95 F1500
G1 X81.09 Y167.68 F1500
G1 X80.88 Y167.66 F1500
G1 X80.05 Y169.31 F1500
G1 X79.63 Y169.73 F1500
G1 X78.37 Y167.64 F1500
G1 X77.95 Y168.05 F1500
G1 X77.11 Y169.71 F1500
G1 X76.90 Y169.69 F1500
G1 X76.69 Y169.43 F1500
G1 X76.07 Y168.00 F1500
G1 X75.65 Y167.65 F1500
G1 X74.60 Y169.60 F1500
G1 X74.39 Y169.73 F1500
G1 X74.18 Y169.60 F1500
G1 X73.13 Y167.65 F1500
G1 X72.71 Y168.00 F1500
G1 X72.08 Y169.43 F1500
G1 X71.87 Y169.69 F1500
G1 X71.66 Y169.71 F1500
G1 X70.83 Y168.05 F1500
G1 X70.41 Y167.64 F1500
G1 X69.15 Y169.73 F1500
G1 X68.73 Y169.31 F1500
G1 X67.89 Y167.66 F1500
G1 X67.68 Y167.68 F1500
G1 X67.47 Y167.95 F1500
G1 X66.85 Y169.38 F1500
G1 X66.43 Y169.72 F1500
G1 X65.38 Y167.76 F1500
G1 X65.17 Y167.64 F1500
G1 X64.96 Y167.77 F1500
G1 X63.91 Y169.72 F1500
G1 X63.49 Y169.36 F1500
G1 X62.86 Y167.94 F1500
G1 X62.65 Y167.68 F1500
G1 X62.44 Y167.66 F1500
G1 X61.61 Y169.32 F1500
G1 X61.19 Y169.73 F1500
G1 X59.93 Y167.64 F1500
G1 X59.51 Y168.07 F1500
G1 X58.67 Y169.71 F1500
G1 X58.25 Y169.41 F1500
G1 X57.63 Y167.99 F1500
G1 X57.21 Y167.65 F1500
G1 X56.37 Y169.27 F1500
G1 X55.95 Y169.73 F1500
G1 X55.74 Y169.59 F1500
G1 X54.69 Y167.64 F1500
G1 X54.27 Y168.01 F1500
G1 X53.64 Y169.44 F1500
G1 X53.43 Y169.70 F1500
G1 X53.22 Y169.70 F1500
G1 X52.39 Y168.04 F1500
G1 X51.97 Y167.64 F1500
G1 X51.55 Y168.20 F1500
G1 X50.92 Y169.58 F1500
G1 X50.71 Y169.73 F1500
G1 X50.29 Y169.29 F1500
G1 X49.45 Y167.66 F1500
G1 X49.03 Y167.96 F1500
G1 X48.41 Y169.39 F1500
G1 X47.99 Y169.72 F1500
G1 X47.15 Y168.10 F1500
G1 X46.73 Y167.64 F1500
G1 X46.52 Y167.78 F1500
G1 X45.47 Y169.73 F1500
G1 X45.05 Y169.35 F1500
G1 X44.21 Y167.67 F1500
G1 X44.00 Y167.67 F1500
G1 X43.80 Y167.91 F1500
G1 X43.17 Y169.34 F1500
G1 X42.75 Y169.73 F1500
G1 X41.70 Y167.79 F1500
G1 X41.49 Y167.64 F1500
G1 X41.07 Y168.08 F1500
G1 X40.23 Y169.72 F1500
G1 X39.81 Y169.40 F1500
G1 X39.19 Y167.97 F1500
G1 X38.77 Y167.65 F1500
G1 X37.93 Y169.28 F1500
G1 X37.51 Y169.73 F1500
G1 X37.30 Y169.59 F1500
G1 X36.25 Y167.64 F1500
G1 X35.83 Y168.03 F1500
G1 X34.99 Y169.70 F1500
G1 X34.78 Y169.70 F1500
G1 X34.58 Y169.45 F1500
G1 X33.95 Y168.02 F1500
G1 X33.74 Y168.68 F1500
G1 X0.00 Y168.68 F1500
G1 X0.00 Y168.89 F1500
G1 X0.00 Y169.10 F1500
G1 X0.00 Y169.31 F1500
G1 X0.00 Y169.52 F1500
G1 X0.00 Y169.73 F1500
G1 X0.00 Y169.73 F1500
G1 X34.16 Y169.73 F1500
G1 X34.58 Y170.50 F1500
G1 X34.78 Y170.75 F1500
G1 X34.99 Y170.75 F1500
G1 X35.83 Y169.08 F1500
G1 X36.25 Y168.69 F1500
G1 X37.30 Y170.63 F1500
G1 X37.51 Y170.78 F1500
G1 X37.93 Y170.33 F1500
G1 X38.77 Y168.70 F1500
G1 X39.19 Y169.02 F1500
G1 X39.81 Y170.45 F1500
G1 X40.23 Y170.76 F1500
G1 X41.07 Y169.13 F1500
G1 X41.49 Y168.69 F1500
G1 X41.70 Y168.83 F1500
G1 X42.75 Y170.77 F1500
G1 X43.17 Y170.38 F1500
G1 X43.80 Y168.96 F1500
G1 X44.00 Y168.72 F1500
G1 X44.21 Y168.72 F1500
G1 X45.05 Y170.40 F1500
G1 X45.47 Y170.77 F1500
G1 X46.52 Y168.83 F1500
G1 X46.73 Y168.68 F1500
G1 X47.15 Y169.14 F1500
G1 X47.99 Y170.77 F1500
G1 X48.41 Y170.44 F1500
G1 X49.03 Y169.01 F1500
G1 X49.45 Y168.70 F1500
G1 X50.29 Y170.34 F1500
G1 X50.71 Y170.78 F1500
G1 X50.92 Y170.63 F1500
G1 X51.55 Y169.25 F1500
G1 X51.97 Y168.69 F1500
G1 X52.39 Y169.09 F1500
G1 X53.22 Y170.75 F1500
G1 X53.43 Y170.74 F1500
G1 X53.64 Y170.49 F1500
G1 X54.27 Y169.06 F1500
G1 X54.69 Y168.69 F1500
G1 X55.74 Y170.64 F1500
G1 X55.95 Y170.78 F1500
G1 X56.37 Y170.31 F1500
G1 X57.21 Y168.70 F1500
G1 X57.63 Y169.03 F1500
G1 X58.25 Y170.46 F1500
G1 X58.67 Y170.76 F1500
G1 X59.51 Y169.12 F1500
G1 X59.93 Y168.69 F1500
G1 X61.19 Y170.78 F1500
G1 X61.61 Y170.37 F1500
G1 X62.44 Y168.71 F1500
G1 X62.65 Y168.72 F1500
G1 X62.86 Y168.98 F1500
G1 X63.49 Y170.41 F1500
G1 X63.91 Y170.77 F1500
G1 X64.96 Y168.82 F1500
G1 X65.17 Y168.68 F1500
G1 X65.38 Y168.81 F1500
G1 X66.43 Y170.77 F1500
G1 X66.85 Y170.42 F1500
G1 X67.47 Y169.00 F1500
G1 X67.68 Y168.73 F1500
G1 X67.89 Y168.71 F1500
G1 X68.73 Y170.36 F1500
G1 X69.15 Y170.78 F1500
G1 X70.41 Y168.69 F1500
G1 X70.83 Y169.10 F1500
G1 X71.66 Y170.76 F1500
G1 X71.87 Y170.74 F1500
G1 X72.08 Y170.47 F1500
G1 X72.71 Y169.05 F1500
G1 X73.13 Y168.70 F1500
G1 X74.18 Y170.65 F1500
G1 X74.39 Y170.78 F1500
G1 X74.60 Y170.65 F1500
G1 X75.65 Y168.69 F1500
G1 X76.07 Y169.05 F1500
G1 X76.69 Y170.47 F1500
G1 X76.90 Y170.74 F1500
G1 X77.11 Y170.76 F1500
G1 X77.95 Y169.10 F1500
G1 X78.37 Y168.69 F1500
G1 X79.63 Y170.78 F1500
G1 X80.05 Y170.36 F1500
G1 X80.88 Y168.71 F1500
G1 X81.09 Y168.73 F1500
G1 X81.30 Y169.00 F1500
G1 X81.93 Y170.42 F1500
G1 X82.35 Y170.77 F1500
G1 X83.40 Y168.81 F1500
G1 X83.61 Y168.68 F1500
G1 X83.82 Y168.82 F1500
G1 X84.87 Y170.77 F1500
G1 X85.29 Y170.41 F1500
G1 X85.91 Y168.98 F1500
G1 X86.12 Y168.72 F1500
G1 X86.33 Y168.71 F1500
G1 X87.17 Y170.37 F1500
G1 X87.59 Y170.78 F1500
G1 X88.85 Y168.69 F1500
G1 X89.27 Y169.12 F1500
G1 X90.10 Y170.76 F1500
G1 X90.52 Y170.46 F1500
G1 X91.15 Y169.03 F1500
G1 X91.57 Y168.70 F1500
G1 X92.41 Y170.31 F1500
G1 X92.83 Y170.78 F1500
G1 X93.04 Y170.64 F1500
G1 X94.09 Y168.69 F1500
G1 X94.51 Y169.06 F1500
G1 X95.13 Y170.49 F1500
G1 X95.34 Y170.74 F1500
G1 X95.55 Y170.75 F1500
G1 X96.39 Y169.09 F1500
G1 X96.81 Y168.69 F1500
G1 X97.23 Y169.25 F1500
G1 X97.86 Y170.63 F1500
G1 X98.07 Y170.78 F1500
G1 X98.49 Y170.34 F1500
G1 X99.32 Y168.70 F1500
G1 X99.74 Y169.01 F1500
G1 X100.37 Y170.44 F1500
G1 X100.79 Y170.77 F1500
G1 X101.63 Y169.14 F1500
G1 X102.05 Y168.68 F1500
G1 X102.26 Y168.83 F1500
G1 X103.31 Y170.77 F1500
G1 X103.73 Y170.40 F1500
G1 X104.35 Y168.97 F1500
G1 X104.56 Y168.72 F1500
G1 X104.77 Y168.72 F1500
G1 X105.61 Y170.38 F1500
G1 X106.03 Y170.77 F1500
G1 X107.08 Y168.83 F1500
G1 X107.29 Y168.69 F1500
G1 X107.71 Y169.13 F1500
G1 X108.54 Y170.76 F1500
G1 X108.96 Y170.45 F1500
G1 X109.59 Y169.02 F1500
G1 X110.01 Y168.70 F1500
G1 X110.85 Y170.33 F1500
G1 X111.27 Y170.78 F1500
G1 X111.48 Y170.63 F1500
G1 X112.53 Y168.69 F1500
G1 X112.95 Y169.08 F1500
G1 X113.78 Y170.75 F1500
G1 X113.99 Y170.75 F1500
G1 X114.20 Y170.50 F1500
G1 X114.83 Y169.07 F1500
G1 X115.25 Y168.69 F1500
G1 X116.30 Y170.64 F1500
G1 X116.51 Y170.78 F1500
G1 X116.93 Y170.33 F1500
G1 X117.76 Y168.70 F1500
G1 X118.18 Y169.02 F1500
G1 X118.81 Y170.45 F1500
G1 X119.23 Y170.76 F1500
G1 X120.07 Y169.13 F1500
G1 X120.49 Y168.69 F1500
G1 X120.70 Y168.84 F1500
G1 X121.54 Y170.60 F1500
G1 X121.75 Y170.78 F1500
G1 X122.17 Y170.38 F1500
G1 X123.00 Y168.71 F1500
G1 X123.21 Y168.72 F1500
G1 X123.42 Y168.97 F1500
G1 X124.05 Y170.40 F1500
G1 X124.47 Y170.77 F1500
G1 X125.52 Y168.82 F1500
G1 X125.73 Y168.68 F1500
G1 X126.15 Y169.15 F1500
G1 X126.98 Y170.77 F1500
G1 X127.40 Y170.43 F1500
G1 X128.03 Y169.01 F1500
G1 X128.45 Y168.70 F1500
G1 X129.29 Y170.34 F1500
G1 X129.71 Y170.78 F1500
G1 X130.97 Y168.69 F1500
G1 X131.39 Y169.09 F1500
G1 X132.22 Y170.75 F1500
G1 X132.43 Y170.74 F1500
G1 X132.64 Y170.48 F1500
G1 X133.27 Y169.06 F1500
G1 X133.69 Y168.69 F1500
G1 X134.74 Y170.64 F1500
G1 X134.95 Y170.78 F1500
G1 X135.16 Y170.66 F1500
G1 X136.20 Y168.70 F1500
G1 X136.62 Y169.04 F1500
G1 X137.25 Y170.46 F1500
G1 X137.46 Y170.73 F1500
G1 X137.67 Y170.76 F1500
G1 X138.51 Y169.11 F1500
G1 X138.93 Y168.69 F1500
G1 X140.19 Y170.78 F1500
G1 X140.61 Y170.37 F1500
G1 X141.44 Y168.71 F1500
G1 X141.65 Y168.72 F1500
G1 X141.86 Y168.99 F1500
G1 X142.49 Y170.41 F1500
G1 X142.91 Y170.77 F1500
G1 X143.96 Y168.81 F1500
G1 X144.17 Y168.68 F1500
G1 X144.38 Y168.81 F1500
G1 X145.42 Y170.77 F1500
G1 X145.63 Y170.68 F1500
G1 X145.84 Y169.73 F1500
G1 X180.00 Y169.73 F1500
G1 X180.00 Y169.94 F1500
G1 X180.00 Y170.15 F1500
G1 X180.00 Y170.36 F1500
G1 X180.00 Y170.57 F1500
G1 X180.00 Y170.78 F1500
G1 X180.00 Y170.78 F1500
G1 X144.80 Y170.78 F1500
G1 X144.38 Y169.86 F1500
G1 X144.17 Y169.73 F1500
G1 X143.96 Y169.86 F1500
G1 X142.91 Y171.82 F1500
G1 X142.49 Y171.46 F1500
G1 X141.86 Y170.03 F1500
G1 X141.65 Y169.77 F1500
G1 X141.44 Y169.76 F1500
G1 X140.61 Y171.41 F1500
G1 X140.19 Y171.82 F1500
G1 X138.93 Y169.73 F1500
G1 X138.51 Y170.16 F1500
G1 X137.67 Y171.81 F1500
G1 X137.46 Y171.78 F1500
G1 X137.25 Y171.51 F1500
G1 X136.62 Y170.08 F1500
G1 X136.20 Y169.74 F1500
G1 X135.16 Y171.71 F1500
G1 X134.95 Y171.83 F1500
G1 X134.74 Y171.69 F1500
G1 X133.69 Y169.74 F1500
G1 X133.27 Y170.11 F1500
G1 X132.64 Y171.53 F1500
G1 X132.43 Y171.79 F1500
G1 X132.22 Y171.80 F1500
G1 X131.39 Y170.14 F1500
G1 X130.97 Y169.74 F1500
G1 X129.71 Y171.83 F1500
G1 X129.29 Y171.39 F1500
G1 X128.45 Y169.75 F1500
G1 X128.03 Y170.05 F1500
G1 X127.40 Y171.48 F1500
G1 X126.98 Y171.81 F1500
G1 X126.15 Y170.19 F1500
G1 X125.73 Y169.73 F1500
G1 X125.52 Y169.87 F1500
G1 X124.47 Y171.82 F1500
G1 X124.05 Y171.45 F1500
G1 X123.42 Y170.02 F1500
G1 X123.21 Y169.77 F1500
G1 X123.00 Y169.76 F1500
G1 X122.17 Y171.43 F1500
G1 X121.75 Y171.82 F1500
G1 X121.54 Y171.65 F1500
G1 X120.70 Y169.88 F1500
G1 X120.49 Y169.73 F1500
G1 X120.07 Y170.18 F1500
G1 X119.23 Y171.81 F1500
G1 X118.81 Y171.50 F1500
G1 X118.18 Y170.07 F1500
G1 X117.76 Y169.75 F1500
G1 X116.93 Y171.37 F1500
G1 X116.51 Y171.83 F1500
G1 X116.30 Y171.68 F1500
G1 X115.25 Y169.74 F1500
G1 X114.83 Y170.12 F1500
G1 X114.20 Y171.54 F1500
G1 X113.99 Y171.79 F1500
G1 X113.78 Y171.80 F1500
G1 X112.95 Y170.12 F1500
G1 X112.53 Y169.74 F1500
G1 X111.48 Y171.68 F1500
G1 X111.27 Y171.83 F1500
G1 X110.85 Y171.38 F1500
G1 X110.01 Y169.75 F1500
G1 X109.59 Y170.07 F1500
G1 X108.96 Y171.50 F1500
G1 X108.54 Y171.81 F1500
G1 X107.71 Y170.18 F1500
G1 X107.29 Y169.73 F1500
G1 X107.08 Y169.88 F1500
G1 X106.03 Y171.82 F1500
G1 X105.61 Y171.43 F1500
G1 X104.77 Y169.76 F1500
G1 X104.56 Y169.77 F1500
G1 X104.35 Y170.02 F1500
G1 X103.73 Y171.44 F1500
G1 X103.31 Y171.82 F1500
G1 X102.26 Y169.87 F1500
G1 X102.05 Y169.73 F1500
G1 X101.63 Y170.19 F1500
G1 X100.79 Y171.81 F1500
G1 X100.37 Y171.49 F1500
G1 X99.74 Y170.06 F1500
G1 X99.32 Y169.75 F1500
G1 X98.49 Y171.39 F1500
G1 X98.07 Y171.83 F1500
G1 X97.86 Y171.67 F1500
G1 X97.23 Y170.30 F1500
G1 X96.81 Y169.74 F1500
G1 X96.39 Y170.13 F1500
G1 X95.55 Y171.80 F1500
G1 X95.34 Y171.79 F1500
G1 X95.13 Y171.54 F1500
G1 X94.51 Y170.11 F1500
G1 X94.09 Y169.74 F1500
G1 X93.04 Y171.69 F1500
G1 X92.83 Y171.83 F1500
G1 X92.41 Y171.36 F1500
G1 X91.57 Y169.75 F1500
G1 X91.15 Y170.08 F1500
G1 X90.52 Y171.51 F1500
G1 X90.10 Y171.81 F1500
G1 X89.27 Y170.16 F1500
G1 X88.85 Y169.73 F1500
G1 X87.59 Y171.82 F1500
G1 X87.17 Y171.42 F1500
G1 X86.33 Y169.76 F1500
G1 X86.12 Y169.77 F1500
G1 X85.91 Y170.03 F1500
G1 X85.29 Y171.46 F1500
G1 X84.87 Y171.82 F1500
G1 X83.82 Y169.86 F1500
G1 X83.61 Y169.73 F1500
G1 X83.40 Y169.86 F1500
G1 X82.35 Y171.82 F1500
G1 X81.93 Y171.47 F1500
G1 X81.30 Y170.04 F1500
G1 X81.09 Y169.78 F1500
G1 X80.88 Y169.75 F1500
G1 X80.05 Y171.40 F1500
G1 X79.63 Y171.83 F1500
G1 X78.37 Y169.74 F1500
G1 X77.95 Y170.15 F1500
G1 X77.11 Y171.80 F1500
G1 X76.90 Y171.79 F1500
G1 X76.69 Y171.52 F1500
G1 X76.07 Y170.10 F1500
G1 X75.65 Y169.74 F1500
G1 X74.60 Y171.70 F1500
G1 X74.39 Y171.83 F1500
G1 X74.18 Y171.70 F1500
G1 X73.13 Y169.74 F1500
G1 X72.71 Y170.10 F1500
G1 X72.08 Y171.52 F1500
G1 X71.87 Y171.79 F1500
G1 X71.66 Y171.80 F1500
G1 X70.83 Y170.15 F1500
G1 X70.41 Y169.74 F1500
G1 X69.15 Y171.83 F1500
G1 X68.73 Y171.40 F1500
G1 X67.89 Y169.75 F1500
G1 X67.68 Y169.78 F1500
G1 X67.47 Y170.04 F1500
G1 X66.85 Y171.47 F1500
G1 X66.43 Y171.82 F1500
G1 X65.38 Y169.86 F1500
G1 X65.17 Y169.73 F1500
G1 X64.96 Y169.86 F1500
G1 X63.91 Y171.82 F1500
G1 X63.49 Y171.46 F1500
G1 X62.86 Y170.03 F1500
G1 X62.65 Y169.77 F1500
G1 X62.44 Y169.76 F1500
G1 X61.61 Y171.42 F1500
G1 X61.19 Y171.82 F1500
G1 X59.93 Y169.73 F1500
G1 X59.51 Y170.16 F1500
G1 X58.67 Y171.81 F1500
G1 X58.25 Y171.51 F1500
G1 X57.63 Y170.08 F1500
G1 X57.21 Y169.75 F1500
G1 X56.37 Y171.36 F1500
G1 X55.95 Y171.83 F1500
G1 X55.74 Y171.69 F1500
G1 X54.69 Y169.74 F1500
G1 X54.27 Y170.11 F1500
G1 X53.64 Y171.54 F1500
G1 X53.43 Y171.79 F1500
G1 X53.22 Y171.80 F1500
G1 X52.39 Y170.13 F1500
G1 X51.97 Y169.74 F1500
G1 X51.55 Y170.30 F1500
G1 X50.92 Y171.67 F1500
G1 X50.71 Y171.83 F1500
G1 X50.29 Y171.39 F1500
G1 X49.45 Y169.75 F1500
G1 X49.03 Y170.06 F1500
G1 X48.41 Y171.49 F1500
G1 X47.99 Y171.81 F1500
G1 X47.15 Y170.19 F1500
G1 X46.73 Y169.73 F1500
G1 X46.52 Y169.87 F1500
G1 X45.47 Y171.82 F1500
G1 X45.05 Y171.44 F1500
G1 X44.21 Y169.77 F1500
G1 X44.00 Y169.76 F1500
G1 X43.80 Y170.01 F1500
G1 X43.17 Y171.43 F1500
G1 X42.75 Y171.82 F1500
G1 X41.70 Y169.88 F1500
G1 X41.49 Y169.73 F1500
G1 X41.07 Y170.18 F1500
G1 X40.23 Y171.81 F1500
G1 X39.81 Y171.50 F1500
G1 X39.19 Y170.07 F1500
G1 X38.77 Y169.75 F1500
G1 X37.93 Y171.38 F1500
G1 X37.51 Y171.83 F1500
G1 X37.30 Y171.68 F1500
G1 X36.25 Y169.74 F1500
G1 X35.83 Y170.12 F1500
G1 X35.41 Y171.11 F1500
G1 X34.99 Y170.78 F1500
G1 X0.00 Y170.78 F1500
G1 X0.00 Y170.99 F1500
G1 X0.00 Y171.20 F1500
G1 X0.00 Y171.41 F1500
G1 X0.00 Y171.62 F1500
G1 X0.00 Y171.83 F1500
G1 X0.00 Y171.83 F1500
G1 X180.00 Y171.83 F1500
G1 X180.00 Y172.04 F1500
G1 X180.00 Y172.25 F1500
G1 X180.00 Y172.46 F1500
G1 X180.00 Y172.67 F1500
G1 X180.00 Y172.88 F1500
G1 X180.00 Y172.88 F1500
G1 X0.00 Y172.88 F1500
G1 X0.00 Y173.08 F1500
G1 X0.00 Y173.29 F1500
G1 X0.00 Y173.50 F1500
G1 X0.00 Y173.71 F1500
G1 X0.00 Y173.92 F1500
G1 X0.00 Y173.92 F1500
G1 X180.00 Y173.92 F1500
G1 X180.00 Y174.13 F1500
G1 X180.00 Y174.34 F1500
G1 X180.00 Y174.55 F1500
G1 X180.00 Y174.76 F1500
G1 X180.00 Y174.97 F1500
G1 X180.00 Y174.97 F1500
G1 X0.00 Y174.97 F1500
G1 X0.00 Y175.18 F1500
G1 X0.00 Y175.39 F1500
G1 X0.00 Y175.60 F1500
G1 X0.00 Y175.81 F1500
G1 X0.00 Y176.02 F1500
G1 X0.00 Y176.02 F1500
G1 X180.00 Y176.02 F1500
G1 X180.00 Y176.23 F1500
G1 X180.00 Y176.44 F1500
G1 X180.00 Y176.65 F1500
G1 X180.00 Y176.86 F1500
G1 X180.00 Y177.07 F1500
G1 X180.00 Y177.07 F1500
G1 X0.00 Y177.07 F1500
G1 X0.00 Y177.28 F1500
G1 X0.00 Y177.49 F1500
G1 X0.00 Y177.69 F1500
G1 X0.00 Y177.90 F1500
G1 X0.00 Y178.11 F1500
G1 X0.00 Y178.11 F1500
G1 X180.00 Y178.11 F1500
G1 X180.00 Y178.32 F1500
G1 X180.00 Y178.53 F1500
G1 X180.00 Y178.74 F1500
G1 X180.00 Y178.95 F1500
G1 X180.00 Y179.16 F1500
G1 X180.00 Y179.16 F1500
G1 X0.00 Y179.16 F1500
; --- POSTAMBLE ---
G00 Z120 F3000
G00 X0.00 Y0.00
M02 ; End of program
