[(1800, 979), (1798, 981), (1796, 980), (1787, 963), (1783, 960), (1775, 976), (1771, 981), (1769, 979), (1760, 962), (1758, 960), (1754, 964), (1746, 981), (1743, 981), (1741, 978), (1735, 964), (1731, 960), (1720, 980), (1718, 981), (1714, 976), (1706, 960), (1702, 963), (1695, 978), (1691, 981), (1683, 964), (1678, 960), (1666, 981), (1662, 977), (1653, 960), (1651, 960), (1649, 963), (1643, 977), (1639, 981), (1628, 961), (1626, 960), (1624, 961), (1614, 981), (1609, 977), (1603, 963), (1601, 960), (1599, 960), (1590, 977), (1586, 981), (1574, 960), (1569, 964), (1561, 981), (1559, 981), (1557, 978), (1551, 964), (1546, 960), (1536, 980), (1534, 981), (1532, 980), (1521, 960), (1517, 964), (1511, 978), (1509, 980), (1507, 981), (1498, 964), (1494, 960), (1481, 981), (1477, 977), (1469, 960), (1467, 960), (1465, 963), (1458, 977), (1454, 981), (1444, 961), (1442, 960), (1440, 961), (1429, 981), (1425, 977), (1419, 963), (1417, 960), (1414, 960), (1406, 977), (1402, 981), (1389, 960), (1385, 964), (1377, 981), (1375, 980), (1373, 978), (1366, 963), (1362, 960), (1352, 980), (1349, 981), (1347, 980), (1337, 960), (1333, 964), (1326, 978), (1324, 981), (1322, 981), (1314, 964), (1310, 960), (1297, 981), (1293, 977), (1285, 960), (1280, 963), (1274, 977), (1270, 981), (1261, 965), (1257, 960), (1255, 961), (1245, 981), (1241, 977), (1234, 963), (1232, 960), (1230, 960), (1222, 977), (1217, 981), (1215, 979), (1207, 961), (1205, 960), (1201, 964), (1192, 981), (1188, 978), (1182, 963), (1178, 960), (1169, 976), (1165, 981), (1163, 979), (1153, 960), (1148, 964), (1140, 981), (1138, 981), (1136, 978), (1129, 964), (1125, 960), (1115, 979), (1113, 981), (1108, 976), (1100, 960), (1096, 963), (1090, 978), (1085, 981), (1077, 964), (1073, 960), (1071, 961), (1060, 981), (1056, 977), (1048, 960), (1046, 960), (1044, 963), (1037, 977), (1033, 981), (1023, 961), (1020, 960), (1016, 965), (1008, 981), (1004, 977), (997, 963), (993, 960), (985, 977), (981, 981), (979, 979), (972, 966), (968, 960), (964, 964), (956, 981), (953, 981), (951, 978), (945, 964), (941, 960), (930, 980), (928, 981), (924, 976), (916, 960), (912, 963), (905, 978), (901, 981), (893, 964), (888, 960), (876, 981), (872, 977), (863, 960), (861, 960), (859, 963), (853, 977), (849, 981), (838, 961), (836, 960), (834, 961), (824, 981), (819, 977), (813, 963), (811, 960), (809, 960), (800, 977), (796, 981), (784, 960), (780, 964), (771, 981), (769, 980), (767, 978), (761, 964), (756, 960), (746, 980), (744, 981), (742, 980), (731, 960), (727, 964), (721, 978), (719, 980), (717, 981), (708, 964), (704, 960), (692, 981), (687, 977), (679, 960), (677, 960), (675, 963), (668, 977), (664, 981), (654, 961), (652, 960), (650, 961), (639, 981), (635, 977), (629, 963), (627, 960), (624, 960), (616, 977), (612, 981), (599, 960), (595, 964), (587, 981), (583, 978), (576, 963), (572, 960), (564, 976), (559, 981), (557, 980), (547, 960), (543, 964), (536, 978), (534, 981), (532, 981), (524, 964), (520, 960), (515, 966), (509, 979), (507, 981), (503, 977), (495, 960), (490, 963), (484, 977), (480, 981), (471, 965), (467, 960), (465, 961), (455, 981), (451, 977), (444, 963), (442, 960), (440, 960), (432, 977), (427, 981), (417, 961), (415, 960), (411, 964), (402, 981), (398, 978), (392, 963), (388, 960), (379, 976), (375, 981), (373, 979), (363, 960), (358, 964), (350, 981), (348, 981), (346, 978), (339, 964), (335, 960), (325, 979), (323, 981), (319, 976), (310, 960), (306, 963), (300, 978), (295, 981), (287, 964), (283, 960), (281, 961), (272, 979), (270, 981), (266, 977), (258, 960), (256, 960), (254, 963), (247, 977), (243, 981), (233, 961), (231, 960), (226, 965), (218, 981), (214, 977), (207, 963), (203, 960), (195, 977), (191, 981), (178, 960), (174, 964), (166, 981), (163, 981), (161, 978), (155, 964), (151, 960), (140, 980), (138, 981), (136, 980), (126, 960), (122, 963), (113, 980), (111, 981), (109, 978), (103, 964), (98, 960), (86, 981), (82, 977), (73, 960), (71, 960), (69, 963), (63, 977), (59, 981), (48, 961), (46, 960), (44, 961), (34, 981), (29, 977), (21, 960), (19, 960), (17, 963), (10, 977), (8, 980), (6, 981), (4, 979), (2, 975), (0, 970)]
[(0, 981), (2, 982), (4, 983), (6, 983), (8, 983), (10, 982), (21, 978), (34, 985), (46, 976), (59, 986), (63, 984), (69, 978), (73, 976), (82, 984), (86, 985), (98, 976), (103, 978), (109, 984), (113, 985), (122, 978), (126, 977), (138, 985), (151, 977), (155, 978), (163, 985), (168, 984), (174, 979), (178, 977), (191, 985), (195, 984), (201, 977), (205, 975), (210, 979), (216, 990), (218, 991), (226, 975), (231, 971), (233, 972), (243, 991), (247, 987), (256, 971), (258, 971), (260, 974), (266, 985), (270, 987), (279, 978), (283, 977), (295, 985), (310, 977), (323, 986), (327, 984), (333, 975), (337, 974), (346, 988), (350, 991), (358, 974), (363, 971), (371, 986), (375, 990), (379, 986), (388, 972), (392, 975), (398, 987), (402, 990), (411, 976), (415, 972), (427, 989), (432, 986), (440, 973), (444, 975), (451, 986), (455, 989), (467, 973), (469, 974), (480, 988), (484, 986), (490, 976), (495, 974), (507, 989), (509, 988), (520, 973), (524, 976), (532, 989), (536, 987), (543, 976), (547, 973), (557, 987), (559, 988), (564, 985), (572, 973), (576, 976), (583, 986), (587, 988), (595, 977), (599, 975), (612, 987), (616, 985), (622, 976), (627, 975), (635, 985), (639, 987), (652, 976), (656, 978), (662, 986), (666, 986), (675, 977), (679, 976), (687, 984), (692, 985), (706, 976), (715, 984), (719, 981), (727, 981), (763, 981), (769, 983), (771, 981), (811, 980), (874, 981), (880, 985), (888, 971), (893, 975), (901, 990), (905, 988), (914, 973), (918, 975), (926, 987), (930, 986), (941, 976), (945, 978), (951, 984), (956, 986), (964, 978), (968, 976), (981, 988), (985, 985), (993, 971), (995, 971), (997, 974), (1004, 988), (1008, 991), (1016, 975), (1020, 970), (1029, 985), (1033, 988), (1046, 976), (1050, 977), (1056, 984), (1060, 986), (1073, 975), (1085, 986), (1090, 985), (1096, 977), (1100, 976), (1111, 986), (1115, 988), (1125, 970), (1129, 974), (1136, 989), (1138, 991), (1140, 991), (1148, 974), (1153, 970), (1163, 990), (1165, 991), (1169, 987), (1178, 971), (1182, 974), (1188, 988), (1192, 991), (1201, 975), (1205, 970), (1207, 972), (1215, 990), (1217, 991), (1222, 987), (1230, 971), (1232, 971), (1234, 973), (1241, 988), (1245, 991), (1253, 977), (1257, 975), (1270, 986), (1274, 984), (1282, 976), (1297, 985), (1310, 977), (1322, 985), (1326, 984), (1333, 978), (1337, 977), (1349, 985), (1362, 976), (1366, 978), (1373, 984), (1377, 985), (1389, 976), (1402, 986), (1406, 984), (1412, 977), (1417, 976), (1425, 984), (1429, 986), (1442, 975), (1446, 978), (1454, 987), (1458, 985), (1465, 976), (1469, 975), (1477, 985), (1481, 988), (1486, 984), (1492, 975), (1494, 974), (1502, 983), (1507, 985), (1521, 978), (1534, 985), (1546, 977), (1551, 978), (1557, 984), (1561, 985), (1574, 977), (1586, 985), (1599, 977), (1603, 978), (1609, 984), (1614, 986), (1626, 976), (1639, 986), (1643, 984), (1651, 977), (1666, 985), (1676, 977), (1681, 977), (1689, 984), (1693, 986), (1702, 977), (1706, 975), (1718, 987), (1731, 975), (1735, 977), (1741, 985), (1746, 986), (1754, 977), (1758, 975), (1771, 987), (1775, 984), (1781, 977), (1785, 976), (1794, 985), (1796, 985), (1800, 989), (1800, 979)]
[(1800, 1000), (1798, 996), (1794, 995), (1785, 986), (1781, 987), (1775, 995), (1771, 997), (1758, 985), (1754, 988), (1746, 997), (1741, 996), (1735, 988), (1731, 986), (1718, 997), (1706, 986), (1702, 988), (1693, 996), (1689, 995), (1683, 989), (1678, 987), (1666, 995), (1662, 994), (1655, 988), (1651, 987), (1643, 994), (1639, 996), (1626, 986), (1614, 996), (1609, 994), (1601, 987), (1597, 988), (1590, 994), (1586, 996), (1574, 987), (1569, 989), (1561, 996), (1557, 994), (1549, 987), (1544, 988), (1534, 995), (1521, 989), (1507, 994), (1494, 986), (1490, 988), (1481, 999), (1477, 996), (1469, 985), (1465, 987), (1458, 995), (1454, 997), (1442, 986), (1429, 997), (1425, 995), (1417, 986), (1412, 988), (1406, 994), (1402, 996), (1389, 987), (1377, 996), (1373, 995), (1364, 987), (1360, 988), (1349, 996), (1337, 987), (1333, 988), (1326, 995), (1322, 996), (1312, 988), (1308, 988), (1297, 996), (1287, 988), (1282, 987), (1270, 998), (1261, 988), (1257, 986), (1253, 988), (1247, 996), (1243, 998), (1241, 997), (1234, 984), (1232, 981), (1230, 981), (1222, 998), (1217, 1002), (1215, 1000), (1207, 982), (1205, 981), (1201, 985), (1192, 1002), (1188, 999), (1182, 984), (1178, 981), (1169, 997), (1165, 1002), (1163, 1000), (1153, 981), (1148, 985), (1142, 999), (1140, 1002), (1138, 1002), (1129, 985), (1125, 981), (1115, 1000), (1113, 1002), (1111, 1001), (1104, 989), (1100, 986), (1096, 988), (1090, 995), (1085, 997), (1073, 986), (1060, 997), (1056, 995), (1050, 987), (1046, 986), (1033, 1001), (1031, 999), (1025, 986), (1020, 981), (1016, 985), (1008, 1002), (1004, 998), (995, 981), (993, 981), (991, 984), (985, 996), (981, 998), (968, 986), (964, 988), (956, 996), (951, 995), (945, 988), (941, 986), (930, 996), (926, 997), (918, 985), (914, 983), (905, 998), (901, 1002), (891, 984), (888, 991), (886, 991), (811, 991), (796, 992), (782, 991), (771, 993), (769, 991), (759, 991), (746, 993), (733, 990), (723, 992), (700, 990), (694, 997), (692, 998), (681, 987), (677, 985), (668, 995), (664, 997), (652, 985), (639, 997), (635, 995), (629, 987), (624, 986), (614, 997), (612, 997), (599, 985), (595, 988), (589, 996), (585, 998), (576, 987), (572, 984), (559, 999), (555, 995), (547, 984), (543, 986), (536, 997), (532, 999), (524, 987), (520, 984), (507, 999), (495, 985), (490, 986), (484, 996), (480, 999), (469, 985), (467, 984), (455, 999), (451, 996), (444, 986), (440, 984), (430, 999), (427, 1000), (415, 983), (411, 986), (402, 1000), (398, 998), (392, 985), (388, 982), (377, 1000), (375, 1001), (363, 981), (358, 985), (350, 1001), (348, 1001), (346, 999), (337, 984), (333, 986), (327, 994), (323, 996), (310, 987), (306, 989), (300, 994), (295, 995), (283, 987), (279, 989), (270, 998), (266, 996), (258, 982), (254, 984), (247, 998), (243, 1001), (233, 983), (231, 982), (226, 986), (218, 1002), (216, 1001), (214, 998), (207, 985), (205, 983), (201, 986), (195, 995), (191, 997), (178, 988), (166, 995), (161, 994), (155, 989), (151, 987), (138, 996), (126, 987), (122, 988), (115, 994), (111, 996), (98, 987), (86, 996), (73, 987), (69, 988), (63, 994), (59, 996), (46, 987), (34, 996), (29, 995), (21, 987), (8, 994), (0, 991), (0, 989), (0, 987), (0, 985), (0, 983), (0, 981)]
[(0, 1002), (2, 1003), (4, 1004), (6, 1005), (8, 1005), (10, 1004), (17, 998), (21, 997), (29, 1005), (34, 1006), (46, 997), (59, 1006), (63, 1005), (69, 999), (73, 998), (86, 1006), (98, 998), (111, 1006), (115, 1005), (122, 999), (126, 998), (138, 1006), (151, 998), (155, 999), (161, 1005), (166, 1005), (178, 998), (182, 1000), (189, 1007), (193, 1008), (203, 992), (207, 995), (214, 1009), (218, 1012), (226, 996), (231, 992), (233, 993), (243, 1012), (247, 1008), (254, 995), (258, 992), (266, 1006), (270, 1008), (279, 999), (283, 998), (295, 1006), (300, 1005), (306, 999), (310, 997), (323, 1007), (327, 1005), (333, 996), (337, 995), (346, 1009), (348, 1012), (350, 1012), (358, 995), (363, 992), (371, 1007), (375, 1011), (377, 1010), (388, 993), (392, 996), (398, 1008), (402, 1011), (411, 997), (415, 993), (427, 1011), (432, 1007), (440, 994), (444, 996), (451, 1007), (455, 1010), (467, 994), (480, 1009), (484, 1007), (495, 995), (499, 999), (503, 1007), (507, 1010), (520, 994), (522, 994), (532, 1009), (536, 1007), (543, 997), (547, 994), (555, 1006), (559, 1009), (564, 1006), (572, 995), (576, 997), (585, 1008), (589, 1007), (597, 996), (601, 997), (610, 1007), (614, 1008), (622, 997), (627, 996), (635, 1006), (639, 1008), (652, 995), (656, 998), (662, 1007), (664, 1008), (668, 1006), (677, 995), (685, 1002), (689, 1004), (706, 1000), (721, 1003), (733, 999), (746, 1005), (750, 1002), (756, 1000), (767, 1002), (769, 1004), (773, 1002), (792, 1002), (794, 1003), (807, 1001), (811, 1002), (895, 1001), (899, 1008), (903, 1011), (914, 993), (918, 995), (924, 1006), (928, 1008), (941, 997), (945, 999), (951, 1005), (956, 1007), (964, 999), (968, 997), (981, 1009), (985, 1006), (991, 995), (995, 992), (1004, 1009), (1008, 1012), (1016, 996), (1020, 991), (1023, 993), (1033, 1012), (1035, 1012), (1041, 999), (1046, 994), (1050, 997), (1056, 1005), (1060, 1008), (1073, 996), (1085, 1007), (1090, 1006), (1098, 995), (1102, 994), (1108, 1008), (1113, 1012), (1115, 1011), (1125, 991), (1129, 995), (1138, 1012), (1140, 1012), (1142, 1010), (1148, 995), (1153, 991), (1163, 1011), (1165, 1012), (1169, 1008), (1178, 992), (1182, 995), (1188, 1009), (1192, 1012), (1201, 996), (1205, 991), (1207, 993), (1215, 1011), (1217, 1012), (1222, 1008), (1228, 994), (1230, 993), (1241, 1005), (1245, 1007), (1257, 996), (1270, 1006), (1274, 1005), (1280, 999), (1285, 998), (1295, 1006), (1299, 1006), (1310, 998), (1314, 999), (1320, 1005), (1324, 1006), (1333, 999), (1337, 997), (1349, 1006), (1362, 997), (1366, 999), (1373, 1005), (1377, 1006), (1389, 997), (1402, 1007), (1406, 1005), (1412, 998), (1417, 997), (1425, 1005), (1429, 1007), (1442, 996), (1454, 1008), (1458, 1006), (1465, 997), (1469, 995), (1477, 1006), (1481, 1009), (1490, 999), (1494, 998), (1507, 1004), (1519, 999), (1523, 999), (1534, 1006), (1544, 998), (1549, 998), (1557, 1005), (1561, 1006), (1574, 998), (1586, 1006), (1590, 1004), (1597, 998), (1601, 998), (1609, 1005), (1614, 1006), (1626, 997), (1639, 1007), (1651, 998), (1666, 1006), (1678, 997), (1683, 999), (1691, 1007), (1695, 1006), (1702, 998), (1706, 996), (1718, 1008), (1731, 996), (1735, 998), (1741, 1006), (1746, 1008), (1754, 998), (1758, 996), (1771, 1008), (1783, 996), (1787, 998), (1794, 1006), (1798, 1007), (1800, 1010), (1800, 1000)]
[(1800, 1021), (1798, 1018), (1796, 1018), (1794, 1016), (1787, 1008), (1783, 1007), (1775, 1016), (1771, 1018), (1758, 1006), (1756, 1007), (1746, 1018), (1741, 1016), (1735, 1009), (1731, 1007), (1718, 1018), (1706, 1007), (1702, 1009), (1695, 1016), (1691, 1018), (1683, 1009), (1678, 1007), (1666, 1016), (1653, 1009), (1649, 1010), (1643, 1015), (1639, 1016), (1626, 1008), (1614, 1017), (1609, 1016), (1601, 1008), (1597, 1009), (1590, 1015), (1586, 1017), (1574, 1008), (1561, 1016), (1557, 1015), (1551, 1010), (1546, 1008), (1534, 1017), (1521, 1009), (1509, 1015), (1494, 1009), (1490, 1011), (1481, 1019), (1479, 1019), (1469, 1006), (1465, 1008), (1458, 1016), (1454, 1018), (1446, 1009), (1442, 1007), (1429, 1018), (1425, 1016), (1417, 1007), (1412, 1008), (1406, 1015), (1402, 1017), (1389, 1008), (1377, 1017), (1373, 1016), (1366, 1009), (1362, 1008), (1349, 1017), (1337, 1008), (1333, 1009), (1324, 1017), (1320, 1016), (1314, 1010), (1310, 1008), (1297, 1017), (1285, 1008), (1280, 1009), (1274, 1015), (1270, 1017), (1257, 1008), (1253, 1009), (1245, 1018), (1241, 1016), (1234, 1008), (1230, 1007), (1226, 1010), (1220, 1022), (1217, 1023), (1215, 1021), (1207, 1003), (1205, 1002), (1201, 1006), (1192, 1023), (1188, 1020), (1182, 1005), (1178, 1002), (1169, 1018), (1165, 1023), (1163, 1021), (1153, 1002), (1148, 1006), (1142, 1020), (1140, 1022), (1138, 1022), (1129, 1006), (1125, 1002), (1115, 1021), (1113, 1023), (1108, 1018), (1100, 1002), (1098, 1003), (1094, 1012), (1090, 1012), (1088, 1014), (1071, 1011), (1064, 1013), (1048, 1012), (1044, 1009), (1041, 1010), (1035, 1022), (1033, 1023), (1023, 1003), (1020, 1002), (1016, 1006), (1008, 1023), (1004, 1019), (995, 1002), (991, 1005), (985, 1017), (981, 1019), (968, 1007), (964, 1009), (956, 1017), (951, 1016), (945, 1009), (941, 1007), (930, 1017), (926, 1018), (918, 1005), (914, 1003), (905, 1018), (901, 1012), (780, 1012), (771, 1013), (769, 1015), (765, 1012), (754, 1012), (744, 1014), (736, 1012), (729, 1009), (719, 1015), (706, 1010), (692, 1014), (677, 1010), (662, 1019), (656, 1008), (652, 1005), (650, 1006), (643, 1015), (639, 1019), (635, 1016), (627, 1007), (622, 1008), (614, 1018), (610, 1017), (599, 1006), (595, 1009), (589, 1017), (585, 1019), (576, 1008), (572, 1006), (562, 1019), (559, 1019), (547, 1005), (543, 1008), (536, 1018), (532, 1020), (522, 1005), (520, 1004), (507, 1021), (503, 1017), (495, 1004), (486, 1013), (484, 1012), (482, 1016), (478, 1018), (471, 1008), (467, 1004), (455, 1020), (451, 1017), (444, 1006), (440, 1004), (432, 1018), (427, 1021), (415, 1003), (411, 1007), (402, 1021), (398, 1019), (392, 1006), (388, 1003), (379, 1018), (375, 1022), (371, 1017), (363, 1002), (358, 1006), (350, 1022), (348, 1022), (346, 1020), (337, 1005), (333, 1007), (327, 1015), (323, 1017), (310, 1008), (306, 1010), (300, 1015), (295, 1016), (283, 1008), (279, 1010), (272, 1017), (268, 1019), (258, 1003), (254, 1005), (247, 1019), (243, 1022), (233, 1004), (231, 1002), (226, 1007), (218, 1022), (214, 1019), (207, 1005), (203, 1002), (195, 1018), (193, 1021), (191, 1021), (182, 1010), (178, 1007), (166, 1016), (161, 1015), (155, 1010), (151, 1009), (138, 1017), (126, 1008), (122, 1010), (113, 1016), (109, 1015), (98, 1008), (86, 1017), (73, 1008), (69, 1009), (63, 1015), (59, 1017), (46, 1008), (34, 1017), (29, 1015), (21, 1007), (17, 1008), (8, 1017), (4, 1016), (0, 1012), (0, 1010), (0, 1008), (0, 1006), (0, 1004), (0, 1002)]
[(0, 1023), (2, 1025), (4, 1027), (6, 1027), (8, 1027), (10, 1026), (19, 1018), (23, 1020), (29, 1026), (34, 1027), (46, 1018), (59, 1027), (63, 1026), (69, 1020), (73, 1019), (86, 1027), (98, 1019), (103, 1020), (109, 1026), (113, 1027), (122, 1020), (126, 1019), (138, 1027), (151, 1019), (166, 1027), (178, 1016), (182, 1019), (191, 1033), (195, 1029), (203, 1013), (207, 1016), (214, 1030), (218, 1033), (226, 1017), (231, 1013), (233, 1014), (243, 1033), (247, 1029), (254, 1016), (258, 1013), (268, 1029), (272, 1028), (279, 1020), (283, 1018), (295, 1027), (300, 1026), (306, 1020), (310, 1019), (321, 1027), (325, 1027), (333, 1017), (337, 1016), (346, 1030), (348, 1033), (350, 1033), (358, 1016), (363, 1013), (371, 1028), (375, 1033), (377, 1032), (388, 1014), (392, 1016), (398, 1029), (402, 1032), (411, 1018), (415, 1014), (427, 1032), (432, 1028), (440, 1015), (444, 1017), (451, 1028), (455, 1031), (467, 1015), (471, 1018), (476, 1026), (478, 1026), (480, 1023), (484, 1025), (486, 1024), (492, 1015), (495, 1015), (505, 1031), (507, 1031), (509, 1030), (520, 1015), (524, 1018), (532, 1030), (536, 1028), (543, 1018), (547, 1015), (555, 1027), (559, 1030), (562, 1029), (572, 1016), (576, 1018), (585, 1029), (589, 1027), (595, 1019), (599, 1016), (612, 1029), (624, 1016), (627, 1016), (637, 1030), (639, 1030), (650, 1017), (660, 1025), (664, 1025), (677, 1021), (683, 1022), (689, 1025), (704, 1020), (715, 1024), (729, 1021), (742, 1024), (756, 1021), (767, 1024), (780, 1022), (794, 1024), (800, 1023), (907, 1023), (914, 1014), (916, 1013), (926, 1029), (930, 1028), (941, 1018), (945, 1020), (953, 1027), (958, 1026), (964, 1020), (968, 1018), (981, 1029), (985, 1027), (991, 1016), (995, 1013), (1004, 1030), (1008, 1033), (1016, 1017), (1020, 1012), (1023, 1014), (1029, 1026), (1031, 1023), (1041, 1023), (1048, 1020), (1052, 1023), (1096, 1023), (1100, 1014), (1104, 1019), (1111, 1032), (1113, 1033), (1115, 1032), (1125, 1012), (1129, 1016), (1138, 1033), (1140, 1033), (1142, 1030), (1148, 1016), (1153, 1012), (1163, 1032), (1165, 1033), (1169, 1029), (1178, 1012), (1182, 1016), (1188, 1030), (1192, 1033), (1201, 1017), (1205, 1012), (1207, 1014), (1215, 1030), (1220, 1028), (1228, 1019), (1232, 1017), (1243, 1028), (1247, 1027), (1257, 1018), (1270, 1027), (1274, 1026), (1280, 1020), (1285, 1019), (1297, 1027), (1310, 1018), (1314, 1020), (1320, 1026), (1324, 1027), (1333, 1020), (1337, 1018), (1349, 1028), (1362, 1018), (1366, 1020), (1373, 1026), (1377, 1027), (1389, 1018), (1402, 1028), (1406, 1026), (1414, 1017), (1419, 1019), (1425, 1026), (1429, 1028), (1442, 1017), (1454, 1029), (1458, 1027), (1467, 1016), (1469, 1016), (1477, 1026), (1481, 1028), (1492, 1021), (1496, 1021), (1509, 1025), (1521, 1019), (1534, 1027), (1546, 1019), (1551, 1020), (1557, 1026), (1561, 1027), (1574, 1019), (1586, 1027), (1590, 1025), (1597, 1019), (1601, 1018), (1611, 1027), (1616, 1027), (1626, 1018), (1639, 1027), (1643, 1025), (1649, 1020), (1653, 1019), (1666, 1027), (1678, 1017), (1691, 1028), (1695, 1027), (1702, 1019), (1706, 1017), (1718, 1028), (1731, 1017), (1735, 1019), (1743, 1028), (1748, 1027), (1754, 1019), (1758, 1017), (1771, 1029), (1775, 1026), (1783, 1017), (1787, 1019), (1794, 1027), (1798, 1028), (1800, 1031), (1800, 1021)]
[(1800, 1041), (1798, 1039), (1794, 1037), (1787, 1029), (1783, 1028), (1775, 1037), (1771, 1039), (1758, 1028), (1754, 1030), (1746, 1039), (1741, 1037), (1735, 1030), (1731, 1028), (1718, 1039), (1706, 1028), (1702, 1030), (1695, 1037), (1691, 1039), (1678, 1027), (1666, 1039), (1653, 1030), (1649, 1031), (1643, 1036), (1639, 1037), (1626, 1029), (1614, 1038), (1609, 1036), (1603, 1030), (1599, 1029), (1590, 1036), (1586, 1038), (1574, 1029), (1561, 1037), (1557, 1036), (1551, 1031), (1546, 1029), (1534, 1038), (1521, 1029), (1509, 1037), (1494, 1031), (1479, 1037), (1471, 1029), (1467, 1027), (1458, 1037), (1454, 1040), (1446, 1030), (1442, 1027), (1429, 1039), (1425, 1037), (1419, 1029), (1414, 1028), (1406, 1037), (1402, 1039), (1389, 1028), (1377, 1038), (1373, 1037), (1366, 1030), (1362, 1029), (1349, 1038), (1337, 1029), (1333, 1030), (1324, 1038), (1320, 1037), (1314, 1031), (1310, 1029), (1297, 1038), (1285, 1029), (1280, 1030), (1274, 1036), (1270, 1038), (1257, 1029), (1245, 1038), (1241, 1036), (1234, 1030), (1230, 1028), (1222, 1036), (1217, 1038), (1213, 1036), (1205, 1023), (1201, 1027), (1192, 1044), (1188, 1040), (1182, 1026), (1178, 1023), (1169, 1039), (1165, 1044), (1163, 1042), (1153, 1023), (1148, 1027), (1142, 1041), (1140, 1043), (1138, 1043), (1129, 1027), (1125, 1023), (1115, 1042), (1113, 1044), (1108, 1039), (1102, 1027), (1098, 1033), (1037, 1033), (1033, 1037), (1027, 1033), (1014, 1033), (1008, 1044), (1004, 1040), (997, 1026), (995, 1023), (993, 1023), (985, 1038), (981, 1040), (972, 1031), (968, 1028), (956, 1038), (951, 1037), (945, 1030), (941, 1029), (937, 1031), (930, 1038), (926, 1040), (918, 1027), (914, 1033), (912, 1033), (826, 1034), (809, 1032), (792, 1034), (780, 1033), (771, 1036), (759, 1031), (744, 1035), (731, 1032), (723, 1034), (717, 1037), (710, 1033), (704, 1032), (692, 1037), (677, 1030), (664, 1037), (656, 1032), (650, 1030), (641, 1036), (635, 1038), (629, 1028), (624, 1026), (614, 1040), (610, 1039), (603, 1030), (597, 1027), (587, 1041), (583, 1038), (574, 1027), (570, 1028), (562, 1039), (557, 1039), (547, 1026), (543, 1029), (534, 1041), (530, 1039), (524, 1028), (520, 1025), (507, 1042), (503, 1038), (495, 1025), (492, 1025), (484, 1036), (474, 1033), (469, 1026), (467, 1025), (455, 1041), (451, 1038), (444, 1027), (440, 1025), (432, 1039), (427, 1042), (415, 1024), (411, 1028), (402, 1042), (398, 1039), (392, 1027), (388, 1024), (377, 1042), (375, 1043), (373, 1042), (363, 1023), (358, 1027), (350, 1043), (348, 1043), (346, 1041), (337, 1026), (333, 1028), (327, 1036), (323, 1038), (310, 1029), (306, 1030), (300, 1036), (295, 1037), (283, 1029), (279, 1031), (272, 1038), (268, 1040), (260, 1026), (258, 1024), (256, 1024), (247, 1039), (243, 1043), (241, 1041), (233, 1025), (231, 1023), (226, 1028), (218, 1043), (214, 1040), (207, 1026), (203, 1023), (193, 1042), (191, 1044), (186, 1038), (182, 1029), (178, 1025), (170, 1035), (166, 1038), (161, 1037), (155, 1031), (151, 1030), (138, 1037), (134, 1036), (126, 1029), (122, 1031), (115, 1036), (111, 1037), (98, 1029), (86, 1037), (73, 1029), (69, 1030), (63, 1036), (59, 1037), (46, 1029), (34, 1038), (29, 1036), (21, 1029), (17, 1030), (10, 1036), (6, 1038), (4, 1038), (0, 1033), (0, 1031), (0, 1029), (0, 1027), (0, 1025), (0, 1023)]
[(0, 1044), (2, 1046), (4, 1048), (6, 1049), (8, 1048), (10, 1047), (19, 1039), (34, 1048), (46, 1039), (59, 1048), (63, 1046), (69, 1041), (73, 1040), (86, 1048), (98, 1040), (111, 1048), (115, 1047), (124, 1040), (128, 1041), (138, 1047), (151, 1039), (155, 1041), (163, 1050), (166, 1050), (170, 1046), (176, 1035), (178, 1034), (191, 1054), (195, 1050), (203, 1034), (207, 1037), (214, 1050), (218, 1053), (226, 1038), (231, 1034), (233, 1035), (243, 1053), (247, 1050), (254, 1037), (258, 1035), (268, 1050), (272, 1049), (279, 1041), (283, 1040), (295, 1047), (300, 1047), (306, 1041), (310, 1040), (321, 1048), (325, 1048), (333, 1038), (337, 1037), (346, 1051), (348, 1054), (350, 1054), (358, 1037), (363, 1034), (373, 1052), (375, 1053), (377, 1052), (388, 1035), (390, 1035), (392, 1037), (398, 1050), (402, 1052), (411, 1039), (415, 1035), (427, 1052), (432, 1049), (440, 1036), (444, 1038), (451, 1049), (455, 1051), (467, 1036), (469, 1037), (474, 1044), (484, 1046), (492, 1036), (495, 1035), (503, 1049), (507, 1052), (520, 1036), (524, 1038), (528, 1047), (532, 1052), (534, 1051), (543, 1039), (547, 1037), (559, 1051), (572, 1037), (576, 1039), (583, 1048), (587, 1051), (595, 1040), (599, 1037), (612, 1051), (616, 1048), (622, 1037), (624, 1037), (635, 1046), (639, 1048), (647, 1042), (654, 1040), (662, 1047), (668, 1046), (677, 1040), (689, 1046), (694, 1046), (704, 1041), (717, 1046), (731, 1042), (744, 1046), (756, 1041), (769, 1045), (777, 1044), (824, 1044), (838, 1043), (853, 1045), (863, 1043), (924, 1044), (928, 1049), (930, 1049), (937, 1042), (941, 1039), (945, 1041), (953, 1048), (958, 1047), (968, 1039), (972, 1041), (981, 1051), (985, 1049), (991, 1037), (993, 1034), (995, 1034), (1000, 1044), (1012, 1045), (1020, 1042), (1023, 1044), (1096, 1044), (1098, 1043), (1102, 1038), (1111, 1053), (1113, 1054), (1115, 1053), (1125, 1033), (1129, 1037), (1138, 1054), (1140, 1054), (1142, 1051), (1148, 1037), (1153, 1033), (1163, 1053), (1165, 1054), (1169, 1050), (1178, 1033), (1182, 1037), (1188, 1051), (1192, 1054), (1201, 1039), (1203, 1038), (1207, 1039), (1217, 1049), (1222, 1047), (1230, 1039), (1234, 1041), (1243, 1048), (1247, 1047), (1257, 1039), (1268, 1047), (1272, 1048), (1280, 1041), (1285, 1039), (1297, 1048), (1310, 1039), (1314, 1041), (1320, 1047), (1324, 1048), (1333, 1041), (1337, 1039), (1349, 1049), (1360, 1040), (1364, 1039), (1373, 1047), (1377, 1049), (1385, 1041), (1389, 1039), (1402, 1049), (1406, 1047), (1412, 1040), (1417, 1038), (1425, 1048), (1429, 1050), (1442, 1037), (1446, 1040), (1454, 1050), (1458, 1049), (1463, 1042), (1467, 1038), (1479, 1047), (1494, 1041), (1509, 1048), (1517, 1041), (1521, 1039), (1534, 1048), (1546, 1039), (1551, 1041), (1557, 1047), (1561, 1048), (1574, 1039), (1586, 1048), (1599, 1039), (1603, 1041), (1609, 1047), (1614, 1048), (1626, 1040), (1637, 1047), (1641, 1047), (1651, 1039), (1653, 1039), (1666, 1050), (1678, 1038), (1683, 1040), (1691, 1050), (1695, 1048), (1704, 1038), (1708, 1039), (1714, 1047), (1718, 1050), (1731, 1038), (1735, 1040), (1741, 1048), (1746, 1049), (1754, 1040), (1758, 1038), (1771, 1049), (1775, 1047), (1781, 1039), (1785, 1038), (1794, 1048), (1798, 1049), (1800, 1052), (1800, 1041)]
[(1800, 1062), (1796, 1060), (1785, 1049), (1781, 1050), (1775, 1058), (1771, 1060), (1760, 1049), (1756, 1049), (1746, 1060), (1741, 1059), (1735, 1050), (1731, 1048), (1718, 1060), (1706, 1048), (1702, 1050), (1695, 1059), (1691, 1060), (1683, 1051), (1678, 1048), (1666, 1060), (1664, 1060), (1653, 1049), (1649, 1051), (1641, 1058), (1637, 1057), (1626, 1050), (1614, 1058), (1609, 1057), (1603, 1051), (1599, 1050), (1586, 1059), (1574, 1050), (1561, 1058), (1557, 1057), (1551, 1051), (1546, 1050), (1534, 1059), (1521, 1050), (1517, 1051), (1509, 1058), (1505, 1057), (1496, 1051), (1481, 1057), (1477, 1056), (1467, 1050), (1463, 1053), (1456, 1061), (1454, 1061), (1442, 1047), (1429, 1060), (1425, 1058), (1417, 1049), (1412, 1050), (1406, 1058), (1402, 1060), (1389, 1049), (1385, 1051), (1377, 1059), (1373, 1058), (1366, 1051), (1362, 1049), (1349, 1059), (1337, 1050), (1333, 1051), (1326, 1058), (1322, 1059), (1314, 1051), (1310, 1050), (1297, 1059), (1285, 1050), (1280, 1051), (1274, 1057), (1270, 1059), (1257, 1050), (1245, 1059), (1241, 1057), (1234, 1051), (1230, 1050), (1217, 1060), (1205, 1049), (1201, 1051), (1192, 1064), (1190, 1064), (1182, 1047), (1178, 1044), (1169, 1060), (1165, 1065), (1163, 1063), (1153, 1044), (1148, 1048), (1142, 1062), (1140, 1064), (1138, 1064), (1129, 1048), (1125, 1044), (1115, 1063), (1113, 1065), (1108, 1060), (1102, 1047), (1100, 1047), (1096, 1054), (1010, 1054), (1006, 1056), (995, 1052), (981, 1054), (976, 1056), (968, 1049), (964, 1051), (956, 1059), (953, 1059), (945, 1051), (941, 1050), (935, 1054), (857, 1054), (849, 1055), (842, 1054), (838, 1051), (832, 1054), (819, 1055), (813, 1054), (794, 1055), (782, 1053), (767, 1055), (759, 1052), (744, 1057), (740, 1057), (736, 1053), (731, 1052), (717, 1057), (704, 1052), (692, 1057), (687, 1056), (679, 1051), (664, 1057), (660, 1056), (652, 1049), (639, 1059), (635, 1058), (629, 1052), (622, 1051), (612, 1062), (610, 1061), (603, 1050), (599, 1047), (595, 1050), (589, 1059), (585, 1061), (576, 1050), (572, 1048), (559, 1062), (547, 1047), (543, 1049), (536, 1060), (532, 1062), (524, 1050), (520, 1047), (515, 1050), (509, 1062), (507, 1063), (503, 1059), (495, 1046), (492, 1046), (484, 1058), (480, 1056), (471, 1054), (467, 1047), (465, 1048), (455, 1062), (451, 1059), (444, 1049), (440, 1047), (432, 1059), (427, 1063), (415, 1046), (411, 1049), (404, 1061), (400, 1063), (392, 1048), (388, 1045), (379, 1060), (375, 1063), (373, 1062), (363, 1044), (358, 1048), (350, 1064), (348, 1064), (337, 1047), (333, 1049), (325, 1059), (321, 1058), (310, 1050), (295, 1058), (283, 1050), (279, 1052), (272, 1059), (268, 1061), (260, 1048), (256, 1045), (247, 1060), (243, 1063), (233, 1046), (231, 1045), (228, 1046), (218, 1063), (214, 1061), (207, 1048), (203, 1045), (195, 1060), (191, 1064), (178, 1045), (174, 1048), (168, 1061), (166, 1062), (153, 1050), (149, 1050), (142, 1056), (138, 1058), (128, 1052), (124, 1051), (115, 1057), (111, 1058), (98, 1050), (86, 1058), (73, 1050), (69, 1051), (63, 1057), (59, 1058), (46, 1050), (34, 1059), (29, 1057), (21, 1050), (17, 1051), (6, 1059), (0, 1054), (0, 1052), (0, 1050), (0, 1048), (0, 1046), (0, 1044)]
[(0, 1065), (2, 1067), (4, 1069), (6, 1069), (8, 1069), (10, 1067), (19, 1060), (23, 1062), (29, 1068), (34, 1069), (46, 1061), (59, 1069), (63, 1067), (69, 1062), (73, 1061), (86, 1069), (98, 1061), (111, 1069), (115, 1067), (122, 1062), (126, 1061), (138, 1069), (153, 1058), (163, 1074), (168, 1072), (174, 1059), (178, 1055), (191, 1074), (195, 1070), (203, 1056), (207, 1058), (214, 1071), (218, 1074), (226, 1060), (231, 1056), (233, 1057), (243, 1074), (247, 1070), (256, 1056), (260, 1058), (268, 1071), (272, 1070), (279, 1062), (283, 1060), (295, 1068), (310, 1061), (321, 1068), (325, 1069), (333, 1059), (337, 1058), (348, 1075), (350, 1075), (358, 1058), (363, 1055), (373, 1073), (375, 1074), (379, 1070), (388, 1056), (392, 1059), (398, 1071), (402, 1074), (411, 1060), (415, 1056), (427, 1073), (432, 1070), (440, 1057), (444, 1059), (451, 1070), (455, 1073), (465, 1058), (467, 1058), (469, 1065), (474, 1065), (482, 1069), (484, 1069), (492, 1057), (495, 1057), (503, 1070), (507, 1073), (520, 1056), (524, 1059), (532, 1073), (536, 1071), (543, 1060), (547, 1057), (555, 1069), (559, 1071), (564, 1069), (570, 1060), (574, 1058), (583, 1070), (587, 1071), (589, 1070), (597, 1058), (601, 1060), (608, 1067), (612, 1069), (627, 1059), (637, 1070), (641, 1069), (647, 1062), (652, 1061), (662, 1069), (666, 1068), (679, 1061), (687, 1067), (694, 1069), (702, 1060), (712, 1066), (717, 1066), (723, 1066), (727, 1062), (731, 1061), (744, 1068), (759, 1062), (767, 1068), (782, 1063), (794, 1067), (811, 1063), (824, 1067), (836, 1064), (847, 1066), (863, 1063), (878, 1066), (888, 1064), (901, 1066), (914, 1062), (928, 1067), (939, 1064), (941, 1060), (943, 1060), (953, 1068), (962, 1065), (970, 1064), (981, 1066), (991, 1064), (1096, 1065), (1100, 1054), (1108, 1071), (1113, 1075), (1115, 1074), (1125, 1054), (1129, 1058), (1138, 1075), (1140, 1075), (1142, 1072), (1148, 1058), (1153, 1054), (1163, 1074), (1165, 1075), (1169, 1071), (1178, 1054), (1180, 1055), (1186, 1067), (1190, 1071), (1205, 1059), (1217, 1069), (1228, 1062), (1232, 1061), (1245, 1069), (1257, 1060), (1261, 1062), (1268, 1068), (1272, 1069), (1280, 1062), (1285, 1060), (1297, 1069), (1310, 1060), (1314, 1062), (1320, 1068), (1324, 1069), (1333, 1062), (1337, 1060), (1349, 1070), (1362, 1060), (1366, 1061), (1373, 1068), (1377, 1070), (1389, 1060), (1402, 1070), (1406, 1068), (1412, 1060), (1417, 1059), (1425, 1069), (1429, 1071), (1442, 1058), (1446, 1061), (1452, 1071), (1454, 1072), (1467, 1061), (1481, 1067), (1496, 1061), (1507, 1069), (1511, 1068), (1517, 1062), (1521, 1060), (1534, 1069), (1546, 1060), (1551, 1062), (1557, 1068), (1561, 1069), (1574, 1060), (1586, 1069), (1599, 1060), (1603, 1062), (1609, 1068), (1614, 1069), (1626, 1061), (1639, 1069), (1643, 1068), (1649, 1061), (1653, 1059), (1662, 1068), (1666, 1071), (1678, 1059), (1683, 1061), (1689, 1069), (1693, 1071), (1702, 1061), (1706, 1059), (1716, 1070), (1720, 1070), (1731, 1059), (1735, 1061), (1741, 1069), (1746, 1071), (1754, 1061), (1758, 1059), (1771, 1071), (1775, 1068), (1781, 1060), (1785, 1059), (1794, 1069), (1798, 1070), (1800, 1073), (1800, 1062)]
[(1800, 1083), (1794, 1079), (1787, 1071), (1783, 1069), (1771, 1082), (1758, 1068), (1754, 1071), (1746, 1082), (1741, 1080), (1735, 1071), (1731, 1069), (1718, 1081), (1706, 1069), (1702, 1071), (1693, 1081), (1689, 1080), (1683, 1072), (1678, 1069), (1668, 1080), (1664, 1081), (1655, 1071), (1651, 1069), (1643, 1079), (1639, 1080), (1626, 1071), (1614, 1079), (1609, 1078), (1603, 1072), (1599, 1071), (1586, 1080), (1574, 1071), (1569, 1072), (1561, 1080), (1557, 1078), (1551, 1072), (1546, 1071), (1536, 1079), (1532, 1079), (1521, 1071), (1517, 1072), (1509, 1079), (1505, 1079), (1498, 1073), (1494, 1072), (1481, 1078), (1467, 1072), (1454, 1080), (1450, 1078), (1446, 1071), (1442, 1068), (1429, 1082), (1425, 1079), (1419, 1071), (1414, 1069), (1406, 1079), (1402, 1081), (1389, 1070), (1385, 1072), (1377, 1080), (1373, 1079), (1366, 1072), (1362, 1070), (1349, 1080), (1337, 1071), (1333, 1072), (1324, 1080), (1320, 1079), (1314, 1072), (1310, 1070), (1297, 1080), (1285, 1071), (1280, 1072), (1272, 1079), (1268, 1079), (1257, 1071), (1245, 1080), (1241, 1078), (1234, 1072), (1230, 1071), (1217, 1080), (1205, 1070), (1194, 1079), (1190, 1080), (1178, 1065), (1176, 1067), (1167, 1085), (1165, 1086), (1163, 1084), (1153, 1065), (1148, 1069), (1142, 1083), (1140, 1085), (1138, 1085), (1129, 1069), (1125, 1065), (1115, 1084), (1113, 1086), (1108, 1081), (1100, 1065), (1098, 1065), (1094, 1075), (1090, 1076), (974, 1075), (966, 1074), (958, 1076), (939, 1074), (928, 1077), (916, 1072), (901, 1078), (888, 1074), (876, 1077), (865, 1074), (849, 1076), (834, 1074), (819, 1076), (809, 1073), (798, 1078), (782, 1073), (769, 1078), (759, 1072), (742, 1078), (729, 1072), (723, 1076), (715, 1078), (704, 1071), (692, 1078), (679, 1071), (664, 1080), (652, 1071), (639, 1079), (635, 1079), (627, 1070), (614, 1080), (610, 1079), (601, 1071), (597, 1071), (587, 1082), (585, 1083), (576, 1071), (572, 1068), (559, 1083), (547, 1068), (543, 1071), (536, 1080), (532, 1082), (528, 1078), (524, 1070), (520, 1067), (507, 1084), (495, 1068), (482, 1080), (474, 1075), (467, 1075), (465, 1071), (463, 1071), (455, 1083), (451, 1080), (444, 1069), (440, 1067), (432, 1081), (427, 1084), (415, 1066), (411, 1070), (402, 1084), (398, 1081), (392, 1069), (388, 1066), (379, 1080), (375, 1084), (371, 1080), (363, 1065), (358, 1069), (350, 1085), (346, 1082), (337, 1069), (333, 1070), (327, 1078), (323, 1079), (310, 1072), (295, 1079), (283, 1071), (279, 1073), (272, 1080), (268, 1081), (260, 1069), (256, 1067), (247, 1081), (243, 1084), (233, 1068), (231, 1066), (226, 1070), (218, 1084), (214, 1081), (207, 1069), (203, 1066), (195, 1080), (191, 1084), (178, 1066), (174, 1070), (166, 1084), (161, 1082), (153, 1067), (151, 1067), (142, 1078), (138, 1080), (126, 1072), (111, 1079), (98, 1071), (86, 1079), (73, 1071), (59, 1079), (46, 1071), (34, 1080), (29, 1078), (21, 1071), (17, 1072), (6, 1080), (0, 1075), (0, 1073), (0, 1071), (0, 1069), (0, 1067), (0, 1065)]
[(0, 1086), (2, 1088), (4, 1090), (6, 1090), (8, 1090), (10, 1088), (17, 1082), (21, 1082), (29, 1088), (34, 1090), (46, 1081), (59, 1090), (63, 1088), (69, 1083), (73, 1082), (86, 1090), (98, 1081), (111, 1089), (126, 1081), (136, 1090), (140, 1092), (151, 1076), (155, 1080), (163, 1095), (168, 1093), (174, 1080), (178, 1076), (191, 1095), (195, 1091), (203, 1077), (207, 1079), (214, 1092), (218, 1095), (228, 1078), (231, 1077), (233, 1078), (243, 1095), (247, 1091), (256, 1077), (260, 1079), (266, 1090), (270, 1092), (281, 1082), (285, 1082), (295, 1089), (310, 1082), (323, 1090), (327, 1088), (335, 1079), (337, 1079), (346, 1093), (348, 1095), (350, 1095), (358, 1079), (363, 1076), (373, 1094), (375, 1095), (377, 1094), (388, 1077), (392, 1080), (398, 1092), (402, 1094), (413, 1078), (415, 1077), (427, 1094), (432, 1091), (440, 1077), (444, 1080), (451, 1091), (455, 1094), (463, 1082), (465, 1085), (471, 1085), (482, 1089), (486, 1087), (492, 1079), (495, 1079), (507, 1093), (509, 1092), (518, 1079), (520, 1078), (524, 1081), (532, 1094), (536, 1091), (545, 1078), (547, 1078), (555, 1089), (559, 1092), (564, 1089), (572, 1077), (574, 1078), (583, 1090), (587, 1091), (599, 1080), (601, 1080), (610, 1090), (616, 1089), (620, 1083), (624, 1081), (629, 1083), (635, 1089), (641, 1090), (650, 1081), (652, 1080), (660, 1088), (666, 1090), (675, 1083), (681, 1083), (692, 1090), (702, 1083), (717, 1088), (721, 1088), (729, 1083), (733, 1084), (742, 1088), (759, 1083), (771, 1088), (782, 1082), (798, 1088), (809, 1083), (821, 1089), (836, 1084), (853, 1087), (863, 1083), (876, 1088), (888, 1083), (899, 1088), (905, 1088), (914, 1082), (918, 1083), (922, 1086), (930, 1087), (941, 1083), (949, 1086), (1039, 1086), (1046, 1085), (1048, 1082), (1056, 1088), (1060, 1088), (1067, 1086), (1073, 1085), (1090, 1086), (1092, 1087), (1096, 1079), (1100, 1075), (1108, 1092), (1113, 1096), (1115, 1095), (1125, 1075), (1129, 1079), (1138, 1096), (1140, 1096), (1142, 1093), (1148, 1079), (1153, 1075), (1163, 1095), (1165, 1096), (1169, 1092), (1173, 1082), (1178, 1079), (1188, 1089), (1192, 1091), (1201, 1083), (1205, 1081), (1217, 1090), (1230, 1082), (1234, 1083), (1241, 1088), (1245, 1090), (1257, 1081), (1268, 1089), (1272, 1090), (1280, 1083), (1285, 1081), (1297, 1090), (1310, 1081), (1314, 1083), (1320, 1089), (1324, 1090), (1333, 1083), (1337, 1081), (1349, 1091), (1362, 1081), (1366, 1082), (1373, 1089), (1377, 1091), (1385, 1083), (1389, 1080), (1402, 1091), (1406, 1089), (1412, 1081), (1417, 1080), (1425, 1090), (1429, 1093), (1442, 1079), (1454, 1090), (1467, 1083), (1481, 1088), (1494, 1082), (1498, 1083), (1505, 1089), (1509, 1090), (1517, 1083), (1521, 1081), (1532, 1089), (1536, 1089), (1546, 1081), (1551, 1083), (1557, 1089), (1561, 1090), (1574, 1081), (1586, 1090), (1599, 1081), (1614, 1090), (1624, 1082), (1628, 1082), (1639, 1091), (1643, 1089), (1651, 1080), (1655, 1081), (1662, 1089), (1666, 1092), (1678, 1080), (1683, 1082), (1689, 1090), (1693, 1091), (1702, 1082), (1706, 1080), (1718, 1092), (1731, 1080), (1735, 1082), (1741, 1090), (1746, 1092), (1754, 1082), (1758, 1079), (1771, 1092), (1775, 1090), (1783, 1079), (1787, 1081), (1794, 1090), (1800, 1094), (1800, 1083)]
[(1800, 1104), (1794, 1100), (1787, 1092), (1783, 1090), (1775, 1100), (1771, 1103), (1758, 1090), (1754, 1092), (1746, 1102), (1741, 1101), (1735, 1092), (1731, 1090), (1718, 1102), (1706, 1090), (1702, 1092), (1695, 1100), (1691, 1102), (1683, 1093), (1678, 1090), (1666, 1102), (1662, 1100), (1653, 1091), (1649, 1092), (1643, 1100), (1639, 1102), (1630, 1094), (1626, 1092), (1614, 1100), (1609, 1099), (1603, 1093), (1599, 1092), (1586, 1101), (1574, 1092), (1561, 1100), (1557, 1099), (1551, 1093), (1546, 1092), (1534, 1100), (1521, 1092), (1517, 1093), (1509, 1101), (1505, 1100), (1498, 1093), (1494, 1092), (1481, 1100), (1469, 1094), (1465, 1094), (1454, 1100), (1450, 1098), (1442, 1090), (1437, 1092), (1431, 1102), (1429, 1103), (1425, 1100), (1417, 1090), (1412, 1091), (1406, 1100), (1402, 1102), (1389, 1091), (1385, 1093), (1377, 1101), (1373, 1100), (1366, 1093), (1362, 1091), (1349, 1101), (1337, 1092), (1333, 1093), (1326, 1099), (1322, 1101), (1314, 1093), (1310, 1092), (1297, 1101), (1285, 1092), (1280, 1093), (1274, 1099), (1270, 1101), (1257, 1092), (1245, 1100), (1241, 1099), (1234, 1093), (1230, 1092), (1217, 1100), (1205, 1092), (1201, 1094), (1194, 1100), (1190, 1101), (1182, 1093), (1178, 1091), (1173, 1094), (1165, 1106), (1163, 1105), (1153, 1086), (1148, 1090), (1142, 1104), (1140, 1106), (1138, 1106), (1129, 1090), (1125, 1086), (1115, 1105), (1113, 1107), (1108, 1102), (1100, 1086), (1096, 1089), (1090, 1103), (1088, 1102), (1085, 1096), (1081, 1097), (1077, 1096), (1073, 1090), (1062, 1100), (1054, 1097), (1050, 1092), (1044, 1093), (1039, 1097), (1018, 1096), (981, 1097), (968, 1095), (956, 1097), (937, 1096), (928, 1097), (914, 1094), (899, 1099), (893, 1094), (888, 1092), (878, 1099), (872, 1098), (861, 1093), (849, 1099), (838, 1094), (824, 1098), (819, 1097), (811, 1093), (796, 1100), (786, 1093), (780, 1094), (771, 1100), (759, 1092), (754, 1093), (744, 1100), (731, 1093), (727, 1094), (719, 1100), (704, 1093), (692, 1099), (685, 1097), (681, 1092), (679, 1094), (675, 1093), (666, 1101), (652, 1092), (647, 1093), (641, 1101), (639, 1101), (633, 1097), (629, 1092), (624, 1091), (616, 1099), (610, 1103), (601, 1091), (597, 1091), (587, 1102), (583, 1100), (576, 1092), (572, 1090), (568, 1094), (562, 1104), (559, 1105), (547, 1089), (543, 1092), (536, 1102), (532, 1104), (524, 1091), (520, 1088), (515, 1092), (511, 1100), (507, 1102), (503, 1100), (495, 1090), (492, 1090), (482, 1100), (478, 1099), (471, 1095), (465, 1096), (463, 1094), (455, 1105), (451, 1102), (444, 1090), (440, 1088), (432, 1102), (427, 1105), (415, 1087), (411, 1091), (402, 1105), (398, 1102), (392, 1090), (388, 1087), (377, 1105), (375, 1106), (373, 1104), (363, 1086), (358, 1090), (350, 1106), (346, 1103), (337, 1090), (333, 1091), (327, 1099), (323, 1100), (310, 1093), (295, 1100), (285, 1093), (281, 1092), (270, 1103), (266, 1101), (260, 1090), (256, 1087), (247, 1102), (243, 1105), (233, 1088), (231, 1087), (226, 1091), (218, 1105), (214, 1102), (207, 1090), (203, 1087), (195, 1101), (191, 1105), (178, 1087), (174, 1091), (166, 1105), (161, 1103), (155, 1090), (151, 1087), (142, 1101), (138, 1104), (130, 1094), (126, 1091), (113, 1100), (98, 1093), (86, 1100), (73, 1092), (69, 1093), (63, 1099), (59, 1100), (46, 1092), (34, 1100), (29, 1099), (21, 1092), (17, 1093), (6, 1101), (0, 1096), (0, 1094), (0, 1092), (0, 1090), (0, 1088), (0, 1086)]
[(0, 1107), (2, 1109), (4, 1111), (6, 1111), (8, 1111), (10, 1109), (17, 1103), (21, 1102), (29, 1109), (34, 1111), (46, 1102), (59, 1111), (63, 1109), (69, 1104), (73, 1103), (84, 1110), (88, 1110), (98, 1104), (113, 1111), (126, 1100), (130, 1104), (136, 1115), (138, 1116), (140, 1115), (151, 1097), (155, 1101), (161, 1113), (166, 1116), (174, 1101), (178, 1097), (191, 1116), (195, 1112), (203, 1098), (207, 1100), (214, 1113), (218, 1116), (228, 1098), (231, 1097), (233, 1099), (243, 1116), (247, 1112), (256, 1098), (260, 1100), (268, 1113), (270, 1113), (279, 1104), (283, 1103), (295, 1110), (310, 1103), (321, 1110), (325, 1111), (333, 1102), (337, 1100), (346, 1114), (350, 1117), (358, 1100), (363, 1097), (371, 1111), (375, 1116), (377, 1115), (388, 1098), (392, 1100), (398, 1113), (402, 1116), (411, 1102), (415, 1098), (427, 1115), (432, 1112), (440, 1098), (444, 1100), (451, 1112), (455, 1115), (461, 1106), (465, 1107), (469, 1105), (480, 1111), (482, 1110), (495, 1101), (507, 1113), (511, 1110), (520, 1098), (524, 1101), (532, 1115), (534, 1115), (543, 1102), (547, 1099), (555, 1110), (559, 1113), (572, 1101), (576, 1103), (583, 1111), (587, 1112), (591, 1109), (597, 1099), (599, 1099), (608, 1109), (612, 1112), (616, 1110), (622, 1103), (627, 1101), (635, 1110), (641, 1111), (652, 1101), (662, 1110), (666, 1112), (677, 1102), (681, 1103), (689, 1111), (692, 1111), (704, 1103), (717, 1111), (731, 1103), (744, 1110), (756, 1102), (767, 1109), (771, 1110), (780, 1104), (788, 1105), (794, 1110), (798, 1109), (811, 1103), (824, 1110), (834, 1104), (840, 1105), (847, 1109), (853, 1108), (861, 1103), (865, 1104), (876, 1111), (884, 1105), (893, 1106), (901, 1110), (912, 1106), (924, 1107), (943, 1106), (956, 1108), (966, 1106), (981, 1107), (1029, 1107), (1035, 1111), (1044, 1104), (1048, 1103), (1052, 1105), (1058, 1113), (1060, 1113), (1069, 1105), (1075, 1103), (1079, 1107), (1081, 1107), (1085, 1117), (1088, 1117), (1090, 1114), (1096, 1100), (1100, 1096), (1108, 1113), (1113, 1117), (1115, 1116), (1125, 1096), (1129, 1100), (1138, 1117), (1140, 1117), (1142, 1114), (1148, 1100), (1153, 1096), (1161, 1111), (1165, 1113), (1178, 1102), (1182, 1103), (1190, 1111), (1194, 1110), (1201, 1104), (1205, 1102), (1217, 1111), (1222, 1109), (1230, 1102), (1234, 1104), (1241, 1109), (1245, 1111), (1257, 1102), (1270, 1111), (1274, 1110), (1280, 1104), (1285, 1102), (1297, 1111), (1310, 1102), (1314, 1104), (1320, 1110), (1324, 1111), (1333, 1104), (1337, 1102), (1349, 1112), (1362, 1102), (1366, 1103), (1373, 1110), (1377, 1112), (1389, 1101), (1402, 1113), (1406, 1110), (1412, 1102), (1417, 1100), (1427, 1113), (1431, 1112), (1437, 1103), (1442, 1101), (1452, 1109), (1456, 1109), (1469, 1104), (1481, 1110), (1494, 1102), (1507, 1111), (1511, 1110), (1519, 1102), (1523, 1103), (1534, 1111), (1544, 1103), (1549, 1103), (1557, 1110), (1561, 1111), (1574, 1102), (1586, 1111), (1599, 1102), (1614, 1110), (1626, 1102), (1630, 1104), (1639, 1112), (1643, 1110), (1649, 1102), (1653, 1101), (1662, 1110), (1666, 1113), (1678, 1101), (1691, 1112), (1695, 1111), (1702, 1103), (1706, 1101), (1718, 1113), (1731, 1101), (1735, 1103), (1743, 1113), (1748, 1111), (1754, 1103), (1758, 1100), (1771, 1113), (1775, 1110), (1783, 1100), (1787, 1102), (1796, 1113), (1798, 1113), (1800, 1115), (1800, 1104)]
[(1800, 1125), (1794, 1121), (1787, 1113), (1783, 1111), (1775, 1121), (1771, 1123), (1758, 1111), (1754, 1113), (1748, 1121), (1743, 1123), (1735, 1113), (1731, 1111), (1718, 1123), (1706, 1112), (1702, 1113), (1693, 1123), (1689, 1121), (1683, 1114), (1678, 1111), (1666, 1123), (1662, 1121), (1653, 1111), (1649, 1113), (1643, 1121), (1639, 1123), (1630, 1114), (1626, 1112), (1614, 1121), (1599, 1113), (1586, 1122), (1576, 1113), (1572, 1113), (1563, 1121), (1559, 1122), (1549, 1113), (1544, 1114), (1534, 1121), (1521, 1113), (1517, 1114), (1511, 1120), (1507, 1122), (1494, 1112), (1481, 1121), (1469, 1114), (1456, 1120), (1452, 1119), (1442, 1112), (1437, 1114), (1431, 1123), (1427, 1124), (1417, 1110), (1412, 1112), (1406, 1121), (1402, 1123), (1389, 1111), (1377, 1122), (1373, 1121), (1366, 1114), (1362, 1112), (1349, 1122), (1337, 1112), (1333, 1114), (1324, 1121), (1320, 1120), (1314, 1114), (1310, 1113), (1297, 1122), (1285, 1113), (1280, 1114), (1274, 1120), (1270, 1122), (1257, 1113), (1245, 1122), (1241, 1120), (1234, 1114), (1230, 1113), (1222, 1120), (1217, 1122), (1205, 1113), (1192, 1122), (1188, 1120), (1182, 1114), (1178, 1112), (1169, 1120), (1165, 1122), (1161, 1120), (1153, 1107), (1148, 1111), (1142, 1125), (1140, 1127), (1138, 1127), (1129, 1111), (1125, 1107), (1115, 1126), (1113, 1128), (1108, 1123), (1100, 1107), (1096, 1110), (1090, 1124), (1085, 1127), (1079, 1117), (1075, 1117), (1073, 1115), (1069, 1115), (1060, 1125), (1050, 1114), (1046, 1112), (1037, 1119), (1031, 1121), (1025, 1116), (953, 1118), (941, 1116), (928, 1119), (918, 1116), (903, 1118), (891, 1115), (884, 1116), (878, 1119), (870, 1117), (863, 1112), (851, 1121), (847, 1120), (838, 1112), (832, 1115), (824, 1122), (809, 1113), (800, 1119), (796, 1121), (786, 1114), (780, 1114), (773, 1120), (767, 1120), (756, 1113), (746, 1120), (742, 1120), (733, 1115), (729, 1114), (719, 1122), (704, 1112), (702, 1112), (692, 1121), (687, 1120), (681, 1113), (679, 1113), (668, 1120), (662, 1121), (654, 1112), (652, 1112), (639, 1122), (635, 1121), (627, 1112), (622, 1113), (616, 1121), (612, 1122), (599, 1111), (587, 1124), (583, 1122), (578, 1115), (574, 1112), (570, 1112), (564, 1120), (559, 1123), (547, 1111), (543, 1113), (536, 1123), (532, 1125), (524, 1112), (520, 1110), (511, 1120), (507, 1123), (503, 1121), (499, 1115), (495, 1112), (490, 1114), (484, 1121), (482, 1121), (480, 1118), (476, 1118), (469, 1114), (465, 1117), (461, 1117), (455, 1126), (451, 1123), (442, 1109), (438, 1111), (432, 1122), (427, 1126), (423, 1121), (417, 1109), (415, 1108), (411, 1112), (402, 1126), (398, 1123), (392, 1111), (388, 1108), (379, 1122), (375, 1126), (373, 1125), (363, 1107), (358, 1111), (350, 1127), (348, 1127), (346, 1124), (337, 1111), (333, 1112), (327, 1120), (323, 1121), (310, 1114), (295, 1121), (285, 1114), (281, 1113), (270, 1124), (266, 1122), (260, 1111), (256, 1108), (247, 1123), (243, 1126), (241, 1125), (233, 1109), (231, 1108), (226, 1112), (218, 1126), (214, 1123), (207, 1111), (203, 1108), (195, 1123), (191, 1126), (178, 1108), (174, 1112), (166, 1126), (161, 1124), (155, 1111), (151, 1108), (140, 1125), (138, 1127), (134, 1122), (128, 1110), (126, 1109), (113, 1122), (98, 1114), (84, 1120), (75, 1114), (71, 1113), (63, 1120), (59, 1121), (46, 1113), (34, 1121), (29, 1120), (21, 1113), (17, 1114), (6, 1122), (0, 1117), (0, 1115), (0, 1113), (0, 1111), (0, 1109), (0, 1107)]
[(0, 1128), (2, 1130), (4, 1132), (6, 1132), (8, 1132), (10, 1130), (19, 1123), (23, 1124), (29, 1130), (34, 1132), (46, 1123), (59, 1132), (71, 1124), (86, 1131), (98, 1124), (103, 1125), (111, 1133), (113, 1134), (117, 1130), (124, 1118), (126, 1118), (134, 1133), (138, 1137), (140, 1136), (151, 1118), (155, 1122), (161, 1134), (166, 1136), (174, 1122), (178, 1119), (191, 1137), (195, 1133), (203, 1119), (207, 1121), (214, 1134), (218, 1137), (228, 1119), (231, 1118), (243, 1137), (247, 1133), (256, 1120), (260, 1122), (266, 1132), (270, 1134), (281, 1124), (285, 1124), (295, 1131), (310, 1124), (323, 1132), (327, 1130), (333, 1123), (337, 1121), (346, 1135), (348, 1137), (350, 1137), (358, 1121), (363, 1118), (373, 1136), (375, 1137), (379, 1133), (388, 1119), (392, 1121), (398, 1134), (402, 1137), (411, 1122), (415, 1119), (427, 1136), (432, 1133), (438, 1121), (442, 1119), (451, 1133), (455, 1136), (461, 1127), (469, 1126), (484, 1130), (490, 1125), (497, 1124), (503, 1131), (509, 1133), (520, 1121), (524, 1123), (532, 1136), (543, 1123), (547, 1121), (557, 1134), (559, 1134), (564, 1131), (572, 1119), (583, 1131), (589, 1132), (595, 1124), (599, 1122), (603, 1124), (612, 1134), (616, 1132), (622, 1123), (627, 1122), (635, 1131), (639, 1133), (650, 1122), (656, 1125), (664, 1133), (668, 1131), (677, 1121), (679, 1120), (681, 1121), (687, 1133), (692, 1137), (704, 1119), (717, 1135), (719, 1135), (723, 1128), (729, 1124), (731, 1126), (736, 1126), (742, 1136), (752, 1126), (756, 1124), (761, 1125), (771, 1133), (782, 1123), (784, 1124), (786, 1123), (794, 1131), (796, 1131), (800, 1130), (809, 1122), (813, 1124), (821, 1133), (836, 1122), (849, 1134), (853, 1129), (861, 1125), (874, 1129), (891, 1127), (903, 1129), (914, 1126), (928, 1129), (939, 1127), (1016, 1127), (1023, 1123), (1031, 1132), (1035, 1133), (1037, 1132), (1046, 1118), (1050, 1121), (1058, 1134), (1064, 1128), (1073, 1128), (1075, 1123), (1077, 1122), (1085, 1138), (1090, 1135), (1096, 1120), (1100, 1117), (1108, 1134), (1113, 1138), (1115, 1137), (1125, 1117), (1129, 1121), (1138, 1138), (1140, 1138), (1142, 1135), (1148, 1121), (1150, 1120), (1165, 1133), (1178, 1123), (1192, 1132), (1205, 1123), (1217, 1132), (1222, 1130), (1230, 1123), (1234, 1124), (1241, 1130), (1245, 1132), (1257, 1123), (1270, 1132), (1274, 1131), (1280, 1124), (1285, 1123), (1297, 1132), (1310, 1123), (1314, 1125), (1322, 1132), (1326, 1131), (1333, 1124), (1337, 1123), (1349, 1133), (1362, 1122), (1366, 1124), (1373, 1131), (1377, 1133), (1389, 1122), (1402, 1134), (1406, 1132), (1412, 1122), (1417, 1120), (1427, 1134), (1431, 1132), (1440, 1124), (1442, 1124), (1454, 1130), (1469, 1124), (1481, 1132), (1494, 1123), (1507, 1132), (1511, 1131), (1517, 1125), (1521, 1123), (1534, 1132), (1546, 1123), (1551, 1124), (1557, 1131), (1561, 1132), (1574, 1123), (1586, 1132), (1599, 1124), (1603, 1125), (1614, 1132), (1626, 1122), (1639, 1134), (1643, 1131), (1649, 1123), (1653, 1122), (1664, 1133), (1668, 1132), (1678, 1122), (1683, 1124), (1691, 1133), (1695, 1132), (1702, 1124), (1706, 1122), (1718, 1134), (1731, 1121), (1735, 1124), (1741, 1132), (1746, 1134), (1754, 1124), (1758, 1121), (1771, 1134), (1775, 1131), (1781, 1123), (1785, 1122), (1794, 1132), (1800, 1136), (1800, 1125)]
[(1800, 1146), (1794, 1142), (1787, 1134), (1783, 1132), (1771, 1145), (1758, 1132), (1754, 1134), (1746, 1144), (1741, 1143), (1735, 1134), (1731, 1132), (1718, 1144), (1716, 1144), (1706, 1132), (1702, 1134), (1695, 1142), (1691, 1144), (1683, 1135), (1678, 1132), (1666, 1144), (1662, 1142), (1653, 1132), (1649, 1134), (1643, 1142), (1639, 1144), (1626, 1132), (1614, 1143), (1601, 1134), (1597, 1135), (1586, 1142), (1574, 1133), (1569, 1135), (1561, 1143), (1559, 1143), (1551, 1135), (1546, 1133), (1536, 1142), (1532, 1142), (1521, 1133), (1517, 1135), (1511, 1142), (1507, 1143), (1498, 1135), (1494, 1133), (1481, 1143), (1469, 1134), (1465, 1135), (1456, 1141), (1440, 1135), (1431, 1142), (1427, 1143), (1417, 1131), (1414, 1130), (1406, 1142), (1402, 1145), (1389, 1132), (1385, 1134), (1377, 1144), (1373, 1142), (1366, 1134), (1362, 1133), (1349, 1144), (1337, 1133), (1333, 1135), (1324, 1143), (1320, 1142), (1314, 1135), (1310, 1133), (1297, 1143), (1285, 1134), (1280, 1135), (1274, 1141), (1270, 1143), (1257, 1134), (1245, 1143), (1241, 1141), (1234, 1135), (1230, 1134), (1222, 1141), (1217, 1143), (1205, 1134), (1192, 1142), (1178, 1134), (1165, 1143), (1155, 1134), (1150, 1133), (1146, 1137), (1142, 1146), (1140, 1148), (1138, 1148), (1129, 1132), (1125, 1128), (1115, 1147), (1113, 1149), (1108, 1144), (1100, 1128), (1096, 1131), (1090, 1145), (1085, 1148), (1077, 1132), (1073, 1128), (1067, 1138), (1058, 1140), (1054, 1139), (1046, 1130), (1041, 1135), (1037, 1145), (1033, 1148), (1023, 1130), (1020, 1128), (1018, 1130), (1012, 1141), (1008, 1143), (1002, 1138), (991, 1137), (928, 1139), (916, 1137), (903, 1139), (888, 1137), (874, 1139), (859, 1137), (849, 1142), (842, 1138), (838, 1137), (834, 1133), (832, 1133), (824, 1148), (819, 1145), (813, 1131), (811, 1128), (809, 1128), (800, 1144), (796, 1148), (794, 1147), (788, 1134), (784, 1128), (780, 1132), (771, 1148), (769, 1148), (759, 1132), (752, 1136), (744, 1145), (736, 1137), (727, 1134), (723, 1139), (719, 1148), (717, 1148), (708, 1133), (704, 1130), (700, 1133), (696, 1142), (692, 1146), (687, 1143), (679, 1131), (675, 1134), (666, 1145), (652, 1132), (641, 1142), (637, 1143), (629, 1134), (624, 1132), (616, 1142), (612, 1144), (610, 1144), (601, 1132), (597, 1132), (587, 1144), (583, 1142), (576, 1134), (572, 1132), (559, 1146), (551, 1135), (545, 1131), (536, 1143), (532, 1146), (522, 1131), (518, 1134), (509, 1145), (495, 1134), (486, 1139), (480, 1140), (478, 1138), (461, 1138), (455, 1147), (451, 1144), (444, 1132), (440, 1130), (432, 1143), (427, 1147), (415, 1129), (411, 1133), (402, 1147), (398, 1144), (392, 1132), (388, 1129), (379, 1143), (375, 1147), (373, 1146), (363, 1128), (358, 1132), (350, 1148), (348, 1148), (337, 1132), (335, 1132), (327, 1140), (323, 1142), (310, 1135), (295, 1141), (285, 1135), (281, 1134), (270, 1144), (266, 1142), (260, 1132), (256, 1130), (247, 1144), (243, 1147), (233, 1130), (231, 1129), (226, 1133), (218, 1147), (214, 1144), (207, 1132), (203, 1129), (195, 1143), (191, 1147), (178, 1129), (174, 1133), (166, 1147), (161, 1144), (155, 1132), (151, 1129), (140, 1146), (138, 1147), (134, 1143), (126, 1129), (122, 1132), (113, 1146), (109, 1144), (103, 1135), (98, 1133), (86, 1142), (73, 1135), (69, 1135), (59, 1142), (46, 1134), (34, 1142), (29, 1141), (21, 1134), (17, 1135), (8, 1142), (4, 1142), (0, 1138), (0, 1136), (0, 1134), (0, 1132), (0, 1130), (0, 1128)]
[(0, 1149), (2, 1151), (4, 1153), (6, 1153), (8, 1153), (10, 1151), (17, 1145), (21, 1144), (29, 1151), (34, 1153), (46, 1144), (59, 1153), (69, 1146), (73, 1145), (86, 1152), (90, 1151), (96, 1144), (101, 1143), (109, 1155), (113, 1157), (122, 1142), (126, 1139), (136, 1157), (138, 1158), (140, 1156), (151, 1140), (155, 1143), (161, 1155), (166, 1157), (174, 1143), (178, 1139), (191, 1158), (195, 1154), (203, 1140), (207, 1142), (214, 1155), (218, 1158), (226, 1143), (231, 1139), (233, 1140), (243, 1158), (247, 1154), (256, 1141), (260, 1143), (266, 1153), (270, 1155), (281, 1145), (285, 1145), (295, 1152), (310, 1145), (323, 1152), (327, 1151), (335, 1142), (337, 1142), (348, 1158), (350, 1159), (358, 1142), (363, 1139), (371, 1153), (375, 1158), (379, 1154), (388, 1139), (392, 1142), (398, 1155), (402, 1158), (411, 1143), (415, 1139), (417, 1141), (423, 1153), (427, 1157), (432, 1154), (440, 1140), (444, 1142), (451, 1154), (455, 1157), (463, 1147), (465, 1149), (484, 1149), (495, 1145), (497, 1145), (503, 1153), (507, 1155), (509, 1155), (520, 1141), (522, 1141), (530, 1154), (534, 1157), (543, 1144), (547, 1141), (549, 1142), (557, 1155), (562, 1154), (572, 1143), (576, 1144), (583, 1153), (587, 1155), (591, 1151), (595, 1144), (597, 1143), (601, 1143), (612, 1155), (614, 1154), (622, 1144), (627, 1142), (635, 1152), (639, 1154), (650, 1143), (654, 1141), (660, 1151), (664, 1154), (671, 1150), (677, 1139), (679, 1140), (692, 1157), (694, 1157), (698, 1149), (706, 1142), (717, 1159), (721, 1155), (729, 1140), (733, 1142), (744, 1159), (756, 1138), (759, 1139), (767, 1155), (771, 1159), (780, 1142), (782, 1139), (784, 1139), (796, 1159), (800, 1155), (809, 1138), (811, 1139), (813, 1141), (819, 1155), (821, 1157), (826, 1150), (836, 1143), (844, 1149), (865, 1148), (876, 1150), (888, 1147), (901, 1150), (916, 1147), (928, 1150), (939, 1147), (951, 1149), (970, 1148), (976, 1149), (983, 1155), (985, 1154), (991, 1141), (993, 1139), (995, 1139), (1004, 1155), (1006, 1158), (1008, 1159), (1016, 1143), (1020, 1139), (1031, 1155), (1033, 1156), (1035, 1154), (1041, 1147), (1048, 1147), (1054, 1149), (1060, 1157), (1064, 1153), (1069, 1143), (1073, 1138), (1077, 1143), (1085, 1159), (1090, 1156), (1096, 1141), (1100, 1138), (1108, 1155), (1113, 1159), (1115, 1158), (1125, 1138), (1129, 1142), (1138, 1159), (1148, 1145), (1153, 1143), (1165, 1153), (1178, 1144), (1192, 1153), (1205, 1144), (1217, 1153), (1222, 1151), (1228, 1145), (1232, 1144), (1241, 1151), (1245, 1153), (1257, 1144), (1270, 1153), (1274, 1152), (1280, 1145), (1285, 1144), (1297, 1153), (1310, 1144), (1314, 1145), (1322, 1154), (1326, 1152), (1333, 1145), (1337, 1143), (1349, 1154), (1362, 1143), (1366, 1145), (1373, 1153), (1377, 1155), (1385, 1145), (1389, 1142), (1402, 1156), (1406, 1153), (1414, 1141), (1427, 1153), (1442, 1146), (1456, 1152), (1469, 1144), (1481, 1153), (1494, 1144), (1498, 1146), (1507, 1153), (1511, 1152), (1517, 1145), (1521, 1144), (1534, 1154), (1546, 1143), (1551, 1145), (1559, 1153), (1563, 1152), (1572, 1144), (1576, 1145), (1586, 1153), (1590, 1151), (1597, 1145), (1601, 1144), (1614, 1154), (1626, 1143), (1639, 1154), (1643, 1152), (1649, 1144), (1653, 1143), (1662, 1152), (1666, 1154), (1678, 1143), (1683, 1145), (1689, 1153), (1693, 1154), (1702, 1145), (1706, 1143), (1718, 1155), (1731, 1143), (1735, 1145), (1741, 1153), (1746, 1155), (1754, 1145), (1758, 1142), (1771, 1155), (1775, 1152), (1781, 1144), (1785, 1143), (1796, 1155), (1798, 1154), (1800, 1157), (1800, 1146)]
[(1800, 1167), (1794, 1163), (1785, 1153), (1781, 1154), (1775, 1163), (1771, 1165), (1758, 1153), (1754, 1155), (1746, 1165), (1741, 1163), (1735, 1155), (1731, 1153), (1718, 1165), (1706, 1153), (1702, 1155), (1693, 1165), (1689, 1163), (1683, 1156), (1678, 1153), (1666, 1165), (1662, 1162), (1653, 1154), (1649, 1155), (1643, 1163), (1639, 1165), (1626, 1153), (1622, 1156), (1614, 1165), (1609, 1163), (1601, 1154), (1597, 1155), (1590, 1161), (1586, 1163), (1576, 1155), (1572, 1155), (1561, 1164), (1557, 1163), (1551, 1156), (1546, 1154), (1534, 1165), (1521, 1154), (1517, 1156), (1511, 1163), (1507, 1164), (1494, 1154), (1481, 1163), (1469, 1155), (1465, 1156), (1456, 1162), (1442, 1156), (1427, 1162), (1414, 1153), (1410, 1157), (1406, 1164), (1402, 1167), (1393, 1156), (1389, 1153), (1385, 1155), (1377, 1165), (1373, 1163), (1366, 1155), (1362, 1153), (1354, 1162), (1349, 1165), (1337, 1154), (1333, 1156), (1326, 1163), (1322, 1164), (1314, 1156), (1310, 1154), (1297, 1164), (1285, 1155), (1280, 1156), (1272, 1163), (1268, 1163), (1257, 1154), (1245, 1164), (1241, 1162), (1234, 1156), (1230, 1155), (1222, 1162), (1217, 1163), (1205, 1155), (1192, 1163), (1178, 1155), (1165, 1163), (1161, 1161), (1153, 1153), (1138, 1165), (1134, 1162), (1129, 1152), (1125, 1149), (1115, 1168), (1113, 1169), (1108, 1165), (1100, 1149), (1096, 1152), (1090, 1166), (1085, 1169), (1077, 1153), (1073, 1149), (1071, 1150), (1060, 1169), (1056, 1166), (1050, 1152), (1048, 1152), (1041, 1158), (1033, 1162), (1029, 1161), (1023, 1155), (1018, 1155), (1006, 1168), (997, 1153), (993, 1150), (985, 1164), (981, 1168), (979, 1167), (968, 1151), (960, 1160), (956, 1161), (941, 1158), (928, 1160), (916, 1158), (901, 1160), (888, 1157), (876, 1160), (859, 1158), (851, 1162), (842, 1159), (832, 1158), (824, 1165), (813, 1157), (809, 1151), (807, 1151), (800, 1165), (796, 1169), (792, 1164), (788, 1154), (782, 1149), (773, 1166), (771, 1169), (769, 1169), (756, 1149), (744, 1169), (742, 1168), (731, 1150), (729, 1150), (727, 1153), (721, 1166), (719, 1169), (717, 1169), (708, 1153), (704, 1149), (692, 1169), (687, 1165), (679, 1150), (675, 1153), (671, 1161), (666, 1165), (662, 1164), (654, 1153), (650, 1152), (643, 1162), (639, 1165), (635, 1163), (629, 1155), (624, 1153), (616, 1163), (612, 1166), (599, 1153), (595, 1155), (589, 1164), (583, 1165), (578, 1158), (572, 1152), (564, 1162), (559, 1165), (555, 1162), (549, 1153), (545, 1151), (536, 1164), (532, 1168), (522, 1152), (511, 1161), (507, 1168), (497, 1156), (492, 1156), (486, 1159), (467, 1159), (465, 1153), (455, 1168), (451, 1164), (444, 1153), (440, 1151), (432, 1164), (427, 1168), (415, 1150), (411, 1154), (402, 1168), (398, 1165), (392, 1153), (388, 1150), (377, 1168), (375, 1169), (373, 1167), (363, 1149), (358, 1153), (350, 1169), (348, 1169), (337, 1153), (335, 1153), (327, 1161), (323, 1163), (310, 1156), (295, 1162), (285, 1156), (281, 1155), (270, 1165), (266, 1163), (260, 1153), (256, 1151), (247, 1165), (243, 1168), (233, 1151), (231, 1150), (226, 1154), (218, 1168), (214, 1165), (207, 1153), (203, 1150), (195, 1164), (191, 1168), (178, 1150), (174, 1154), (166, 1168), (161, 1165), (155, 1153), (151, 1150), (140, 1167), (138, 1168), (136, 1167), (126, 1150), (122, 1153), (115, 1165), (111, 1167), (103, 1155), (98, 1152), (90, 1162), (86, 1164), (73, 1156), (59, 1163), (46, 1155), (34, 1163), (29, 1162), (21, 1155), (17, 1156), (8, 1163), (4, 1163), (0, 1159), (0, 1157), (0, 1155), (0, 1153), (0, 1151), (0, 1149)]
[(0, 1169), (2, 1172), (4, 1174), (6, 1174), (8, 1174), (10, 1172), (19, 1165), (23, 1166), (29, 1173), (34, 1174), (44, 1166), (48, 1166), (59, 1173), (73, 1166), (86, 1174), (90, 1172), (98, 1163), (103, 1165), (109, 1176), (113, 1178), (122, 1164), (126, 1161), (136, 1177), (138, 1178), (140, 1177), (151, 1161), (155, 1164), (161, 1176), (166, 1178), (174, 1164), (178, 1161), (191, 1178), (195, 1175), (203, 1161), (207, 1163), (214, 1175), (218, 1178), (228, 1161), (231, 1160), (233, 1162), (243, 1178), (247, 1175), (254, 1163), (258, 1161), (266, 1174), (270, 1176), (281, 1166), (285, 1166), (293, 1172), (298, 1173), (310, 1166), (323, 1173), (327, 1172), (333, 1165), (337, 1164), (348, 1179), (350, 1179), (358, 1163), (363, 1160), (373, 1178), (375, 1179), (377, 1178), (388, 1161), (392, 1163), (398, 1176), (402, 1178), (411, 1164), (415, 1161), (417, 1162), (427, 1178), (432, 1175), (440, 1161), (444, 1163), (451, 1175), (455, 1178), (463, 1165), (467, 1162), (469, 1168), (471, 1169), (484, 1171), (490, 1169), (497, 1166), (507, 1178), (518, 1165), (522, 1164), (532, 1179), (545, 1164), (549, 1164), (555, 1173), (559, 1176), (564, 1173), (572, 1162), (576, 1165), (583, 1174), (587, 1176), (595, 1165), (599, 1163), (610, 1175), (612, 1176), (624, 1164), (629, 1165), (637, 1175), (641, 1175), (652, 1163), (656, 1165), (664, 1180), (668, 1176), (675, 1163), (677, 1161), (681, 1162), (687, 1176), (692, 1180), (704, 1159), (708, 1163), (715, 1177), (717, 1179), (721, 1175), (727, 1164), (731, 1159), (742, 1179), (744, 1180), (746, 1179), (756, 1160), (761, 1163), (767, 1177), (769, 1180), (771, 1180), (782, 1160), (788, 1165), (794, 1178), (809, 1163), (817, 1170), (824, 1170), (836, 1168), (849, 1172), (863, 1168), (876, 1172), (888, 1168), (901, 1171), (916, 1168), (932, 1170), (945, 1165), (951, 1177), (956, 1179), (966, 1161), (970, 1163), (976, 1173), (981, 1174), (993, 1166), (1008, 1173), (1020, 1166), (1037, 1175), (1044, 1162), (1046, 1159), (1048, 1159), (1056, 1176), (1060, 1180), (1071, 1161), (1073, 1159), (1077, 1163), (1085, 1180), (1090, 1177), (1096, 1162), (1100, 1159), (1108, 1175), (1113, 1180), (1115, 1179), (1125, 1159), (1127, 1160), (1134, 1171), (1138, 1175), (1142, 1173), (1148, 1166), (1153, 1164), (1165, 1174), (1178, 1166), (1192, 1174), (1205, 1165), (1217, 1174), (1222, 1172), (1230, 1165), (1234, 1166), (1241, 1172), (1245, 1174), (1257, 1165), (1270, 1174), (1274, 1173), (1280, 1166), (1285, 1165), (1297, 1174), (1310, 1165), (1314, 1166), (1322, 1175), (1326, 1173), (1333, 1166), (1337, 1164), (1349, 1175), (1354, 1173), (1360, 1165), (1364, 1164), (1373, 1174), (1377, 1176), (1387, 1163), (1389, 1163), (1393, 1166), (1402, 1177), (1404, 1176), (1410, 1167), (1414, 1165), (1427, 1172), (1442, 1167), (1454, 1173), (1458, 1172), (1465, 1166), (1469, 1165), (1481, 1174), (1494, 1165), (1498, 1167), (1507, 1174), (1511, 1173), (1517, 1166), (1521, 1164), (1534, 1175), (1546, 1164), (1551, 1166), (1557, 1173), (1561, 1174), (1569, 1167), (1574, 1165), (1584, 1173), (1588, 1174), (1597, 1166), (1601, 1164), (1609, 1173), (1614, 1175), (1624, 1164), (1626, 1164), (1639, 1175), (1643, 1173), (1649, 1165), (1653, 1164), (1662, 1173), (1666, 1175), (1678, 1164), (1683, 1166), (1691, 1175), (1695, 1174), (1702, 1165), (1706, 1164), (1718, 1175), (1731, 1164), (1735, 1166), (1741, 1174), (1746, 1175), (1754, 1166), (1758, 1163), (1771, 1176), (1775, 1173), (1783, 1163), (1787, 1165), (1794, 1174), (1800, 1178), (1800, 1167)]
[(1800, 1188), (1798, 1186), (1796, 1186), (1787, 1176), (1783, 1174), (1775, 1184), (1771, 1186), (1758, 1174), (1754, 1176), (1746, 1186), (1741, 1184), (1735, 1176), (1731, 1174), (1718, 1186), (1706, 1174), (1702, 1176), (1695, 1184), (1691, 1186), (1683, 1176), (1678, 1174), (1666, 1186), (1662, 1184), (1653, 1174), (1649, 1176), (1643, 1184), (1639, 1186), (1626, 1174), (1614, 1186), (1609, 1184), (1601, 1175), (1597, 1176), (1590, 1183), (1586, 1185), (1574, 1176), (1569, 1177), (1563, 1183), (1559, 1184), (1551, 1177), (1546, 1175), (1534, 1185), (1532, 1185), (1521, 1175), (1517, 1176), (1511, 1184), (1507, 1185), (1498, 1177), (1494, 1175), (1481, 1184), (1469, 1176), (1465, 1177), (1458, 1183), (1454, 1184), (1444, 1177), (1440, 1177), (1429, 1183), (1414, 1176), (1410, 1178), (1402, 1187), (1400, 1187), (1393, 1176), (1389, 1173), (1385, 1176), (1377, 1186), (1373, 1185), (1366, 1176), (1362, 1174), (1354, 1183), (1349, 1186), (1337, 1175), (1333, 1176), (1324, 1185), (1320, 1184), (1314, 1177), (1310, 1175), (1297, 1185), (1285, 1176), (1280, 1177), (1274, 1183), (1270, 1184), (1257, 1176), (1245, 1184), (1241, 1183), (1232, 1176), (1228, 1177), (1222, 1183), (1217, 1184), (1207, 1176), (1203, 1176), (1192, 1184), (1178, 1176), (1165, 1184), (1153, 1176), (1148, 1177), (1142, 1184), (1138, 1185), (1125, 1171), (1123, 1172), (1117, 1185), (1113, 1190), (1108, 1186), (1100, 1170), (1096, 1173), (1090, 1187), (1085, 1190), (1077, 1174), (1073, 1170), (1071, 1171), (1060, 1190), (1056, 1187), (1048, 1170), (1046, 1170), (1044, 1172), (1037, 1187), (1033, 1190), (1025, 1176), (1023, 1176), (1008, 1183), (993, 1176), (981, 1186), (976, 1183), (970, 1172), (968, 1172), (964, 1175), (958, 1185), (953, 1188), (951, 1188), (945, 1175), (941, 1171), (939, 1171), (930, 1189), (928, 1189), (922, 1180), (916, 1178), (901, 1182), (886, 1178), (876, 1182), (863, 1178), (849, 1182), (836, 1178), (824, 1182), (805, 1179), (796, 1187), (794, 1186), (790, 1180), (782, 1173), (780, 1175), (771, 1190), (765, 1183), (759, 1170), (756, 1170), (748, 1185), (744, 1189), (740, 1185), (733, 1172), (731, 1170), (729, 1170), (721, 1187), (719, 1190), (717, 1190), (708, 1174), (704, 1170), (692, 1190), (687, 1186), (679, 1170), (677, 1170), (675, 1173), (668, 1187), (664, 1190), (654, 1171), (652, 1170), (650, 1171), (641, 1186), (635, 1184), (629, 1173), (624, 1172), (616, 1184), (612, 1186), (599, 1172), (587, 1187), (583, 1185), (576, 1175), (572, 1173), (559, 1188), (547, 1174), (543, 1177), (534, 1187), (530, 1185), (524, 1175), (522, 1174), (515, 1178), (511, 1183), (509, 1183), (507, 1181), (505, 1182), (499, 1179), (497, 1180), (495, 1177), (490, 1180), (482, 1182), (474, 1180), (471, 1175), (467, 1172), (465, 1172), (457, 1187), (455, 1189), (451, 1185), (444, 1174), (440, 1172), (432, 1185), (427, 1189), (417, 1172), (415, 1171), (411, 1175), (402, 1189), (398, 1186), (392, 1174), (388, 1171), (377, 1188), (375, 1190), (373, 1188), (363, 1170), (360, 1171), (358, 1173), (350, 1190), (348, 1189), (337, 1174), (335, 1174), (327, 1182), (323, 1184), (310, 1177), (295, 1183), (285, 1176), (281, 1176), (272, 1185), (268, 1186), (260, 1174), (256, 1172), (247, 1186), (243, 1189), (231, 1171), (226, 1175), (218, 1189), (214, 1186), (207, 1174), (203, 1171), (195, 1185), (191, 1189), (178, 1171), (174, 1175), (166, 1189), (161, 1186), (155, 1174), (151, 1171), (140, 1188), (138, 1189), (134, 1185), (126, 1171), (122, 1174), (115, 1186), (111, 1188), (103, 1176), (98, 1173), (88, 1185), (86, 1186), (73, 1175), (61, 1183), (57, 1183), (46, 1176), (42, 1178), (34, 1184), (29, 1183), (21, 1176), (17, 1176), (10, 1183), (6, 1185), (0, 1180), (0, 1178), (0, 1176), (0, 1174), (0, 1172), (0, 1169)]
[(0, 1190), (2, 1193), (4, 1195), (6, 1195), (8, 1195), (10, 1193), (19, 1186), (23, 1187), (31, 1195), (36, 1194), (42, 1188), (46, 1187), (57, 1193), (61, 1194), (73, 1185), (84, 1196), (86, 1197), (98, 1184), (103, 1186), (109, 1196), (113, 1198), (122, 1185), (126, 1182), (136, 1198), (138, 1199), (140, 1198), (151, 1182), (155, 1185), (161, 1197), (166, 1199), (174, 1185), (178, 1182), (191, 1199), (195, 1195), (203, 1182), (207, 1184), (214, 1196), (218, 1199), (226, 1185), (231, 1182), (233, 1183), (243, 1199), (247, 1196), (256, 1182), (260, 1184), (268, 1197), (272, 1196), (281, 1187), (285, 1187), (295, 1194), (310, 1187), (323, 1194), (327, 1193), (335, 1185), (337, 1184), (346, 1197), (350, 1200), (358, 1184), (363, 1181), (371, 1195), (375, 1200), (379, 1196), (388, 1181), (392, 1184), (398, 1197), (402, 1199), (411, 1185), (415, 1182), (427, 1199), (432, 1196), (440, 1182), (444, 1184), (451, 1196), (455, 1199), (467, 1182), (471, 1186), (476, 1194), (478, 1194), (480, 1190), (495, 1190), (497, 1189), (501, 1191), (505, 1195), (507, 1192), (511, 1192), (515, 1189), (520, 1183), (522, 1183), (530, 1195), (534, 1197), (543, 1186), (547, 1183), (549, 1184), (557, 1197), (559, 1198), (572, 1184), (576, 1186), (583, 1195), (587, 1197), (599, 1184), (603, 1186), (612, 1199), (616, 1196), (622, 1184), (627, 1181), (635, 1197), (639, 1201), (650, 1181), (652, 1180), (654, 1181), (664, 1201), (668, 1197), (675, 1183), (677, 1180), (679, 1180), (687, 1197), (692, 1201), (704, 1180), (708, 1184), (717, 1201), (719, 1201), (721, 1198), (727, 1184), (731, 1180), (742, 1200), (744, 1201), (756, 1180), (759, 1181), (761, 1184), (767, 1198), (769, 1201), (771, 1201), (780, 1186), (784, 1183), (786, 1184), (790, 1190), (796, 1193), (809, 1189), (824, 1192), (836, 1188), (851, 1193), (861, 1187), (876, 1193), (888, 1189), (901, 1193), (916, 1189), (922, 1191), (928, 1198), (932, 1196), (939, 1183), (943, 1181), (951, 1197), (956, 1200), (962, 1189), (968, 1182), (979, 1198), (985, 1194), (989, 1189), (993, 1187), (1006, 1193), (1010, 1196), (1018, 1181), (1020, 1180), (1023, 1181), (1033, 1201), (1037, 1197), (1046, 1180), (1048, 1180), (1050, 1183), (1056, 1197), (1060, 1201), (1071, 1181), (1073, 1180), (1077, 1184), (1085, 1201), (1090, 1198), (1096, 1183), (1100, 1180), (1108, 1196), (1113, 1201), (1117, 1196), (1121, 1186), (1125, 1184), (1129, 1186), (1138, 1197), (1140, 1197), (1148, 1188), (1153, 1187), (1165, 1194), (1176, 1187), (1180, 1187), (1188, 1193), (1192, 1194), (1205, 1186), (1217, 1194), (1222, 1193), (1228, 1187), (1232, 1186), (1241, 1193), (1245, 1195), (1257, 1186), (1270, 1195), (1274, 1194), (1280, 1187), (1285, 1186), (1297, 1195), (1310, 1185), (1314, 1187), (1322, 1196), (1326, 1194), (1333, 1187), (1337, 1185), (1349, 1196), (1354, 1194), (1362, 1184), (1366, 1186), (1373, 1195), (1377, 1197), (1387, 1183), (1389, 1182), (1398, 1194), (1402, 1197), (1414, 1187), (1429, 1194), (1442, 1187), (1454, 1195), (1458, 1193), (1465, 1187), (1469, 1186), (1481, 1195), (1494, 1185), (1498, 1187), (1505, 1195), (1509, 1196), (1517, 1187), (1521, 1185), (1534, 1196), (1546, 1185), (1551, 1187), (1559, 1195), (1563, 1194), (1569, 1188), (1574, 1186), (1586, 1196), (1590, 1194), (1599, 1185), (1603, 1186), (1609, 1194), (1614, 1196), (1624, 1185), (1628, 1185), (1639, 1196), (1643, 1194), (1649, 1186), (1653, 1185), (1662, 1194), (1666, 1196), (1678, 1184), (1683, 1187), (1691, 1196), (1695, 1195), (1702, 1186), (1706, 1185), (1718, 1196), (1731, 1184), (1735, 1187), (1741, 1195), (1746, 1196), (1754, 1187), (1758, 1184), (1771, 1197), (1775, 1194), (1783, 1184), (1787, 1186), (1796, 1197), (1798, 1196), (1800, 1199), (1800, 1188)]
[(1800, 1209), (1794, 1205), (1787, 1197), (1783, 1195), (1775, 1204), (1771, 1207), (1758, 1195), (1754, 1197), (1746, 1207), (1741, 1205), (1735, 1197), (1731, 1195), (1720, 1206), (1716, 1206), (1706, 1195), (1702, 1197), (1695, 1205), (1691, 1207), (1683, 1197), (1678, 1195), (1666, 1207), (1662, 1205), (1653, 1195), (1649, 1197), (1643, 1205), (1639, 1207), (1626, 1195), (1614, 1207), (1609, 1205), (1603, 1197), (1599, 1195), (1590, 1204), (1586, 1207), (1578, 1199), (1574, 1197), (1561, 1205), (1557, 1204), (1546, 1196), (1534, 1206), (1530, 1204), (1523, 1197), (1519, 1195), (1511, 1205), (1507, 1207), (1498, 1198), (1494, 1195), (1481, 1206), (1471, 1198), (1467, 1196), (1456, 1205), (1452, 1205), (1446, 1198), (1442, 1196), (1429, 1205), (1419, 1198), (1414, 1198), (1402, 1206), (1398, 1203), (1389, 1194), (1385, 1197), (1377, 1208), (1373, 1206), (1366, 1197), (1362, 1194), (1354, 1204), (1349, 1207), (1337, 1195), (1333, 1197), (1324, 1206), (1320, 1205), (1314, 1198), (1310, 1196), (1297, 1206), (1285, 1196), (1280, 1198), (1274, 1204), (1270, 1205), (1257, 1197), (1245, 1205), (1232, 1197), (1228, 1198), (1222, 1203), (1217, 1205), (1205, 1197), (1192, 1205), (1188, 1204), (1180, 1197), (1176, 1198), (1165, 1205), (1153, 1197), (1148, 1198), (1138, 1207), (1136, 1206), (1129, 1197), (1125, 1194), (1121, 1198), (1113, 1211), (1108, 1207), (1100, 1191), (1096, 1194), (1090, 1208), (1085, 1211), (1077, 1195), (1073, 1190), (1071, 1192), (1060, 1211), (1056, 1207), (1048, 1191), (1046, 1191), (1044, 1193), (1037, 1208), (1033, 1211), (1023, 1192), (1020, 1190), (1016, 1195), (1008, 1211), (1006, 1211), (1000, 1199), (995, 1194), (991, 1196), (981, 1209), (972, 1197), (966, 1191), (958, 1209), (956, 1210), (949, 1204), (943, 1191), (939, 1194), (932, 1205), (930, 1206), (920, 1200), (899, 1202), (884, 1200), (876, 1203), (863, 1198), (851, 1204), (847, 1203), (836, 1198), (824, 1204), (809, 1199), (796, 1204), (784, 1197), (780, 1198), (771, 1208), (769, 1208), (765, 1203), (761, 1195), (756, 1191), (754, 1193), (748, 1206), (744, 1211), (742, 1210), (733, 1193), (731, 1191), (727, 1194), (721, 1208), (719, 1211), (717, 1211), (708, 1195), (704, 1190), (692, 1211), (687, 1207), (681, 1194), (677, 1191), (668, 1208), (664, 1211), (654, 1192), (652, 1190), (650, 1192), (639, 1211), (635, 1208), (629, 1194), (624, 1191), (616, 1207), (612, 1210), (601, 1194), (599, 1193), (587, 1208), (583, 1206), (574, 1194), (570, 1196), (564, 1205), (559, 1208), (547, 1193), (543, 1196), (536, 1206), (532, 1208), (526, 1200), (518, 1193), (515, 1198), (511, 1203), (497, 1201), (495, 1199), (492, 1201), (486, 1201), (482, 1209), (480, 1209), (478, 1208), (471, 1196), (467, 1193), (455, 1209), (451, 1206), (444, 1195), (440, 1193), (432, 1206), (427, 1210), (417, 1193), (415, 1192), (411, 1196), (404, 1208), (402, 1210), (400, 1210), (392, 1195), (388, 1192), (379, 1206), (375, 1210), (371, 1206), (363, 1191), (358, 1194), (350, 1211), (348, 1210), (337, 1195), (335, 1195), (327, 1203), (323, 1205), (310, 1198), (295, 1204), (285, 1198), (281, 1197), (272, 1206), (268, 1208), (258, 1192), (254, 1195), (247, 1207), (243, 1210), (233, 1193), (231, 1192), (226, 1196), (218, 1209), (214, 1207), (207, 1195), (203, 1193), (195, 1206), (191, 1209), (178, 1193), (174, 1196), (166, 1209), (161, 1207), (155, 1195), (151, 1192), (142, 1206), (138, 1209), (136, 1208), (126, 1192), (122, 1195), (113, 1209), (109, 1207), (103, 1197), (98, 1194), (86, 1207), (82, 1205), (73, 1195), (71, 1195), (61, 1205), (57, 1204), (50, 1199), (46, 1198), (34, 1204), (29, 1203), (21, 1197), (17, 1198), (6, 1206), (0, 1201), (0, 1199), (0, 1197), (0, 1195), (0, 1193), (0, 1190)]
[(0, 1211), (2, 1214), (4, 1216), (6, 1216), (8, 1216), (10, 1214), (19, 1207), (23, 1209), (29, 1214), (34, 1214), (46, 1208), (61, 1216), (69, 1207), (73, 1205), (82, 1215), (86, 1217), (98, 1205), (103, 1207), (109, 1217), (113, 1219), (122, 1206), (126, 1203), (136, 1219), (138, 1220), (140, 1219), (151, 1203), (155, 1206), (161, 1217), (166, 1220), (174, 1206), (178, 1203), (191, 1220), (195, 1216), (203, 1203), (207, 1206), (214, 1217), (218, 1220), (226, 1207), (231, 1203), (233, 1204), (243, 1220), (247, 1217), (254, 1205), (258, 1203), (268, 1218), (272, 1217), (279, 1209), (283, 1207), (295, 1215), (310, 1208), (323, 1215), (327, 1214), (335, 1206), (337, 1206), (348, 1221), (350, 1221), (358, 1205), (363, 1201), (373, 1220), (375, 1221), (379, 1217), (388, 1203), (392, 1205), (398, 1218), (402, 1220), (411, 1206), (415, 1202), (427, 1220), (432, 1217), (440, 1203), (444, 1206), (451, 1216), (455, 1219), (465, 1204), (469, 1204), (480, 1220), (484, 1217), (488, 1210), (507, 1213), (513, 1212), (518, 1205), (522, 1205), (530, 1216), (534, 1219), (543, 1206), (547, 1204), (559, 1219), (562, 1218), (568, 1209), (572, 1205), (576, 1207), (585, 1218), (591, 1215), (597, 1204), (601, 1205), (603, 1208), (612, 1222), (616, 1218), (624, 1201), (627, 1201), (629, 1204), (635, 1218), (639, 1222), (650, 1202), (652, 1201), (654, 1202), (664, 1222), (668, 1218), (675, 1204), (677, 1201), (679, 1201), (689, 1220), (692, 1222), (704, 1201), (708, 1205), (717, 1222), (719, 1221), (721, 1219), (727, 1205), (731, 1201), (742, 1221), (744, 1222), (748, 1217), (754, 1203), (756, 1202), (761, 1205), (765, 1214), (771, 1218), (777, 1211), (784, 1208), (796, 1214), (811, 1208), (821, 1215), (836, 1209), (849, 1215), (861, 1209), (872, 1212), (920, 1211), (930, 1215), (935, 1212), (941, 1202), (945, 1205), (951, 1219), (953, 1222), (956, 1222), (966, 1202), (968, 1201), (976, 1215), (981, 1218), (993, 1204), (997, 1204), (1004, 1218), (1008, 1222), (1016, 1206), (1020, 1201), (1023, 1202), (1033, 1222), (1037, 1218), (1046, 1201), (1048, 1201), (1050, 1204), (1056, 1218), (1060, 1222), (1071, 1202), (1073, 1201), (1077, 1205), (1085, 1222), (1090, 1219), (1096, 1204), (1100, 1201), (1111, 1220), (1115, 1217), (1125, 1205), (1127, 1205), (1134, 1213), (1138, 1216), (1142, 1215), (1150, 1208), (1155, 1208), (1165, 1215), (1176, 1208), (1180, 1208), (1188, 1214), (1192, 1215), (1205, 1207), (1217, 1215), (1222, 1214), (1228, 1208), (1232, 1207), (1243, 1215), (1247, 1215), (1257, 1207), (1270, 1216), (1274, 1214), (1280, 1208), (1285, 1207), (1297, 1216), (1310, 1206), (1314, 1208), (1320, 1215), (1324, 1217), (1333, 1208), (1337, 1206), (1349, 1218), (1354, 1215), (1362, 1205), (1366, 1207), (1373, 1217), (1377, 1219), (1385, 1207), (1389, 1205), (1402, 1216), (1414, 1208), (1419, 1209), (1429, 1216), (1442, 1206), (1446, 1209), (1452, 1215), (1456, 1216), (1465, 1208), (1469, 1207), (1481, 1217), (1494, 1206), (1498, 1208), (1507, 1217), (1511, 1216), (1517, 1207), (1521, 1205), (1530, 1214), (1534, 1217), (1546, 1207), (1551, 1209), (1557, 1214), (1561, 1215), (1574, 1207), (1576, 1207), (1586, 1217), (1590, 1215), (1599, 1206), (1603, 1208), (1609, 1215), (1614, 1217), (1626, 1206), (1639, 1218), (1643, 1215), (1649, 1207), (1653, 1205), (1662, 1215), (1666, 1217), (1678, 1206), (1683, 1208), (1691, 1217), (1695, 1216), (1702, 1207), (1706, 1206), (1718, 1217), (1731, 1205), (1735, 1208), (1741, 1216), (1746, 1217), (1754, 1208), (1758, 1205), (1771, 1217), (1775, 1215), (1783, 1206), (1787, 1207), (1794, 1215), (1800, 1220), (1800, 1209)]
[(1800, 1230), (1794, 1226), (1787, 1218), (1783, 1216), (1775, 1225), (1771, 1228), (1758, 1216), (1754, 1218), (1746, 1228), (1741, 1226), (1735, 1218), (1731, 1216), (1718, 1228), (1706, 1216), (1702, 1218), (1695, 1226), (1691, 1228), (1683, 1218), (1678, 1216), (1666, 1228), (1662, 1226), (1655, 1217), (1651, 1216), (1643, 1226), (1639, 1228), (1626, 1216), (1614, 1227), (1609, 1225), (1601, 1217), (1597, 1218), (1590, 1225), (1586, 1227), (1574, 1217), (1561, 1226), (1557, 1225), (1546, 1218), (1534, 1227), (1521, 1217), (1517, 1218), (1511, 1226), (1507, 1227), (1498, 1218), (1494, 1216), (1481, 1228), (1469, 1217), (1465, 1218), (1458, 1225), (1454, 1227), (1442, 1217), (1429, 1226), (1419, 1219), (1414, 1218), (1402, 1226), (1398, 1224), (1391, 1217), (1387, 1216), (1379, 1228), (1375, 1229), (1366, 1217), (1362, 1215), (1354, 1225), (1349, 1228), (1337, 1216), (1333, 1218), (1324, 1227), (1320, 1226), (1314, 1219), (1310, 1217), (1297, 1227), (1285, 1217), (1280, 1219), (1274, 1225), (1270, 1226), (1257, 1218), (1245, 1226), (1241, 1225), (1234, 1219), (1230, 1218), (1217, 1226), (1205, 1218), (1192, 1226), (1178, 1218), (1165, 1226), (1153, 1217), (1148, 1219), (1142, 1226), (1138, 1227), (1125, 1215), (1115, 1227), (1113, 1228), (1108, 1226), (1100, 1212), (1096, 1215), (1090, 1229), (1085, 1232), (1077, 1216), (1073, 1211), (1071, 1213), (1060, 1232), (1056, 1228), (1048, 1212), (1046, 1212), (1044, 1214), (1037, 1229), (1033, 1232), (1023, 1213), (1020, 1211), (1016, 1216), (1008, 1232), (1004, 1229), (995, 1212), (983, 1228), (981, 1226), (979, 1228), (976, 1227), (968, 1211), (964, 1215), (956, 1232), (953, 1232), (951, 1229), (943, 1213), (941, 1213), (932, 1224), (922, 1222), (874, 1222), (861, 1220), (849, 1225), (838, 1219), (832, 1221), (824, 1225), (809, 1218), (798, 1224), (782, 1220), (773, 1223), (769, 1228), (761, 1219), (756, 1218), (752, 1219), (746, 1230), (740, 1225), (731, 1212), (727, 1215), (721, 1229), (719, 1232), (717, 1232), (708, 1216), (704, 1211), (702, 1213), (696, 1226), (689, 1231), (681, 1214), (679, 1212), (677, 1212), (668, 1229), (664, 1232), (654, 1213), (652, 1211), (650, 1213), (639, 1232), (635, 1229), (629, 1214), (627, 1212), (624, 1212), (616, 1228), (612, 1232), (599, 1211), (595, 1216), (591, 1225), (587, 1229), (583, 1227), (576, 1217), (572, 1215), (562, 1228), (557, 1228), (547, 1213), (543, 1217), (536, 1227), (532, 1230), (522, 1215), (520, 1214), (511, 1225), (503, 1222), (490, 1222), (488, 1220), (482, 1230), (480, 1230), (469, 1215), (465, 1215), (455, 1230), (451, 1227), (444, 1216), (440, 1214), (432, 1227), (427, 1231), (417, 1214), (415, 1213), (411, 1217), (402, 1231), (398, 1228), (392, 1216), (388, 1213), (377, 1230), (375, 1231), (371, 1227), (363, 1212), (358, 1215), (350, 1232), (348, 1232), (342, 1221), (337, 1216), (333, 1218), (327, 1224), (323, 1226), (310, 1219), (295, 1225), (285, 1218), (281, 1218), (272, 1227), (268, 1229), (258, 1213), (254, 1215), (247, 1227), (243, 1231), (233, 1214), (231, 1213), (226, 1217), (218, 1231), (214, 1228), (207, 1216), (203, 1213), (195, 1227), (191, 1230), (178, 1213), (174, 1217), (166, 1230), (161, 1228), (155, 1216), (151, 1213), (140, 1229), (138, 1230), (136, 1229), (126, 1214), (122, 1216), (113, 1229), (109, 1228), (103, 1218), (98, 1216), (86, 1228), (82, 1225), (73, 1216), (69, 1218), (63, 1226), (59, 1228), (50, 1219), (46, 1218), (34, 1225), (19, 1219), (6, 1226), (0, 1222), (0, 1220), (0, 1218), (0, 1216), (0, 1214), (0, 1211)]
[(0, 1232), (2, 1234), (4, 1236), (6, 1237), (8, 1236), (10, 1235), (17, 1230), (21, 1229), (34, 1236), (46, 1227), (48, 1227), (59, 1238), (63, 1236), (69, 1228), (73, 1227), (82, 1236), (86, 1238), (98, 1226), (103, 1229), (109, 1238), (113, 1240), (122, 1227), (126, 1224), (136, 1240), (138, 1241), (140, 1240), (151, 1224), (155, 1227), (161, 1239), (166, 1241), (174, 1227), (178, 1224), (191, 1241), (195, 1237), (203, 1224), (207, 1226), (214, 1238), (218, 1241), (228, 1224), (231, 1223), (233, 1225), (243, 1241), (247, 1238), (254, 1226), (258, 1223), (268, 1239), (272, 1238), (281, 1228), (285, 1229), (295, 1236), (310, 1229), (323, 1236), (327, 1234), (333, 1228), (337, 1227), (348, 1242), (350, 1242), (358, 1226), (363, 1222), (371, 1237), (375, 1242), (379, 1238), (388, 1223), (392, 1226), (398, 1238), (402, 1241), (411, 1227), (415, 1223), (427, 1241), (432, 1238), (440, 1224), (444, 1226), (451, 1237), (455, 1240), (459, 1236), (465, 1226), (469, 1225), (480, 1241), (484, 1238), (490, 1228), (495, 1232), (503, 1232), (507, 1240), (509, 1240), (515, 1229), (520, 1225), (524, 1227), (530, 1238), (534, 1241), (543, 1228), (547, 1226), (549, 1227), (557, 1239), (559, 1239), (564, 1236), (572, 1223), (576, 1226), (583, 1240), (585, 1242), (587, 1243), (595, 1226), (599, 1222), (612, 1243), (616, 1239), (624, 1222), (627, 1222), (629, 1225), (635, 1239), (639, 1243), (650, 1223), (652, 1222), (654, 1223), (664, 1243), (668, 1239), (675, 1225), (677, 1222), (679, 1222), (687, 1239), (692, 1243), (704, 1222), (708, 1226), (717, 1243), (719, 1242), (721, 1240), (725, 1230), (729, 1226), (736, 1230), (740, 1236), (742, 1236), (746, 1235), (754, 1229), (759, 1229), (765, 1233), (769, 1239), (780, 1230), (782, 1230), (796, 1235), (809, 1229), (824, 1236), (836, 1229), (847, 1234), (861, 1231), (932, 1233), (943, 1225), (947, 1231), (951, 1240), (953, 1242), (956, 1243), (964, 1226), (968, 1222), (972, 1228), (979, 1241), (981, 1242), (983, 1236), (991, 1230), (995, 1223), (997, 1225), (1004, 1239), (1008, 1243), (1016, 1226), (1020, 1222), (1023, 1223), (1033, 1243), (1037, 1239), (1046, 1222), (1048, 1222), (1050, 1225), (1056, 1239), (1060, 1243), (1071, 1223), (1073, 1222), (1077, 1226), (1085, 1243), (1090, 1240), (1096, 1225), (1098, 1222), (1100, 1222), (1108, 1236), (1113, 1238), (1117, 1236), (1123, 1228), (1125, 1227), (1136, 1236), (1140, 1237), (1153, 1228), (1165, 1237), (1178, 1227), (1182, 1229), (1188, 1236), (1192, 1237), (1201, 1230), (1205, 1228), (1217, 1237), (1222, 1235), (1228, 1229), (1232, 1228), (1241, 1235), (1245, 1237), (1257, 1228), (1270, 1237), (1274, 1235), (1280, 1229), (1285, 1228), (1297, 1238), (1310, 1227), (1314, 1229), (1322, 1238), (1326, 1236), (1333, 1229), (1337, 1226), (1349, 1238), (1354, 1236), (1360, 1227), (1364, 1225), (1375, 1240), (1379, 1238), (1385, 1229), (1389, 1227), (1402, 1237), (1406, 1235), (1412, 1229), (1417, 1228), (1425, 1235), (1429, 1237), (1442, 1227), (1454, 1237), (1458, 1236), (1465, 1229), (1469, 1228), (1481, 1238), (1494, 1226), (1498, 1229), (1507, 1238), (1511, 1236), (1519, 1227), (1523, 1228), (1532, 1236), (1536, 1236), (1546, 1228), (1551, 1230), (1557, 1235), (1561, 1237), (1574, 1227), (1586, 1238), (1590, 1236), (1599, 1227), (1603, 1228), (1609, 1236), (1614, 1238), (1626, 1227), (1630, 1229), (1639, 1238), (1643, 1236), (1649, 1228), (1653, 1226), (1662, 1236), (1666, 1238), (1678, 1226), (1683, 1229), (1691, 1238), (1695, 1237), (1702, 1228), (1706, 1226), (1716, 1238), (1718, 1238), (1731, 1226), (1735, 1228), (1741, 1237), (1746, 1238), (1754, 1228), (1758, 1226), (1771, 1239), (1775, 1236), (1783, 1226), (1787, 1228), (1794, 1236), (1800, 1241), (1800, 1230)]
[(1800, 1251), (1794, 1247), (1785, 1237), (1781, 1238), (1775, 1247), (1771, 1249), (1758, 1237), (1754, 1239), (1746, 1249), (1741, 1247), (1735, 1239), (1731, 1237), (1718, 1249), (1706, 1237), (1702, 1239), (1695, 1247), (1691, 1249), (1683, 1239), (1678, 1237), (1666, 1249), (1662, 1246), (1653, 1237), (1649, 1238), (1643, 1247), (1639, 1249), (1630, 1240), (1626, 1237), (1614, 1248), (1609, 1247), (1603, 1239), (1599, 1237), (1590, 1247), (1586, 1249), (1574, 1237), (1561, 1248), (1557, 1246), (1551, 1240), (1546, 1239), (1536, 1247), (1532, 1247), (1521, 1238), (1517, 1239), (1511, 1247), (1507, 1248), (1498, 1239), (1494, 1237), (1481, 1249), (1469, 1238), (1465, 1239), (1458, 1246), (1454, 1248), (1442, 1238), (1429, 1247), (1425, 1246), (1419, 1240), (1414, 1239), (1402, 1247), (1389, 1238), (1385, 1240), (1377, 1250), (1373, 1248), (1366, 1238), (1362, 1236), (1354, 1247), (1349, 1250), (1337, 1237), (1335, 1237), (1324, 1248), (1320, 1247), (1314, 1239), (1310, 1238), (1297, 1248), (1285, 1238), (1280, 1240), (1274, 1246), (1270, 1247), (1259, 1239), (1255, 1239), (1245, 1248), (1241, 1246), (1234, 1239), (1230, 1238), (1217, 1248), (1205, 1238), (1192, 1248), (1188, 1246), (1180, 1238), (1176, 1239), (1169, 1246), (1165, 1248), (1153, 1238), (1148, 1240), (1140, 1247), (1136, 1246), (1127, 1239), (1123, 1239), (1113, 1249), (1098, 1234), (1096, 1236), (1090, 1250), (1085, 1253), (1077, 1237), (1073, 1232), (1071, 1234), (1060, 1253), (1056, 1249), (1048, 1233), (1046, 1233), (1044, 1235), (1037, 1249), (1033, 1253), (1023, 1234), (1020, 1232), (1016, 1237), (1008, 1253), (1004, 1250), (997, 1236), (995, 1235), (991, 1238), (983, 1252), (981, 1253), (976, 1248), (972, 1238), (968, 1232), (964, 1236), (956, 1253), (953, 1253), (945, 1238), (943, 1237), (937, 1242), (932, 1243), (859, 1242), (849, 1245), (836, 1240), (832, 1241), (824, 1247), (819, 1245), (811, 1239), (796, 1246), (786, 1242), (782, 1239), (769, 1249), (765, 1244), (759, 1240), (744, 1246), (733, 1240), (729, 1235), (717, 1253), (708, 1237), (704, 1232), (692, 1253), (689, 1252), (681, 1235), (677, 1233), (668, 1250), (664, 1253), (654, 1234), (652, 1232), (650, 1234), (639, 1253), (635, 1250), (629, 1235), (627, 1233), (624, 1233), (616, 1249), (612, 1253), (599, 1232), (595, 1237), (587, 1253), (583, 1250), (574, 1233), (572, 1233), (562, 1250), (555, 1246), (549, 1237), (545, 1236), (536, 1248), (532, 1250), (524, 1238), (520, 1235), (511, 1247), (507, 1249), (503, 1243), (499, 1243), (495, 1235), (490, 1237), (484, 1248), (480, 1250), (471, 1239), (467, 1236), (455, 1251), (451, 1248), (444, 1238), (440, 1235), (432, 1248), (427, 1252), (415, 1234), (411, 1238), (404, 1250), (400, 1251), (392, 1237), (388, 1234), (379, 1248), (375, 1252), (371, 1248), (363, 1233), (358, 1236), (350, 1253), (348, 1252), (342, 1241), (337, 1237), (333, 1239), (327, 1245), (323, 1247), (310, 1240), (295, 1246), (285, 1239), (281, 1239), (272, 1248), (268, 1250), (258, 1234), (254, 1236), (247, 1248), (243, 1252), (233, 1235), (231, 1234), (226, 1238), (218, 1251), (214, 1249), (207, 1237), (203, 1234), (195, 1248), (191, 1251), (189, 1250), (178, 1234), (174, 1238), (166, 1251), (161, 1249), (155, 1237), (151, 1234), (140, 1250), (138, 1251), (126, 1235), (122, 1237), (113, 1250), (109, 1248), (103, 1239), (98, 1237), (86, 1249), (82, 1246), (73, 1237), (69, 1239), (63, 1247), (59, 1249), (46, 1237), (34, 1247), (21, 1240), (17, 1240), (6, 1247), (4, 1247), (0, 1243), (0, 1241), (0, 1239), (0, 1237), (0, 1234), (0, 1232)]
[(0, 1253), (2, 1255), (4, 1257), (6, 1257), (8, 1256), (10, 1255), (17, 1250), (21, 1249), (34, 1259), (46, 1247), (59, 1259), (63, 1257), (69, 1249), (73, 1248), (82, 1257), (86, 1259), (98, 1247), (103, 1250), (109, 1259), (113, 1260), (122, 1248), (126, 1245), (136, 1261), (138, 1262), (140, 1261), (151, 1245), (155, 1248), (161, 1259), (166, 1262), (174, 1248), (178, 1245), (191, 1262), (195, 1258), (203, 1245), (207, 1247), (214, 1259), (218, 1262), (226, 1248), (231, 1244), (233, 1246), (243, 1262), (247, 1259), (254, 1247), (258, 1244), (268, 1260), (272, 1259), (281, 1249), (285, 1250), (295, 1256), (310, 1250), (323, 1257), (327, 1255), (333, 1249), (337, 1248), (348, 1263), (350, 1263), (358, 1247), (363, 1243), (373, 1262), (375, 1263), (377, 1262), (388, 1244), (392, 1247), (400, 1262), (404, 1260), (411, 1248), (415, 1245), (427, 1262), (432, 1259), (440, 1245), (442, 1245), (453, 1261), (455, 1261), (463, 1250), (467, 1246), (480, 1260), (484, 1258), (490, 1248), (495, 1245), (501, 1254), (509, 1259), (520, 1245), (524, 1249), (530, 1258), (534, 1260), (543, 1249), (547, 1247), (551, 1250), (559, 1264), (564, 1259), (572, 1243), (576, 1246), (583, 1261), (587, 1264), (595, 1247), (599, 1243), (601, 1244), (610, 1261), (614, 1263), (622, 1245), (624, 1243), (627, 1243), (635, 1260), (639, 1264), (650, 1244), (652, 1243), (654, 1244), (664, 1264), (668, 1260), (675, 1246), (677, 1243), (679, 1243), (687, 1260), (692, 1264), (704, 1244), (706, 1244), (710, 1252), (719, 1262), (723, 1254), (729, 1249), (733, 1250), (742, 1256), (759, 1251), (765, 1254), (769, 1260), (771, 1261), (775, 1255), (780, 1252), (788, 1252), (796, 1257), (809, 1250), (821, 1256), (836, 1251), (849, 1255), (859, 1253), (935, 1253), (943, 1250), (947, 1252), (953, 1263), (956, 1263), (964, 1247), (968, 1243), (972, 1248), (979, 1262), (983, 1262), (987, 1254), (995, 1246), (997, 1246), (1004, 1260), (1008, 1264), (1016, 1247), (1020, 1243), (1023, 1244), (1033, 1264), (1037, 1260), (1046, 1243), (1048, 1243), (1050, 1246), (1056, 1260), (1060, 1264), (1071, 1244), (1073, 1243), (1077, 1247), (1085, 1264), (1090, 1260), (1096, 1249), (1100, 1247), (1108, 1257), (1113, 1259), (1125, 1249), (1136, 1256), (1140, 1257), (1153, 1249), (1165, 1258), (1176, 1250), (1180, 1249), (1188, 1256), (1192, 1258), (1205, 1248), (1217, 1259), (1222, 1257), (1230, 1248), (1234, 1249), (1241, 1257), (1245, 1259), (1257, 1247), (1270, 1258), (1274, 1257), (1280, 1250), (1285, 1248), (1293, 1256), (1297, 1258), (1310, 1248), (1314, 1250), (1322, 1259), (1324, 1259), (1333, 1250), (1337, 1247), (1349, 1260), (1354, 1257), (1362, 1245), (1364, 1246), (1375, 1259), (1379, 1258), (1387, 1249), (1391, 1249), (1402, 1258), (1406, 1256), (1412, 1250), (1417, 1249), (1425, 1256), (1429, 1258), (1442, 1248), (1454, 1258), (1456, 1258), (1465, 1250), (1469, 1248), (1477, 1257), (1481, 1259), (1494, 1248), (1507, 1258), (1511, 1257), (1517, 1250), (1521, 1249), (1534, 1258), (1544, 1250), (1549, 1249), (1557, 1257), (1561, 1259), (1569, 1250), (1574, 1247), (1586, 1259), (1590, 1257), (1599, 1247), (1603, 1249), (1609, 1257), (1614, 1259), (1626, 1247), (1639, 1260), (1643, 1257), (1651, 1247), (1655, 1249), (1662, 1257), (1666, 1259), (1678, 1247), (1683, 1250), (1691, 1259), (1695, 1258), (1702, 1249), (1706, 1247), (1718, 1259), (1731, 1247), (1735, 1249), (1741, 1258), (1746, 1259), (1754, 1249), (1758, 1247), (1771, 1260), (1775, 1257), (1781, 1249), (1785, 1248), (1794, 1257), (1800, 1262), (1800, 1251)]
[(1800, 1272), (1794, 1268), (1787, 1260), (1783, 1258), (1773, 1269), (1771, 1270), (1758, 1258), (1754, 1260), (1746, 1270), (1741, 1268), (1735, 1260), (1731, 1258), (1718, 1270), (1706, 1258), (1702, 1260), (1695, 1268), (1691, 1270), (1683, 1260), (1678, 1258), (1666, 1270), (1662, 1267), (1655, 1259), (1651, 1258), (1643, 1268), (1639, 1270), (1626, 1258), (1614, 1269), (1609, 1268), (1603, 1260), (1599, 1258), (1590, 1267), (1586, 1270), (1574, 1258), (1569, 1260), (1561, 1269), (1557, 1268), (1549, 1259), (1544, 1260), (1534, 1268), (1523, 1260), (1519, 1259), (1511, 1267), (1507, 1269), (1494, 1259), (1481, 1270), (1477, 1267), (1469, 1258), (1465, 1260), (1456, 1269), (1452, 1268), (1446, 1261), (1442, 1259), (1429, 1269), (1425, 1267), (1417, 1259), (1412, 1260), (1406, 1267), (1402, 1268), (1389, 1259), (1385, 1261), (1377, 1269), (1375, 1269), (1366, 1259), (1362, 1257), (1358, 1260), (1352, 1271), (1349, 1271), (1337, 1257), (1333, 1260), (1324, 1269), (1320, 1268), (1314, 1260), (1310, 1258), (1299, 1269), (1295, 1269), (1285, 1258), (1280, 1260), (1274, 1268), (1270, 1270), (1257, 1258), (1245, 1269), (1241, 1267), (1232, 1258), (1228, 1260), (1222, 1267), (1217, 1269), (1205, 1259), (1192, 1268), (1178, 1260), (1165, 1268), (1153, 1259), (1148, 1261), (1140, 1268), (1136, 1267), (1129, 1261), (1125, 1260), (1115, 1268), (1111, 1269), (1100, 1258), (1096, 1260), (1088, 1273), (1085, 1274), (1077, 1258), (1073, 1253), (1071, 1255), (1060, 1274), (1056, 1270), (1048, 1254), (1046, 1254), (1044, 1256), (1037, 1270), (1033, 1274), (1023, 1255), (1020, 1253), (1016, 1258), (1008, 1274), (1006, 1274), (1000, 1261), (995, 1258), (991, 1261), (989, 1261), (985, 1270), (981, 1274), (979, 1273), (972, 1259), (968, 1253), (964, 1257), (956, 1274), (953, 1273), (945, 1261), (937, 1264), (874, 1264), (861, 1262), (849, 1266), (834, 1262), (821, 1266), (809, 1261), (798, 1267), (794, 1267), (784, 1259), (771, 1267), (756, 1262), (742, 1267), (731, 1261), (725, 1263), (719, 1268), (712, 1266), (706, 1256), (700, 1259), (694, 1273), (692, 1274), (687, 1270), (681, 1256), (677, 1254), (668, 1271), (666, 1273), (664, 1273), (662, 1272), (654, 1255), (652, 1253), (650, 1255), (639, 1274), (635, 1271), (629, 1256), (627, 1254), (624, 1254), (614, 1273), (612, 1274), (599, 1253), (595, 1258), (587, 1274), (585, 1274), (576, 1257), (572, 1253), (562, 1273), (559, 1274), (557, 1273), (549, 1257), (547, 1256), (543, 1260), (536, 1270), (532, 1273), (522, 1258), (518, 1258), (511, 1269), (509, 1270), (507, 1268), (505, 1272), (497, 1256), (495, 1254), (492, 1259), (488, 1262), (482, 1271), (480, 1271), (471, 1260), (467, 1257), (463, 1260), (457, 1270), (453, 1271), (444, 1258), (440, 1256), (432, 1269), (427, 1272), (415, 1255), (411, 1259), (404, 1270), (400, 1272), (392, 1258), (388, 1255), (377, 1272), (375, 1273), (371, 1269), (363, 1254), (358, 1257), (350, 1274), (348, 1273), (337, 1258), (335, 1258), (327, 1266), (323, 1267), (310, 1261), (295, 1267), (285, 1260), (281, 1260), (272, 1269), (268, 1271), (258, 1255), (254, 1257), (247, 1269), (243, 1273), (233, 1256), (231, 1255), (226, 1259), (218, 1272), (214, 1270), (207, 1258), (203, 1255), (195, 1269), (191, 1272), (178, 1255), (174, 1259), (166, 1272), (161, 1270), (155, 1258), (151, 1255), (140, 1271), (138, 1272), (136, 1271), (126, 1256), (122, 1258), (113, 1271), (109, 1269), (103, 1260), (98, 1258), (86, 1270), (82, 1267), (73, 1258), (69, 1260), (63, 1268), (59, 1270), (46, 1258), (34, 1270), (21, 1259), (17, 1261), (8, 1267), (4, 1267), (0, 1264), (0, 1262), (0, 1260), (0, 1258), (0, 1255), (0, 1253)]
[(0, 1274), (2, 1276), (4, 1278), (6, 1278), (8, 1278), (10, 1277), (17, 1271), (21, 1269), (29, 1278), (34, 1280), (46, 1268), (59, 1280), (63, 1278), (69, 1270), (73, 1269), (82, 1278), (86, 1280), (98, 1268), (103, 1271), (109, 1279), (113, 1281), (122, 1269), (126, 1266), (136, 1282), (138, 1283), (140, 1282), (151, 1266), (155, 1269), (161, 1280), (166, 1283), (174, 1269), (178, 1266), (191, 1283), (195, 1279), (203, 1266), (207, 1268), (214, 1280), (218, 1283), (226, 1269), (231, 1265), (233, 1267), (243, 1283), (247, 1280), (254, 1268), (258, 1265), (268, 1282), (270, 1282), (279, 1272), (283, 1270), (295, 1277), (310, 1271), (323, 1277), (327, 1276), (333, 1270), (337, 1269), (348, 1283), (350, 1284), (358, 1268), (363, 1264), (371, 1279), (375, 1284), (377, 1283), (388, 1265), (392, 1268), (398, 1280), (402, 1283), (411, 1269), (415, 1265), (427, 1283), (432, 1279), (440, 1267), (444, 1269), (451, 1279), (455, 1282), (467, 1267), (469, 1268), (478, 1279), (480, 1275), (482, 1275), (484, 1278), (486, 1276), (495, 1264), (503, 1280), (507, 1285), (515, 1271), (522, 1267), (530, 1280), (534, 1282), (547, 1264), (555, 1280), (559, 1284), (562, 1284), (572, 1264), (576, 1267), (583, 1282), (587, 1285), (595, 1268), (599, 1264), (612, 1285), (616, 1281), (624, 1264), (627, 1264), (629, 1267), (635, 1281), (639, 1285), (650, 1265), (652, 1264), (656, 1269), (662, 1283), (664, 1284), (668, 1281), (675, 1267), (677, 1264), (679, 1264), (689, 1284), (692, 1284), (702, 1266), (706, 1271), (717, 1277), (731, 1271), (742, 1277), (754, 1273), (763, 1274), (771, 1283), (780, 1269), (784, 1266), (788, 1270), (794, 1281), (798, 1283), (805, 1271), (809, 1267), (813, 1270), (819, 1278), (832, 1273), (838, 1273), (849, 1276), (861, 1272), (876, 1275), (888, 1273), (901, 1275), (922, 1274), (930, 1277), (943, 1268), (947, 1273), (951, 1282), (953, 1284), (956, 1284), (964, 1268), (968, 1264), (972, 1269), (979, 1283), (981, 1285), (983, 1284), (991, 1269), (993, 1273), (997, 1270), (1004, 1281), (1008, 1285), (1016, 1268), (1020, 1264), (1023, 1265), (1033, 1285), (1037, 1281), (1046, 1264), (1048, 1264), (1050, 1267), (1056, 1281), (1060, 1285), (1071, 1265), (1073, 1264), (1077, 1268), (1083, 1282), (1085, 1283), (1096, 1270), (1100, 1268), (1111, 1278), (1115, 1278), (1125, 1270), (1129, 1271), (1136, 1278), (1140, 1279), (1148, 1271), (1153, 1270), (1165, 1279), (1178, 1270), (1182, 1271), (1188, 1277), (1192, 1279), (1205, 1270), (1217, 1279), (1222, 1277), (1228, 1271), (1232, 1270), (1241, 1277), (1245, 1279), (1257, 1269), (1261, 1271), (1270, 1280), (1274, 1278), (1280, 1270), (1285, 1268), (1297, 1281), (1310, 1267), (1314, 1270), (1320, 1279), (1324, 1281), (1333, 1270), (1337, 1267), (1349, 1283), (1352, 1282), (1358, 1271), (1362, 1267), (1375, 1279), (1379, 1278), (1385, 1272), (1389, 1270), (1402, 1279), (1406, 1277), (1412, 1271), (1417, 1270), (1425, 1277), (1429, 1279), (1442, 1269), (1446, 1271), (1452, 1279), (1456, 1280), (1465, 1270), (1469, 1268), (1477, 1278), (1481, 1280), (1494, 1269), (1507, 1279), (1511, 1278), (1519, 1270), (1523, 1271), (1534, 1279), (1538, 1277), (1544, 1270), (1549, 1269), (1557, 1278), (1561, 1280), (1569, 1271), (1574, 1269), (1586, 1280), (1590, 1278), (1597, 1270), (1601, 1269), (1609, 1278), (1614, 1280), (1626, 1269), (1639, 1280), (1643, 1278), (1649, 1270), (1653, 1268), (1662, 1278), (1666, 1280), (1678, 1268), (1683, 1271), (1691, 1280), (1695, 1279), (1702, 1270), (1706, 1268), (1718, 1281), (1731, 1268), (1735, 1270), (1741, 1279), (1746, 1280), (1754, 1270), (1758, 1268), (1771, 1280), (1775, 1278), (1781, 1270), (1785, 1269), (1794, 1278), (1798, 1279), (1800, 1282), (1800, 1272)]
[(1800, 1293), (1794, 1289), (1787, 1281), (1783, 1279), (1771, 1291), (1758, 1279), (1754, 1281), (1748, 1289), (1743, 1291), (1735, 1281), (1731, 1278), (1718, 1291), (1706, 1279), (1702, 1281), (1695, 1289), (1691, 1291), (1683, 1281), (1678, 1279), (1666, 1291), (1662, 1288), (1653, 1279), (1649, 1281), (1643, 1288), (1639, 1290), (1626, 1279), (1614, 1290), (1609, 1288), (1603, 1281), (1599, 1279), (1590, 1288), (1586, 1290), (1574, 1279), (1569, 1281), (1561, 1290), (1557, 1289), (1549, 1280), (1544, 1281), (1538, 1287), (1534, 1290), (1523, 1281), (1519, 1280), (1511, 1288), (1507, 1290), (1498, 1281), (1494, 1279), (1481, 1291), (1477, 1288), (1469, 1279), (1465, 1280), (1458, 1289), (1454, 1290), (1442, 1279), (1429, 1290), (1425, 1288), (1419, 1281), (1414, 1280), (1404, 1289), (1400, 1289), (1389, 1280), (1385, 1282), (1379, 1288), (1375, 1289), (1362, 1278), (1349, 1294), (1347, 1293), (1339, 1278), (1337, 1276), (1333, 1279), (1324, 1292), (1320, 1290), (1314, 1281), (1310, 1277), (1308, 1278), (1301, 1288), (1297, 1291), (1285, 1279), (1280, 1281), (1274, 1288), (1270, 1290), (1257, 1280), (1245, 1290), (1241, 1288), (1232, 1280), (1228, 1281), (1222, 1288), (1217, 1289), (1205, 1280), (1192, 1289), (1188, 1288), (1182, 1282), (1178, 1280), (1165, 1289), (1153, 1280), (1148, 1282), (1142, 1288), (1138, 1289), (1129, 1282), (1125, 1280), (1113, 1289), (1108, 1287), (1100, 1278), (1098, 1279), (1090, 1289), (1085, 1291), (1081, 1288), (1077, 1279), (1073, 1274), (1071, 1276), (1060, 1295), (1056, 1291), (1048, 1275), (1046, 1275), (1044, 1277), (1037, 1291), (1033, 1295), (1023, 1276), (1020, 1274), (1016, 1279), (1008, 1295), (1004, 1291), (997, 1280), (995, 1282), (993, 1282), (991, 1277), (985, 1291), (981, 1295), (979, 1294), (972, 1280), (968, 1274), (964, 1278), (956, 1294), (953, 1293), (943, 1278), (937, 1282), (930, 1292), (926, 1292), (918, 1277), (916, 1276), (905, 1287), (888, 1284), (874, 1286), (861, 1282), (849, 1288), (834, 1277), (824, 1294), (819, 1291), (811, 1277), (807, 1279), (798, 1290), (794, 1288), (786, 1278), (784, 1278), (773, 1289), (769, 1291), (761, 1281), (756, 1278), (750, 1285), (742, 1286), (729, 1281), (725, 1284), (717, 1287), (706, 1282), (702, 1282), (698, 1285), (694, 1292), (685, 1286), (679, 1274), (677, 1275), (675, 1277), (668, 1292), (664, 1295), (652, 1274), (650, 1276), (639, 1295), (635, 1292), (629, 1277), (627, 1275), (624, 1275), (616, 1291), (612, 1295), (599, 1274), (595, 1279), (587, 1295), (585, 1295), (576, 1278), (574, 1275), (572, 1275), (562, 1294), (559, 1295), (557, 1294), (547, 1274), (543, 1278), (534, 1294), (530, 1292), (522, 1276), (518, 1276), (509, 1294), (507, 1295), (503, 1291), (495, 1274), (492, 1275), (482, 1291), (480, 1292), (467, 1277), (463, 1281), (457, 1291), (453, 1292), (444, 1279), (440, 1277), (432, 1290), (427, 1293), (415, 1276), (411, 1280), (404, 1292), (400, 1293), (392, 1279), (388, 1276), (379, 1290), (375, 1294), (371, 1290), (363, 1275), (358, 1278), (350, 1294), (348, 1294), (342, 1283), (337, 1279), (323, 1288), (310, 1282), (295, 1288), (283, 1280), (279, 1282), (270, 1292), (268, 1292), (258, 1276), (254, 1278), (247, 1290), (243, 1294), (233, 1277), (231, 1276), (228, 1277), (218, 1293), (214, 1291), (207, 1279), (203, 1276), (195, 1290), (191, 1293), (178, 1276), (174, 1280), (166, 1293), (161, 1291), (155, 1279), (151, 1277), (138, 1293), (136, 1292), (126, 1277), (124, 1277), (113, 1292), (109, 1289), (103, 1281), (98, 1279), (86, 1290), (82, 1288), (73, 1279), (69, 1281), (63, 1288), (59, 1290), (46, 1279), (34, 1291), (29, 1289), (21, 1279), (17, 1280), (8, 1289), (4, 1289), (0, 1285), (0, 1283), (0, 1281), (0, 1278), (0, 1276), (0, 1274)]
[(0, 1295), (2, 1298), (4, 1300), (6, 1301), (8, 1301), (10, 1299), (17, 1291), (21, 1290), (29, 1299), (34, 1301), (46, 1289), (59, 1301), (63, 1299), (69, 1291), (73, 1290), (82, 1299), (86, 1301), (98, 1289), (103, 1292), (109, 1300), (113, 1302), (122, 1290), (126, 1288), (134, 1300), (138, 1303), (142, 1299), (151, 1287), (155, 1290), (161, 1301), (166, 1304), (174, 1290), (178, 1287), (191, 1304), (195, 1300), (203, 1287), (207, 1289), (214, 1301), (218, 1304), (226, 1290), (231, 1286), (233, 1287), (243, 1304), (247, 1301), (254, 1289), (258, 1286), (268, 1303), (272, 1301), (281, 1291), (285, 1292), (295, 1298), (310, 1292), (323, 1299), (327, 1297), (333, 1291), (337, 1290), (348, 1304), (350, 1305), (358, 1289), (363, 1285), (371, 1300), (375, 1305), (379, 1301), (388, 1286), (392, 1289), (398, 1301), (402, 1304), (411, 1290), (415, 1286), (427, 1304), (432, 1301), (438, 1289), (442, 1287), (453, 1302), (457, 1301), (463, 1292), (467, 1290), (471, 1292), (478, 1300), (482, 1301), (486, 1296), (495, 1291), (499, 1293), (505, 1301), (509, 1302), (520, 1285), (522, 1286), (524, 1289), (532, 1305), (534, 1305), (536, 1303), (545, 1286), (547, 1285), (557, 1304), (559, 1305), (564, 1301), (570, 1287), (572, 1285), (574, 1285), (585, 1305), (589, 1303), (595, 1289), (599, 1285), (612, 1306), (616, 1302), (622, 1287), (627, 1285), (635, 1302), (639, 1306), (650, 1286), (652, 1285), (654, 1286), (664, 1306), (668, 1302), (677, 1285), (679, 1290), (683, 1293), (687, 1299), (689, 1297), (696, 1297), (700, 1294), (704, 1293), (721, 1297), (729, 1292), (738, 1295), (744, 1304), (748, 1300), (756, 1286), (761, 1289), (767, 1303), (769, 1305), (771, 1305), (780, 1289), (784, 1285), (796, 1306), (800, 1301), (809, 1285), (811, 1286), (821, 1301), (826, 1300), (832, 1292), (836, 1289), (849, 1300), (861, 1292), (872, 1296), (893, 1294), (903, 1300), (905, 1300), (914, 1286), (916, 1285), (918, 1287), (926, 1305), (928, 1306), (930, 1304), (941, 1285), (945, 1289), (951, 1303), (953, 1305), (956, 1305), (964, 1289), (968, 1285), (972, 1290), (979, 1304), (981, 1306), (985, 1301), (991, 1287), (995, 1294), (997, 1292), (1000, 1293), (1004, 1302), (1008, 1305), (1016, 1289), (1020, 1285), (1023, 1286), (1033, 1306), (1037, 1302), (1046, 1285), (1048, 1285), (1050, 1288), (1056, 1302), (1060, 1306), (1071, 1286), (1073, 1285), (1075, 1286), (1081, 1298), (1085, 1301), (1090, 1299), (1098, 1290), (1113, 1299), (1125, 1291), (1129, 1292), (1136, 1299), (1140, 1300), (1148, 1292), (1153, 1291), (1165, 1300), (1178, 1291), (1182, 1292), (1188, 1298), (1192, 1300), (1205, 1291), (1217, 1300), (1222, 1298), (1228, 1292), (1232, 1291), (1241, 1298), (1245, 1300), (1257, 1290), (1270, 1301), (1274, 1299), (1280, 1291), (1285, 1290), (1297, 1302), (1310, 1288), (1314, 1291), (1320, 1301), (1324, 1303), (1333, 1290), (1337, 1287), (1347, 1303), (1349, 1304), (1362, 1288), (1373, 1299), (1377, 1300), (1385, 1292), (1389, 1290), (1400, 1299), (1404, 1300), (1414, 1290), (1419, 1292), (1425, 1299), (1429, 1301), (1442, 1290), (1446, 1292), (1452, 1300), (1456, 1301), (1465, 1291), (1469, 1289), (1477, 1299), (1481, 1301), (1494, 1290), (1507, 1300), (1511, 1299), (1517, 1292), (1521, 1291), (1532, 1300), (1536, 1300), (1546, 1290), (1551, 1292), (1559, 1300), (1563, 1299), (1569, 1292), (1574, 1290), (1586, 1300), (1590, 1298), (1599, 1290), (1603, 1292), (1609, 1299), (1614, 1301), (1626, 1290), (1639, 1301), (1643, 1299), (1649, 1291), (1653, 1290), (1662, 1299), (1666, 1301), (1678, 1289), (1683, 1292), (1691, 1301), (1695, 1299), (1702, 1291), (1706, 1289), (1718, 1301), (1731, 1289), (1735, 1291), (1743, 1301), (1748, 1300), (1756, 1290), (1760, 1290), (1766, 1298), (1771, 1301), (1775, 1298), (1781, 1291), (1785, 1290), (1800, 1303), (1800, 1293)]
[(1800, 1314), (1785, 1301), (1781, 1301), (1775, 1309), (1771, 1311), (1766, 1309), (1760, 1301), (1756, 1300), (1748, 1310), (1743, 1312), (1735, 1302), (1731, 1300), (1718, 1312), (1706, 1300), (1702, 1302), (1695, 1310), (1691, 1312), (1683, 1302), (1678, 1300), (1666, 1311), (1662, 1309), (1653, 1300), (1649, 1302), (1643, 1309), (1639, 1311), (1626, 1300), (1614, 1311), (1609, 1309), (1603, 1302), (1599, 1301), (1586, 1311), (1574, 1301), (1569, 1303), (1563, 1310), (1559, 1311), (1551, 1302), (1546, 1300), (1534, 1311), (1521, 1301), (1517, 1302), (1511, 1309), (1507, 1311), (1494, 1300), (1481, 1311), (1477, 1309), (1471, 1301), (1467, 1300), (1458, 1309), (1454, 1311), (1442, 1300), (1429, 1312), (1425, 1310), (1417, 1301), (1404, 1309), (1389, 1303), (1377, 1308), (1362, 1303), (1349, 1309), (1335, 1302), (1322, 1311), (1310, 1299), (1308, 1299), (1301, 1309), (1297, 1313), (1293, 1310), (1285, 1299), (1280, 1301), (1274, 1310), (1270, 1312), (1261, 1303), (1257, 1300), (1245, 1311), (1241, 1309), (1232, 1301), (1228, 1302), (1222, 1309), (1217, 1311), (1205, 1301), (1192, 1310), (1188, 1309), (1182, 1302), (1178, 1301), (1165, 1310), (1153, 1301), (1148, 1303), (1140, 1310), (1136, 1309), (1129, 1303), (1125, 1301), (1113, 1310), (1102, 1302), (1098, 1302), (1090, 1310), (1085, 1311), (1081, 1308), (1073, 1295), (1071, 1297), (1060, 1316), (1056, 1312), (1048, 1296), (1046, 1296), (1044, 1298), (1037, 1312), (1033, 1316), (1023, 1297), (1020, 1295), (1018, 1296), (1010, 1314), (1008, 1316), (1004, 1313), (1000, 1304), (995, 1303), (991, 1298), (985, 1312), (981, 1316), (979, 1315), (972, 1301), (968, 1295), (964, 1299), (956, 1316), (953, 1316), (951, 1313), (945, 1299), (941, 1295), (932, 1310), (926, 1313), (918, 1298), (916, 1295), (914, 1296), (905, 1313), (901, 1316), (893, 1302), (886, 1305), (874, 1306), (870, 1306), (861, 1302), (849, 1311), (836, 1299), (832, 1302), (824, 1315), (821, 1316), (813, 1298), (811, 1296), (809, 1295), (800, 1310), (796, 1309), (790, 1306), (786, 1297), (784, 1295), (782, 1296), (771, 1316), (769, 1316), (767, 1313), (761, 1299), (756, 1295), (746, 1315), (744, 1316), (740, 1311), (733, 1298), (731, 1297), (727, 1304), (721, 1307), (715, 1308), (704, 1304), (692, 1309), (681, 1303), (679, 1297), (677, 1298), (666, 1316), (664, 1316), (654, 1296), (652, 1295), (647, 1300), (641, 1314), (639, 1315), (635, 1312), (629, 1298), (627, 1296), (624, 1295), (616, 1312), (612, 1316), (599, 1295), (597, 1296), (587, 1316), (583, 1313), (576, 1299), (572, 1295), (562, 1315), (559, 1316), (557, 1315), (551, 1301), (547, 1296), (545, 1296), (543, 1299), (534, 1316), (530, 1313), (522, 1296), (520, 1295), (515, 1301), (509, 1315), (507, 1316), (503, 1312), (495, 1295), (492, 1296), (484, 1310), (478, 1309), (467, 1300), (463, 1303), (457, 1311), (455, 1311), (446, 1305), (442, 1304), (438, 1300), (432, 1311), (427, 1315), (415, 1297), (411, 1300), (402, 1315), (398, 1312), (392, 1300), (388, 1297), (377, 1314), (375, 1315), (371, 1311), (363, 1296), (358, 1299), (350, 1315), (348, 1315), (342, 1304), (337, 1301), (333, 1302), (327, 1308), (323, 1309), (310, 1303), (295, 1309), (283, 1301), (279, 1303), (270, 1314), (268, 1314), (258, 1296), (254, 1299), (247, 1312), (243, 1315), (233, 1298), (231, 1297), (228, 1298), (218, 1315), (214, 1312), (207, 1300), (203, 1297), (195, 1311), (191, 1314), (178, 1297), (174, 1301), (166, 1314), (161, 1312), (155, 1300), (151, 1297), (140, 1313), (138, 1314), (126, 1298), (122, 1301), (113, 1313), (109, 1311), (103, 1302), (98, 1300), (86, 1312), (82, 1309), (73, 1300), (69, 1302), (63, 1310), (59, 1312), (46, 1300), (34, 1311), (29, 1309), (21, 1300), (17, 1301), (8, 1311), (4, 1311), (0, 1306), (0, 1304), (0, 1302), (0, 1299), (0, 1297), (0, 1295)]
[(0, 1316), (2, 1319), (4, 1322), (6, 1322), (8, 1322), (10, 1320), (17, 1312), (21, 1310), (29, 1320), (34, 1322), (46, 1310), (59, 1322), (63, 1320), (69, 1312), (73, 1310), (82, 1320), (86, 1322), (98, 1310), (103, 1312), (109, 1322), (113, 1324), (122, 1311), (126, 1308), (134, 1321), (138, 1324), (140, 1323), (151, 1308), (155, 1311), (161, 1322), (166, 1325), (174, 1311), (178, 1308), (191, 1325), (195, 1321), (203, 1307), (207, 1310), (214, 1322), (218, 1325), (228, 1308), (231, 1307), (233, 1308), (243, 1326), (247, 1322), (254, 1309), (256, 1306), (258, 1306), (268, 1325), (272, 1323), (279, 1314), (283, 1312), (295, 1319), (300, 1318), (308, 1313), (312, 1314), (323, 1319), (327, 1318), (333, 1312), (337, 1311), (342, 1315), (348, 1325), (350, 1326), (358, 1310), (363, 1306), (371, 1321), (375, 1326), (377, 1325), (388, 1307), (392, 1310), (398, 1322), (402, 1325), (413, 1308), (415, 1307), (427, 1326), (432, 1322), (438, 1310), (440, 1314), (444, 1314), (453, 1319), (455, 1322), (463, 1314), (469, 1311), (480, 1325), (488, 1314), (492, 1306), (495, 1306), (503, 1322), (507, 1327), (520, 1306), (524, 1310), (532, 1326), (534, 1326), (536, 1324), (543, 1309), (547, 1306), (557, 1325), (559, 1327), (562, 1325), (572, 1306), (576, 1309), (583, 1323), (587, 1326), (595, 1310), (599, 1306), (612, 1327), (616, 1323), (624, 1306), (627, 1306), (629, 1309), (635, 1323), (639, 1327), (650, 1307), (652, 1306), (654, 1307), (664, 1327), (666, 1321), (668, 1321), (673, 1313), (677, 1316), (679, 1313), (681, 1313), (687, 1319), (694, 1319), (698, 1316), (708, 1316), (715, 1317), (719, 1321), (721, 1321), (727, 1310), (731, 1308), (733, 1309), (742, 1325), (744, 1327), (746, 1325), (756, 1306), (761, 1311), (769, 1326), (773, 1323), (782, 1307), (784, 1307), (788, 1311), (790, 1316), (792, 1317), (805, 1316), (813, 1310), (819, 1321), (824, 1323), (826, 1322), (832, 1312), (836, 1309), (849, 1322), (861, 1312), (870, 1316), (882, 1316), (888, 1308), (891, 1309), (901, 1326), (905, 1323), (914, 1308), (916, 1307), (918, 1308), (924, 1321), (928, 1321), (932, 1319), (941, 1306), (945, 1309), (951, 1324), (953, 1326), (956, 1326), (964, 1310), (968, 1306), (972, 1311), (979, 1325), (981, 1327), (985, 1322), (991, 1308), (993, 1309), (995, 1313), (1000, 1315), (1006, 1325), (1008, 1326), (1010, 1324), (1018, 1307), (1020, 1306), (1023, 1307), (1033, 1327), (1037, 1323), (1046, 1306), (1048, 1306), (1050, 1308), (1056, 1323), (1060, 1327), (1071, 1307), (1083, 1321), (1088, 1322), (1098, 1312), (1102, 1313), (1108, 1319), (1113, 1321), (1123, 1312), (1127, 1312), (1136, 1320), (1140, 1321), (1148, 1313), (1153, 1311), (1165, 1321), (1178, 1311), (1182, 1313), (1188, 1319), (1192, 1321), (1205, 1311), (1217, 1321), (1222, 1319), (1230, 1311), (1234, 1312), (1241, 1320), (1245, 1322), (1257, 1310), (1261, 1313), (1270, 1323), (1274, 1321), (1280, 1312), (1285, 1310), (1293, 1319), (1297, 1321), (1305, 1315), (1310, 1314), (1322, 1317), (1337, 1315), (1349, 1317), (1364, 1315), (1377, 1317), (1389, 1315), (1402, 1317), (1417, 1314), (1429, 1320), (1433, 1318), (1442, 1310), (1454, 1322), (1458, 1320), (1465, 1312), (1469, 1311), (1477, 1320), (1481, 1322), (1494, 1311), (1507, 1321), (1511, 1320), (1517, 1313), (1521, 1311), (1534, 1322), (1546, 1311), (1551, 1313), (1557, 1320), (1561, 1321), (1569, 1313), (1574, 1311), (1586, 1321), (1599, 1311), (1603, 1313), (1609, 1320), (1614, 1321), (1626, 1311), (1639, 1321), (1643, 1320), (1649, 1312), (1653, 1311), (1662, 1319), (1666, 1321), (1678, 1311), (1691, 1322), (1695, 1320), (1702, 1312), (1706, 1311), (1718, 1322), (1731, 1310), (1735, 1312), (1741, 1320), (1746, 1322), (1756, 1311), (1760, 1311), (1771, 1322), (1775, 1319), (1781, 1312), (1785, 1311), (1800, 1324), (1800, 1314)]
[(1800, 1335), (1798, 1332), (1794, 1331), (1787, 1323), (1783, 1321), (1775, 1330), (1771, 1332), (1760, 1322), (1756, 1322), (1746, 1332), (1741, 1331), (1735, 1323), (1731, 1321), (1718, 1332), (1706, 1321), (1702, 1323), (1693, 1332), (1689, 1331), (1683, 1324), (1678, 1321), (1666, 1332), (1662, 1330), (1653, 1322), (1649, 1323), (1643, 1330), (1639, 1332), (1626, 1322), (1614, 1332), (1609, 1330), (1603, 1323), (1599, 1321), (1590, 1330), (1586, 1332), (1574, 1321), (1569, 1324), (1563, 1331), (1559, 1332), (1551, 1323), (1546, 1321), (1534, 1332), (1521, 1321), (1517, 1323), (1511, 1330), (1507, 1332), (1494, 1321), (1481, 1332), (1477, 1330), (1471, 1322), (1467, 1321), (1458, 1331), (1454, 1332), (1444, 1324), (1431, 1328), (1417, 1326), (1400, 1328), (1389, 1326), (1377, 1328), (1360, 1326), (1352, 1328), (1337, 1326), (1322, 1328), (1310, 1326), (1295, 1328), (1282, 1324), (1270, 1331), (1268, 1330), (1257, 1321), (1255, 1321), (1245, 1333), (1241, 1330), (1232, 1321), (1228, 1323), (1222, 1330), (1217, 1332), (1205, 1322), (1192, 1332), (1188, 1330), (1180, 1322), (1176, 1323), (1169, 1329), (1165, 1331), (1153, 1322), (1148, 1324), (1140, 1331), (1136, 1330), (1127, 1322), (1123, 1323), (1113, 1331), (1108, 1329), (1102, 1323), (1098, 1322), (1088, 1332), (1085, 1332), (1073, 1320), (1069, 1322), (1060, 1337), (1056, 1333), (1048, 1316), (1046, 1317), (1044, 1319), (1037, 1333), (1033, 1337), (1023, 1318), (1020, 1316), (1016, 1321), (1008, 1337), (1006, 1336), (1002, 1328), (995, 1322), (993, 1318), (991, 1319), (985, 1333), (981, 1337), (979, 1336), (972, 1322), (968, 1316), (964, 1320), (956, 1337), (953, 1337), (951, 1334), (945, 1320), (941, 1316), (930, 1332), (926, 1331), (918, 1323), (914, 1323), (901, 1334), (891, 1318), (888, 1318), (882, 1327), (868, 1326), (861, 1323), (849, 1333), (836, 1320), (824, 1333), (819, 1331), (815, 1325), (811, 1322), (805, 1326), (798, 1327), (788, 1326), (782, 1323), (773, 1331), (769, 1332), (765, 1329), (759, 1318), (756, 1317), (748, 1330), (744, 1332), (731, 1321), (727, 1322), (721, 1331), (717, 1334), (708, 1323), (706, 1323), (704, 1325), (689, 1328), (677, 1323), (668, 1329), (666, 1335), (664, 1336), (654, 1317), (652, 1316), (650, 1318), (639, 1337), (635, 1333), (629, 1319), (627, 1317), (624, 1316), (616, 1333), (612, 1337), (599, 1316), (595, 1321), (587, 1337), (583, 1334), (576, 1320), (572, 1316), (559, 1337), (547, 1316), (543, 1320), (536, 1334), (534, 1337), (532, 1337), (524, 1320), (520, 1316), (515, 1322), (509, 1336), (507, 1337), (505, 1336), (495, 1316), (490, 1319), (484, 1334), (480, 1337), (469, 1320), (465, 1327), (457, 1327), (453, 1332), (446, 1325), (442, 1324), (440, 1320), (438, 1319), (432, 1333), (427, 1337), (419, 1322), (415, 1319), (411, 1322), (402, 1335), (398, 1332), (392, 1321), (388, 1318), (379, 1332), (375, 1335), (371, 1331), (363, 1317), (358, 1320), (350, 1336), (348, 1335), (342, 1325), (337, 1322), (323, 1329), (310, 1324), (295, 1329), (283, 1322), (279, 1324), (272, 1333), (268, 1335), (258, 1317), (254, 1320), (247, 1333), (243, 1336), (233, 1319), (231, 1318), (226, 1322), (218, 1335), (214, 1332), (205, 1318), (201, 1320), (195, 1332), (191, 1335), (178, 1318), (174, 1321), (166, 1335), (161, 1333), (155, 1321), (151, 1319), (140, 1334), (138, 1335), (136, 1334), (126, 1319), (122, 1322), (113, 1333), (111, 1333), (103, 1323), (98, 1321), (86, 1332), (82, 1330), (73, 1321), (69, 1323), (63, 1330), (59, 1332), (46, 1321), (34, 1332), (29, 1330), (21, 1321), (17, 1322), (10, 1330), (6, 1332), (4, 1332), (0, 1327), (0, 1325), (0, 1322), (0, 1320), (0, 1318), (0, 1316)]
[(0, 1337), (2, 1340), (4, 1342), (6, 1342), (8, 1342), (10, 1340), (17, 1334), (21, 1333), (29, 1340), (34, 1342), (46, 1332), (59, 1342), (63, 1340), (69, 1334), (73, 1332), (82, 1340), (86, 1342), (98, 1332), (103, 1334), (109, 1342), (113, 1343), (122, 1332), (126, 1330), (138, 1345), (151, 1329), (155, 1332), (161, 1343), (166, 1345), (174, 1332), (178, 1329), (191, 1345), (195, 1342), (203, 1329), (207, 1331), (214, 1343), (218, 1346), (228, 1329), (231, 1328), (233, 1329), (243, 1347), (247, 1343), (254, 1330), (256, 1327), (258, 1327), (268, 1346), (270, 1345), (279, 1334), (283, 1333), (295, 1340), (308, 1335), (312, 1335), (321, 1339), (325, 1339), (337, 1332), (342, 1336), (348, 1346), (350, 1346), (358, 1331), (363, 1328), (371, 1342), (375, 1346), (379, 1342), (388, 1329), (392, 1331), (398, 1343), (400, 1344), (402, 1341), (404, 1344), (411, 1331), (415, 1327), (423, 1340), (427, 1343), (432, 1341), (440, 1330), (451, 1338), (455, 1346), (457, 1345), (463, 1332), (467, 1327), (471, 1331), (478, 1345), (484, 1344), (490, 1330), (492, 1327), (495, 1327), (503, 1343), (507, 1348), (509, 1346), (515, 1332), (520, 1327), (524, 1331), (532, 1347), (536, 1345), (545, 1328), (547, 1328), (549, 1330), (555, 1341), (559, 1345), (562, 1344), (572, 1327), (576, 1331), (583, 1344), (587, 1347), (595, 1331), (599, 1327), (612, 1348), (616, 1344), (624, 1327), (627, 1327), (629, 1330), (635, 1344), (639, 1348), (650, 1328), (652, 1329), (654, 1334), (658, 1336), (660, 1341), (664, 1339), (666, 1340), (675, 1335), (696, 1339), (704, 1328), (717, 1343), (719, 1343), (727, 1334), (731, 1332), (740, 1340), (744, 1342), (748, 1340), (754, 1333), (756, 1332), (763, 1336), (769, 1344), (775, 1340), (782, 1331), (788, 1334), (794, 1344), (798, 1342), (809, 1333), (813, 1334), (821, 1342), (826, 1342), (832, 1334), (836, 1331), (849, 1343), (861, 1333), (870, 1337), (882, 1337), (888, 1332), (893, 1334), (899, 1342), (903, 1343), (912, 1333), (916, 1331), (918, 1332), (926, 1345), (928, 1346), (932, 1342), (939, 1329), (941, 1328), (945, 1331), (951, 1345), (953, 1347), (956, 1347), (964, 1331), (968, 1327), (972, 1332), (979, 1346), (981, 1348), (983, 1347), (991, 1329), (993, 1328), (1008, 1347), (1010, 1345), (1018, 1328), (1020, 1327), (1023, 1328), (1033, 1348), (1037, 1344), (1046, 1327), (1048, 1327), (1050, 1329), (1056, 1344), (1060, 1348), (1069, 1334), (1073, 1331), (1085, 1342), (1096, 1334), (1100, 1333), (1113, 1342), (1125, 1332), (1129, 1334), (1138, 1342), (1142, 1341), (1148, 1334), (1153, 1332), (1163, 1341), (1167, 1342), (1178, 1332), (1182, 1334), (1188, 1341), (1192, 1342), (1205, 1332), (1217, 1343), (1222, 1341), (1230, 1331), (1234, 1333), (1243, 1342), (1247, 1341), (1253, 1335), (1257, 1334), (1270, 1339), (1285, 1336), (1297, 1339), (1310, 1336), (1324, 1338), (1337, 1336), (1349, 1339), (1364, 1336), (1373, 1338), (1458, 1338), (1469, 1332), (1471, 1333), (1477, 1341), (1481, 1343), (1494, 1332), (1498, 1334), (1505, 1341), (1509, 1343), (1517, 1333), (1521, 1331), (1534, 1343), (1546, 1331), (1551, 1333), (1559, 1342), (1563, 1341), (1569, 1334), (1574, 1332), (1586, 1343), (1590, 1340), (1599, 1332), (1603, 1333), (1609, 1341), (1614, 1342), (1626, 1332), (1639, 1342), (1643, 1340), (1649, 1334), (1653, 1332), (1662, 1340), (1666, 1342), (1678, 1332), (1691, 1342), (1695, 1341), (1702, 1334), (1706, 1332), (1718, 1343), (1731, 1332), (1735, 1334), (1743, 1342), (1748, 1341), (1754, 1334), (1758, 1332), (1771, 1342), (1775, 1340), (1783, 1332), (1787, 1333), (1794, 1341), (1798, 1342), (1800, 1345), (1800, 1335)]
[(1800, 1356), (1798, 1353), (1794, 1351), (1787, 1344), (1783, 1342), (1773, 1352), (1769, 1352), (1758, 1343), (1754, 1344), (1748, 1352), (1743, 1353), (1735, 1344), (1731, 1342), (1718, 1353), (1706, 1342), (1702, 1344), (1695, 1351), (1691, 1353), (1681, 1343), (1676, 1343), (1666, 1353), (1662, 1351), (1655, 1344), (1651, 1343), (1643, 1351), (1639, 1353), (1626, 1342), (1614, 1353), (1609, 1351), (1603, 1344), (1599, 1342), (1586, 1353), (1574, 1341), (1569, 1344), (1561, 1354), (1557, 1352), (1551, 1343), (1546, 1341), (1534, 1354), (1521, 1341), (1517, 1344), (1511, 1352), (1507, 1354), (1496, 1342), (1494, 1342), (1484, 1350), (1473, 1348), (1335, 1347), (1322, 1348), (1312, 1347), (1297, 1349), (1285, 1347), (1272, 1348), (1251, 1348), (1243, 1350), (1230, 1342), (1222, 1351), (1217, 1354), (1205, 1342), (1192, 1353), (1188, 1351), (1182, 1344), (1178, 1342), (1165, 1353), (1153, 1343), (1148, 1345), (1140, 1352), (1136, 1351), (1129, 1345), (1125, 1343), (1113, 1352), (1100, 1343), (1085, 1352), (1073, 1342), (1069, 1344), (1060, 1358), (1058, 1357), (1056, 1354), (1048, 1337), (1046, 1337), (1044, 1340), (1037, 1354), (1033, 1358), (1023, 1339), (1020, 1337), (1016, 1342), (1010, 1355), (1008, 1356), (997, 1345), (993, 1337), (985, 1354), (981, 1358), (979, 1357), (972, 1343), (968, 1337), (964, 1341), (956, 1358), (953, 1358), (951, 1355), (945, 1342), (941, 1340), (932, 1352), (928, 1355), (916, 1342), (903, 1352), (893, 1347), (870, 1348), (861, 1343), (853, 1351), (849, 1353), (836, 1342), (832, 1345), (826, 1352), (824, 1353), (811, 1344), (807, 1345), (796, 1351), (784, 1344), (773, 1351), (769, 1352), (761, 1345), (756, 1344), (746, 1351), (742, 1351), (731, 1343), (717, 1353), (704, 1340), (700, 1344), (694, 1356), (692, 1357), (685, 1348), (683, 1347), (673, 1347), (664, 1350), (660, 1349), (656, 1345), (654, 1339), (645, 1347), (639, 1358), (635, 1354), (629, 1340), (627, 1338), (624, 1337), (616, 1354), (612, 1358), (599, 1337), (595, 1341), (587, 1358), (583, 1355), (576, 1341), (572, 1337), (564, 1351), (557, 1356), (549, 1339), (547, 1337), (545, 1338), (536, 1355), (534, 1358), (532, 1358), (524, 1341), (520, 1337), (515, 1343), (509, 1357), (507, 1358), (499, 1345), (495, 1341), (488, 1346), (484, 1355), (480, 1358), (471, 1342), (467, 1337), (465, 1339), (455, 1358), (451, 1354), (442, 1337), (440, 1337), (438, 1340), (434, 1349), (430, 1354), (425, 1354), (421, 1347), (415, 1343), (413, 1343), (404, 1353), (400, 1355), (392, 1342), (388, 1339), (377, 1355), (375, 1356), (371, 1352), (363, 1338), (358, 1341), (350, 1357), (348, 1356), (342, 1346), (337, 1343), (325, 1350), (321, 1350), (310, 1345), (295, 1351), (285, 1344), (281, 1343), (270, 1356), (268, 1356), (258, 1338), (256, 1338), (254, 1340), (247, 1354), (243, 1357), (235, 1343), (231, 1338), (228, 1339), (218, 1356), (214, 1354), (207, 1342), (203, 1339), (195, 1352), (191, 1356), (178, 1340), (174, 1343), (166, 1355), (161, 1353), (155, 1343), (151, 1340), (140, 1354), (138, 1355), (136, 1354), (126, 1341), (122, 1343), (113, 1354), (109, 1352), (103, 1344), (98, 1342), (86, 1352), (82, 1350), (73, 1343), (69, 1344), (63, 1351), (59, 1352), (46, 1343), (34, 1352), (29, 1351), (21, 1343), (17, 1344), (8, 1352), (4, 1352), (0, 1348), (0, 1346), (0, 1343), (0, 1341), (0, 1339), (0, 1337)]
[(0, 1358), (2, 1360), (4, 1363), (6, 1363), (8, 1362), (10, 1361), (17, 1355), (21, 1353), (29, 1361), (34, 1363), (46, 1353), (59, 1363), (63, 1361), (69, 1355), (73, 1354), (86, 1363), (98, 1353), (103, 1355), (109, 1363), (113, 1364), (122, 1353), (126, 1351), (136, 1365), (138, 1366), (140, 1365), (151, 1351), (155, 1353), (161, 1364), (166, 1365), (174, 1353), (178, 1350), (191, 1366), (195, 1363), (203, 1349), (207, 1352), (214, 1364), (218, 1367), (228, 1350), (231, 1349), (235, 1353), (243, 1368), (247, 1365), (254, 1351), (256, 1348), (258, 1348), (268, 1367), (272, 1365), (279, 1355), (283, 1353), (295, 1361), (310, 1356), (321, 1361), (325, 1360), (337, 1353), (342, 1357), (348, 1367), (350, 1367), (358, 1352), (363, 1349), (371, 1363), (375, 1367), (379, 1363), (388, 1350), (392, 1352), (398, 1363), (402, 1366), (413, 1351), (417, 1350), (427, 1367), (430, 1367), (436, 1356), (442, 1350), (444, 1350), (451, 1365), (455, 1368), (465, 1349), (467, 1348), (469, 1349), (476, 1362), (480, 1367), (484, 1364), (490, 1351), (495, 1348), (503, 1364), (507, 1369), (509, 1367), (515, 1353), (520, 1348), (522, 1348), (528, 1361), (534, 1368), (543, 1351), (547, 1348), (559, 1368), (562, 1367), (572, 1349), (574, 1348), (583, 1365), (587, 1368), (595, 1352), (599, 1348), (612, 1369), (616, 1364), (624, 1348), (627, 1348), (629, 1351), (637, 1367), (645, 1358), (647, 1353), (652, 1355), (654, 1354), (660, 1359), (666, 1359), (675, 1358), (679, 1350), (681, 1351), (689, 1367), (694, 1365), (700, 1355), (704, 1352), (717, 1363), (721, 1362), (727, 1355), (731, 1354), (740, 1360), (744, 1361), (756, 1356), (771, 1361), (784, 1355), (794, 1360), (798, 1361), (811, 1355), (824, 1363), (836, 1353), (849, 1364), (853, 1362), (861, 1353), (870, 1358), (884, 1358), (891, 1356), (903, 1362), (916, 1353), (928, 1364), (932, 1362), (939, 1352), (943, 1351), (953, 1368), (956, 1368), (964, 1352), (968, 1348), (972, 1353), (979, 1367), (981, 1369), (985, 1364), (993, 1348), (997, 1355), (1010, 1365), (1016, 1352), (1020, 1348), (1023, 1349), (1033, 1368), (1037, 1365), (1046, 1348), (1048, 1348), (1050, 1350), (1056, 1365), (1058, 1366), (1062, 1364), (1071, 1352), (1073, 1352), (1085, 1362), (1100, 1354), (1113, 1363), (1125, 1353), (1129, 1355), (1136, 1362), (1140, 1363), (1148, 1355), (1153, 1353), (1165, 1364), (1178, 1353), (1182, 1354), (1188, 1362), (1192, 1364), (1201, 1355), (1205, 1352), (1217, 1364), (1220, 1364), (1226, 1357), (1230, 1355), (1241, 1359), (1257, 1358), (1270, 1359), (1285, 1357), (1295, 1359), (1486, 1358), (1498, 1356), (1505, 1363), (1509, 1364), (1517, 1354), (1521, 1352), (1532, 1364), (1534, 1365), (1546, 1351), (1551, 1354), (1557, 1363), (1561, 1365), (1569, 1354), (1574, 1351), (1586, 1365), (1599, 1352), (1603, 1354), (1609, 1362), (1614, 1364), (1626, 1352), (1639, 1364), (1643, 1362), (1651, 1353), (1655, 1354), (1662, 1361), (1666, 1363), (1676, 1353), (1681, 1353), (1691, 1363), (1695, 1362), (1702, 1354), (1706, 1353), (1718, 1364), (1731, 1353), (1735, 1355), (1743, 1363), (1746, 1363), (1756, 1353), (1760, 1354), (1771, 1363), (1775, 1361), (1781, 1354), (1785, 1353), (1800, 1366), (1800, 1356)]
[(1800, 1377), (1798, 1374), (1794, 1372), (1785, 1364), (1781, 1365), (1775, 1372), (1771, 1374), (1758, 1363), (1754, 1365), (1748, 1372), (1743, 1374), (1735, 1365), (1731, 1363), (1718, 1374), (1714, 1372), (1708, 1364), (1704, 1363), (1695, 1372), (1691, 1374), (1678, 1363), (1666, 1374), (1662, 1372), (1653, 1363), (1649, 1364), (1643, 1372), (1639, 1375), (1626, 1362), (1614, 1375), (1609, 1373), (1603, 1364), (1599, 1362), (1590, 1373), (1586, 1375), (1574, 1362), (1569, 1364), (1561, 1375), (1557, 1373), (1551, 1364), (1546, 1362), (1534, 1375), (1521, 1362), (1517, 1364), (1511, 1373), (1509, 1374), (1502, 1369), (1498, 1368), (1245, 1369), (1230, 1368), (1215, 1372), (1205, 1362), (1192, 1374), (1188, 1372), (1182, 1365), (1178, 1363), (1167, 1373), (1165, 1374), (1153, 1363), (1148, 1365), (1140, 1374), (1136, 1372), (1129, 1366), (1125, 1364), (1113, 1373), (1100, 1364), (1096, 1366), (1090, 1372), (1085, 1373), (1075, 1364), (1071, 1363), (1062, 1373), (1058, 1375), (1054, 1370), (1048, 1358), (1046, 1358), (1044, 1361), (1037, 1375), (1033, 1379), (1023, 1360), (1020, 1358), (1016, 1363), (1012, 1372), (1008, 1373), (1006, 1375), (997, 1365), (995, 1359), (993, 1358), (985, 1375), (981, 1379), (979, 1378), (972, 1364), (968, 1358), (964, 1362), (956, 1379), (953, 1378), (945, 1364), (941, 1362), (932, 1372), (928, 1374), (916, 1364), (903, 1373), (893, 1367), (870, 1369), (861, 1364), (853, 1372), (849, 1374), (836, 1364), (824, 1373), (811, 1365), (796, 1371), (784, 1366), (771, 1370), (756, 1366), (742, 1371), (731, 1365), (727, 1366), (721, 1372), (717, 1374), (708, 1365), (704, 1363), (700, 1365), (694, 1375), (689, 1376), (679, 1358), (677, 1359), (675, 1361), (671, 1370), (660, 1369), (650, 1365), (645, 1368), (641, 1376), (633, 1370), (629, 1361), (627, 1358), (624, 1358), (616, 1375), (612, 1379), (599, 1358), (595, 1362), (589, 1377), (585, 1378), (572, 1358), (564, 1374), (559, 1379), (557, 1378), (547, 1358), (543, 1362), (536, 1376), (534, 1379), (532, 1379), (524, 1362), (520, 1358), (515, 1364), (509, 1378), (507, 1379), (503, 1375), (495, 1358), (492, 1359), (482, 1378), (480, 1378), (469, 1359), (467, 1358), (463, 1363), (455, 1379), (451, 1375), (442, 1358), (440, 1358), (438, 1361), (432, 1375), (427, 1379), (417, 1362), (413, 1363), (404, 1374), (400, 1375), (392, 1364), (388, 1362), (375, 1377), (371, 1373), (363, 1359), (358, 1362), (350, 1378), (348, 1377), (337, 1363), (323, 1371), (310, 1366), (298, 1371), (293, 1371), (285, 1365), (281, 1364), (270, 1378), (268, 1378), (258, 1358), (256, 1358), (254, 1361), (247, 1375), (243, 1379), (233, 1360), (231, 1358), (228, 1360), (218, 1378), (214, 1375), (207, 1362), (203, 1359), (195, 1374), (191, 1377), (178, 1360), (174, 1363), (166, 1376), (161, 1374), (155, 1364), (151, 1361), (142, 1373), (138, 1376), (134, 1373), (126, 1361), (122, 1364), (113, 1375), (111, 1375), (103, 1365), (98, 1363), (86, 1374), (73, 1364), (69, 1365), (63, 1372), (59, 1373), (46, 1364), (34, 1373), (29, 1372), (21, 1364), (17, 1365), (8, 1373), (4, 1373), (0, 1369), (0, 1366), (0, 1364), (0, 1362), (0, 1360), (0, 1358)]
[(0, 1379), (2, 1381), (4, 1383), (6, 1384), (8, 1383), (10, 1382), (17, 1375), (21, 1374), (29, 1382), (34, 1384), (46, 1374), (57, 1383), (61, 1384), (69, 1375), (73, 1374), (86, 1384), (98, 1373), (103, 1376), (109, 1384), (113, 1386), (122, 1374), (126, 1371), (136, 1386), (138, 1387), (151, 1371), (155, 1374), (161, 1385), (166, 1387), (174, 1374), (178, 1370), (191, 1388), (195, 1385), (203, 1369), (207, 1372), (214, 1386), (218, 1389), (228, 1370), (231, 1369), (233, 1370), (243, 1389), (247, 1386), (254, 1371), (256, 1369), (258, 1369), (268, 1388), (272, 1386), (279, 1376), (283, 1374), (295, 1382), (308, 1376), (312, 1377), (321, 1382), (325, 1382), (333, 1375), (337, 1374), (348, 1387), (350, 1388), (352, 1386), (358, 1373), (363, 1369), (373, 1387), (375, 1388), (388, 1371), (392, 1374), (400, 1386), (404, 1386), (411, 1373), (415, 1369), (417, 1370), (427, 1389), (432, 1386), (440, 1369), (442, 1369), (444, 1371), (451, 1386), (455, 1389), (457, 1387), (463, 1374), (467, 1369), (469, 1370), (478, 1387), (480, 1388), (484, 1386), (490, 1372), (492, 1369), (495, 1369), (503, 1385), (507, 1390), (509, 1388), (515, 1374), (520, 1369), (524, 1373), (532, 1389), (534, 1389), (536, 1387), (543, 1372), (547, 1369), (557, 1388), (559, 1390), (564, 1385), (572, 1369), (583, 1385), (587, 1387), (589, 1387), (595, 1373), (599, 1369), (612, 1389), (616, 1385), (624, 1369), (627, 1369), (637, 1387), (641, 1381), (652, 1377), (660, 1380), (664, 1389), (666, 1389), (668, 1386), (675, 1372), (677, 1369), (679, 1369), (689, 1387), (694, 1385), (700, 1376), (704, 1373), (717, 1384), (721, 1383), (727, 1376), (731, 1375), (740, 1381), (744, 1383), (756, 1376), (771, 1381), (784, 1377), (798, 1381), (811, 1376), (824, 1384), (836, 1374), (840, 1376), (849, 1385), (853, 1383), (861, 1374), (872, 1380), (888, 1379), (893, 1377), (899, 1382), (903, 1383), (914, 1374), (916, 1374), (928, 1385), (932, 1382), (939, 1374), (943, 1372), (953, 1389), (956, 1389), (964, 1373), (968, 1369), (972, 1374), (979, 1388), (981, 1390), (985, 1385), (993, 1369), (995, 1369), (1000, 1378), (1008, 1386), (1014, 1378), (1018, 1370), (1020, 1369), (1023, 1370), (1033, 1389), (1037, 1386), (1046, 1369), (1048, 1369), (1050, 1371), (1056, 1383), (1060, 1385), (1069, 1376), (1073, 1374), (1085, 1383), (1090, 1382), (1096, 1376), (1100, 1374), (1113, 1384), (1125, 1374), (1129, 1376), (1136, 1383), (1140, 1384), (1148, 1376), (1153, 1374), (1165, 1385), (1178, 1374), (1182, 1375), (1188, 1383), (1192, 1385), (1201, 1376), (1205, 1373), (1211, 1379), (1215, 1380), (1230, 1379), (1511, 1380), (1515, 1378), (1521, 1373), (1534, 1386), (1546, 1373), (1551, 1375), (1557, 1384), (1561, 1385), (1569, 1375), (1574, 1372), (1586, 1386), (1599, 1373), (1603, 1374), (1609, 1383), (1614, 1386), (1626, 1372), (1639, 1386), (1643, 1383), (1651, 1373), (1655, 1374), (1662, 1383), (1666, 1386), (1678, 1372), (1691, 1385), (1695, 1383), (1704, 1373), (1708, 1374), (1714, 1382), (1718, 1385), (1731, 1374), (1735, 1376), (1741, 1383), (1746, 1384), (1756, 1374), (1760, 1375), (1771, 1384), (1775, 1382), (1781, 1375), (1785, 1374), (1794, 1383), (1798, 1384), (1800, 1387), (1800, 1377)]
[(1800, 1398), (1798, 1395), (1794, 1394), (1785, 1384), (1781, 1385), (1775, 1393), (1771, 1395), (1758, 1384), (1754, 1386), (1746, 1395), (1741, 1394), (1735, 1386), (1731, 1384), (1718, 1396), (1714, 1393), (1706, 1383), (1702, 1385), (1695, 1394), (1691, 1396), (1681, 1383), (1678, 1382), (1666, 1397), (1662, 1394), (1653, 1383), (1649, 1385), (1643, 1394), (1639, 1396), (1626, 1383), (1614, 1396), (1609, 1394), (1603, 1385), (1599, 1383), (1590, 1394), (1586, 1396), (1574, 1383), (1569, 1385), (1561, 1396), (1557, 1394), (1551, 1385), (1546, 1383), (1536, 1395), (1534, 1396), (1528, 1390), (1523, 1389), (1243, 1390), (1230, 1389), (1220, 1390), (1211, 1389), (1203, 1386), (1192, 1395), (1188, 1394), (1180, 1384), (1178, 1384), (1167, 1395), (1165, 1395), (1153, 1384), (1148, 1386), (1140, 1395), (1136, 1393), (1129, 1386), (1125, 1385), (1113, 1394), (1100, 1385), (1096, 1386), (1090, 1393), (1085, 1394), (1073, 1385), (1069, 1387), (1060, 1395), (1056, 1393), (1048, 1379), (1046, 1379), (1044, 1382), (1037, 1396), (1033, 1400), (1023, 1380), (1020, 1379), (1018, 1380), (1014, 1389), (1008, 1397), (1000, 1388), (995, 1380), (993, 1379), (985, 1396), (983, 1399), (981, 1399), (979, 1398), (972, 1385), (968, 1379), (964, 1383), (956, 1400), (953, 1400), (951, 1397), (945, 1384), (941, 1382), (932, 1393), (928, 1396), (916, 1385), (914, 1385), (903, 1393), (893, 1388), (891, 1389), (878, 1390), (872, 1391), (865, 1386), (861, 1384), (853, 1394), (849, 1395), (840, 1386), (836, 1384), (824, 1395), (821, 1395), (811, 1385), (798, 1392), (784, 1387), (769, 1392), (756, 1386), (744, 1393), (731, 1385), (727, 1386), (721, 1393), (717, 1394), (704, 1384), (700, 1386), (694, 1396), (689, 1397), (679, 1379), (677, 1379), (675, 1382), (668, 1396), (664, 1400), (656, 1385), (654, 1385), (652, 1388), (643, 1390), (635, 1393), (629, 1384), (622, 1383), (616, 1396), (612, 1400), (608, 1394), (601, 1381), (599, 1381), (587, 1398), (585, 1398), (572, 1380), (570, 1381), (564, 1395), (559, 1400), (557, 1399), (547, 1379), (543, 1383), (536, 1397), (534, 1400), (532, 1400), (524, 1383), (520, 1379), (515, 1385), (509, 1398), (507, 1400), (503, 1396), (495, 1379), (490, 1382), (482, 1399), (480, 1400), (471, 1384), (467, 1379), (465, 1380), (455, 1400), (451, 1396), (444, 1382), (440, 1380), (432, 1395), (430, 1398), (425, 1398), (417, 1381), (415, 1379), (407, 1392), (400, 1396), (392, 1384), (388, 1382), (375, 1398), (373, 1398), (363, 1380), (360, 1380), (358, 1383), (350, 1399), (348, 1398), (337, 1385), (323, 1393), (310, 1386), (295, 1393), (283, 1385), (279, 1387), (270, 1399), (268, 1399), (258, 1379), (256, 1379), (254, 1382), (247, 1396), (243, 1400), (233, 1380), (231, 1379), (226, 1384), (218, 1400), (214, 1397), (207, 1382), (203, 1379), (195, 1396), (191, 1400), (189, 1398), (180, 1381), (178, 1380), (176, 1381), (166, 1398), (161, 1396), (155, 1384), (151, 1381), (138, 1397), (136, 1397), (126, 1381), (122, 1384), (113, 1397), (111, 1397), (103, 1386), (98, 1383), (86, 1395), (73, 1385), (69, 1386), (63, 1393), (59, 1394), (46, 1385), (34, 1394), (29, 1393), (21, 1385), (17, 1386), (10, 1392), (6, 1395), (4, 1394), (0, 1390), (0, 1387), (0, 1385), (0, 1383), (0, 1381), (0, 1379)]
[(0, 1400), (2, 1402), (4, 1405), (6, 1405), (8, 1404), (10, 1403), (17, 1396), (21, 1395), (29, 1403), (34, 1405), (46, 1395), (59, 1405), (63, 1404), (69, 1396), (73, 1394), (82, 1403), (86, 1405), (98, 1394), (103, 1396), (109, 1405), (113, 1407), (122, 1395), (126, 1392), (134, 1404), (138, 1408), (140, 1407), (151, 1392), (155, 1395), (161, 1406), (166, 1408), (174, 1394), (178, 1391), (180, 1392), (186, 1405), (191, 1410), (195, 1406), (203, 1390), (205, 1390), (207, 1393), (214, 1407), (218, 1410), (226, 1394), (231, 1390), (233, 1391), (243, 1410), (247, 1407), (254, 1392), (256, 1390), (258, 1390), (268, 1410), (270, 1410), (279, 1397), (283, 1395), (295, 1403), (310, 1397), (323, 1403), (337, 1395), (348, 1409), (350, 1409), (358, 1393), (363, 1390), (371, 1403), (377, 1406), (386, 1395), (390, 1393), (402, 1409), (404, 1408), (413, 1391), (415, 1391), (427, 1410), (432, 1406), (438, 1392), (440, 1390), (442, 1390), (451, 1406), (455, 1410), (465, 1391), (467, 1390), (471, 1394), (478, 1407), (480, 1405), (482, 1409), (492, 1391), (495, 1390), (503, 1406), (507, 1410), (509, 1409), (515, 1395), (520, 1390), (524, 1394), (532, 1410), (534, 1410), (536, 1408), (543, 1394), (547, 1392), (549, 1392), (555, 1406), (559, 1410), (562, 1409), (572, 1392), (576, 1400), (580, 1401), (587, 1410), (595, 1395), (599, 1391), (601, 1391), (608, 1405), (612, 1410), (614, 1409), (624, 1393), (627, 1392), (633, 1401), (639, 1402), (645, 1400), (652, 1390), (654, 1391), (664, 1410), (668, 1407), (675, 1393), (677, 1390), (679, 1390), (687, 1405), (692, 1408), (700, 1397), (704, 1394), (717, 1405), (721, 1404), (727, 1397), (731, 1395), (740, 1402), (744, 1404), (756, 1396), (769, 1403), (784, 1397), (796, 1403), (811, 1396), (821, 1405), (824, 1406), (834, 1394), (836, 1394), (849, 1406), (853, 1404), (861, 1394), (863, 1394), (874, 1403), (880, 1400), (895, 1400), (903, 1404), (912, 1397), (916, 1395), (928, 1407), (932, 1404), (939, 1394), (943, 1392), (951, 1408), (953, 1410), (956, 1410), (964, 1394), (968, 1390), (972, 1395), (979, 1409), (981, 1410), (985, 1406), (993, 1390), (997, 1393), (1002, 1401), (1010, 1405), (1020, 1390), (1023, 1391), (1033, 1410), (1037, 1407), (1046, 1390), (1056, 1404), (1060, 1406), (1073, 1395), (1085, 1404), (1090, 1403), (1096, 1397), (1100, 1395), (1113, 1405), (1125, 1395), (1129, 1397), (1136, 1404), (1140, 1405), (1148, 1397), (1153, 1395), (1165, 1406), (1169, 1403), (1176, 1395), (1180, 1394), (1190, 1406), (1192, 1406), (1199, 1400), (1203, 1398), (1217, 1401), (1228, 1399), (1528, 1400), (1538, 1402), (1546, 1393), (1551, 1396), (1557, 1405), (1561, 1407), (1569, 1396), (1574, 1393), (1586, 1407), (1590, 1404), (1599, 1393), (1603, 1395), (1609, 1405), (1614, 1407), (1626, 1393), (1639, 1407), (1643, 1405), (1649, 1395), (1653, 1393), (1662, 1404), (1666, 1407), (1678, 1392), (1683, 1396), (1691, 1407), (1695, 1405), (1702, 1395), (1706, 1393), (1714, 1404), (1718, 1406), (1731, 1394), (1735, 1396), (1741, 1404), (1746, 1406), (1756, 1395), (1760, 1396), (1771, 1405), (1783, 1395), (1787, 1396), (1794, 1404), (1800, 1408), (1800, 1398)]
[(1800, 1419), (1785, 1405), (1781, 1406), (1775, 1414), (1771, 1417), (1758, 1404), (1754, 1406), (1746, 1417), (1741, 1415), (1735, 1407), (1731, 1404), (1718, 1417), (1716, 1416), (1708, 1405), (1706, 1404), (1695, 1412), (1678, 1409), (1664, 1412), (1651, 1408), (1639, 1414), (1624, 1406), (1616, 1416), (1611, 1417), (1603, 1406), (1599, 1403), (1590, 1415), (1586, 1418), (1574, 1404), (1569, 1406), (1561, 1417), (1557, 1415), (1549, 1403), (1546, 1403), (1542, 1409), (1538, 1411), (1201, 1410), (1190, 1415), (1188, 1414), (1182, 1406), (1178, 1405), (1169, 1414), (1165, 1416), (1153, 1405), (1148, 1407), (1140, 1415), (1136, 1414), (1129, 1407), (1125, 1405), (1113, 1415), (1100, 1406), (1096, 1407), (1090, 1414), (1085, 1415), (1073, 1406), (1062, 1414), (1058, 1416), (1048, 1404), (1044, 1405), (1037, 1417), (1033, 1421), (1023, 1401), (1020, 1401), (1012, 1413), (1006, 1414), (1002, 1413), (997, 1403), (993, 1400), (985, 1417), (981, 1421), (979, 1419), (972, 1406), (968, 1400), (964, 1404), (956, 1421), (953, 1421), (951, 1418), (943, 1401), (941, 1401), (932, 1414), (928, 1417), (916, 1405), (912, 1407), (903, 1415), (899, 1414), (895, 1410), (882, 1410), (874, 1414), (872, 1413), (865, 1406), (861, 1405), (853, 1414), (849, 1416), (836, 1405), (832, 1407), (824, 1417), (821, 1417), (811, 1406), (796, 1414), (784, 1407), (773, 1413), (769, 1414), (756, 1407), (744, 1415), (740, 1413), (733, 1407), (729, 1405), (721, 1414), (717, 1416), (704, 1404), (700, 1407), (692, 1419), (687, 1416), (679, 1400), (677, 1401), (668, 1417), (664, 1421), (654, 1401), (652, 1400), (650, 1401), (641, 1417), (637, 1416), (631, 1410), (622, 1405), (616, 1415), (612, 1419), (610, 1419), (601, 1402), (599, 1400), (595, 1404), (587, 1421), (583, 1418), (572, 1400), (564, 1415), (557, 1416), (555, 1415), (549, 1402), (547, 1400), (545, 1401), (536, 1418), (534, 1421), (532, 1421), (524, 1404), (520, 1400), (515, 1406), (509, 1419), (507, 1421), (503, 1417), (495, 1400), (490, 1403), (484, 1417), (482, 1416), (478, 1418), (471, 1405), (467, 1401), (465, 1401), (459, 1415), (453, 1420), (442, 1400), (440, 1400), (438, 1403), (430, 1420), (425, 1418), (419, 1405), (415, 1401), (413, 1401), (404, 1419), (402, 1420), (392, 1405), (388, 1403), (375, 1421), (363, 1400), (358, 1404), (350, 1420), (348, 1419), (342, 1409), (337, 1406), (333, 1407), (325, 1413), (321, 1413), (312, 1408), (308, 1408), (295, 1414), (283, 1406), (279, 1407), (270, 1420), (268, 1420), (258, 1400), (256, 1400), (254, 1403), (247, 1417), (243, 1421), (233, 1401), (231, 1400), (226, 1405), (218, 1421), (214, 1417), (207, 1403), (203, 1401), (195, 1416), (191, 1420), (178, 1401), (174, 1405), (166, 1419), (161, 1416), (155, 1405), (151, 1403), (138, 1419), (126, 1403), (122, 1405), (113, 1417), (109, 1416), (103, 1407), (98, 1405), (86, 1416), (84, 1416), (73, 1405), (69, 1407), (63, 1414), (59, 1416), (48, 1406), (46, 1405), (34, 1416), (29, 1414), (21, 1406), (17, 1407), (10, 1414), (6, 1416), (0, 1410), (0, 1408), (0, 1406), (0, 1404), (0, 1402), (0, 1400)]
[(0, 1421), (2, 1423), (4, 1426), (6, 1426), (8, 1426), (10, 1424), (17, 1417), (21, 1416), (29, 1425), (34, 1426), (46, 1415), (59, 1427), (63, 1425), (69, 1417), (73, 1415), (82, 1424), (86, 1427), (98, 1415), (103, 1417), (109, 1426), (113, 1428), (122, 1416), (126, 1413), (136, 1428), (138, 1429), (140, 1428), (151, 1413), (155, 1416), (161, 1427), (166, 1429), (174, 1415), (178, 1411), (191, 1431), (195, 1427), (203, 1411), (207, 1414), (214, 1428), (218, 1431), (228, 1412), (231, 1410), (233, 1412), (243, 1431), (247, 1428), (254, 1413), (256, 1411), (258, 1411), (266, 1427), (268, 1431), (270, 1431), (279, 1418), (283, 1416), (295, 1424), (310, 1418), (323, 1424), (337, 1416), (350, 1430), (358, 1416), (363, 1414), (367, 1417), (373, 1429), (375, 1430), (388, 1413), (392, 1416), (402, 1431), (411, 1415), (415, 1411), (417, 1412), (427, 1431), (432, 1427), (440, 1411), (442, 1411), (444, 1413), (453, 1431), (455, 1431), (465, 1412), (467, 1410), (480, 1430), (486, 1423), (490, 1414), (492, 1411), (495, 1411), (503, 1427), (507, 1431), (509, 1430), (515, 1416), (520, 1411), (524, 1415), (532, 1431), (534, 1431), (536, 1429), (543, 1414), (547, 1411), (557, 1430), (559, 1431), (562, 1430), (572, 1411), (574, 1411), (576, 1414), (583, 1428), (587, 1431), (595, 1415), (599, 1410), (603, 1419), (610, 1424), (614, 1425), (620, 1420), (627, 1417), (633, 1422), (639, 1431), (641, 1429), (650, 1412), (652, 1410), (654, 1412), (664, 1431), (668, 1428), (677, 1411), (679, 1411), (681, 1414), (687, 1426), (692, 1429), (700, 1418), (704, 1415), (717, 1426), (721, 1425), (729, 1416), (733, 1417), (740, 1424), (744, 1426), (756, 1417), (769, 1425), (773, 1424), (780, 1419), (784, 1417), (796, 1425), (811, 1416), (821, 1427), (824, 1428), (836, 1415), (840, 1417), (847, 1427), (849, 1428), (853, 1425), (859, 1416), (863, 1414), (874, 1426), (891, 1418), (893, 1419), (899, 1425), (903, 1426), (912, 1417), (916, 1415), (928, 1428), (932, 1425), (941, 1411), (945, 1414), (951, 1429), (953, 1431), (956, 1431), (964, 1415), (968, 1411), (972, 1416), (979, 1430), (981, 1431), (985, 1427), (993, 1411), (997, 1414), (1004, 1426), (1012, 1423), (1023, 1412), (1033, 1431), (1037, 1428), (1041, 1419), (1046, 1416), (1050, 1417), (1058, 1426), (1062, 1425), (1073, 1416), (1077, 1418), (1083, 1425), (1088, 1426), (1096, 1418), (1100, 1416), (1113, 1426), (1125, 1416), (1129, 1418), (1136, 1425), (1140, 1426), (1148, 1417), (1153, 1415), (1165, 1427), (1178, 1415), (1180, 1415), (1186, 1422), (1190, 1424), (1197, 1421), (1205, 1420), (1217, 1422), (1509, 1421), (1540, 1421), (1551, 1418), (1557, 1426), (1561, 1428), (1569, 1417), (1574, 1414), (1582, 1424), (1586, 1426), (1595, 1420), (1601, 1418), (1611, 1423), (1626, 1420), (1639, 1422), (1699, 1421), (1708, 1419), (1718, 1426), (1722, 1424), (1731, 1415), (1735, 1417), (1741, 1426), (1746, 1427), (1756, 1415), (1760, 1416), (1766, 1424), (1771, 1427), (1773, 1427), (1783, 1415), (1787, 1417), (1794, 1426), (1796, 1427), (1798, 1427), (1800, 1429), (1800, 1419)]
[(1800, 1440), (1794, 1436), (1787, 1427), (1783, 1425), (1773, 1437), (1771, 1438), (1758, 1425), (1754, 1428), (1746, 1438), (1741, 1436), (1735, 1427), (1731, 1425), (1720, 1435), (1714, 1432), (1706, 1431), (1693, 1432), (1624, 1431), (1611, 1432), (1599, 1430), (1586, 1433), (1574, 1430), (1561, 1434), (1551, 1431), (1536, 1432), (1205, 1431), (1188, 1434), (1180, 1426), (1178, 1426), (1169, 1435), (1165, 1437), (1153, 1426), (1148, 1428), (1140, 1437), (1136, 1435), (1129, 1428), (1125, 1426), (1113, 1436), (1100, 1427), (1096, 1428), (1090, 1435), (1085, 1436), (1075, 1427), (1071, 1427), (1060, 1436), (1056, 1435), (1050, 1428), (1046, 1426), (1033, 1442), (1025, 1426), (1023, 1425), (1018, 1426), (1012, 1433), (1004, 1438), (997, 1424), (993, 1421), (985, 1438), (981, 1442), (979, 1440), (972, 1427), (968, 1421), (964, 1425), (956, 1442), (953, 1442), (951, 1439), (945, 1425), (941, 1421), (932, 1437), (928, 1439), (918, 1426), (916, 1425), (912, 1428), (903, 1436), (899, 1435), (891, 1428), (880, 1432), (874, 1436), (872, 1435), (863, 1424), (861, 1424), (853, 1435), (849, 1438), (836, 1425), (824, 1437), (811, 1427), (796, 1435), (784, 1428), (773, 1434), (769, 1435), (756, 1427), (744, 1436), (740, 1434), (731, 1426), (727, 1428), (721, 1435), (717, 1437), (704, 1425), (692, 1439), (687, 1436), (679, 1422), (673, 1429), (666, 1441), (664, 1442), (654, 1422), (652, 1421), (650, 1422), (639, 1442), (635, 1438), (629, 1424), (627, 1423), (616, 1434), (612, 1433), (610, 1435), (597, 1424), (595, 1425), (589, 1439), (587, 1442), (585, 1441), (576, 1424), (572, 1421), (562, 1441), (557, 1440), (547, 1421), (543, 1425), (536, 1439), (534, 1442), (532, 1442), (524, 1425), (520, 1421), (515, 1427), (509, 1440), (507, 1442), (503, 1438), (495, 1421), (490, 1424), (482, 1441), (476, 1436), (467, 1421), (465, 1422), (455, 1442), (451, 1438), (442, 1421), (440, 1421), (438, 1424), (432, 1438), (427, 1442), (417, 1422), (415, 1422), (411, 1425), (407, 1435), (402, 1441), (398, 1438), (392, 1425), (388, 1423), (386, 1425), (377, 1440), (375, 1441), (371, 1436), (363, 1421), (358, 1425), (352, 1439), (350, 1440), (337, 1427), (333, 1428), (325, 1434), (321, 1434), (310, 1428), (295, 1435), (283, 1427), (279, 1429), (272, 1438), (268, 1440), (258, 1421), (256, 1421), (254, 1424), (247, 1438), (243, 1442), (233, 1422), (231, 1421), (228, 1422), (218, 1442), (214, 1438), (207, 1424), (203, 1421), (195, 1437), (191, 1441), (186, 1436), (180, 1423), (178, 1422), (174, 1426), (166, 1440), (161, 1437), (155, 1426), (151, 1424), (140, 1438), (138, 1439), (136, 1438), (126, 1424), (122, 1426), (113, 1438), (109, 1437), (103, 1428), (98, 1425), (86, 1437), (82, 1435), (73, 1426), (69, 1427), (63, 1435), (59, 1437), (46, 1426), (34, 1437), (29, 1435), (21, 1426), (17, 1427), (10, 1435), (6, 1437), (0, 1431), (0, 1429), (0, 1427), (0, 1425), (0, 1423), (0, 1421)]
[(0, 1442), (2, 1445), (4, 1447), (6, 1447), (8, 1447), (10, 1445), (17, 1438), (21, 1436), (29, 1446), (34, 1448), (46, 1436), (50, 1439), (57, 1446), (61, 1447), (69, 1438), (73, 1436), (82, 1445), (86, 1448), (98, 1436), (103, 1438), (109, 1447), (113, 1449), (122, 1437), (126, 1434), (136, 1449), (138, 1450), (142, 1446), (151, 1434), (155, 1436), (161, 1448), (166, 1450), (174, 1436), (178, 1432), (191, 1452), (195, 1448), (203, 1432), (207, 1435), (214, 1449), (216, 1452), (218, 1452), (226, 1436), (231, 1432), (233, 1433), (243, 1452), (247, 1449), (254, 1434), (256, 1432), (258, 1432), (268, 1450), (270, 1450), (279, 1439), (283, 1438), (295, 1446), (308, 1439), (312, 1440), (321, 1445), (325, 1444), (337, 1437), (350, 1451), (352, 1449), (358, 1435), (363, 1432), (371, 1447), (375, 1451), (379, 1447), (386, 1436), (390, 1435), (392, 1436), (400, 1452), (402, 1452), (411, 1436), (415, 1432), (417, 1433), (427, 1452), (432, 1448), (440, 1432), (442, 1432), (444, 1434), (451, 1448), (455, 1452), (467, 1432), (469, 1433), (478, 1449), (482, 1450), (484, 1449), (490, 1437), (495, 1434), (497, 1434), (505, 1451), (507, 1452), (509, 1451), (515, 1437), (520, 1431), (522, 1432), (530, 1448), (534, 1451), (536, 1449), (543, 1435), (547, 1432), (557, 1451), (559, 1452), (562, 1451), (568, 1438), (572, 1433), (574, 1434), (580, 1443), (585, 1446), (591, 1444), (595, 1437), (599, 1433), (608, 1446), (610, 1446), (612, 1442), (616, 1446), (624, 1432), (627, 1432), (629, 1434), (635, 1449), (639, 1452), (650, 1433), (652, 1431), (654, 1433), (664, 1452), (666, 1452), (673, 1439), (679, 1433), (687, 1447), (692, 1449), (704, 1435), (717, 1448), (721, 1446), (727, 1438), (731, 1437), (744, 1447), (756, 1438), (761, 1439), (769, 1446), (773, 1445), (784, 1438), (794, 1445), (798, 1445), (809, 1438), (813, 1439), (819, 1445), (824, 1446), (836, 1437), (849, 1446), (861, 1438), (874, 1443), (880, 1443), (891, 1439), (899, 1446), (903, 1447), (914, 1436), (916, 1435), (920, 1439), (928, 1452), (930, 1451), (941, 1432), (945, 1435), (951, 1449), (953, 1452), (956, 1452), (964, 1435), (968, 1432), (972, 1437), (979, 1451), (981, 1452), (985, 1448), (993, 1432), (997, 1435), (1006, 1452), (1018, 1435), (1025, 1438), (1031, 1450), (1033, 1451), (1046, 1437), (1050, 1438), (1056, 1445), (1060, 1447), (1071, 1438), (1075, 1438), (1085, 1447), (1090, 1445), (1096, 1439), (1100, 1437), (1113, 1447), (1125, 1437), (1129, 1439), (1136, 1446), (1140, 1447), (1148, 1438), (1153, 1436), (1165, 1448), (1178, 1436), (1188, 1443), (1203, 1442), (1429, 1442), (1442, 1441), (1454, 1442), (1469, 1441), (1481, 1443), (1494, 1441), (1507, 1443), (1521, 1441), (1534, 1443), (1546, 1440), (1561, 1444), (1574, 1440), (1586, 1443), (1599, 1441), (1641, 1443), (1651, 1441), (1666, 1443), (1706, 1441), (1722, 1443), (1729, 1438), (1733, 1436), (1741, 1447), (1746, 1448), (1754, 1438), (1758, 1436), (1771, 1448), (1775, 1446), (1783, 1435), (1787, 1437), (1794, 1447), (1800, 1450), (1800, 1440)]
[(1800, 1461), (1794, 1457), (1785, 1446), (1781, 1447), (1775, 1456), (1771, 1459), (1758, 1446), (1754, 1449), (1746, 1459), (1741, 1457), (1733, 1447), (1731, 1447), (1725, 1452), (1720, 1453), (1706, 1451), (1693, 1453), (1678, 1452), (1664, 1454), (1651, 1450), (1641, 1455), (1626, 1450), (1614, 1454), (1599, 1451), (1586, 1454), (1574, 1451), (1559, 1454), (1546, 1451), (1534, 1454), (1519, 1451), (1509, 1455), (1494, 1450), (1481, 1454), (1469, 1451), (1456, 1454), (1442, 1451), (1429, 1454), (1419, 1452), (1188, 1453), (1178, 1447), (1176, 1448), (1167, 1458), (1163, 1457), (1153, 1447), (1148, 1449), (1142, 1456), (1138, 1458), (1129, 1449), (1125, 1447), (1113, 1458), (1100, 1447), (1096, 1449), (1090, 1456), (1085, 1457), (1075, 1448), (1071, 1448), (1060, 1457), (1056, 1455), (1050, 1449), (1046, 1447), (1035, 1458), (1031, 1459), (1020, 1444), (1012, 1454), (1008, 1462), (1006, 1462), (997, 1445), (993, 1442), (985, 1458), (981, 1463), (979, 1461), (970, 1444), (968, 1442), (964, 1446), (956, 1463), (953, 1462), (951, 1460), (945, 1446), (941, 1442), (930, 1461), (928, 1463), (924, 1458), (920, 1449), (916, 1446), (912, 1448), (903, 1457), (899, 1456), (891, 1449), (880, 1453), (861, 1451), (851, 1453), (849, 1455), (844, 1454), (836, 1448), (824, 1457), (819, 1455), (813, 1449), (809, 1448), (798, 1456), (794, 1456), (784, 1448), (780, 1450), (773, 1456), (769, 1457), (761, 1449), (756, 1448), (744, 1457), (731, 1447), (727, 1449), (721, 1456), (717, 1458), (704, 1446), (692, 1460), (687, 1457), (679, 1444), (675, 1446), (668, 1459), (664, 1463), (654, 1443), (652, 1442), (650, 1443), (639, 1463), (635, 1459), (629, 1445), (627, 1442), (624, 1442), (616, 1459), (612, 1463), (603, 1451), (601, 1444), (597, 1444), (587, 1461), (585, 1460), (583, 1453), (572, 1448), (568, 1450), (557, 1460), (547, 1442), (543, 1446), (536, 1460), (534, 1462), (532, 1463), (522, 1444), (518, 1444), (509, 1460), (503, 1457), (495, 1442), (488, 1450), (486, 1455), (480, 1461), (476, 1456), (471, 1446), (467, 1442), (465, 1443), (455, 1463), (451, 1459), (442, 1442), (440, 1442), (438, 1445), (432, 1459), (427, 1463), (415, 1442), (413, 1443), (402, 1463), (400, 1462), (392, 1447), (386, 1448), (383, 1449), (375, 1462), (371, 1457), (363, 1442), (358, 1446), (352, 1459), (350, 1461), (337, 1448), (325, 1455), (321, 1455), (312, 1450), (308, 1449), (295, 1456), (283, 1448), (279, 1450), (268, 1460), (258, 1442), (256, 1442), (254, 1445), (247, 1459), (243, 1463), (233, 1443), (231, 1442), (226, 1447), (218, 1463), (214, 1459), (207, 1445), (203, 1442), (195, 1458), (191, 1463), (178, 1442), (174, 1446), (166, 1462), (161, 1459), (155, 1447), (151, 1444), (140, 1460), (138, 1461), (126, 1444), (122, 1447), (115, 1458), (111, 1460), (103, 1448), (98, 1446), (86, 1458), (82, 1456), (73, 1447), (69, 1448), (63, 1456), (59, 1458), (46, 1447), (34, 1458), (29, 1456), (21, 1447), (17, 1448), (8, 1458), (4, 1458), (0, 1452), (0, 1450), (0, 1448), (0, 1446), (0, 1444), (0, 1442)]
[(0, 1463), (2, 1466), (4, 1468), (6, 1469), (8, 1468), (10, 1466), (19, 1458), (23, 1459), (29, 1466), (34, 1468), (46, 1457), (59, 1468), (63, 1467), (69, 1459), (73, 1457), (82, 1466), (86, 1469), (98, 1457), (103, 1459), (109, 1468), (113, 1470), (122, 1457), (126, 1455), (138, 1472), (140, 1471), (151, 1453), (155, 1456), (161, 1470), (163, 1473), (166, 1473), (174, 1456), (178, 1452), (191, 1473), (195, 1469), (203, 1453), (207, 1456), (214, 1470), (218, 1473), (226, 1457), (231, 1452), (233, 1454), (243, 1473), (247, 1470), (254, 1455), (256, 1453), (258, 1453), (268, 1471), (272, 1468), (279, 1460), (283, 1459), (295, 1466), (310, 1460), (321, 1465), (325, 1465), (337, 1458), (350, 1471), (352, 1470), (358, 1456), (363, 1453), (371, 1468), (375, 1471), (377, 1470), (388, 1454), (392, 1458), (400, 1473), (402, 1473), (413, 1454), (415, 1454), (419, 1458), (425, 1472), (427, 1473), (430, 1473), (440, 1453), (442, 1453), (444, 1455), (451, 1469), (455, 1473), (465, 1454), (467, 1452), (471, 1457), (480, 1473), (482, 1473), (484, 1470), (490, 1456), (495, 1453), (505, 1472), (507, 1473), (509, 1470), (518, 1457), (520, 1458), (524, 1457), (532, 1473), (536, 1470), (543, 1456), (549, 1455), (555, 1467), (559, 1471), (568, 1461), (574, 1462), (576, 1459), (585, 1472), (589, 1470), (595, 1459), (597, 1460), (601, 1455), (612, 1473), (616, 1469), (624, 1453), (627, 1453), (629, 1455), (635, 1470), (639, 1473), (650, 1454), (652, 1452), (654, 1454), (664, 1473), (668, 1470), (675, 1457), (677, 1454), (679, 1454), (687, 1468), (692, 1471), (700, 1460), (704, 1456), (717, 1469), (721, 1467), (727, 1459), (731, 1457), (744, 1468), (756, 1458), (761, 1460), (767, 1466), (771, 1468), (780, 1460), (784, 1458), (796, 1468), (809, 1458), (813, 1460), (819, 1466), (824, 1467), (836, 1459), (847, 1466), (851, 1463), (880, 1463), (891, 1458), (899, 1467), (903, 1469), (916, 1454), (918, 1455), (924, 1469), (928, 1473), (930, 1472), (941, 1452), (945, 1456), (951, 1470), (953, 1473), (956, 1473), (964, 1456), (968, 1452), (972, 1458), (979, 1472), (981, 1473), (985, 1469), (993, 1453), (997, 1456), (1004, 1470), (1008, 1473), (1012, 1465), (1018, 1458), (1023, 1457), (1029, 1466), (1033, 1469), (1035, 1468), (1046, 1458), (1050, 1459), (1056, 1466), (1060, 1468), (1071, 1459), (1075, 1459), (1085, 1468), (1090, 1466), (1096, 1459), (1100, 1458), (1113, 1468), (1125, 1458), (1129, 1460), (1138, 1468), (1142, 1467), (1148, 1459), (1153, 1457), (1165, 1469), (1167, 1468), (1176, 1458), (1178, 1458), (1188, 1464), (1404, 1464), (1417, 1461), (1429, 1466), (1442, 1459), (1454, 1466), (1467, 1460), (1481, 1466), (1492, 1460), (1496, 1460), (1507, 1466), (1519, 1461), (1534, 1465), (1549, 1460), (1557, 1466), (1561, 1467), (1569, 1461), (1574, 1460), (1584, 1466), (1588, 1466), (1597, 1460), (1601, 1459), (1609, 1466), (1614, 1468), (1626, 1458), (1639, 1468), (1641, 1468), (1651, 1458), (1664, 1465), (1676, 1462), (1693, 1464), (1706, 1461), (1718, 1465), (1725, 1463), (1731, 1457), (1733, 1457), (1741, 1467), (1746, 1469), (1754, 1459), (1758, 1457), (1771, 1469), (1775, 1466), (1783, 1456), (1787, 1459), (1794, 1467), (1800, 1471), (1800, 1461)]
[(1800, 1482), (1794, 1477), (1787, 1469), (1783, 1467), (1775, 1477), (1771, 1480), (1758, 1467), (1754, 1469), (1746, 1479), (1741, 1478), (1733, 1468), (1731, 1468), (1725, 1473), (1720, 1475), (1706, 1472), (1691, 1475), (1678, 1470), (1666, 1477), (1651, 1470), (1639, 1477), (1626, 1469), (1622, 1471), (1616, 1477), (1611, 1478), (1603, 1469), (1599, 1468), (1590, 1477), (1586, 1479), (1574, 1467), (1569, 1470), (1561, 1479), (1557, 1478), (1551, 1470), (1546, 1468), (1538, 1476), (1534, 1479), (1521, 1468), (1517, 1470), (1511, 1477), (1507, 1478), (1494, 1469), (1481, 1479), (1469, 1469), (1465, 1470), (1456, 1477), (1442, 1470), (1431, 1476), (1427, 1477), (1419, 1471), (1414, 1470), (1402, 1477), (1389, 1470), (1377, 1475), (1364, 1472), (1354, 1473), (1186, 1474), (1178, 1469), (1176, 1469), (1169, 1477), (1165, 1479), (1153, 1468), (1148, 1470), (1140, 1479), (1136, 1477), (1129, 1470), (1125, 1468), (1113, 1479), (1100, 1468), (1096, 1470), (1088, 1478), (1083, 1477), (1077, 1471), (1073, 1469), (1060, 1478), (1056, 1476), (1050, 1470), (1046, 1469), (1037, 1476), (1033, 1478), (1029, 1476), (1020, 1466), (1014, 1473), (1008, 1484), (1004, 1480), (997, 1466), (993, 1463), (985, 1479), (981, 1484), (979, 1482), (972, 1469), (968, 1463), (964, 1467), (956, 1484), (953, 1483), (951, 1481), (945, 1467), (941, 1463), (930, 1482), (928, 1484), (924, 1479), (916, 1463), (914, 1463), (907, 1475), (903, 1480), (899, 1478), (888, 1464), (880, 1476), (876, 1480), (874, 1479), (863, 1468), (859, 1469), (853, 1477), (849, 1480), (838, 1467), (836, 1466), (834, 1467), (824, 1480), (819, 1477), (813, 1469), (809, 1467), (800, 1477), (796, 1480), (784, 1467), (782, 1467), (771, 1479), (767, 1477), (761, 1470), (756, 1468), (744, 1479), (731, 1468), (727, 1470), (721, 1477), (717, 1479), (704, 1467), (700, 1470), (692, 1482), (689, 1482), (687, 1479), (681, 1467), (679, 1464), (677, 1464), (668, 1480), (664, 1484), (654, 1464), (652, 1463), (650, 1464), (639, 1484), (635, 1480), (629, 1466), (627, 1463), (624, 1463), (614, 1483), (612, 1484), (599, 1463), (597, 1464), (593, 1472), (585, 1483), (574, 1464), (572, 1464), (564, 1475), (549, 1473), (545, 1468), (543, 1469), (536, 1480), (532, 1483), (524, 1467), (520, 1465), (509, 1480), (507, 1483), (505, 1483), (495, 1463), (490, 1467), (484, 1480), (480, 1483), (478, 1482), (471, 1467), (467, 1464), (465, 1464), (457, 1482), (455, 1484), (453, 1483), (442, 1463), (440, 1463), (438, 1466), (432, 1480), (427, 1484), (419, 1469), (413, 1464), (402, 1484), (400, 1483), (394, 1471), (388, 1465), (377, 1482), (375, 1483), (363, 1463), (360, 1464), (352, 1480), (350, 1482), (337, 1469), (323, 1476), (310, 1470), (295, 1476), (283, 1469), (279, 1471), (272, 1479), (268, 1481), (260, 1466), (258, 1463), (256, 1463), (247, 1480), (243, 1484), (233, 1464), (231, 1463), (226, 1467), (218, 1484), (214, 1480), (207, 1466), (203, 1463), (195, 1479), (191, 1484), (178, 1463), (174, 1467), (166, 1484), (163, 1483), (161, 1481), (155, 1467), (151, 1463), (140, 1482), (138, 1483), (136, 1482), (126, 1464), (124, 1464), (113, 1481), (109, 1479), (103, 1470), (98, 1467), (86, 1479), (82, 1477), (73, 1468), (69, 1469), (63, 1477), (59, 1479), (46, 1468), (34, 1479), (29, 1477), (21, 1468), (17, 1469), (10, 1477), (6, 1479), (0, 1473), (0, 1471), (0, 1469), (0, 1467), (0, 1465), (0, 1463)]
[(0, 1484), (2, 1487), (4, 1489), (6, 1489), (8, 1489), (10, 1487), (17, 1480), (21, 1479), (29, 1487), (34, 1489), (46, 1478), (59, 1490), (63, 1488), (69, 1480), (73, 1478), (82, 1487), (86, 1489), (98, 1477), (103, 1479), (109, 1490), (113, 1492), (122, 1477), (126, 1474), (136, 1493), (138, 1494), (140, 1493), (151, 1473), (155, 1477), (161, 1491), (163, 1494), (166, 1494), (174, 1477), (178, 1473), (191, 1494), (195, 1490), (203, 1474), (207, 1477), (214, 1491), (218, 1494), (226, 1478), (231, 1473), (233, 1475), (243, 1494), (247, 1490), (254, 1476), (256, 1474), (258, 1474), (268, 1491), (270, 1491), (279, 1481), (283, 1479), (295, 1487), (310, 1481), (323, 1487), (337, 1480), (350, 1492), (358, 1478), (360, 1477), (365, 1478), (367, 1480), (373, 1492), (375, 1493), (386, 1479), (390, 1477), (394, 1482), (398, 1491), (402, 1494), (411, 1478), (415, 1473), (417, 1475), (427, 1494), (432, 1490), (440, 1474), (442, 1474), (444, 1476), (451, 1490), (455, 1494), (467, 1474), (469, 1475), (478, 1492), (480, 1493), (482, 1493), (486, 1486), (490, 1477), (495, 1474), (503, 1489), (507, 1492), (509, 1492), (520, 1473), (522, 1474), (530, 1489), (536, 1490), (543, 1480), (547, 1484), (557, 1485), (562, 1491), (570, 1477), (574, 1475), (587, 1494), (589, 1492), (595, 1478), (599, 1473), (612, 1494), (616, 1490), (624, 1474), (627, 1474), (629, 1476), (635, 1491), (639, 1494), (650, 1475), (652, 1473), (654, 1475), (664, 1494), (668, 1491), (675, 1477), (677, 1474), (679, 1474), (687, 1490), (692, 1493), (700, 1480), (704, 1477), (717, 1490), (721, 1489), (727, 1480), (731, 1478), (740, 1487), (744, 1490), (756, 1479), (761, 1481), (767, 1487), (771, 1489), (780, 1480), (784, 1478), (796, 1491), (800, 1488), (809, 1477), (813, 1479), (819, 1488), (824, 1490), (836, 1478), (849, 1489), (857, 1483), (863, 1482), (870, 1484), (876, 1489), (888, 1478), (893, 1480), (901, 1491), (905, 1491), (912, 1477), (916, 1473), (924, 1490), (928, 1494), (930, 1493), (941, 1473), (945, 1477), (951, 1491), (953, 1494), (956, 1494), (964, 1477), (968, 1473), (981, 1494), (985, 1490), (993, 1474), (995, 1474), (997, 1477), (1004, 1491), (1008, 1494), (1014, 1483), (1020, 1478), (1033, 1489), (1037, 1487), (1046, 1479), (1050, 1480), (1056, 1487), (1060, 1488), (1073, 1479), (1077, 1481), (1083, 1488), (1088, 1489), (1096, 1480), (1100, 1479), (1113, 1489), (1125, 1479), (1129, 1480), (1136, 1488), (1140, 1489), (1148, 1480), (1153, 1478), (1165, 1490), (1169, 1487), (1176, 1479), (1186, 1484), (1339, 1483), (1349, 1487), (1362, 1480), (1377, 1488), (1387, 1481), (1391, 1481), (1402, 1487), (1417, 1480), (1429, 1489), (1433, 1487), (1440, 1477), (1444, 1475), (1454, 1494), (1456, 1494), (1458, 1491), (1465, 1476), (1467, 1474), (1469, 1474), (1477, 1490), (1481, 1494), (1494, 1473), (1498, 1478), (1507, 1494), (1509, 1494), (1511, 1491), (1517, 1477), (1519, 1474), (1521, 1474), (1530, 1489), (1534, 1493), (1546, 1475), (1551, 1478), (1559, 1491), (1563, 1489), (1569, 1480), (1574, 1478), (1582, 1486), (1586, 1488), (1599, 1481), (1614, 1487), (1626, 1481), (1639, 1486), (1651, 1482), (1666, 1486), (1678, 1482), (1689, 1485), (1706, 1482), (1720, 1486), (1725, 1484), (1731, 1478), (1735, 1480), (1741, 1488), (1746, 1490), (1754, 1480), (1758, 1478), (1771, 1490), (1775, 1488), (1783, 1477), (1787, 1479), (1796, 1490), (1798, 1490), (1800, 1492), (1800, 1482)]
[(1800, 1502), (1794, 1499), (1787, 1490), (1783, 1488), (1775, 1498), (1771, 1501), (1758, 1488), (1754, 1490), (1746, 1501), (1741, 1499), (1735, 1490), (1731, 1488), (1722, 1496), (1718, 1497), (1706, 1493), (1691, 1496), (1678, 1493), (1666, 1496), (1653, 1493), (1639, 1495), (1624, 1493), (1611, 1497), (1599, 1490), (1586, 1500), (1582, 1497), (1574, 1486), (1569, 1489), (1561, 1504), (1559, 1504), (1551, 1487), (1546, 1484), (1536, 1503), (1534, 1505), (1532, 1504), (1521, 1484), (1517, 1487), (1511, 1502), (1509, 1504), (1507, 1505), (1498, 1488), (1494, 1484), (1481, 1505), (1477, 1501), (1469, 1484), (1467, 1484), (1465, 1487), (1458, 1501), (1454, 1505), (1444, 1485), (1442, 1484), (1440, 1485), (1429, 1505), (1425, 1501), (1419, 1487), (1417, 1484), (1414, 1484), (1406, 1501), (1404, 1504), (1402, 1504), (1393, 1491), (1389, 1489), (1377, 1498), (1373, 1497), (1364, 1491), (1349, 1497), (1339, 1494), (1186, 1494), (1176, 1490), (1169, 1498), (1165, 1501), (1153, 1489), (1148, 1491), (1142, 1498), (1138, 1500), (1129, 1491), (1125, 1489), (1113, 1500), (1100, 1490), (1096, 1491), (1090, 1498), (1085, 1499), (1075, 1490), (1071, 1490), (1060, 1499), (1056, 1497), (1048, 1490), (1044, 1491), (1037, 1497), (1033, 1499), (1020, 1489), (1014, 1494), (1008, 1505), (1004, 1501), (997, 1487), (993, 1484), (985, 1500), (981, 1505), (968, 1484), (964, 1488), (956, 1504), (953, 1504), (951, 1502), (945, 1488), (941, 1484), (930, 1503), (928, 1505), (924, 1500), (916, 1484), (912, 1487), (905, 1502), (901, 1505), (891, 1488), (886, 1490), (876, 1499), (863, 1491), (859, 1492), (853, 1497), (849, 1498), (836, 1490), (832, 1492), (824, 1500), (819, 1498), (813, 1490), (809, 1488), (800, 1498), (796, 1501), (784, 1489), (780, 1491), (773, 1498), (769, 1499), (761, 1491), (756, 1489), (744, 1500), (740, 1498), (731, 1488), (727, 1490), (721, 1499), (717, 1501), (706, 1487), (704, 1486), (700, 1490), (692, 1505), (687, 1500), (679, 1484), (677, 1484), (675, 1487), (668, 1501), (664, 1505), (654, 1485), (652, 1484), (650, 1485), (639, 1505), (635, 1501), (629, 1487), (627, 1484), (624, 1484), (616, 1501), (612, 1505), (599, 1484), (595, 1488), (587, 1505), (585, 1504), (578, 1492), (576, 1491), (568, 1492), (559, 1504), (549, 1490), (547, 1494), (543, 1490), (536, 1499), (532, 1500), (524, 1489), (520, 1487), (515, 1490), (509, 1503), (507, 1505), (503, 1500), (495, 1484), (492, 1484), (490, 1487), (482, 1503), (478, 1502), (471, 1488), (467, 1484), (455, 1505), (451, 1501), (442, 1484), (440, 1484), (438, 1487), (432, 1501), (427, 1505), (417, 1485), (415, 1484), (413, 1485), (402, 1505), (398, 1501), (392, 1489), (388, 1486), (375, 1503), (373, 1502), (363, 1484), (360, 1485), (354, 1496), (350, 1500), (346, 1499), (339, 1491), (333, 1491), (325, 1497), (321, 1497), (310, 1492), (295, 1497), (283, 1490), (279, 1492), (272, 1500), (268, 1502), (260, 1487), (258, 1484), (256, 1484), (247, 1501), (243, 1505), (233, 1485), (231, 1484), (226, 1488), (218, 1505), (214, 1501), (207, 1487), (203, 1484), (195, 1500), (191, 1505), (178, 1484), (174, 1488), (166, 1504), (163, 1504), (161, 1502), (155, 1488), (151, 1484), (140, 1503), (138, 1504), (136, 1503), (126, 1484), (122, 1488), (115, 1501), (111, 1503), (103, 1490), (98, 1487), (86, 1500), (73, 1489), (69, 1490), (63, 1498), (59, 1500), (46, 1488), (34, 1500), (29, 1498), (21, 1489), (17, 1490), (10, 1498), (6, 1500), (0, 1494), (0, 1492), (0, 1490), (0, 1488), (0, 1486), (0, 1484)]
[(0, 1505), (2, 1508), (4, 1511), (6, 1511), (8, 1511), (10, 1509), (17, 1500), (21, 1499), (29, 1509), (34, 1511), (46, 1499), (50, 1501), (57, 1509), (61, 1510), (69, 1501), (73, 1498), (86, 1513), (88, 1512), (98, 1495), (103, 1499), (111, 1514), (115, 1511), (122, 1499), (126, 1496), (136, 1513), (138, 1514), (140, 1513), (151, 1495), (155, 1498), (161, 1512), (163, 1515), (166, 1515), (174, 1498), (178, 1494), (191, 1515), (195, 1511), (203, 1494), (207, 1498), (214, 1512), (218, 1515), (226, 1499), (231, 1494), (233, 1496), (243, 1515), (247, 1511), (256, 1495), (258, 1495), (260, 1498), (268, 1513), (270, 1513), (279, 1502), (283, 1500), (295, 1508), (310, 1502), (321, 1507), (325, 1507), (335, 1500), (339, 1502), (350, 1515), (360, 1495), (363, 1495), (365, 1497), (371, 1508), (377, 1513), (386, 1498), (388, 1497), (392, 1498), (398, 1512), (402, 1515), (411, 1499), (415, 1494), (417, 1496), (427, 1515), (432, 1511), (440, 1495), (442, 1495), (444, 1497), (453, 1514), (461, 1504), (465, 1497), (467, 1496), (469, 1499), (471, 1500), (478, 1513), (482, 1514), (490, 1498), (495, 1494), (503, 1510), (505, 1512), (509, 1511), (518, 1496), (520, 1495), (532, 1513), (539, 1507), (541, 1503), (545, 1503), (547, 1499), (549, 1499), (551, 1504), (557, 1510), (566, 1505), (572, 1495), (574, 1495), (583, 1512), (587, 1515), (595, 1499), (599, 1494), (612, 1515), (616, 1511), (624, 1495), (627, 1495), (629, 1497), (635, 1512), (639, 1515), (650, 1496), (652, 1494), (654, 1496), (664, 1515), (668, 1512), (675, 1497), (677, 1495), (679, 1495), (687, 1511), (692, 1515), (694, 1514), (702, 1497), (704, 1496), (706, 1497), (717, 1513), (721, 1510), (729, 1498), (733, 1499), (740, 1508), (744, 1511), (756, 1499), (761, 1501), (769, 1510), (773, 1509), (780, 1502), (784, 1500), (796, 1510), (800, 1508), (807, 1500), (811, 1499), (819, 1509), (824, 1511), (834, 1498), (836, 1498), (840, 1501), (849, 1512), (853, 1510), (857, 1502), (861, 1499), (865, 1501), (876, 1510), (880, 1507), (888, 1497), (891, 1496), (901, 1515), (905, 1512), (912, 1498), (916, 1494), (924, 1511), (928, 1515), (930, 1514), (941, 1494), (945, 1498), (951, 1512), (953, 1515), (956, 1515), (964, 1499), (968, 1494), (981, 1515), (985, 1511), (993, 1494), (997, 1498), (1004, 1512), (1008, 1515), (1014, 1504), (1020, 1500), (1033, 1510), (1037, 1508), (1044, 1501), (1048, 1500), (1056, 1508), (1060, 1510), (1073, 1500), (1085, 1509), (1090, 1508), (1096, 1501), (1100, 1500), (1113, 1510), (1125, 1499), (1129, 1501), (1136, 1509), (1140, 1510), (1148, 1501), (1153, 1499), (1165, 1512), (1169, 1509), (1176, 1500), (1184, 1505), (1339, 1504), (1352, 1508), (1362, 1498), (1364, 1498), (1375, 1514), (1377, 1515), (1385, 1499), (1389, 1494), (1402, 1515), (1406, 1511), (1414, 1495), (1417, 1495), (1419, 1497), (1425, 1512), (1429, 1515), (1440, 1496), (1442, 1494), (1444, 1496), (1454, 1515), (1458, 1512), (1465, 1497), (1467, 1495), (1469, 1495), (1477, 1511), (1481, 1515), (1494, 1494), (1498, 1499), (1507, 1515), (1509, 1515), (1511, 1512), (1517, 1498), (1521, 1494), (1532, 1514), (1534, 1515), (1536, 1514), (1546, 1494), (1551, 1498), (1557, 1512), (1559, 1515), (1561, 1515), (1569, 1498), (1574, 1494), (1586, 1515), (1588, 1514), (1595, 1501), (1599, 1496), (1611, 1509), (1624, 1503), (1637, 1506), (1653, 1503), (1666, 1506), (1678, 1503), (1693, 1506), (1706, 1503), (1720, 1509), (1731, 1498), (1735, 1501), (1741, 1510), (1746, 1511), (1754, 1500), (1758, 1497), (1771, 1512), (1775, 1509), (1783, 1498), (1787, 1500), (1794, 1509), (1800, 1513), (1800, 1502)]
[(1800, 1523), (1794, 1520), (1787, 1511), (1783, 1508), (1775, 1519), (1771, 1522), (1758, 1508), (1754, 1511), (1748, 1520), (1743, 1522), (1735, 1511), (1731, 1508), (1722, 1519), (1718, 1520), (1712, 1515), (1706, 1514), (1691, 1517), (1678, 1514), (1666, 1517), (1651, 1514), (1637, 1518), (1626, 1508), (1622, 1511), (1614, 1526), (1609, 1522), (1603, 1508), (1601, 1505), (1599, 1505), (1590, 1521), (1586, 1526), (1574, 1505), (1569, 1509), (1561, 1525), (1559, 1525), (1557, 1523), (1551, 1508), (1546, 1505), (1536, 1524), (1534, 1526), (1532, 1524), (1521, 1505), (1517, 1508), (1511, 1523), (1509, 1525), (1507, 1525), (1498, 1509), (1494, 1505), (1481, 1526), (1477, 1522), (1469, 1505), (1467, 1505), (1465, 1508), (1458, 1522), (1454, 1526), (1444, 1506), (1442, 1505), (1440, 1506), (1429, 1526), (1425, 1522), (1419, 1508), (1417, 1505), (1414, 1505), (1406, 1522), (1402, 1526), (1389, 1505), (1385, 1509), (1377, 1526), (1375, 1525), (1373, 1523), (1366, 1508), (1362, 1505), (1352, 1525), (1349, 1526), (1341, 1512), (1337, 1510), (1329, 1516), (1324, 1517), (1316, 1515), (1184, 1515), (1176, 1510), (1169, 1519), (1165, 1522), (1153, 1509), (1148, 1511), (1140, 1521), (1136, 1520), (1129, 1512), (1125, 1510), (1113, 1520), (1100, 1510), (1096, 1512), (1090, 1519), (1085, 1520), (1073, 1510), (1060, 1520), (1056, 1518), (1048, 1511), (1044, 1512), (1035, 1520), (1033, 1520), (1025, 1513), (1018, 1511), (1014, 1515), (1008, 1526), (1004, 1522), (997, 1508), (993, 1505), (985, 1521), (981, 1526), (968, 1505), (964, 1509), (956, 1525), (953, 1525), (951, 1523), (945, 1509), (941, 1505), (930, 1524), (928, 1526), (924, 1521), (916, 1505), (912, 1508), (905, 1523), (901, 1526), (893, 1509), (888, 1505), (880, 1518), (876, 1521), (863, 1511), (859, 1512), (851, 1519), (847, 1519), (836, 1511), (832, 1513), (826, 1519), (821, 1520), (813, 1512), (809, 1510), (800, 1518), (796, 1521), (784, 1510), (780, 1512), (773, 1520), (769, 1521), (761, 1511), (756, 1509), (744, 1522), (740, 1519), (733, 1509), (729, 1508), (719, 1524), (717, 1525), (708, 1509), (704, 1506), (700, 1510), (696, 1520), (692, 1526), (687, 1521), (679, 1505), (677, 1505), (675, 1508), (668, 1522), (664, 1526), (654, 1506), (652, 1505), (650, 1506), (639, 1526), (635, 1522), (629, 1508), (627, 1505), (624, 1505), (616, 1522), (612, 1526), (599, 1505), (595, 1509), (587, 1526), (583, 1523), (576, 1508), (572, 1505), (562, 1524), (555, 1517), (547, 1510), (541, 1514), (536, 1522), (532, 1525), (522, 1506), (518, 1507), (509, 1524), (507, 1524), (505, 1523), (495, 1505), (490, 1508), (482, 1524), (467, 1505), (457, 1521), (455, 1519), (453, 1522), (451, 1522), (444, 1508), (442, 1505), (440, 1505), (432, 1521), (427, 1526), (417, 1506), (415, 1505), (411, 1509), (402, 1526), (398, 1522), (392, 1508), (388, 1505), (379, 1520), (375, 1524), (373, 1523), (363, 1505), (358, 1509), (352, 1523), (350, 1524), (337, 1511), (325, 1518), (321, 1518), (312, 1513), (308, 1513), (295, 1518), (283, 1510), (279, 1512), (272, 1521), (268, 1523), (260, 1508), (256, 1506), (247, 1522), (243, 1526), (233, 1506), (231, 1505), (226, 1509), (218, 1526), (214, 1522), (207, 1508), (203, 1505), (195, 1521), (191, 1526), (178, 1505), (174, 1509), (166, 1524), (161, 1522), (155, 1509), (151, 1505), (140, 1524), (138, 1526), (126, 1506), (122, 1509), (115, 1522), (111, 1525), (103, 1509), (98, 1505), (94, 1510), (90, 1520), (86, 1524), (73, 1509), (71, 1509), (63, 1519), (59, 1521), (46, 1509), (34, 1521), (29, 1519), (21, 1510), (17, 1511), (10, 1519), (6, 1522), (4, 1521), (0, 1515), (0, 1513), (0, 1511), (0, 1509), (0, 1507), (0, 1505)]
[(0, 1526), (2, 1529), (4, 1532), (6, 1532), (8, 1531), (10, 1529), (17, 1521), (21, 1520), (29, 1530), (34, 1532), (46, 1520), (59, 1532), (63, 1529), (69, 1522), (73, 1520), (86, 1534), (90, 1530), (96, 1517), (98, 1515), (103, 1520), (111, 1536), (115, 1533), (124, 1517), (128, 1519), (134, 1531), (138, 1536), (140, 1535), (149, 1519), (153, 1520), (166, 1532), (168, 1532), (174, 1520), (178, 1516), (191, 1536), (195, 1532), (203, 1515), (207, 1518), (214, 1533), (218, 1536), (226, 1520), (231, 1515), (233, 1517), (243, 1536), (247, 1532), (256, 1517), (260, 1520), (268, 1533), (272, 1531), (279, 1523), (283, 1521), (295, 1529), (310, 1523), (321, 1528), (325, 1528), (337, 1521), (350, 1534), (352, 1533), (358, 1519), (363, 1515), (375, 1535), (379, 1531), (386, 1518), (388, 1515), (390, 1516), (398, 1533), (402, 1536), (411, 1520), (415, 1515), (417, 1517), (427, 1536), (432, 1532), (440, 1516), (442, 1516), (444, 1518), (453, 1534), (457, 1533), (459, 1530), (465, 1517), (467, 1517), (471, 1521), (478, 1534), (480, 1534), (484, 1531), (492, 1517), (497, 1519), (505, 1535), (507, 1536), (518, 1519), (522, 1523), (526, 1524), (530, 1533), (532, 1536), (534, 1536), (545, 1517), (547, 1520), (551, 1521), (555, 1531), (559, 1536), (564, 1532), (572, 1515), (576, 1519), (583, 1533), (587, 1536), (595, 1520), (599, 1515), (612, 1536), (616, 1532), (624, 1516), (627, 1516), (629, 1518), (635, 1533), (639, 1536), (650, 1517), (652, 1515), (654, 1516), (664, 1536), (668, 1533), (675, 1518), (677, 1516), (679, 1515), (687, 1532), (692, 1536), (704, 1515), (708, 1519), (717, 1536), (719, 1536), (721, 1533), (729, 1517), (733, 1519), (740, 1530), (744, 1533), (756, 1520), (761, 1522), (769, 1531), (773, 1530), (780, 1522), (784, 1521), (796, 1530), (809, 1522), (821, 1529), (826, 1528), (836, 1523), (849, 1529), (863, 1521), (874, 1531), (878, 1532), (888, 1515), (893, 1520), (901, 1536), (905, 1533), (912, 1519), (916, 1515), (924, 1532), (928, 1536), (930, 1535), (941, 1515), (945, 1519), (951, 1533), (953, 1536), (956, 1536), (966, 1516), (968, 1515), (981, 1536), (985, 1532), (993, 1515), (997, 1519), (1004, 1533), (1008, 1536), (1014, 1525), (1020, 1521), (1033, 1531), (1046, 1521), (1050, 1522), (1056, 1529), (1060, 1531), (1073, 1520), (1085, 1531), (1090, 1529), (1096, 1522), (1100, 1521), (1113, 1531), (1125, 1520), (1129, 1522), (1136, 1530), (1140, 1532), (1148, 1522), (1153, 1520), (1165, 1533), (1167, 1532), (1176, 1521), (1182, 1526), (1301, 1526), (1312, 1522), (1324, 1534), (1326, 1533), (1333, 1519), (1337, 1515), (1347, 1535), (1349, 1536), (1352, 1535), (1362, 1515), (1366, 1519), (1373, 1533), (1375, 1536), (1377, 1536), (1385, 1520), (1389, 1515), (1402, 1536), (1406, 1532), (1414, 1516), (1417, 1516), (1419, 1518), (1425, 1533), (1429, 1536), (1440, 1517), (1442, 1515), (1444, 1517), (1454, 1536), (1458, 1533), (1465, 1518), (1467, 1516), (1469, 1515), (1477, 1532), (1481, 1536), (1494, 1515), (1498, 1519), (1507, 1536), (1509, 1536), (1511, 1533), (1517, 1519), (1521, 1515), (1532, 1535), (1534, 1536), (1536, 1535), (1546, 1515), (1551, 1519), (1557, 1533), (1559, 1536), (1561, 1536), (1569, 1519), (1574, 1515), (1586, 1536), (1590, 1532), (1599, 1515), (1601, 1516), (1603, 1518), (1609, 1533), (1614, 1536), (1622, 1520), (1626, 1515), (1628, 1517), (1637, 1532), (1641, 1530), (1649, 1524), (1664, 1527), (1678, 1525), (1693, 1527), (1706, 1523), (1710, 1524), (1718, 1532), (1722, 1529), (1731, 1518), (1735, 1521), (1741, 1531), (1746, 1533), (1754, 1521), (1758, 1519), (1771, 1533), (1775, 1530), (1783, 1519), (1787, 1521), (1794, 1531), (1800, 1534), (1800, 1523)]
[(1800, 1544), (1794, 1541), (1787, 1532), (1783, 1529), (1773, 1542), (1769, 1542), (1758, 1529), (1754, 1532), (1748, 1542), (1743, 1543), (1735, 1531), (1731, 1529), (1722, 1540), (1718, 1543), (1708, 1533), (1693, 1538), (1678, 1535), (1664, 1537), (1649, 1533), (1639, 1545), (1637, 1544), (1630, 1531), (1626, 1526), (1624, 1527), (1614, 1546), (1609, 1543), (1603, 1529), (1601, 1526), (1599, 1526), (1590, 1542), (1586, 1547), (1574, 1526), (1569, 1530), (1561, 1546), (1559, 1546), (1557, 1544), (1551, 1529), (1546, 1526), (1536, 1545), (1534, 1547), (1532, 1545), (1521, 1526), (1517, 1529), (1511, 1544), (1509, 1546), (1507, 1546), (1498, 1530), (1494, 1526), (1481, 1546), (1477, 1542), (1471, 1528), (1469, 1526), (1467, 1526), (1458, 1543), (1454, 1547), (1444, 1527), (1442, 1526), (1440, 1527), (1429, 1547), (1425, 1543), (1419, 1529), (1417, 1526), (1414, 1526), (1406, 1543), (1402, 1547), (1389, 1526), (1385, 1530), (1377, 1546), (1375, 1546), (1373, 1544), (1366, 1529), (1362, 1526), (1352, 1545), (1349, 1547), (1347, 1545), (1337, 1526), (1333, 1529), (1326, 1544), (1324, 1546), (1322, 1546), (1314, 1530), (1310, 1526), (1308, 1527), (1301, 1541), (1297, 1544), (1289, 1534), (1285, 1532), (1272, 1537), (1264, 1536), (1182, 1536), (1176, 1534), (1173, 1534), (1167, 1543), (1165, 1544), (1153, 1530), (1148, 1532), (1140, 1542), (1136, 1541), (1129, 1533), (1125, 1530), (1113, 1542), (1100, 1531), (1096, 1533), (1090, 1540), (1085, 1541), (1073, 1531), (1060, 1542), (1056, 1539), (1050, 1532), (1046, 1531), (1035, 1541), (1033, 1542), (1020, 1532), (1014, 1535), (1008, 1547), (1004, 1543), (997, 1529), (995, 1526), (993, 1526), (985, 1542), (981, 1546), (968, 1526), (964, 1530), (956, 1546), (953, 1546), (951, 1544), (945, 1529), (941, 1526), (930, 1545), (928, 1547), (924, 1542), (916, 1526), (912, 1529), (905, 1543), (901, 1546), (893, 1530), (888, 1526), (884, 1531), (878, 1545), (874, 1543), (868, 1534), (863, 1531), (853, 1538), (849, 1540), (838, 1533), (834, 1533), (826, 1539), (821, 1539), (809, 1533), (796, 1541), (786, 1532), (782, 1531), (773, 1541), (769, 1542), (761, 1532), (756, 1529), (744, 1545), (740, 1541), (731, 1526), (727, 1529), (721, 1544), (719, 1546), (717, 1546), (708, 1530), (704, 1526), (692, 1547), (687, 1542), (679, 1526), (677, 1526), (675, 1529), (668, 1543), (664, 1547), (654, 1527), (652, 1526), (650, 1527), (639, 1547), (635, 1543), (629, 1529), (627, 1526), (624, 1526), (616, 1543), (612, 1547), (599, 1526), (595, 1530), (587, 1546), (583, 1543), (576, 1529), (572, 1526), (564, 1542), (559, 1547), (557, 1545), (547, 1526), (543, 1530), (534, 1546), (532, 1546), (522, 1529), (515, 1533), (507, 1546), (497, 1529), (495, 1528), (490, 1531), (482, 1545), (480, 1546), (478, 1544), (469, 1527), (467, 1526), (463, 1531), (459, 1540), (455, 1545), (451, 1543), (444, 1529), (442, 1526), (440, 1526), (432, 1543), (427, 1547), (417, 1527), (415, 1526), (411, 1530), (404, 1544), (402, 1544), (400, 1546), (392, 1529), (388, 1526), (379, 1542), (375, 1546), (373, 1545), (363, 1526), (358, 1530), (352, 1543), (350, 1545), (337, 1532), (323, 1539), (310, 1533), (295, 1540), (283, 1531), (279, 1533), (272, 1542), (268, 1543), (260, 1530), (256, 1527), (247, 1543), (243, 1547), (233, 1527), (231, 1526), (226, 1530), (218, 1547), (214, 1543), (207, 1529), (203, 1526), (195, 1542), (191, 1547), (186, 1541), (180, 1528), (178, 1527), (168, 1540), (163, 1540), (151, 1532), (147, 1534), (138, 1544), (136, 1544), (128, 1529), (126, 1527), (124, 1528), (115, 1543), (113, 1546), (111, 1546), (103, 1530), (98, 1526), (90, 1541), (86, 1544), (73, 1531), (69, 1532), (63, 1540), (59, 1542), (46, 1530), (34, 1542), (29, 1540), (21, 1530), (17, 1532), (10, 1540), (6, 1542), (4, 1542), (0, 1536), (0, 1534), (0, 1532), (0, 1530), (0, 1528), (0, 1526)]
[(0, 1547), (2, 1550), (4, 1553), (6, 1553), (8, 1553), (10, 1551), (19, 1540), (23, 1541), (29, 1551), (34, 1554), (44, 1541), (48, 1542), (59, 1552), (63, 1550), (69, 1543), (73, 1541), (86, 1555), (90, 1551), (96, 1538), (98, 1536), (103, 1540), (111, 1557), (115, 1554), (122, 1541), (126, 1539), (134, 1551), (138, 1554), (149, 1544), (153, 1544), (166, 1549), (172, 1546), (178, 1539), (182, 1543), (189, 1556), (191, 1557), (195, 1553), (203, 1536), (207, 1539), (214, 1554), (218, 1557), (226, 1541), (231, 1536), (233, 1538), (243, 1557), (247, 1553), (256, 1537), (258, 1537), (260, 1540), (268, 1553), (272, 1552), (279, 1544), (283, 1542), (295, 1550), (310, 1544), (323, 1550), (337, 1542), (350, 1555), (352, 1554), (358, 1540), (363, 1536), (373, 1556), (375, 1557), (379, 1553), (388, 1536), (392, 1540), (398, 1553), (400, 1557), (402, 1557), (411, 1541), (415, 1536), (417, 1538), (427, 1557), (432, 1553), (440, 1537), (442, 1537), (444, 1539), (453, 1555), (459, 1550), (467, 1536), (471, 1541), (480, 1557), (484, 1554), (490, 1540), (495, 1537), (505, 1554), (511, 1551), (518, 1540), (520, 1539), (528, 1549), (530, 1549), (534, 1557), (545, 1538), (551, 1542), (555, 1552), (559, 1557), (564, 1552), (572, 1536), (576, 1540), (583, 1554), (587, 1557), (595, 1541), (599, 1536), (612, 1557), (616, 1553), (624, 1536), (627, 1537), (629, 1539), (635, 1553), (639, 1557), (650, 1538), (652, 1536), (654, 1537), (664, 1557), (668, 1554), (675, 1539), (677, 1537), (679, 1536), (687, 1553), (692, 1557), (704, 1536), (708, 1540), (717, 1557), (719, 1557), (721, 1554), (727, 1540), (731, 1536), (742, 1556), (744, 1557), (746, 1556), (756, 1536), (761, 1540), (769, 1557), (771, 1557), (780, 1541), (784, 1539), (792, 1550), (796, 1553), (809, 1542), (813, 1543), (821, 1551), (826, 1549), (834, 1543), (838, 1543), (847, 1550), (851, 1552), (859, 1542), (863, 1540), (876, 1556), (878, 1555), (884, 1542), (888, 1536), (893, 1541), (901, 1557), (905, 1554), (912, 1540), (916, 1536), (924, 1552), (928, 1557), (930, 1556), (941, 1536), (945, 1540), (951, 1554), (953, 1557), (956, 1557), (964, 1541), (968, 1536), (970, 1538), (976, 1552), (981, 1557), (985, 1553), (991, 1539), (995, 1537), (1004, 1554), (1008, 1557), (1014, 1546), (1020, 1542), (1025, 1544), (1033, 1554), (1035, 1554), (1046, 1539), (1050, 1541), (1056, 1551), (1060, 1554), (1073, 1540), (1085, 1553), (1090, 1551), (1096, 1543), (1100, 1541), (1113, 1552), (1125, 1541), (1129, 1543), (1136, 1551), (1140, 1553), (1148, 1542), (1153, 1540), (1165, 1554), (1167, 1553), (1173, 1546), (1178, 1547), (1247, 1547), (1259, 1544), (1272, 1555), (1274, 1553), (1280, 1539), (1285, 1536), (1293, 1553), (1297, 1557), (1310, 1536), (1314, 1540), (1322, 1557), (1324, 1557), (1326, 1554), (1333, 1540), (1337, 1536), (1347, 1556), (1349, 1557), (1352, 1556), (1362, 1536), (1366, 1540), (1373, 1554), (1375, 1557), (1377, 1557), (1385, 1540), (1389, 1536), (1402, 1557), (1406, 1553), (1414, 1537), (1417, 1538), (1425, 1551), (1429, 1554), (1433, 1550), (1440, 1538), (1442, 1536), (1444, 1537), (1454, 1557), (1458, 1554), (1467, 1537), (1469, 1537), (1477, 1552), (1481, 1556), (1486, 1551), (1492, 1538), (1494, 1536), (1496, 1537), (1507, 1557), (1509, 1557), (1511, 1554), (1517, 1540), (1521, 1536), (1532, 1556), (1534, 1557), (1536, 1556), (1546, 1536), (1551, 1540), (1557, 1554), (1559, 1557), (1561, 1557), (1569, 1540), (1574, 1536), (1586, 1557), (1590, 1553), (1599, 1536), (1601, 1537), (1603, 1539), (1611, 1556), (1616, 1554), (1622, 1542), (1626, 1538), (1630, 1542), (1637, 1554), (1639, 1555), (1641, 1554), (1649, 1543), (1653, 1543), (1662, 1548), (1681, 1546), (1693, 1549), (1697, 1548), (1706, 1541), (1708, 1542), (1714, 1550), (1718, 1553), (1722, 1550), (1731, 1540), (1735, 1542), (1741, 1552), (1746, 1554), (1754, 1542), (1758, 1540), (1771, 1553), (1773, 1553), (1783, 1540), (1787, 1542), (1794, 1551), (1800, 1555), (1800, 1544)]
[(1800, 1565), (1794, 1562), (1787, 1553), (1783, 1551), (1775, 1561), (1771, 1564), (1758, 1550), (1754, 1553), (1746, 1564), (1741, 1563), (1735, 1553), (1731, 1550), (1718, 1564), (1706, 1551), (1702, 1553), (1697, 1559), (1693, 1561), (1683, 1556), (1662, 1558), (1651, 1552), (1649, 1553), (1641, 1565), (1639, 1566), (1626, 1548), (1622, 1552), (1614, 1567), (1609, 1564), (1603, 1550), (1601, 1547), (1599, 1547), (1590, 1563), (1586, 1568), (1574, 1547), (1569, 1551), (1561, 1567), (1559, 1567), (1557, 1565), (1551, 1550), (1546, 1547), (1536, 1566), (1534, 1568), (1532, 1566), (1521, 1547), (1517, 1550), (1511, 1565), (1509, 1567), (1507, 1567), (1498, 1551), (1494, 1547), (1490, 1552), (1484, 1566), (1481, 1567), (1479, 1565), (1471, 1551), (1467, 1547), (1458, 1564), (1454, 1568), (1444, 1548), (1442, 1547), (1440, 1548), (1433, 1561), (1429, 1566), (1425, 1563), (1419, 1552), (1414, 1551), (1402, 1568), (1389, 1547), (1385, 1551), (1377, 1567), (1375, 1567), (1373, 1564), (1366, 1550), (1362, 1547), (1352, 1566), (1349, 1568), (1347, 1566), (1337, 1547), (1333, 1550), (1326, 1565), (1324, 1567), (1322, 1567), (1314, 1551), (1310, 1547), (1297, 1568), (1293, 1563), (1285, 1547), (1280, 1550), (1274, 1564), (1270, 1567), (1259, 1550), (1247, 1559), (1234, 1556), (1173, 1557), (1171, 1557), (1165, 1565), (1153, 1550), (1150, 1551), (1140, 1564), (1136, 1562), (1129, 1553), (1125, 1551), (1113, 1564), (1108, 1561), (1102, 1551), (1098, 1550), (1090, 1563), (1085, 1565), (1077, 1553), (1073, 1549), (1071, 1550), (1060, 1566), (1056, 1563), (1048, 1549), (1044, 1552), (1037, 1562), (1033, 1565), (1023, 1552), (1020, 1552), (1014, 1556), (1008, 1567), (1004, 1564), (995, 1547), (991, 1550), (985, 1563), (983, 1567), (981, 1567), (976, 1562), (970, 1548), (968, 1547), (964, 1552), (956, 1567), (953, 1567), (951, 1565), (945, 1550), (941, 1547), (930, 1566), (928, 1568), (924, 1563), (916, 1547), (912, 1550), (905, 1564), (901, 1567), (893, 1552), (891, 1551), (882, 1557), (878, 1558), (861, 1555), (849, 1561), (836, 1553), (826, 1561), (821, 1561), (813, 1554), (809, 1553), (796, 1563), (784, 1551), (780, 1554), (773, 1561), (769, 1563), (761, 1553), (756, 1551), (744, 1564), (740, 1561), (731, 1548), (729, 1548), (721, 1564), (717, 1567), (708, 1551), (704, 1547), (692, 1568), (687, 1563), (679, 1547), (677, 1547), (675, 1550), (668, 1564), (664, 1568), (654, 1548), (652, 1547), (650, 1548), (639, 1568), (635, 1564), (629, 1550), (627, 1547), (624, 1547), (616, 1564), (612, 1568), (599, 1547), (595, 1551), (587, 1567), (583, 1564), (576, 1550), (572, 1547), (562, 1566), (559, 1567), (547, 1548), (545, 1548), (534, 1567), (524, 1553), (520, 1549), (518, 1549), (509, 1563), (505, 1566), (497, 1550), (492, 1547), (484, 1564), (482, 1567), (480, 1567), (471, 1552), (467, 1550), (465, 1550), (455, 1567), (453, 1567), (442, 1547), (440, 1547), (438, 1549), (432, 1564), (427, 1568), (417, 1548), (415, 1547), (411, 1551), (402, 1567), (398, 1564), (392, 1550), (388, 1547), (375, 1568), (373, 1566), (367, 1553), (365, 1554), (363, 1556), (358, 1554), (352, 1564), (350, 1565), (348, 1565), (342, 1556), (337, 1553), (323, 1560), (312, 1555), (308, 1554), (295, 1560), (283, 1552), (279, 1554), (270, 1566), (268, 1566), (258, 1547), (256, 1547), (254, 1550), (247, 1564), (243, 1568), (233, 1548), (231, 1547), (226, 1551), (218, 1567), (214, 1564), (207, 1550), (203, 1547), (195, 1563), (191, 1567), (180, 1552), (178, 1552), (170, 1558), (166, 1559), (149, 1555), (138, 1564), (134, 1561), (126, 1549), (122, 1552), (115, 1564), (111, 1567), (103, 1551), (98, 1547), (94, 1552), (90, 1562), (86, 1566), (73, 1551), (69, 1553), (63, 1560), (59, 1562), (46, 1552), (42, 1554), (34, 1564), (29, 1562), (21, 1550), (17, 1551), (10, 1562), (6, 1565), (4, 1564), (0, 1557), (0, 1555), (0, 1553), (0, 1551), (0, 1549), (0, 1547)]
[(0, 1568), (2, 1571), (4, 1575), (6, 1575), (8, 1575), (10, 1572), (19, 1560), (23, 1562), (31, 1575), (36, 1573), (42, 1564), (46, 1562), (50, 1565), (57, 1572), (61, 1573), (71, 1560), (73, 1560), (84, 1576), (86, 1578), (88, 1576), (94, 1563), (98, 1557), (103, 1561), (111, 1577), (115, 1574), (122, 1562), (126, 1560), (136, 1574), (140, 1573), (149, 1565), (166, 1569), (180, 1563), (191, 1576), (195, 1573), (201, 1560), (203, 1557), (205, 1558), (214, 1575), (218, 1578), (226, 1562), (231, 1557), (233, 1559), (243, 1578), (247, 1574), (254, 1560), (256, 1558), (258, 1557), (266, 1574), (270, 1578), (279, 1565), (283, 1562), (291, 1569), (295, 1571), (310, 1564), (323, 1571), (333, 1564), (337, 1563), (344, 1569), (350, 1570), (352, 1573), (360, 1558), (363, 1557), (373, 1577), (375, 1575), (377, 1577), (388, 1557), (392, 1561), (398, 1575), (402, 1578), (411, 1562), (415, 1557), (417, 1559), (427, 1578), (432, 1574), (440, 1557), (442, 1558), (444, 1560), (451, 1574), (455, 1578), (463, 1564), (467, 1560), (469, 1560), (476, 1570), (482, 1577), (492, 1558), (495, 1558), (503, 1572), (509, 1574), (511, 1573), (518, 1561), (522, 1559), (532, 1576), (536, 1574), (547, 1558), (549, 1559), (553, 1568), (562, 1576), (572, 1557), (576, 1561), (583, 1575), (587, 1578), (595, 1561), (599, 1557), (612, 1578), (616, 1574), (624, 1557), (627, 1558), (629, 1560), (635, 1574), (639, 1578), (650, 1558), (652, 1557), (654, 1558), (664, 1578), (668, 1575), (675, 1560), (677, 1558), (679, 1557), (687, 1574), (692, 1578), (704, 1557), (708, 1561), (717, 1578), (721, 1575), (729, 1560), (733, 1561), (740, 1571), (744, 1574), (746, 1574), (756, 1561), (761, 1564), (767, 1572), (771, 1574), (780, 1564), (784, 1562), (796, 1573), (809, 1563), (813, 1564), (819, 1571), (824, 1572), (836, 1563), (849, 1571), (861, 1566), (872, 1568), (891, 1567), (905, 1569), (909, 1567), (916, 1560), (918, 1560), (924, 1573), (928, 1578), (930, 1577), (941, 1557), (945, 1561), (951, 1575), (953, 1578), (956, 1578), (964, 1562), (968, 1557), (972, 1563), (976, 1573), (981, 1577), (983, 1577), (985, 1574), (991, 1560), (993, 1558), (995, 1558), (1004, 1575), (1008, 1578), (1014, 1567), (1020, 1561), (1031, 1574), (1033, 1574), (1037, 1572), (1044, 1563), (1048, 1562), (1058, 1574), (1060, 1575), (1073, 1559), (1077, 1563), (1083, 1574), (1088, 1576), (1096, 1561), (1100, 1559), (1108, 1573), (1113, 1577), (1125, 1559), (1129, 1562), (1136, 1574), (1140, 1576), (1148, 1562), (1153, 1559), (1163, 1575), (1165, 1576), (1173, 1567), (1224, 1568), (1234, 1566), (1245, 1574), (1249, 1572), (1255, 1559), (1257, 1557), (1261, 1562), (1270, 1578), (1274, 1575), (1280, 1560), (1285, 1557), (1293, 1574), (1297, 1578), (1299, 1577), (1308, 1559), (1310, 1557), (1314, 1561), (1322, 1577), (1326, 1575), (1333, 1561), (1337, 1557), (1347, 1577), (1349, 1578), (1352, 1577), (1362, 1557), (1366, 1561), (1373, 1575), (1375, 1578), (1377, 1578), (1385, 1561), (1389, 1557), (1393, 1563), (1400, 1576), (1402, 1577), (1412, 1562), (1417, 1560), (1419, 1561), (1425, 1574), (1429, 1578), (1440, 1558), (1442, 1557), (1444, 1558), (1454, 1578), (1458, 1575), (1467, 1559), (1471, 1561), (1477, 1573), (1481, 1578), (1484, 1576), (1490, 1563), (1494, 1557), (1498, 1561), (1507, 1578), (1509, 1578), (1511, 1575), (1517, 1561), (1521, 1557), (1532, 1577), (1534, 1578), (1536, 1577), (1546, 1557), (1551, 1561), (1557, 1575), (1559, 1578), (1561, 1578), (1569, 1561), (1574, 1557), (1586, 1578), (1590, 1574), (1599, 1557), (1601, 1558), (1603, 1560), (1609, 1575), (1614, 1578), (1622, 1563), (1626, 1559), (1628, 1560), (1639, 1576), (1641, 1576), (1647, 1566), (1651, 1563), (1658, 1567), (1664, 1569), (1683, 1566), (1693, 1574), (1702, 1563), (1706, 1561), (1718, 1574), (1731, 1561), (1735, 1563), (1741, 1573), (1746, 1575), (1754, 1563), (1758, 1560), (1771, 1575), (1773, 1574), (1783, 1561), (1787, 1563), (1794, 1572), (1800, 1576), (1800, 1565)]
[(1800, 1586), (1794, 1583), (1787, 1573), (1783, 1572), (1773, 1584), (1771, 1585), (1758, 1571), (1754, 1574), (1746, 1585), (1741, 1583), (1735, 1574), (1731, 1571), (1722, 1581), (1718, 1584), (1706, 1572), (1702, 1574), (1693, 1584), (1689, 1583), (1683, 1575), (1681, 1574), (1666, 1580), (1649, 1575), (1641, 1585), (1639, 1586), (1634, 1582), (1628, 1571), (1626, 1570), (1622, 1573), (1614, 1588), (1609, 1585), (1603, 1571), (1599, 1568), (1590, 1584), (1586, 1589), (1574, 1568), (1569, 1572), (1561, 1588), (1559, 1588), (1557, 1586), (1551, 1571), (1546, 1568), (1536, 1587), (1534, 1589), (1532, 1587), (1521, 1568), (1517, 1571), (1511, 1586), (1509, 1588), (1507, 1588), (1498, 1572), (1494, 1568), (1481, 1589), (1477, 1584), (1471, 1572), (1467, 1569), (1458, 1585), (1454, 1588), (1444, 1569), (1442, 1568), (1437, 1573), (1429, 1588), (1425, 1585), (1417, 1568), (1414, 1569), (1408, 1579), (1402, 1586), (1400, 1586), (1398, 1583), (1393, 1573), (1389, 1568), (1385, 1572), (1377, 1588), (1375, 1588), (1373, 1585), (1366, 1571), (1362, 1568), (1352, 1587), (1349, 1589), (1347, 1587), (1337, 1568), (1333, 1571), (1324, 1587), (1320, 1585), (1314, 1572), (1310, 1568), (1308, 1570), (1301, 1583), (1297, 1588), (1293, 1584), (1287, 1570), (1285, 1568), (1282, 1568), (1274, 1585), (1270, 1588), (1261, 1572), (1257, 1568), (1255, 1569), (1245, 1589), (1243, 1588), (1236, 1576), (1232, 1572), (1222, 1579), (1173, 1577), (1171, 1578), (1165, 1588), (1157, 1574), (1153, 1570), (1148, 1573), (1140, 1587), (1138, 1588), (1129, 1572), (1125, 1568), (1115, 1586), (1113, 1587), (1100, 1570), (1096, 1573), (1090, 1583), (1085, 1585), (1077, 1574), (1073, 1571), (1060, 1584), (1056, 1582), (1048, 1572), (1046, 1572), (1037, 1582), (1033, 1584), (1029, 1581), (1025, 1575), (1018, 1573), (1008, 1588), (1004, 1585), (997, 1571), (995, 1568), (993, 1568), (985, 1584), (983, 1588), (981, 1588), (979, 1587), (970, 1569), (968, 1568), (964, 1572), (956, 1588), (953, 1588), (951, 1586), (945, 1571), (941, 1568), (935, 1578), (932, 1579), (912, 1578), (874, 1579), (861, 1577), (849, 1581), (836, 1574), (824, 1583), (819, 1581), (813, 1575), (809, 1573), (796, 1584), (784, 1573), (780, 1575), (773, 1583), (769, 1584), (761, 1574), (756, 1572), (744, 1585), (740, 1582), (733, 1572), (729, 1570), (721, 1586), (719, 1588), (717, 1588), (708, 1572), (704, 1568), (692, 1589), (687, 1584), (679, 1568), (677, 1568), (675, 1571), (668, 1585), (664, 1588), (654, 1569), (652, 1568), (650, 1569), (639, 1588), (635, 1585), (629, 1571), (627, 1568), (624, 1568), (616, 1584), (612, 1589), (599, 1568), (595, 1572), (587, 1588), (583, 1585), (578, 1576), (576, 1575), (572, 1569), (568, 1574), (564, 1584), (559, 1588), (547, 1568), (543, 1572), (536, 1586), (532, 1586), (530, 1584), (522, 1568), (518, 1571), (511, 1583), (507, 1588), (505, 1588), (495, 1568), (492, 1568), (484, 1585), (482, 1588), (480, 1588), (467, 1568), (465, 1569), (455, 1589), (451, 1585), (442, 1568), (440, 1568), (438, 1571), (432, 1585), (427, 1589), (417, 1569), (415, 1568), (413, 1569), (402, 1588), (398, 1585), (392, 1571), (388, 1568), (379, 1584), (375, 1589), (373, 1587), (365, 1570), (363, 1568), (358, 1572), (354, 1581), (350, 1587), (337, 1574), (323, 1581), (310, 1575), (295, 1581), (291, 1580), (283, 1572), (279, 1574), (270, 1589), (266, 1585), (258, 1568), (256, 1568), (254, 1571), (247, 1585), (243, 1589), (233, 1569), (231, 1568), (228, 1569), (222, 1582), (218, 1587), (214, 1584), (205, 1571), (201, 1572), (195, 1582), (191, 1585), (180, 1575), (166, 1579), (149, 1575), (140, 1584), (136, 1584), (126, 1571), (122, 1573), (115, 1584), (111, 1587), (101, 1569), (98, 1568), (94, 1573), (88, 1587), (86, 1588), (84, 1587), (73, 1570), (71, 1570), (63, 1583), (59, 1585), (46, 1571), (44, 1571), (34, 1586), (29, 1583), (21, 1570), (17, 1572), (8, 1585), (4, 1585), (0, 1578), (0, 1576), (0, 1574), (0, 1572), (0, 1570), (0, 1568)]
[(0, 1589), (2, 1592), (4, 1595), (6, 1596), (8, 1596), (10, 1593), (17, 1582), (21, 1581), (29, 1594), (34, 1597), (42, 1584), (46, 1580), (48, 1581), (57, 1595), (59, 1596), (63, 1593), (69, 1583), (73, 1581), (86, 1598), (88, 1597), (94, 1583), (98, 1578), (101, 1579), (111, 1598), (115, 1595), (124, 1581), (128, 1582), (134, 1593), (138, 1595), (149, 1585), (163, 1590), (180, 1586), (189, 1594), (193, 1595), (201, 1583), (205, 1582), (214, 1594), (218, 1596), (231, 1580), (235, 1584), (243, 1598), (245, 1598), (247, 1595), (254, 1581), (256, 1578), (258, 1578), (266, 1595), (270, 1599), (281, 1582), (285, 1583), (291, 1590), (295, 1592), (310, 1585), (323, 1592), (337, 1584), (346, 1593), (350, 1596), (352, 1595), (360, 1580), (367, 1585), (373, 1598), (375, 1599), (379, 1595), (388, 1578), (392, 1581), (398, 1596), (402, 1599), (411, 1583), (415, 1578), (417, 1580), (427, 1599), (432, 1595), (440, 1578), (444, 1581), (451, 1595), (455, 1599), (465, 1580), (467, 1578), (471, 1583), (480, 1599), (482, 1598), (488, 1586), (495, 1580), (497, 1581), (503, 1595), (507, 1599), (509, 1598), (518, 1581), (522, 1580), (532, 1598), (545, 1580), (549, 1582), (559, 1599), (572, 1578), (574, 1579), (580, 1591), (583, 1591), (585, 1599), (587, 1599), (595, 1582), (599, 1578), (612, 1599), (616, 1595), (624, 1578), (627, 1579), (629, 1581), (635, 1595), (639, 1599), (650, 1579), (652, 1578), (654, 1579), (664, 1599), (668, 1596), (675, 1581), (677, 1579), (679, 1578), (687, 1595), (692, 1599), (704, 1578), (708, 1582), (717, 1599), (719, 1599), (721, 1596), (729, 1580), (733, 1582), (740, 1593), (744, 1596), (756, 1582), (761, 1585), (769, 1595), (773, 1593), (782, 1584), (786, 1584), (796, 1594), (800, 1592), (809, 1584), (813, 1585), (821, 1593), (826, 1592), (832, 1586), (836, 1585), (849, 1592), (861, 1587), (874, 1590), (888, 1588), (901, 1589), (947, 1588), (951, 1596), (956, 1599), (964, 1582), (968, 1578), (972, 1584), (979, 1598), (981, 1599), (985, 1595), (993, 1578), (997, 1581), (1004, 1596), (1008, 1599), (1018, 1583), (1025, 1585), (1029, 1591), (1033, 1594), (1037, 1592), (1044, 1584), (1048, 1583), (1056, 1592), (1060, 1594), (1073, 1582), (1077, 1585), (1085, 1595), (1090, 1593), (1096, 1584), (1100, 1582), (1113, 1596), (1125, 1581), (1129, 1583), (1138, 1597), (1140, 1596), (1148, 1584), (1153, 1581), (1157, 1585), (1163, 1597), (1171, 1589), (1173, 1588), (1209, 1588), (1222, 1592), (1230, 1578), (1232, 1578), (1234, 1581), (1241, 1595), (1245, 1599), (1255, 1580), (1257, 1578), (1259, 1579), (1270, 1599), (1274, 1595), (1280, 1582), (1285, 1579), (1295, 1598), (1297, 1599), (1299, 1597), (1308, 1581), (1310, 1579), (1314, 1583), (1320, 1596), (1322, 1598), (1324, 1598), (1333, 1582), (1337, 1578), (1347, 1598), (1349, 1599), (1352, 1598), (1362, 1578), (1366, 1582), (1373, 1596), (1375, 1599), (1377, 1599), (1385, 1582), (1389, 1578), (1391, 1580), (1398, 1593), (1402, 1596), (1406, 1594), (1412, 1581), (1414, 1578), (1417, 1579), (1425, 1595), (1429, 1599), (1437, 1583), (1442, 1578), (1444, 1579), (1454, 1599), (1458, 1595), (1465, 1582), (1469, 1580), (1473, 1585), (1479, 1598), (1481, 1599), (1494, 1578), (1498, 1582), (1507, 1599), (1509, 1599), (1511, 1596), (1517, 1582), (1521, 1578), (1532, 1598), (1534, 1599), (1536, 1598), (1546, 1578), (1551, 1582), (1557, 1596), (1559, 1599), (1561, 1599), (1569, 1583), (1574, 1579), (1586, 1599), (1590, 1595), (1599, 1579), (1601, 1579), (1603, 1581), (1609, 1596), (1614, 1599), (1622, 1583), (1626, 1580), (1628, 1581), (1634, 1592), (1639, 1595), (1649, 1587), (1668, 1591), (1678, 1582), (1683, 1585), (1691, 1595), (1695, 1593), (1702, 1584), (1706, 1583), (1718, 1595), (1722, 1592), (1729, 1583), (1733, 1582), (1743, 1596), (1748, 1594), (1754, 1584), (1758, 1581), (1771, 1596), (1773, 1595), (1783, 1582), (1787, 1584), (1794, 1593), (1800, 1597), (1800, 1586)]
[(1800, 1607), (1796, 1606), (1787, 1594), (1783, 1592), (1775, 1603), (1771, 1606), (1766, 1603), (1760, 1593), (1756, 1592), (1748, 1605), (1743, 1607), (1735, 1595), (1731, 1592), (1718, 1605), (1706, 1593), (1702, 1595), (1695, 1603), (1691, 1605), (1683, 1595), (1678, 1592), (1676, 1593), (1668, 1604), (1664, 1603), (1658, 1598), (1651, 1597), (1637, 1604), (1626, 1590), (1622, 1594), (1614, 1609), (1609, 1606), (1603, 1592), (1601, 1589), (1599, 1589), (1590, 1605), (1586, 1610), (1574, 1589), (1569, 1593), (1563, 1606), (1561, 1609), (1559, 1609), (1551, 1592), (1546, 1589), (1536, 1608), (1534, 1610), (1532, 1608), (1521, 1589), (1517, 1592), (1511, 1606), (1509, 1609), (1507, 1609), (1498, 1593), (1494, 1589), (1492, 1590), (1486, 1604), (1481, 1610), (1479, 1609), (1471, 1592), (1469, 1590), (1465, 1593), (1456, 1609), (1454, 1609), (1444, 1590), (1442, 1589), (1437, 1594), (1429, 1609), (1425, 1606), (1417, 1589), (1414, 1589), (1412, 1591), (1406, 1605), (1402, 1608), (1389, 1589), (1385, 1593), (1377, 1609), (1375, 1609), (1373, 1606), (1366, 1592), (1362, 1589), (1352, 1608), (1349, 1610), (1347, 1608), (1337, 1589), (1333, 1592), (1324, 1609), (1320, 1607), (1314, 1593), (1310, 1590), (1297, 1609), (1293, 1605), (1285, 1590), (1282, 1590), (1274, 1605), (1270, 1608), (1259, 1590), (1257, 1589), (1255, 1590), (1245, 1609), (1241, 1605), (1234, 1591), (1232, 1589), (1230, 1589), (1222, 1604), (1220, 1605), (1217, 1605), (1211, 1599), (1207, 1598), (1171, 1599), (1163, 1604), (1153, 1593), (1148, 1595), (1142, 1604), (1138, 1607), (1129, 1594), (1125, 1592), (1113, 1606), (1111, 1605), (1100, 1592), (1096, 1595), (1088, 1605), (1083, 1604), (1077, 1596), (1073, 1593), (1060, 1605), (1056, 1603), (1048, 1594), (1044, 1595), (1037, 1603), (1033, 1605), (1023, 1594), (1018, 1594), (1012, 1600), (1008, 1609), (1004, 1606), (997, 1592), (993, 1589), (985, 1605), (981, 1610), (979, 1608), (972, 1594), (968, 1589), (966, 1590), (960, 1602), (956, 1599), (901, 1600), (888, 1598), (874, 1601), (861, 1597), (849, 1602), (836, 1596), (832, 1597), (826, 1602), (821, 1603), (813, 1596), (809, 1594), (796, 1604), (784, 1594), (780, 1596), (773, 1603), (769, 1604), (756, 1592), (744, 1606), (740, 1603), (733, 1593), (729, 1590), (721, 1606), (719, 1609), (717, 1609), (708, 1593), (704, 1591), (700, 1595), (694, 1608), (692, 1610), (689, 1609), (679, 1589), (677, 1589), (675, 1592), (668, 1606), (664, 1609), (654, 1590), (652, 1589), (650, 1590), (639, 1609), (635, 1606), (629, 1592), (627, 1589), (624, 1589), (616, 1605), (612, 1610), (599, 1589), (595, 1593), (591, 1603), (587, 1604), (585, 1609), (576, 1592), (572, 1598), (568, 1596), (562, 1608), (559, 1610), (551, 1596), (545, 1592), (536, 1605), (532, 1607), (530, 1606), (522, 1589), (520, 1589), (509, 1608), (507, 1610), (503, 1605), (495, 1589), (490, 1592), (484, 1606), (482, 1604), (478, 1607), (471, 1593), (467, 1589), (465, 1590), (455, 1609), (451, 1605), (442, 1589), (440, 1589), (438, 1591), (432, 1606), (427, 1609), (423, 1604), (417, 1590), (415, 1589), (411, 1593), (402, 1609), (398, 1606), (392, 1592), (388, 1589), (379, 1605), (375, 1610), (371, 1604), (365, 1590), (363, 1590), (358, 1593), (354, 1601), (350, 1599), (346, 1603), (339, 1596), (335, 1594), (323, 1602), (310, 1596), (295, 1602), (291, 1601), (285, 1594), (281, 1593), (270, 1609), (266, 1606), (258, 1589), (254, 1592), (247, 1605), (243, 1606), (235, 1596), (231, 1593), (226, 1595), (220, 1605), (216, 1607), (207, 1593), (203, 1591), (195, 1604), (191, 1606), (180, 1595), (176, 1595), (170, 1600), (163, 1601), (151, 1594), (147, 1596), (138, 1606), (134, 1603), (126, 1591), (122, 1593), (115, 1605), (111, 1609), (103, 1593), (98, 1589), (94, 1594), (88, 1608), (86, 1609), (73, 1592), (69, 1594), (63, 1604), (59, 1607), (54, 1603), (48, 1591), (46, 1590), (44, 1591), (34, 1608), (29, 1605), (21, 1591), (17, 1593), (8, 1606), (4, 1606), (0, 1599), (0, 1597), (0, 1595), (0, 1593), (0, 1591), (0, 1589)]
[(0, 1610), (2, 1613), (4, 1617), (6, 1617), (8, 1617), (10, 1614), (17, 1603), (21, 1601), (29, 1616), (34, 1619), (44, 1601), (46, 1600), (48, 1602), (57, 1617), (59, 1618), (63, 1615), (69, 1603), (73, 1601), (84, 1619), (86, 1620), (98, 1599), (103, 1603), (111, 1619), (115, 1616), (122, 1604), (126, 1602), (134, 1614), (138, 1617), (149, 1606), (166, 1612), (172, 1609), (176, 1604), (180, 1603), (191, 1620), (195, 1616), (203, 1599), (207, 1602), (216, 1619), (220, 1616), (228, 1604), (233, 1604), (243, 1616), (247, 1613), (254, 1604), (258, 1601), (260, 1603), (268, 1619), (270, 1620), (281, 1603), (285, 1604), (291, 1611), (295, 1613), (310, 1607), (321, 1612), (325, 1612), (335, 1605), (339, 1606), (346, 1614), (350, 1611), (354, 1612), (358, 1603), (365, 1601), (371, 1615), (375, 1620), (379, 1616), (388, 1599), (392, 1602), (398, 1617), (402, 1620), (411, 1604), (415, 1599), (417, 1601), (427, 1620), (432, 1616), (438, 1603), (442, 1599), (451, 1616), (455, 1620), (465, 1600), (467, 1599), (471, 1604), (480, 1620), (484, 1617), (490, 1602), (495, 1599), (503, 1616), (507, 1620), (511, 1615), (518, 1601), (520, 1599), (532, 1618), (534, 1618), (545, 1601), (551, 1606), (557, 1616), (559, 1616), (564, 1615), (572, 1599), (574, 1600), (583, 1617), (587, 1620), (589, 1618), (591, 1610), (593, 1609), (595, 1603), (599, 1599), (612, 1620), (616, 1616), (624, 1599), (627, 1599), (629, 1602), (635, 1616), (639, 1620), (650, 1600), (652, 1599), (654, 1600), (664, 1620), (668, 1616), (675, 1602), (677, 1600), (679, 1599), (687, 1616), (692, 1620), (700, 1606), (704, 1602), (708, 1605), (715, 1617), (717, 1620), (719, 1620), (729, 1601), (733, 1604), (740, 1613), (744, 1617), (756, 1604), (761, 1606), (769, 1615), (773, 1614), (780, 1606), (784, 1605), (796, 1615), (809, 1605), (813, 1606), (819, 1612), (824, 1614), (836, 1606), (849, 1613), (861, 1607), (876, 1612), (886, 1608), (899, 1610), (964, 1610), (968, 1602), (970, 1601), (976, 1615), (981, 1620), (985, 1616), (993, 1599), (997, 1602), (1006, 1619), (1008, 1619), (1010, 1613), (1020, 1604), (1033, 1615), (1037, 1613), (1044, 1606), (1048, 1604), (1056, 1613), (1060, 1615), (1073, 1604), (1077, 1606), (1085, 1616), (1090, 1614), (1096, 1605), (1100, 1603), (1113, 1617), (1125, 1602), (1129, 1605), (1138, 1616), (1142, 1614), (1148, 1606), (1153, 1604), (1155, 1604), (1161, 1612), (1163, 1612), (1169, 1610), (1199, 1610), (1209, 1608), (1217, 1618), (1220, 1618), (1230, 1599), (1234, 1602), (1241, 1616), (1245, 1619), (1255, 1601), (1257, 1600), (1259, 1601), (1270, 1618), (1274, 1616), (1280, 1603), (1285, 1600), (1293, 1615), (1297, 1619), (1310, 1600), (1314, 1604), (1322, 1620), (1324, 1620), (1326, 1617), (1333, 1603), (1337, 1599), (1347, 1619), (1349, 1620), (1352, 1619), (1362, 1599), (1366, 1603), (1373, 1617), (1375, 1620), (1377, 1620), (1385, 1603), (1389, 1599), (1402, 1620), (1406, 1616), (1414, 1599), (1417, 1599), (1419, 1602), (1425, 1616), (1429, 1620), (1442, 1599), (1444, 1600), (1452, 1618), (1454, 1620), (1458, 1616), (1465, 1604), (1469, 1600), (1471, 1602), (1479, 1619), (1481, 1620), (1486, 1615), (1492, 1601), (1494, 1599), (1498, 1604), (1507, 1620), (1509, 1620), (1511, 1617), (1517, 1603), (1521, 1599), (1532, 1619), (1534, 1620), (1536, 1619), (1546, 1599), (1551, 1603), (1557, 1617), (1561, 1619), (1569, 1604), (1574, 1600), (1586, 1619), (1590, 1615), (1599, 1599), (1601, 1600), (1603, 1602), (1609, 1616), (1614, 1620), (1622, 1605), (1626, 1602), (1637, 1612), (1655, 1607), (1666, 1616), (1678, 1603), (1691, 1615), (1695, 1614), (1702, 1606), (1706, 1604), (1718, 1616), (1731, 1603), (1735, 1605), (1743, 1617), (1748, 1615), (1754, 1605), (1758, 1602), (1771, 1616), (1775, 1613), (1783, 1603), (1787, 1605), (1796, 1616), (1798, 1616), (1800, 1618), (1800, 1607)]
[(1800, 1628), (1794, 1625), (1787, 1616), (1783, 1614), (1775, 1624), (1771, 1627), (1766, 1623), (1760, 1614), (1756, 1614), (1748, 1625), (1743, 1627), (1735, 1615), (1731, 1613), (1718, 1627), (1706, 1614), (1702, 1616), (1695, 1624), (1691, 1626), (1681, 1615), (1676, 1615), (1666, 1626), (1664, 1626), (1653, 1615), (1643, 1622), (1639, 1623), (1624, 1615), (1620, 1619), (1614, 1630), (1609, 1627), (1603, 1613), (1601, 1610), (1599, 1610), (1588, 1629), (1586, 1630), (1584, 1628), (1578, 1615), (1574, 1611), (1569, 1614), (1563, 1627), (1561, 1629), (1559, 1629), (1551, 1613), (1546, 1610), (1536, 1629), (1534, 1631), (1532, 1629), (1521, 1610), (1517, 1613), (1509, 1630), (1507, 1630), (1505, 1628), (1498, 1614), (1494, 1610), (1492, 1612), (1484, 1629), (1481, 1630), (1477, 1626), (1469, 1610), (1467, 1611), (1458, 1626), (1454, 1630), (1452, 1628), (1444, 1611), (1442, 1610), (1429, 1630), (1427, 1630), (1425, 1627), (1419, 1613), (1417, 1610), (1414, 1610), (1406, 1626), (1402, 1630), (1389, 1610), (1385, 1614), (1377, 1630), (1375, 1630), (1373, 1627), (1366, 1613), (1362, 1610), (1352, 1629), (1349, 1631), (1347, 1629), (1337, 1610), (1333, 1613), (1326, 1628), (1324, 1630), (1322, 1630), (1314, 1614), (1312, 1611), (1310, 1610), (1299, 1628), (1297, 1629), (1293, 1625), (1287, 1613), (1282, 1611), (1274, 1627), (1272, 1629), (1270, 1630), (1259, 1612), (1257, 1611), (1255, 1613), (1245, 1629), (1241, 1626), (1234, 1613), (1230, 1611), (1222, 1626), (1217, 1629), (1209, 1617), (1207, 1616), (1199, 1620), (1167, 1620), (1163, 1622), (1150, 1617), (1138, 1626), (1129, 1616), (1125, 1613), (1115, 1626), (1113, 1626), (1111, 1626), (1100, 1614), (1096, 1616), (1090, 1624), (1085, 1626), (1077, 1617), (1073, 1614), (1060, 1626), (1056, 1624), (1048, 1615), (1044, 1616), (1037, 1623), (1033, 1625), (1023, 1615), (1018, 1614), (1006, 1630), (997, 1613), (993, 1610), (985, 1626), (981, 1630), (974, 1620), (972, 1620), (912, 1620), (901, 1621), (891, 1618), (876, 1622), (861, 1617), (849, 1623), (836, 1616), (824, 1624), (819, 1623), (813, 1617), (809, 1615), (796, 1625), (784, 1615), (780, 1617), (773, 1624), (769, 1625), (761, 1616), (756, 1614), (744, 1626), (740, 1624), (731, 1611), (729, 1611), (719, 1630), (717, 1630), (708, 1615), (704, 1612), (700, 1616), (692, 1630), (687, 1626), (679, 1610), (677, 1610), (675, 1613), (668, 1627), (664, 1630), (654, 1611), (652, 1610), (650, 1611), (639, 1630), (635, 1627), (629, 1613), (627, 1610), (624, 1610), (616, 1626), (612, 1630), (608, 1625), (601, 1611), (599, 1610), (595, 1619), (591, 1622), (589, 1628), (587, 1629), (585, 1625), (580, 1623), (574, 1610), (572, 1610), (562, 1625), (557, 1624), (555, 1625), (549, 1614), (545, 1611), (534, 1630), (530, 1628), (524, 1614), (522, 1611), (520, 1611), (507, 1630), (503, 1626), (495, 1610), (490, 1613), (484, 1627), (480, 1630), (469, 1611), (467, 1610), (465, 1611), (455, 1630), (451, 1627), (444, 1612), (442, 1611), (438, 1613), (432, 1627), (427, 1630), (417, 1611), (415, 1610), (411, 1614), (402, 1630), (398, 1627), (392, 1613), (388, 1610), (379, 1626), (375, 1630), (371, 1625), (365, 1612), (363, 1611), (358, 1615), (354, 1623), (352, 1624), (350, 1623), (348, 1625), (346, 1625), (337, 1616), (323, 1623), (310, 1617), (295, 1623), (281, 1613), (270, 1630), (268, 1630), (262, 1618), (258, 1613), (247, 1623), (243, 1625), (239, 1622), (231, 1612), (226, 1615), (220, 1628), (218, 1630), (216, 1630), (207, 1613), (203, 1610), (195, 1626), (191, 1630), (180, 1614), (178, 1614), (172, 1620), (166, 1621), (149, 1618), (138, 1626), (134, 1624), (128, 1614), (124, 1613), (113, 1630), (111, 1630), (103, 1614), (98, 1610), (94, 1615), (88, 1628), (86, 1630), (73, 1612), (69, 1615), (61, 1627), (59, 1628), (50, 1618), (46, 1617), (42, 1619), (34, 1624), (29, 1624), (21, 1612), (17, 1614), (8, 1627), (4, 1627), (0, 1620), (0, 1618), (0, 1616), (0, 1614), (0, 1612), (0, 1610)]
[(0, 1631), (2, 1634), (4, 1637), (6, 1638), (8, 1637), (10, 1635), (19, 1622), (21, 1623), (27, 1631), (50, 1630), (61, 1637), (69, 1625), (73, 1624), (82, 1635), (86, 1638), (90, 1635), (98, 1620), (103, 1624), (111, 1640), (113, 1640), (124, 1623), (128, 1625), (134, 1634), (138, 1636), (147, 1630), (166, 1632), (170, 1631), (180, 1623), (189, 1639), (191, 1641), (195, 1637), (203, 1620), (207, 1623), (214, 1638), (218, 1641), (228, 1621), (231, 1621), (239, 1633), (243, 1635), (247, 1633), (256, 1625), (260, 1625), (268, 1640), (270, 1641), (279, 1626), (283, 1623), (291, 1632), (295, 1634), (310, 1628), (321, 1633), (325, 1633), (333, 1627), (337, 1626), (350, 1639), (358, 1624), (363, 1620), (373, 1640), (375, 1641), (379, 1636), (388, 1620), (392, 1623), (398, 1638), (402, 1641), (411, 1624), (415, 1620), (417, 1622), (427, 1641), (432, 1637), (440, 1620), (442, 1620), (444, 1623), (451, 1637), (455, 1641), (465, 1621), (467, 1620), (471, 1625), (480, 1641), (484, 1637), (492, 1621), (495, 1620), (503, 1637), (507, 1641), (515, 1626), (520, 1622), (524, 1625), (532, 1641), (536, 1638), (545, 1621), (557, 1637), (559, 1636), (562, 1638), (572, 1620), (576, 1624), (583, 1638), (587, 1641), (589, 1631), (593, 1630), (599, 1620), (601, 1622), (608, 1635), (612, 1641), (616, 1637), (624, 1620), (627, 1620), (629, 1623), (635, 1637), (639, 1641), (650, 1621), (652, 1620), (654, 1621), (664, 1641), (668, 1637), (675, 1623), (677, 1620), (679, 1620), (689, 1640), (694, 1638), (704, 1622), (708, 1625), (717, 1641), (719, 1641), (729, 1622), (733, 1624), (740, 1634), (744, 1636), (756, 1625), (761, 1627), (769, 1636), (773, 1635), (780, 1627), (784, 1625), (796, 1636), (809, 1626), (813, 1627), (819, 1633), (824, 1635), (836, 1627), (849, 1634), (859, 1628), (863, 1628), (876, 1633), (886, 1629), (901, 1632), (909, 1630), (976, 1631), (981, 1640), (983, 1639), (985, 1637), (993, 1620), (997, 1623), (1006, 1639), (1016, 1627), (1020, 1625), (1033, 1636), (1037, 1634), (1044, 1626), (1048, 1625), (1056, 1634), (1060, 1636), (1073, 1624), (1077, 1627), (1085, 1637), (1090, 1635), (1096, 1626), (1100, 1624), (1113, 1638), (1125, 1623), (1136, 1633), (1150, 1630), (1194, 1631), (1199, 1630), (1205, 1624), (1207, 1624), (1217, 1640), (1222, 1636), (1230, 1621), (1234, 1624), (1241, 1636), (1245, 1639), (1255, 1623), (1257, 1622), (1259, 1622), (1270, 1640), (1274, 1637), (1280, 1624), (1285, 1622), (1295, 1639), (1297, 1640), (1310, 1620), (1314, 1624), (1322, 1641), (1324, 1641), (1326, 1638), (1333, 1624), (1337, 1620), (1347, 1640), (1349, 1641), (1352, 1640), (1362, 1620), (1366, 1624), (1373, 1638), (1375, 1641), (1377, 1641), (1385, 1624), (1389, 1620), (1402, 1641), (1406, 1637), (1414, 1620), (1417, 1620), (1419, 1623), (1425, 1637), (1429, 1640), (1442, 1620), (1444, 1621), (1450, 1635), (1454, 1640), (1458, 1636), (1467, 1621), (1469, 1620), (1477, 1637), (1481, 1641), (1484, 1639), (1490, 1626), (1494, 1621), (1498, 1625), (1505, 1638), (1509, 1640), (1517, 1624), (1521, 1620), (1532, 1640), (1534, 1641), (1536, 1640), (1546, 1620), (1551, 1624), (1559, 1640), (1563, 1638), (1569, 1625), (1574, 1621), (1586, 1640), (1590, 1636), (1599, 1621), (1601, 1621), (1603, 1623), (1611, 1640), (1614, 1640), (1622, 1628), (1630, 1629), (1637, 1634), (1641, 1635), (1651, 1625), (1655, 1626), (1662, 1634), (1666, 1637), (1678, 1625), (1691, 1636), (1695, 1634), (1702, 1626), (1706, 1624), (1718, 1638), (1731, 1624), (1735, 1626), (1743, 1637), (1748, 1636), (1754, 1626), (1758, 1624), (1771, 1637), (1775, 1634), (1783, 1624), (1787, 1626), (1796, 1637), (1800, 1639), (1800, 1628)]
[(1800, 1649), (1794, 1646), (1785, 1635), (1781, 1636), (1775, 1645), (1771, 1647), (1758, 1635), (1754, 1637), (1748, 1646), (1743, 1647), (1735, 1637), (1731, 1634), (1722, 1644), (1718, 1647), (1716, 1647), (1706, 1635), (1702, 1637), (1695, 1645), (1691, 1646), (1678, 1635), (1666, 1647), (1662, 1645), (1653, 1635), (1649, 1637), (1641, 1646), (1637, 1645), (1630, 1639), (1626, 1638), (1620, 1641), (1611, 1651), (1601, 1631), (1597, 1633), (1590, 1647), (1586, 1651), (1582, 1646), (1576, 1633), (1574, 1632), (1569, 1635), (1563, 1648), (1559, 1650), (1551, 1635), (1546, 1631), (1534, 1651), (1532, 1650), (1521, 1631), (1517, 1634), (1511, 1648), (1509, 1651), (1507, 1651), (1498, 1635), (1494, 1632), (1490, 1637), (1484, 1649), (1481, 1651), (1479, 1650), (1469, 1631), (1467, 1632), (1458, 1646), (1454, 1650), (1450, 1645), (1444, 1632), (1442, 1631), (1440, 1632), (1429, 1651), (1425, 1648), (1419, 1634), (1417, 1631), (1414, 1631), (1406, 1647), (1402, 1651), (1389, 1631), (1385, 1635), (1377, 1651), (1375, 1651), (1373, 1648), (1366, 1634), (1362, 1631), (1352, 1650), (1349, 1651), (1347, 1650), (1337, 1631), (1333, 1634), (1326, 1649), (1324, 1651), (1322, 1651), (1314, 1635), (1310, 1631), (1305, 1636), (1301, 1646), (1297, 1650), (1295, 1650), (1285, 1632), (1280, 1635), (1274, 1647), (1270, 1650), (1261, 1636), (1257, 1632), (1245, 1649), (1241, 1646), (1232, 1632), (1230, 1632), (1222, 1647), (1217, 1650), (1207, 1633), (1205, 1632), (1194, 1643), (1186, 1641), (1134, 1641), (1125, 1635), (1113, 1648), (1100, 1635), (1096, 1637), (1088, 1647), (1083, 1646), (1077, 1637), (1073, 1635), (1060, 1647), (1048, 1635), (1044, 1637), (1035, 1646), (1031, 1645), (1025, 1638), (1020, 1636), (1016, 1638), (1010, 1646), (1006, 1646), (1004, 1647), (997, 1634), (995, 1631), (993, 1631), (985, 1646), (981, 1641), (912, 1641), (901, 1642), (888, 1639), (876, 1644), (861, 1638), (849, 1645), (836, 1637), (824, 1646), (819, 1644), (813, 1638), (809, 1636), (796, 1646), (784, 1636), (780, 1638), (773, 1645), (769, 1646), (761, 1637), (756, 1636), (744, 1647), (740, 1644), (733, 1635), (729, 1633), (719, 1651), (717, 1651), (708, 1637), (704, 1634), (700, 1638), (694, 1648), (689, 1649), (679, 1631), (677, 1631), (675, 1634), (668, 1648), (664, 1651), (654, 1632), (652, 1631), (650, 1632), (639, 1651), (635, 1648), (629, 1633), (627, 1631), (624, 1631), (616, 1647), (612, 1651), (608, 1646), (601, 1632), (599, 1631), (595, 1635), (591, 1644), (589, 1643), (587, 1645), (585, 1651), (574, 1631), (572, 1635), (568, 1638), (564, 1645), (557, 1647), (549, 1636), (543, 1635), (534, 1651), (530, 1648), (524, 1635), (522, 1632), (520, 1632), (515, 1637), (509, 1650), (505, 1650), (495, 1631), (490, 1634), (484, 1648), (480, 1651), (471, 1635), (467, 1631), (465, 1632), (455, 1651), (451, 1648), (442, 1631), (440, 1631), (430, 1651), (427, 1651), (417, 1632), (415, 1631), (411, 1635), (402, 1651), (398, 1648), (392, 1634), (388, 1631), (379, 1647), (375, 1651), (373, 1650), (363, 1631), (360, 1631), (354, 1643), (348, 1648), (337, 1637), (323, 1644), (310, 1638), (295, 1644), (291, 1642), (283, 1634), (281, 1634), (270, 1651), (268, 1651), (262, 1638), (258, 1634), (256, 1635), (247, 1644), (243, 1645), (239, 1644), (231, 1631), (228, 1632), (218, 1651), (214, 1648), (207, 1634), (203, 1631), (195, 1647), (191, 1651), (186, 1646), (180, 1633), (178, 1632), (170, 1643), (166, 1645), (153, 1638), (149, 1637), (138, 1649), (134, 1646), (128, 1634), (126, 1632), (124, 1632), (115, 1648), (113, 1651), (111, 1651), (103, 1635), (98, 1631), (96, 1632), (90, 1645), (86, 1649), (73, 1635), (69, 1636), (61, 1647), (52, 1641), (27, 1641), (19, 1634), (6, 1649), (0, 1641), (0, 1639), (0, 1637), (0, 1635), (0, 1633), (0, 1631)]
[(0, 1651), (2, 1655), (4, 1658), (6, 1659), (8, 1658), (10, 1656), (17, 1646), (19, 1645), (29, 1653), (48, 1650), (52, 1651), (59, 1658), (61, 1658), (69, 1647), (73, 1645), (86, 1660), (90, 1656), (96, 1643), (98, 1641), (103, 1645), (111, 1662), (113, 1661), (115, 1659), (122, 1645), (126, 1642), (134, 1657), (138, 1661), (149, 1645), (153, 1645), (159, 1653), (163, 1656), (170, 1652), (176, 1645), (180, 1643), (186, 1657), (191, 1662), (195, 1658), (203, 1641), (207, 1644), (214, 1658), (218, 1662), (226, 1646), (231, 1641), (241, 1656), (245, 1656), (258, 1645), (260, 1646), (268, 1661), (270, 1662), (281, 1644), (285, 1646), (291, 1653), (295, 1655), (310, 1649), (323, 1654), (337, 1648), (348, 1658), (354, 1654), (358, 1645), (363, 1641), (373, 1660), (375, 1662), (379, 1657), (388, 1641), (392, 1644), (398, 1659), (402, 1662), (411, 1645), (415, 1641), (417, 1642), (423, 1656), (427, 1661), (430, 1661), (438, 1644), (440, 1641), (442, 1641), (451, 1658), (455, 1662), (465, 1642), (467, 1641), (471, 1646), (480, 1662), (484, 1659), (490, 1644), (495, 1641), (503, 1658), (507, 1662), (509, 1660), (518, 1643), (520, 1641), (522, 1642), (532, 1662), (536, 1659), (545, 1642), (551, 1648), (555, 1655), (559, 1657), (564, 1655), (570, 1643), (572, 1642), (587, 1660), (591, 1655), (595, 1645), (599, 1641), (612, 1662), (616, 1658), (624, 1641), (627, 1641), (629, 1644), (635, 1658), (639, 1662), (650, 1642), (652, 1641), (654, 1642), (664, 1662), (668, 1658), (675, 1644), (677, 1641), (679, 1641), (687, 1656), (692, 1658), (702, 1646), (706, 1645), (717, 1662), (719, 1662), (721, 1659), (729, 1644), (733, 1646), (740, 1655), (744, 1657), (756, 1646), (761, 1648), (767, 1655), (771, 1656), (780, 1648), (784, 1646), (796, 1657), (809, 1647), (813, 1648), (819, 1654), (824, 1656), (836, 1647), (849, 1655), (863, 1648), (876, 1654), (888, 1649), (901, 1653), (914, 1651), (987, 1652), (993, 1641), (997, 1644), (1004, 1656), (1008, 1658), (1016, 1648), (1020, 1646), (1033, 1657), (1037, 1655), (1044, 1647), (1048, 1646), (1056, 1655), (1060, 1657), (1073, 1645), (1077, 1648), (1083, 1656), (1088, 1658), (1096, 1647), (1100, 1645), (1111, 1658), (1113, 1658), (1117, 1655), (1123, 1646), (1125, 1645), (1132, 1651), (1184, 1651), (1192, 1656), (1197, 1654), (1205, 1643), (1207, 1644), (1217, 1660), (1222, 1657), (1230, 1643), (1234, 1646), (1241, 1657), (1245, 1660), (1257, 1642), (1259, 1643), (1270, 1661), (1274, 1658), (1280, 1645), (1285, 1642), (1287, 1644), (1295, 1661), (1297, 1662), (1310, 1641), (1314, 1645), (1322, 1662), (1324, 1662), (1326, 1659), (1333, 1645), (1337, 1641), (1347, 1661), (1349, 1662), (1352, 1661), (1362, 1641), (1366, 1645), (1373, 1659), (1375, 1661), (1377, 1662), (1385, 1645), (1389, 1641), (1402, 1662), (1406, 1658), (1414, 1641), (1417, 1641), (1419, 1644), (1425, 1658), (1429, 1661), (1440, 1642), (1442, 1641), (1446, 1646), (1452, 1659), (1454, 1660), (1458, 1657), (1465, 1645), (1467, 1642), (1469, 1641), (1477, 1658), (1481, 1661), (1492, 1644), (1494, 1643), (1498, 1646), (1507, 1661), (1509, 1662), (1511, 1659), (1517, 1645), (1521, 1642), (1532, 1660), (1534, 1661), (1546, 1642), (1551, 1645), (1559, 1660), (1563, 1658), (1569, 1646), (1574, 1642), (1586, 1661), (1590, 1657), (1599, 1641), (1601, 1641), (1603, 1644), (1611, 1661), (1614, 1660), (1622, 1649), (1626, 1646), (1639, 1657), (1643, 1655), (1649, 1647), (1653, 1645), (1662, 1655), (1666, 1658), (1678, 1646), (1689, 1656), (1693, 1657), (1702, 1647), (1706, 1645), (1714, 1655), (1718, 1658), (1731, 1646), (1735, 1648), (1741, 1656), (1746, 1657), (1754, 1648), (1758, 1646), (1771, 1658), (1775, 1655), (1783, 1645), (1787, 1647), (1794, 1656), (1800, 1660), (1800, 1649)]
[(1800, 1670), (1794, 1667), (1785, 1656), (1781, 1657), (1775, 1665), (1771, 1668), (1758, 1656), (1754, 1658), (1746, 1667), (1741, 1666), (1735, 1659), (1731, 1657), (1718, 1668), (1714, 1665), (1706, 1656), (1702, 1658), (1695, 1666), (1691, 1667), (1678, 1656), (1666, 1668), (1662, 1666), (1655, 1657), (1651, 1655), (1643, 1666), (1639, 1668), (1628, 1657), (1624, 1657), (1614, 1670), (1611, 1671), (1603, 1655), (1601, 1652), (1599, 1652), (1588, 1671), (1586, 1672), (1576, 1654), (1574, 1653), (1569, 1656), (1563, 1669), (1559, 1671), (1551, 1656), (1546, 1653), (1536, 1670), (1534, 1671), (1530, 1667), (1523, 1654), (1519, 1652), (1511, 1669), (1509, 1672), (1507, 1672), (1498, 1656), (1494, 1653), (1492, 1654), (1484, 1669), (1479, 1671), (1469, 1652), (1467, 1652), (1458, 1667), (1454, 1671), (1450, 1666), (1444, 1653), (1442, 1651), (1440, 1653), (1429, 1672), (1425, 1669), (1419, 1654), (1417, 1652), (1414, 1652), (1406, 1668), (1402, 1672), (1389, 1651), (1385, 1656), (1377, 1672), (1375, 1672), (1373, 1669), (1366, 1655), (1362, 1652), (1352, 1671), (1349, 1672), (1347, 1671), (1337, 1652), (1333, 1655), (1326, 1669), (1324, 1672), (1322, 1672), (1314, 1656), (1310, 1651), (1308, 1653), (1299, 1671), (1297, 1672), (1293, 1668), (1285, 1652), (1280, 1655), (1272, 1671), (1270, 1671), (1259, 1653), (1257, 1652), (1255, 1654), (1247, 1670), (1245, 1671), (1241, 1667), (1232, 1654), (1228, 1655), (1222, 1668), (1217, 1671), (1205, 1654), (1192, 1669), (1182, 1661), (1132, 1662), (1123, 1656), (1115, 1668), (1113, 1669), (1100, 1655), (1096, 1657), (1088, 1668), (1083, 1667), (1077, 1658), (1073, 1656), (1060, 1668), (1056, 1666), (1050, 1658), (1046, 1656), (1037, 1666), (1033, 1667), (1020, 1656), (1016, 1659), (1008, 1668), (1002, 1664), (997, 1655), (993, 1652), (989, 1662), (914, 1661), (901, 1664), (888, 1659), (874, 1665), (865, 1659), (861, 1658), (849, 1666), (836, 1658), (832, 1659), (824, 1667), (819, 1665), (813, 1658), (809, 1657), (796, 1667), (784, 1657), (780, 1659), (771, 1667), (767, 1666), (761, 1659), (756, 1657), (744, 1668), (740, 1665), (733, 1657), (729, 1655), (721, 1669), (719, 1672), (717, 1672), (706, 1656), (702, 1656), (692, 1669), (687, 1666), (681, 1655), (677, 1653), (668, 1669), (664, 1672), (654, 1653), (652, 1651), (650, 1653), (639, 1672), (635, 1669), (629, 1654), (627, 1652), (624, 1652), (616, 1668), (614, 1672), (612, 1672), (608, 1667), (603, 1658), (599, 1658), (597, 1655), (587, 1668), (583, 1668), (572, 1652), (562, 1671), (559, 1672), (547, 1653), (532, 1672), (524, 1655), (520, 1652), (515, 1657), (509, 1671), (507, 1672), (503, 1668), (495, 1652), (490, 1655), (484, 1669), (480, 1672), (471, 1656), (467, 1651), (465, 1653), (455, 1672), (451, 1669), (444, 1654), (440, 1652), (432, 1668), (427, 1672), (417, 1653), (415, 1651), (413, 1653), (402, 1672), (398, 1669), (392, 1655), (388, 1652), (379, 1668), (375, 1672), (373, 1671), (363, 1652), (360, 1652), (352, 1668), (350, 1669), (337, 1658), (333, 1658), (327, 1664), (323, 1665), (310, 1659), (295, 1665), (291, 1664), (283, 1654), (281, 1654), (270, 1672), (268, 1672), (262, 1660), (258, 1656), (245, 1666), (241, 1666), (231, 1651), (226, 1656), (218, 1672), (214, 1669), (207, 1655), (203, 1652), (193, 1671), (189, 1669), (184, 1662), (157, 1662), (151, 1656), (138, 1670), (134, 1666), (126, 1654), (122, 1657), (115, 1668), (111, 1671), (103, 1656), (98, 1652), (96, 1653), (88, 1670), (86, 1671), (84, 1670), (73, 1654), (69, 1657), (63, 1667), (59, 1669), (50, 1658), (46, 1656), (34, 1668), (29, 1666), (21, 1654), (17, 1656), (8, 1669), (4, 1668), (0, 1662), (0, 1660), (0, 1658), (0, 1656), (0, 1654), (0, 1651)]
[(0, 1672), (2, 1676), (4, 1680), (6, 1680), (8, 1679), (10, 1677), (17, 1666), (21, 1664), (29, 1679), (34, 1682), (42, 1667), (46, 1663), (48, 1664), (54, 1676), (59, 1680), (63, 1677), (69, 1667), (73, 1664), (75, 1666), (84, 1682), (86, 1683), (90, 1677), (96, 1664), (98, 1662), (111, 1680), (115, 1678), (122, 1667), (126, 1665), (134, 1677), (138, 1680), (142, 1676), (149, 1667), (151, 1667), (155, 1672), (184, 1672), (191, 1681), (193, 1681), (201, 1664), (203, 1662), (205, 1662), (214, 1679), (218, 1683), (226, 1667), (231, 1662), (241, 1677), (245, 1677), (258, 1667), (262, 1670), (268, 1682), (270, 1683), (281, 1665), (283, 1665), (293, 1675), (298, 1675), (310, 1670), (323, 1675), (337, 1669), (350, 1679), (354, 1675), (360, 1663), (363, 1662), (373, 1681), (375, 1683), (379, 1678), (388, 1662), (392, 1665), (398, 1680), (402, 1683), (411, 1666), (415, 1662), (417, 1663), (427, 1683), (432, 1679), (440, 1662), (442, 1662), (444, 1665), (451, 1679), (455, 1683), (465, 1663), (467, 1662), (471, 1667), (480, 1683), (484, 1679), (490, 1665), (495, 1662), (503, 1678), (505, 1682), (507, 1682), (511, 1678), (518, 1664), (520, 1663), (522, 1663), (524, 1666), (530, 1680), (536, 1680), (545, 1664), (551, 1669), (557, 1682), (559, 1679), (564, 1678), (572, 1662), (576, 1665), (585, 1682), (587, 1683), (595, 1666), (599, 1662), (612, 1683), (616, 1679), (624, 1662), (627, 1662), (629, 1665), (633, 1674), (639, 1682), (641, 1681), (647, 1667), (652, 1662), (654, 1663), (664, 1683), (668, 1679), (675, 1666), (677, 1664), (679, 1664), (687, 1676), (692, 1679), (702, 1667), (706, 1666), (717, 1683), (719, 1682), (729, 1666), (733, 1668), (740, 1675), (744, 1678), (756, 1667), (761, 1669), (767, 1676), (771, 1677), (780, 1669), (784, 1667), (796, 1678), (809, 1667), (813, 1669), (819, 1676), (824, 1677), (836, 1668), (849, 1677), (861, 1669), (865, 1670), (874, 1676), (878, 1675), (888, 1670), (901, 1675), (914, 1671), (991, 1672), (995, 1665), (997, 1665), (1002, 1674), (1006, 1678), (1010, 1677), (1016, 1669), (1020, 1667), (1033, 1678), (1037, 1676), (1044, 1668), (1048, 1667), (1056, 1676), (1060, 1678), (1073, 1666), (1077, 1669), (1085, 1678), (1090, 1677), (1096, 1668), (1100, 1666), (1108, 1676), (1113, 1679), (1125, 1666), (1136, 1674), (1150, 1672), (1173, 1672), (1182, 1670), (1190, 1680), (1192, 1680), (1203, 1665), (1205, 1664), (1209, 1668), (1217, 1682), (1222, 1678), (1228, 1666), (1232, 1664), (1241, 1679), (1245, 1682), (1253, 1668), (1257, 1663), (1261, 1667), (1270, 1682), (1274, 1679), (1280, 1666), (1285, 1663), (1293, 1678), (1297, 1683), (1299, 1681), (1308, 1664), (1310, 1662), (1314, 1666), (1322, 1683), (1324, 1683), (1326, 1680), (1333, 1666), (1337, 1662), (1347, 1682), (1349, 1683), (1352, 1682), (1362, 1662), (1366, 1665), (1373, 1680), (1375, 1682), (1377, 1683), (1385, 1666), (1389, 1662), (1402, 1683), (1406, 1679), (1414, 1662), (1417, 1662), (1419, 1665), (1425, 1679), (1429, 1683), (1440, 1663), (1442, 1662), (1454, 1681), (1458, 1678), (1467, 1662), (1469, 1662), (1471, 1664), (1477, 1678), (1481, 1681), (1492, 1665), (1494, 1663), (1496, 1664), (1507, 1683), (1509, 1682), (1511, 1680), (1517, 1666), (1521, 1663), (1530, 1677), (1534, 1681), (1536, 1680), (1546, 1663), (1551, 1666), (1557, 1679), (1561, 1681), (1569, 1667), (1574, 1663), (1586, 1683), (1590, 1679), (1599, 1662), (1603, 1665), (1609, 1679), (1611, 1681), (1626, 1667), (1630, 1669), (1639, 1679), (1643, 1676), (1651, 1666), (1655, 1667), (1662, 1677), (1666, 1679), (1678, 1667), (1691, 1678), (1695, 1676), (1702, 1668), (1706, 1666), (1714, 1676), (1718, 1678), (1731, 1667), (1735, 1669), (1741, 1676), (1746, 1678), (1754, 1669), (1758, 1667), (1771, 1678), (1775, 1676), (1783, 1666), (1787, 1668), (1796, 1679), (1800, 1681), (1800, 1670)]
[(1800, 1691), (1794, 1688), (1785, 1677), (1781, 1678), (1775, 1686), (1771, 1689), (1758, 1677), (1754, 1679), (1746, 1689), (1741, 1687), (1735, 1679), (1731, 1677), (1718, 1689), (1714, 1686), (1708, 1678), (1704, 1677), (1695, 1687), (1691, 1689), (1678, 1677), (1676, 1677), (1666, 1690), (1662, 1687), (1653, 1676), (1649, 1678), (1643, 1687), (1639, 1689), (1628, 1678), (1624, 1678), (1611, 1691), (1609, 1690), (1603, 1676), (1599, 1673), (1590, 1689), (1586, 1693), (1574, 1673), (1569, 1677), (1561, 1692), (1557, 1689), (1549, 1674), (1546, 1674), (1544, 1676), (1538, 1688), (1534, 1692), (1530, 1688), (1523, 1675), (1521, 1673), (1519, 1674), (1511, 1690), (1509, 1693), (1507, 1693), (1496, 1674), (1494, 1673), (1492, 1675), (1486, 1687), (1481, 1692), (1477, 1689), (1471, 1675), (1469, 1673), (1467, 1673), (1458, 1689), (1454, 1692), (1442, 1672), (1440, 1674), (1429, 1693), (1425, 1690), (1419, 1675), (1417, 1673), (1414, 1673), (1406, 1689), (1402, 1693), (1389, 1672), (1385, 1677), (1377, 1693), (1375, 1693), (1373, 1690), (1366, 1676), (1362, 1673), (1352, 1692), (1349, 1693), (1347, 1692), (1337, 1672), (1333, 1676), (1326, 1690), (1324, 1693), (1322, 1693), (1314, 1676), (1310, 1672), (1308, 1674), (1299, 1692), (1297, 1693), (1293, 1689), (1287, 1675), (1282, 1673), (1274, 1690), (1270, 1693), (1261, 1678), (1257, 1674), (1245, 1692), (1243, 1692), (1241, 1689), (1232, 1674), (1228, 1676), (1222, 1689), (1217, 1692), (1209, 1678), (1205, 1674), (1201, 1678), (1192, 1691), (1190, 1691), (1182, 1679), (1171, 1683), (1155, 1683), (1148, 1681), (1142, 1687), (1138, 1688), (1129, 1679), (1125, 1677), (1113, 1689), (1108, 1686), (1100, 1677), (1096, 1678), (1088, 1689), (1083, 1688), (1077, 1679), (1073, 1677), (1060, 1689), (1056, 1687), (1050, 1679), (1046, 1677), (1037, 1687), (1033, 1689), (1020, 1676), (1016, 1679), (1012, 1686), (1008, 1688), (1004, 1687), (997, 1679), (995, 1683), (924, 1683), (914, 1682), (901, 1685), (888, 1680), (876, 1686), (872, 1685), (865, 1680), (861, 1679), (849, 1687), (836, 1678), (824, 1688), (819, 1686), (813, 1679), (809, 1678), (800, 1686), (796, 1688), (784, 1678), (780, 1680), (771, 1688), (767, 1686), (761, 1680), (756, 1678), (744, 1688), (740, 1686), (731, 1677), (727, 1679), (721, 1689), (717, 1692), (706, 1676), (702, 1677), (696, 1686), (692, 1689), (687, 1687), (679, 1676), (675, 1677), (668, 1689), (664, 1693), (654, 1674), (652, 1672), (650, 1674), (639, 1693), (635, 1690), (629, 1675), (627, 1673), (624, 1673), (616, 1689), (612, 1693), (599, 1672), (595, 1677), (587, 1693), (585, 1693), (578, 1680), (572, 1673), (562, 1692), (559, 1693), (557, 1692), (549, 1676), (545, 1674), (543, 1676), (536, 1690), (528, 1686), (524, 1676), (520, 1672), (518, 1674), (509, 1692), (507, 1693), (503, 1689), (495, 1673), (490, 1676), (484, 1690), (480, 1693), (471, 1677), (467, 1672), (465, 1674), (455, 1693), (451, 1690), (442, 1673), (440, 1673), (438, 1675), (432, 1689), (427, 1693), (417, 1674), (415, 1672), (411, 1677), (402, 1693), (398, 1690), (392, 1676), (388, 1673), (379, 1689), (375, 1693), (373, 1692), (363, 1672), (360, 1673), (354, 1685), (350, 1688), (346, 1687), (337, 1679), (323, 1686), (310, 1680), (298, 1686), (293, 1686), (283, 1675), (281, 1675), (270, 1693), (268, 1693), (262, 1681), (258, 1677), (243, 1689), (239, 1686), (233, 1674), (231, 1672), (226, 1677), (218, 1693), (214, 1690), (207, 1676), (203, 1673), (195, 1689), (191, 1693), (184, 1683), (180, 1679), (161, 1685), (157, 1682), (153, 1675), (149, 1675), (142, 1688), (138, 1692), (134, 1688), (126, 1673), (122, 1677), (115, 1690), (111, 1693), (103, 1677), (98, 1672), (86, 1693), (82, 1689), (75, 1675), (73, 1674), (69, 1677), (63, 1688), (59, 1691), (46, 1673), (42, 1677), (34, 1693), (29, 1689), (21, 1674), (19, 1674), (17, 1676), (8, 1690), (4, 1690), (0, 1683), (0, 1681), (0, 1679), (0, 1677), (0, 1675), (0, 1672)]
[(0, 1693), (2, 1697), (4, 1700), (6, 1701), (8, 1700), (10, 1698), (17, 1687), (19, 1685), (21, 1685), (29, 1700), (34, 1703), (42, 1688), (46, 1684), (48, 1685), (57, 1700), (61, 1702), (69, 1687), (73, 1683), (82, 1700), (86, 1704), (98, 1683), (103, 1687), (111, 1704), (113, 1703), (115, 1701), (122, 1686), (126, 1683), (136, 1703), (138, 1704), (140, 1702), (151, 1683), (155, 1687), (161, 1701), (163, 1703), (166, 1704), (174, 1687), (178, 1683), (191, 1704), (195, 1699), (203, 1683), (207, 1686), (214, 1700), (218, 1704), (226, 1688), (231, 1683), (233, 1684), (241, 1699), (245, 1698), (254, 1690), (258, 1688), (262, 1691), (268, 1703), (270, 1704), (281, 1685), (283, 1685), (293, 1697), (298, 1697), (306, 1691), (310, 1690), (323, 1696), (335, 1689), (339, 1690), (348, 1700), (354, 1696), (358, 1687), (363, 1683), (365, 1685), (373, 1702), (375, 1704), (379, 1699), (388, 1683), (392, 1686), (398, 1701), (402, 1704), (411, 1687), (415, 1683), (417, 1684), (427, 1704), (432, 1700), (440, 1683), (442, 1683), (444, 1686), (451, 1700), (455, 1704), (465, 1684), (467, 1683), (471, 1687), (480, 1704), (484, 1700), (492, 1683), (497, 1686), (503, 1699), (507, 1704), (511, 1699), (515, 1689), (522, 1686), (524, 1687), (530, 1701), (532, 1704), (534, 1703), (543, 1687), (547, 1683), (557, 1702), (559, 1704), (564, 1699), (572, 1683), (583, 1698), (589, 1701), (595, 1687), (599, 1683), (612, 1704), (616, 1700), (624, 1683), (627, 1683), (629, 1686), (635, 1700), (639, 1704), (650, 1684), (652, 1683), (654, 1684), (660, 1698), (664, 1703), (666, 1702), (677, 1686), (681, 1688), (687, 1697), (692, 1700), (696, 1697), (702, 1687), (706, 1684), (712, 1697), (717, 1702), (719, 1701), (727, 1690), (731, 1688), (744, 1698), (756, 1688), (761, 1690), (767, 1697), (771, 1698), (780, 1690), (784, 1688), (796, 1699), (800, 1697), (809, 1688), (813, 1690), (819, 1697), (824, 1698), (836, 1689), (849, 1698), (853, 1696), (859, 1690), (863, 1690), (872, 1696), (876, 1697), (888, 1690), (901, 1696), (914, 1691), (924, 1694), (1000, 1693), (1008, 1701), (1010, 1700), (1016, 1688), (1020, 1683), (1023, 1685), (1029, 1698), (1033, 1703), (1037, 1699), (1046, 1685), (1050, 1688), (1056, 1698), (1060, 1701), (1073, 1687), (1085, 1700), (1090, 1698), (1098, 1687), (1102, 1689), (1108, 1696), (1113, 1698), (1117, 1696), (1123, 1689), (1127, 1688), (1138, 1699), (1142, 1697), (1146, 1693), (1169, 1694), (1180, 1687), (1182, 1689), (1188, 1699), (1192, 1702), (1203, 1685), (1205, 1684), (1217, 1703), (1222, 1699), (1230, 1683), (1234, 1686), (1241, 1699), (1245, 1703), (1257, 1683), (1259, 1684), (1270, 1703), (1272, 1703), (1280, 1687), (1285, 1683), (1295, 1703), (1297, 1704), (1310, 1683), (1314, 1687), (1322, 1704), (1324, 1703), (1326, 1701), (1333, 1687), (1337, 1683), (1347, 1702), (1349, 1704), (1352, 1703), (1362, 1683), (1366, 1686), (1373, 1701), (1375, 1703), (1377, 1704), (1385, 1687), (1389, 1683), (1402, 1704), (1406, 1700), (1414, 1683), (1417, 1683), (1419, 1686), (1425, 1700), (1429, 1704), (1440, 1684), (1442, 1683), (1454, 1702), (1458, 1700), (1467, 1683), (1469, 1683), (1471, 1685), (1477, 1699), (1481, 1702), (1486, 1697), (1492, 1686), (1494, 1684), (1496, 1684), (1507, 1704), (1509, 1703), (1511, 1701), (1519, 1684), (1523, 1686), (1530, 1698), (1534, 1702), (1538, 1698), (1544, 1686), (1549, 1685), (1557, 1700), (1561, 1702), (1572, 1684), (1574, 1684), (1586, 1704), (1590, 1700), (1599, 1683), (1601, 1683), (1603, 1686), (1609, 1699), (1611, 1701), (1622, 1691), (1626, 1688), (1630, 1690), (1637, 1698), (1641, 1699), (1649, 1689), (1653, 1687), (1662, 1698), (1666, 1700), (1678, 1687), (1691, 1699), (1695, 1698), (1704, 1687), (1708, 1689), (1714, 1697), (1718, 1699), (1731, 1688), (1735, 1690), (1741, 1698), (1746, 1699), (1754, 1689), (1758, 1687), (1771, 1700), (1775, 1697), (1783, 1687), (1787, 1689), (1796, 1701), (1800, 1702), (1800, 1691)]
[(1800, 1712), (1796, 1711), (1787, 1699), (1783, 1697), (1775, 1708), (1771, 1710), (1758, 1698), (1754, 1700), (1746, 1710), (1741, 1708), (1735, 1700), (1731, 1698), (1718, 1710), (1706, 1698), (1702, 1700), (1695, 1708), (1691, 1709), (1678, 1698), (1666, 1710), (1662, 1707), (1655, 1699), (1651, 1698), (1641, 1709), (1637, 1708), (1630, 1701), (1626, 1699), (1611, 1711), (1609, 1710), (1603, 1697), (1601, 1694), (1599, 1694), (1590, 1710), (1586, 1713), (1574, 1694), (1569, 1698), (1561, 1713), (1557, 1710), (1549, 1696), (1546, 1695), (1544, 1697), (1536, 1712), (1534, 1713), (1532, 1712), (1523, 1697), (1519, 1695), (1511, 1711), (1509, 1714), (1507, 1714), (1496, 1694), (1494, 1694), (1492, 1696), (1486, 1708), (1481, 1713), (1477, 1710), (1469, 1694), (1467, 1694), (1465, 1696), (1458, 1710), (1454, 1714), (1444, 1695), (1442, 1694), (1440, 1695), (1429, 1714), (1425, 1711), (1419, 1696), (1417, 1694), (1414, 1694), (1406, 1710), (1402, 1714), (1389, 1693), (1385, 1698), (1377, 1714), (1375, 1714), (1373, 1711), (1366, 1697), (1362, 1693), (1354, 1709), (1349, 1714), (1347, 1713), (1337, 1693), (1333, 1697), (1326, 1711), (1324, 1714), (1322, 1714), (1314, 1697), (1310, 1693), (1297, 1714), (1293, 1710), (1285, 1694), (1280, 1697), (1274, 1710), (1270, 1713), (1268, 1711), (1259, 1695), (1257, 1694), (1245, 1713), (1241, 1710), (1234, 1697), (1230, 1695), (1222, 1710), (1217, 1714), (1205, 1694), (1201, 1698), (1192, 1714), (1190, 1714), (1188, 1711), (1180, 1696), (1178, 1696), (1169, 1706), (1163, 1704), (1146, 1704), (1138, 1709), (1129, 1701), (1125, 1699), (1115, 1708), (1111, 1708), (1102, 1699), (1098, 1697), (1090, 1710), (1085, 1713), (1077, 1698), (1073, 1694), (1071, 1696), (1060, 1714), (1056, 1710), (1048, 1694), (1046, 1694), (1044, 1696), (1037, 1710), (1033, 1714), (1023, 1695), (1020, 1694), (1018, 1695), (1012, 1708), (1008, 1713), (1006, 1712), (1002, 1704), (937, 1704), (926, 1705), (914, 1702), (901, 1707), (888, 1700), (876, 1708), (872, 1706), (865, 1701), (861, 1700), (849, 1709), (836, 1699), (824, 1709), (819, 1707), (811, 1699), (809, 1699), (800, 1707), (796, 1709), (784, 1699), (780, 1701), (771, 1709), (767, 1707), (761, 1701), (756, 1699), (744, 1709), (731, 1698), (727, 1700), (717, 1711), (715, 1710), (708, 1698), (704, 1693), (696, 1708), (692, 1711), (687, 1708), (681, 1698), (677, 1697), (666, 1712), (664, 1712), (660, 1708), (654, 1695), (652, 1693), (650, 1695), (639, 1714), (635, 1711), (629, 1696), (627, 1694), (624, 1694), (616, 1710), (612, 1714), (599, 1693), (595, 1698), (587, 1714), (585, 1714), (576, 1697), (574, 1695), (570, 1696), (564, 1710), (559, 1714), (555, 1709), (547, 1693), (543, 1697), (536, 1711), (534, 1714), (532, 1714), (522, 1696), (520, 1695), (515, 1699), (509, 1713), (507, 1714), (505, 1713), (495, 1694), (490, 1697), (484, 1711), (480, 1714), (471, 1698), (467, 1693), (465, 1695), (455, 1714), (451, 1710), (442, 1694), (440, 1694), (438, 1696), (432, 1710), (427, 1714), (417, 1695), (415, 1693), (411, 1698), (402, 1714), (398, 1711), (392, 1697), (388, 1694), (379, 1710), (375, 1714), (373, 1713), (363, 1693), (360, 1694), (352, 1710), (350, 1711), (337, 1700), (323, 1707), (310, 1701), (306, 1702), (298, 1707), (293, 1707), (283, 1695), (281, 1695), (270, 1714), (262, 1702), (258, 1700), (254, 1701), (245, 1709), (241, 1711), (233, 1695), (231, 1693), (226, 1698), (218, 1714), (214, 1711), (207, 1697), (203, 1694), (195, 1710), (191, 1714), (178, 1694), (174, 1698), (168, 1711), (166, 1714), (163, 1714), (155, 1697), (151, 1693), (140, 1713), (138, 1714), (136, 1713), (126, 1693), (122, 1697), (115, 1711), (113, 1714), (111, 1714), (103, 1698), (98, 1693), (86, 1714), (82, 1710), (73, 1694), (71, 1694), (69, 1696), (63, 1710), (59, 1713), (48, 1696), (46, 1694), (44, 1695), (34, 1714), (29, 1710), (21, 1696), (17, 1698), (8, 1711), (4, 1710), (0, 1704), (0, 1702), (0, 1700), (0, 1698), (0, 1695), (0, 1693)]
[(0, 1714), (2, 1718), (4, 1721), (6, 1722), (8, 1721), (10, 1719), (17, 1708), (21, 1706), (29, 1721), (34, 1724), (42, 1709), (46, 1705), (50, 1710), (57, 1722), (59, 1724), (61, 1723), (69, 1707), (71, 1704), (73, 1704), (82, 1721), (86, 1725), (98, 1704), (103, 1708), (111, 1725), (113, 1724), (115, 1722), (122, 1707), (126, 1704), (136, 1724), (138, 1725), (140, 1723), (151, 1704), (155, 1708), (163, 1723), (166, 1723), (174, 1710), (178, 1707), (182, 1710), (191, 1724), (195, 1720), (201, 1706), (203, 1704), (205, 1704), (214, 1721), (218, 1725), (226, 1708), (231, 1704), (233, 1705), (241, 1721), (254, 1712), (258, 1710), (262, 1712), (270, 1723), (272, 1723), (281, 1706), (283, 1705), (293, 1718), (298, 1718), (306, 1712), (310, 1711), (323, 1717), (337, 1711), (350, 1721), (352, 1721), (358, 1708), (363, 1704), (373, 1723), (375, 1725), (379, 1720), (388, 1704), (392, 1707), (398, 1721), (402, 1725), (411, 1708), (415, 1704), (417, 1705), (427, 1725), (432, 1721), (440, 1704), (442, 1704), (444, 1707), (451, 1721), (455, 1725), (465, 1705), (467, 1704), (471, 1708), (480, 1725), (484, 1721), (490, 1707), (495, 1704), (503, 1720), (507, 1725), (509, 1723), (520, 1704), (522, 1705), (530, 1720), (534, 1722), (539, 1717), (545, 1705), (547, 1705), (549, 1706), (555, 1720), (559, 1724), (562, 1724), (564, 1720), (570, 1706), (572, 1704), (574, 1704), (583, 1722), (587, 1725), (595, 1708), (599, 1704), (612, 1725), (616, 1721), (624, 1704), (627, 1704), (629, 1707), (635, 1721), (639, 1725), (647, 1709), (652, 1705), (662, 1721), (664, 1721), (668, 1719), (675, 1709), (679, 1707), (692, 1724), (694, 1723), (702, 1706), (704, 1704), (712, 1717), (717, 1720), (721, 1718), (727, 1711), (731, 1709), (744, 1719), (756, 1709), (761, 1711), (767, 1718), (771, 1719), (784, 1709), (796, 1719), (800, 1717), (807, 1710), (811, 1709), (819, 1718), (824, 1720), (836, 1709), (849, 1719), (853, 1717), (859, 1711), (863, 1710), (874, 1718), (878, 1717), (888, 1711), (901, 1717), (914, 1712), (926, 1716), (937, 1714), (1004, 1714), (1006, 1715), (1008, 1722), (1010, 1722), (1016, 1709), (1020, 1705), (1023, 1706), (1033, 1724), (1037, 1721), (1044, 1707), (1048, 1704), (1056, 1721), (1060, 1725), (1071, 1705), (1073, 1704), (1077, 1708), (1085, 1725), (1090, 1721), (1096, 1707), (1100, 1704), (1108, 1720), (1113, 1723), (1119, 1714), (1127, 1713), (1132, 1714), (1136, 1718), (1140, 1717), (1144, 1715), (1159, 1714), (1167, 1719), (1171, 1715), (1176, 1707), (1178, 1705), (1180, 1705), (1188, 1722), (1192, 1725), (1201, 1708), (1205, 1704), (1207, 1705), (1215, 1723), (1217, 1725), (1222, 1720), (1228, 1708), (1232, 1705), (1241, 1721), (1245, 1724), (1255, 1705), (1257, 1704), (1259, 1705), (1270, 1723), (1274, 1721), (1280, 1707), (1285, 1704), (1293, 1720), (1297, 1725), (1310, 1704), (1314, 1708), (1322, 1725), (1324, 1724), (1326, 1722), (1333, 1708), (1337, 1704), (1345, 1719), (1349, 1722), (1354, 1719), (1360, 1706), (1362, 1704), (1364, 1704), (1373, 1722), (1375, 1724), (1377, 1725), (1385, 1708), (1389, 1704), (1402, 1725), (1406, 1721), (1414, 1704), (1417, 1704), (1419, 1707), (1425, 1721), (1429, 1725), (1437, 1709), (1442, 1704), (1444, 1705), (1454, 1724), (1458, 1721), (1465, 1707), (1467, 1704), (1469, 1704), (1477, 1720), (1481, 1723), (1486, 1719), (1492, 1706), (1494, 1704), (1496, 1705), (1507, 1725), (1509, 1724), (1511, 1722), (1517, 1708), (1521, 1706), (1534, 1723), (1536, 1722), (1546, 1705), (1551, 1708), (1557, 1721), (1561, 1723), (1569, 1709), (1574, 1705), (1586, 1723), (1590, 1720), (1599, 1704), (1601, 1704), (1603, 1707), (1609, 1720), (1611, 1721), (1626, 1709), (1639, 1720), (1643, 1718), (1649, 1710), (1653, 1709), (1662, 1718), (1666, 1720), (1678, 1709), (1683, 1711), (1691, 1720), (1695, 1718), (1702, 1711), (1706, 1709), (1718, 1720), (1731, 1709), (1735, 1711), (1741, 1719), (1746, 1721), (1754, 1710), (1758, 1708), (1771, 1722), (1775, 1718), (1781, 1709), (1785, 1708), (1794, 1720), (1800, 1723), (1800, 1712)]
[(1800, 1733), (1796, 1733), (1787, 1720), (1783, 1718), (1775, 1729), (1771, 1732), (1758, 1718), (1754, 1721), (1746, 1731), (1741, 1729), (1735, 1721), (1731, 1719), (1718, 1730), (1706, 1719), (1702, 1721), (1695, 1729), (1691, 1730), (1683, 1722), (1678, 1719), (1666, 1730), (1662, 1728), (1655, 1721), (1651, 1719), (1643, 1728), (1639, 1730), (1626, 1719), (1611, 1731), (1607, 1727), (1603, 1718), (1601, 1715), (1599, 1715), (1590, 1730), (1586, 1733), (1574, 1716), (1569, 1719), (1563, 1732), (1559, 1734), (1551, 1719), (1546, 1716), (1538, 1730), (1534, 1733), (1530, 1729), (1523, 1718), (1521, 1717), (1519, 1717), (1511, 1732), (1509, 1735), (1507, 1735), (1498, 1719), (1494, 1714), (1481, 1734), (1477, 1731), (1471, 1717), (1469, 1715), (1467, 1715), (1458, 1732), (1454, 1735), (1446, 1719), (1442, 1715), (1437, 1719), (1429, 1735), (1425, 1732), (1419, 1717), (1417, 1715), (1414, 1715), (1406, 1731), (1402, 1735), (1389, 1714), (1385, 1719), (1377, 1735), (1375, 1735), (1373, 1732), (1366, 1718), (1364, 1715), (1362, 1715), (1354, 1729), (1349, 1731), (1345, 1728), (1339, 1718), (1335, 1715), (1326, 1732), (1324, 1735), (1322, 1735), (1314, 1718), (1310, 1714), (1297, 1735), (1293, 1731), (1285, 1715), (1282, 1715), (1280, 1718), (1274, 1731), (1270, 1734), (1259, 1716), (1257, 1715), (1255, 1716), (1245, 1735), (1241, 1731), (1232, 1715), (1230, 1715), (1228, 1717), (1222, 1730), (1217, 1734), (1215, 1733), (1207, 1716), (1205, 1714), (1201, 1719), (1192, 1735), (1188, 1732), (1182, 1718), (1178, 1714), (1169, 1730), (1165, 1733), (1159, 1725), (1155, 1723), (1136, 1727), (1127, 1722), (1123, 1724), (1117, 1725), (1108, 1730), (1102, 1717), (1100, 1714), (1098, 1715), (1090, 1732), (1085, 1735), (1077, 1719), (1073, 1714), (1071, 1716), (1060, 1735), (1056, 1731), (1048, 1716), (1044, 1718), (1037, 1731), (1033, 1734), (1020, 1715), (1018, 1716), (1012, 1728), (1008, 1725), (941, 1724), (928, 1727), (916, 1723), (912, 1723), (901, 1728), (888, 1721), (876, 1729), (872, 1727), (865, 1721), (861, 1720), (853, 1728), (849, 1730), (836, 1720), (824, 1730), (819, 1728), (811, 1720), (807, 1721), (800, 1728), (796, 1730), (786, 1721), (782, 1721), (771, 1730), (767, 1728), (761, 1721), (756, 1720), (744, 1730), (731, 1720), (727, 1721), (721, 1729), (717, 1730), (704, 1718), (700, 1721), (692, 1735), (687, 1731), (683, 1722), (679, 1718), (675, 1720), (668, 1730), (664, 1732), (652, 1716), (647, 1720), (641, 1733), (639, 1735), (637, 1735), (629, 1717), (627, 1715), (624, 1715), (616, 1731), (612, 1735), (599, 1714), (595, 1719), (587, 1735), (583, 1732), (576, 1718), (572, 1714), (562, 1734), (555, 1730), (551, 1721), (547, 1718), (543, 1718), (539, 1726), (532, 1732), (528, 1728), (522, 1715), (520, 1714), (515, 1720), (509, 1734), (507, 1735), (503, 1731), (495, 1715), (490, 1718), (484, 1732), (480, 1735), (471, 1719), (467, 1714), (465, 1716), (455, 1735), (451, 1731), (442, 1715), (440, 1715), (438, 1717), (432, 1731), (427, 1735), (417, 1716), (415, 1714), (411, 1719), (402, 1735), (398, 1732), (392, 1718), (388, 1714), (379, 1731), (375, 1735), (373, 1734), (363, 1714), (358, 1718), (350, 1735), (342, 1724), (337, 1721), (323, 1728), (312, 1722), (308, 1722), (295, 1729), (291, 1727), (283, 1715), (281, 1716), (272, 1732), (270, 1732), (260, 1722), (256, 1721), (241, 1732), (233, 1716), (231, 1714), (226, 1719), (218, 1735), (214, 1732), (207, 1718), (203, 1715), (193, 1732), (184, 1725), (178, 1724), (172, 1724), (163, 1733), (161, 1732), (155, 1718), (151, 1714), (140, 1734), (138, 1735), (136, 1734), (126, 1714), (122, 1718), (115, 1732), (113, 1735), (111, 1735), (103, 1719), (98, 1714), (86, 1735), (82, 1731), (73, 1715), (71, 1715), (69, 1717), (61, 1734), (59, 1734), (57, 1732), (50, 1720), (46, 1715), (42, 1720), (34, 1735), (29, 1731), (21, 1716), (17, 1719), (8, 1732), (4, 1732), (0, 1725), (0, 1723), (0, 1721), (0, 1719), (0, 1716), (0, 1714)]
[(0, 1735), (2, 1739), (4, 1742), (6, 1743), (8, 1742), (10, 1740), (17, 1729), (21, 1726), (29, 1742), (34, 1745), (42, 1730), (46, 1726), (50, 1730), (57, 1743), (61, 1744), (69, 1728), (71, 1725), (73, 1725), (82, 1742), (86, 1746), (98, 1725), (103, 1729), (111, 1746), (113, 1745), (115, 1743), (122, 1728), (126, 1725), (136, 1745), (138, 1746), (140, 1744), (151, 1725), (155, 1729), (161, 1741), (163, 1736), (166, 1735), (197, 1736), (201, 1727), (203, 1725), (205, 1725), (214, 1742), (216, 1745), (218, 1745), (226, 1730), (231, 1725), (233, 1727), (239, 1739), (243, 1742), (251, 1734), (258, 1732), (262, 1734), (270, 1742), (272, 1742), (281, 1727), (283, 1726), (291, 1737), (295, 1740), (308, 1732), (312, 1733), (323, 1738), (337, 1731), (342, 1734), (348, 1744), (350, 1745), (358, 1729), (363, 1725), (373, 1744), (375, 1746), (379, 1741), (388, 1725), (392, 1728), (398, 1742), (402, 1746), (411, 1729), (415, 1725), (417, 1726), (427, 1746), (432, 1742), (440, 1725), (442, 1725), (444, 1728), (451, 1742), (455, 1746), (465, 1726), (467, 1725), (471, 1729), (480, 1746), (484, 1742), (490, 1728), (495, 1725), (503, 1741), (507, 1746), (509, 1744), (515, 1730), (520, 1725), (524, 1729), (532, 1745), (534, 1745), (536, 1743), (545, 1727), (549, 1729), (559, 1746), (564, 1741), (572, 1725), (576, 1728), (583, 1743), (587, 1746), (595, 1729), (599, 1725), (612, 1746), (616, 1742), (624, 1725), (627, 1725), (629, 1728), (635, 1742), (639, 1745), (650, 1728), (654, 1729), (664, 1743), (668, 1740), (677, 1725), (679, 1725), (687, 1741), (692, 1744), (704, 1729), (717, 1741), (721, 1739), (727, 1732), (731, 1730), (744, 1741), (756, 1730), (761, 1732), (769, 1740), (773, 1739), (780, 1732), (784, 1731), (794, 1739), (798, 1740), (809, 1731), (813, 1732), (819, 1739), (824, 1740), (836, 1730), (849, 1741), (861, 1731), (865, 1732), (872, 1738), (876, 1740), (888, 1731), (901, 1739), (914, 1732), (928, 1737), (939, 1734), (951, 1735), (1012, 1735), (1014, 1735), (1020, 1726), (1023, 1727), (1031, 1743), (1033, 1745), (1037, 1741), (1044, 1728), (1046, 1726), (1048, 1726), (1056, 1742), (1060, 1745), (1073, 1725), (1077, 1729), (1085, 1746), (1090, 1742), (1096, 1728), (1100, 1725), (1108, 1740), (1111, 1742), (1117, 1736), (1121, 1735), (1129, 1734), (1140, 1738), (1142, 1738), (1150, 1729), (1153, 1727), (1155, 1728), (1163, 1744), (1165, 1746), (1169, 1741), (1178, 1725), (1182, 1728), (1188, 1742), (1192, 1746), (1201, 1729), (1205, 1725), (1217, 1745), (1220, 1745), (1222, 1742), (1230, 1725), (1232, 1725), (1234, 1728), (1241, 1742), (1245, 1745), (1253, 1730), (1257, 1726), (1261, 1730), (1268, 1743), (1270, 1745), (1272, 1745), (1280, 1728), (1285, 1725), (1293, 1741), (1297, 1746), (1310, 1725), (1314, 1729), (1322, 1745), (1324, 1745), (1326, 1743), (1335, 1728), (1339, 1730), (1345, 1738), (1352, 1740), (1356, 1736), (1362, 1725), (1366, 1728), (1373, 1743), (1375, 1745), (1377, 1746), (1385, 1729), (1389, 1725), (1402, 1746), (1406, 1742), (1414, 1725), (1417, 1725), (1419, 1728), (1425, 1742), (1429, 1746), (1437, 1730), (1442, 1726), (1446, 1730), (1454, 1746), (1458, 1742), (1465, 1728), (1467, 1725), (1469, 1725), (1477, 1741), (1481, 1745), (1486, 1740), (1492, 1726), (1494, 1725), (1496, 1726), (1507, 1746), (1509, 1745), (1511, 1742), (1517, 1730), (1521, 1727), (1534, 1744), (1538, 1740), (1544, 1728), (1546, 1726), (1549, 1727), (1557, 1742), (1561, 1745), (1569, 1730), (1574, 1727), (1584, 1742), (1588, 1743), (1599, 1725), (1601, 1725), (1603, 1728), (1607, 1737), (1611, 1741), (1616, 1740), (1626, 1730), (1639, 1741), (1643, 1739), (1651, 1730), (1655, 1731), (1662, 1739), (1666, 1741), (1678, 1730), (1691, 1741), (1695, 1739), (1702, 1732), (1706, 1730), (1718, 1741), (1731, 1730), (1735, 1732), (1741, 1739), (1746, 1741), (1754, 1732), (1758, 1730), (1771, 1742), (1775, 1739), (1781, 1730), (1785, 1729), (1794, 1740), (1800, 1743), (1800, 1733)]
[(1800, 1754), (1796, 1752), (1787, 1742), (1783, 1740), (1775, 1749), (1771, 1751), (1758, 1740), (1754, 1742), (1746, 1751), (1741, 1750), (1735, 1742), (1731, 1740), (1718, 1751), (1706, 1740), (1702, 1742), (1695, 1749), (1691, 1751), (1678, 1740), (1666, 1751), (1662, 1749), (1655, 1741), (1651, 1740), (1643, 1750), (1639, 1752), (1626, 1740), (1616, 1750), (1611, 1752), (1607, 1748), (1603, 1739), (1599, 1736), (1590, 1751), (1586, 1754), (1582, 1750), (1574, 1736), (1569, 1740), (1561, 1755), (1559, 1755), (1557, 1753), (1549, 1738), (1546, 1737), (1544, 1739), (1538, 1750), (1536, 1753), (1534, 1754), (1532, 1753), (1521, 1738), (1517, 1741), (1511, 1752), (1507, 1756), (1498, 1739), (1494, 1735), (1490, 1741), (1484, 1754), (1481, 1756), (1477, 1752), (1469, 1736), (1467, 1736), (1465, 1738), (1458, 1753), (1454, 1756), (1446, 1741), (1442, 1736), (1437, 1740), (1431, 1754), (1429, 1756), (1427, 1756), (1419, 1738), (1417, 1736), (1414, 1736), (1406, 1752), (1402, 1756), (1389, 1735), (1385, 1740), (1377, 1756), (1375, 1756), (1373, 1753), (1366, 1739), (1362, 1735), (1356, 1746), (1352, 1750), (1345, 1748), (1339, 1741), (1335, 1739), (1331, 1744), (1324, 1756), (1322, 1756), (1314, 1739), (1310, 1735), (1297, 1756), (1293, 1752), (1285, 1735), (1280, 1738), (1272, 1755), (1268, 1753), (1261, 1741), (1257, 1737), (1255, 1738), (1245, 1755), (1241, 1752), (1234, 1738), (1232, 1736), (1230, 1736), (1222, 1752), (1217, 1756), (1209, 1741), (1205, 1736), (1201, 1740), (1194, 1753), (1192, 1756), (1190, 1756), (1182, 1739), (1178, 1735), (1169, 1752), (1165, 1756), (1163, 1755), (1153, 1735), (1148, 1739), (1142, 1753), (1140, 1755), (1129, 1744), (1119, 1746), (1111, 1752), (1108, 1751), (1102, 1738), (1100, 1736), (1098, 1736), (1090, 1753), (1088, 1755), (1085, 1756), (1077, 1740), (1073, 1736), (1071, 1737), (1062, 1754), (1060, 1755), (1056, 1752), (1048, 1737), (1044, 1739), (1037, 1752), (1033, 1755), (1020, 1736), (1016, 1745), (1014, 1746), (953, 1746), (941, 1744), (928, 1748), (914, 1743), (901, 1749), (888, 1742), (876, 1750), (872, 1749), (865, 1742), (861, 1741), (853, 1749), (849, 1751), (836, 1741), (824, 1751), (819, 1749), (813, 1742), (809, 1741), (798, 1750), (794, 1750), (784, 1741), (780, 1743), (773, 1749), (769, 1750), (761, 1743), (756, 1741), (744, 1751), (731, 1740), (727, 1742), (721, 1750), (717, 1751), (704, 1740), (692, 1753), (687, 1750), (681, 1739), (677, 1737), (675, 1739), (668, 1753), (664, 1756), (654, 1739), (650, 1739), (641, 1753), (637, 1754), (629, 1739), (624, 1736), (616, 1752), (612, 1756), (599, 1735), (595, 1740), (587, 1756), (583, 1753), (576, 1739), (572, 1735), (564, 1752), (559, 1756), (555, 1751), (549, 1738), (545, 1743), (543, 1739), (536, 1753), (534, 1756), (532, 1756), (524, 1739), (520, 1735), (509, 1755), (507, 1756), (503, 1752), (495, 1735), (490, 1739), (484, 1753), (480, 1756), (471, 1740), (467, 1735), (465, 1737), (455, 1756), (451, 1752), (442, 1736), (440, 1736), (438, 1738), (432, 1752), (427, 1756), (417, 1737), (415, 1735), (411, 1740), (402, 1756), (398, 1753), (392, 1739), (388, 1735), (379, 1752), (375, 1756), (373, 1755), (363, 1735), (360, 1736), (350, 1755), (348, 1756), (344, 1747), (337, 1742), (323, 1749), (308, 1743), (295, 1750), (291, 1748), (283, 1736), (281, 1737), (272, 1752), (270, 1752), (262, 1745), (256, 1742), (245, 1751), (241, 1752), (231, 1737), (226, 1741), (218, 1756), (216, 1756), (214, 1753), (207, 1738), (203, 1735), (195, 1749), (189, 1746), (168, 1746), (166, 1746), (161, 1752), (155, 1739), (153, 1736), (151, 1736), (142, 1751), (140, 1754), (138, 1754), (126, 1739), (122, 1741), (115, 1752), (111, 1755), (101, 1737), (98, 1735), (96, 1737), (90, 1751), (86, 1756), (82, 1752), (73, 1736), (71, 1736), (69, 1738), (63, 1752), (59, 1755), (50, 1741), (46, 1737), (42, 1741), (34, 1756), (29, 1752), (21, 1737), (17, 1739), (8, 1753), (4, 1752), (0, 1746), (0, 1744), (0, 1742), (0, 1739), (0, 1737), (0, 1735)]
[(0, 1756), (2, 1760), (4, 1763), (6, 1764), (8, 1763), (10, 1761), (17, 1750), (21, 1747), (29, 1763), (34, 1766), (42, 1751), (46, 1747), (50, 1752), (57, 1764), (59, 1766), (61, 1766), (69, 1749), (71, 1746), (73, 1746), (82, 1763), (86, 1767), (98, 1746), (111, 1763), (115, 1761), (122, 1753), (126, 1751), (136, 1761), (140, 1761), (151, 1748), (155, 1751), (163, 1766), (166, 1766), (168, 1763), (174, 1751), (178, 1748), (191, 1767), (195, 1762), (203, 1746), (207, 1749), (214, 1763), (218, 1767), (226, 1751), (231, 1747), (235, 1751), (241, 1763), (243, 1764), (251, 1755), (256, 1752), (262, 1755), (270, 1762), (272, 1762), (281, 1748), (283, 1747), (291, 1758), (295, 1761), (308, 1753), (323, 1759), (337, 1752), (344, 1758), (350, 1766), (358, 1750), (363, 1746), (373, 1765), (375, 1767), (379, 1762), (388, 1746), (392, 1749), (398, 1763), (402, 1767), (411, 1750), (415, 1746), (417, 1747), (427, 1767), (432, 1763), (440, 1746), (442, 1746), (444, 1749), (451, 1763), (455, 1767), (465, 1747), (469, 1747), (480, 1767), (484, 1763), (490, 1749), (495, 1746), (503, 1762), (507, 1767), (511, 1761), (518, 1748), (522, 1750), (524, 1750), (532, 1766), (534, 1766), (536, 1764), (543, 1750), (547, 1747), (549, 1749), (557, 1765), (559, 1767), (564, 1762), (572, 1746), (576, 1749), (583, 1764), (587, 1766), (595, 1750), (599, 1746), (612, 1767), (616, 1763), (624, 1746), (627, 1746), (629, 1749), (635, 1763), (639, 1767), (650, 1747), (652, 1746), (656, 1751), (662, 1764), (664, 1765), (668, 1761), (675, 1751), (679, 1750), (687, 1760), (692, 1762), (704, 1750), (706, 1751), (717, 1762), (721, 1760), (727, 1753), (731, 1751), (744, 1761), (756, 1751), (761, 1753), (769, 1761), (773, 1760), (780, 1753), (784, 1752), (796, 1761), (800, 1759), (807, 1753), (811, 1752), (819, 1759), (824, 1761), (836, 1751), (849, 1761), (861, 1752), (865, 1753), (872, 1759), (876, 1761), (888, 1752), (901, 1760), (914, 1753), (928, 1759), (941, 1754), (953, 1757), (1018, 1756), (1023, 1748), (1033, 1766), (1037, 1762), (1046, 1747), (1048, 1747), (1050, 1749), (1056, 1762), (1060, 1766), (1073, 1747), (1077, 1751), (1083, 1764), (1085, 1765), (1090, 1762), (1098, 1748), (1100, 1748), (1102, 1750), (1108, 1761), (1113, 1765), (1125, 1749), (1129, 1750), (1136, 1764), (1138, 1766), (1140, 1766), (1148, 1750), (1153, 1746), (1157, 1752), (1163, 1765), (1165, 1767), (1169, 1762), (1178, 1746), (1182, 1749), (1188, 1763), (1192, 1766), (1203, 1747), (1205, 1746), (1207, 1747), (1215, 1765), (1217, 1767), (1222, 1763), (1230, 1746), (1232, 1746), (1234, 1749), (1241, 1762), (1245, 1765), (1255, 1749), (1257, 1747), (1259, 1748), (1270, 1766), (1272, 1766), (1274, 1763), (1280, 1749), (1285, 1746), (1293, 1762), (1297, 1767), (1310, 1746), (1314, 1750), (1322, 1766), (1324, 1765), (1331, 1755), (1335, 1751), (1337, 1751), (1347, 1760), (1352, 1760), (1356, 1757), (1362, 1746), (1366, 1749), (1373, 1764), (1375, 1766), (1377, 1766), (1385, 1750), (1389, 1746), (1402, 1767), (1406, 1763), (1414, 1746), (1417, 1746), (1419, 1749), (1425, 1763), (1429, 1767), (1437, 1751), (1442, 1747), (1446, 1751), (1452, 1764), (1454, 1766), (1456, 1766), (1465, 1749), (1467, 1746), (1469, 1746), (1477, 1762), (1481, 1766), (1494, 1746), (1498, 1750), (1507, 1766), (1511, 1763), (1517, 1751), (1521, 1748), (1534, 1765), (1538, 1761), (1544, 1749), (1549, 1748), (1557, 1763), (1559, 1766), (1561, 1766), (1569, 1751), (1574, 1747), (1582, 1760), (1586, 1764), (1590, 1761), (1599, 1746), (1601, 1747), (1607, 1758), (1611, 1762), (1616, 1761), (1626, 1750), (1639, 1762), (1643, 1760), (1651, 1750), (1655, 1752), (1662, 1760), (1666, 1762), (1678, 1751), (1691, 1761), (1695, 1760), (1702, 1753), (1706, 1751), (1718, 1762), (1731, 1751), (1735, 1753), (1741, 1760), (1746, 1761), (1754, 1753), (1758, 1751), (1771, 1762), (1775, 1759), (1783, 1751), (1787, 1752), (1794, 1761), (1800, 1764), (1800, 1754)]
[(1800, 1775), (1796, 1773), (1787, 1763), (1783, 1761), (1775, 1770), (1771, 1772), (1758, 1761), (1754, 1763), (1746, 1772), (1741, 1771), (1735, 1763), (1731, 1761), (1718, 1772), (1706, 1761), (1702, 1763), (1695, 1770), (1691, 1772), (1678, 1761), (1666, 1772), (1662, 1770), (1655, 1762), (1651, 1761), (1643, 1770), (1639, 1772), (1626, 1761), (1614, 1772), (1607, 1768), (1603, 1760), (1601, 1757), (1599, 1757), (1590, 1772), (1586, 1774), (1582, 1771), (1574, 1758), (1569, 1761), (1561, 1777), (1559, 1776), (1557, 1774), (1549, 1759), (1544, 1760), (1538, 1771), (1534, 1775), (1523, 1761), (1519, 1760), (1509, 1776), (1507, 1777), (1498, 1760), (1494, 1756), (1481, 1777), (1477, 1773), (1469, 1756), (1467, 1757), (1465, 1759), (1458, 1774), (1454, 1777), (1446, 1762), (1442, 1758), (1437, 1762), (1431, 1774), (1429, 1777), (1427, 1777), (1419, 1759), (1417, 1757), (1414, 1757), (1406, 1773), (1402, 1777), (1389, 1756), (1385, 1761), (1377, 1777), (1375, 1777), (1373, 1774), (1366, 1760), (1362, 1756), (1356, 1767), (1352, 1771), (1347, 1770), (1339, 1763), (1335, 1762), (1324, 1774), (1322, 1775), (1320, 1774), (1312, 1757), (1310, 1756), (1297, 1777), (1293, 1773), (1285, 1756), (1280, 1759), (1274, 1774), (1270, 1777), (1261, 1761), (1257, 1757), (1255, 1759), (1247, 1773), (1243, 1774), (1234, 1761), (1230, 1757), (1228, 1759), (1222, 1773), (1217, 1777), (1215, 1775), (1207, 1758), (1205, 1756), (1201, 1761), (1192, 1777), (1190, 1777), (1188, 1774), (1182, 1760), (1178, 1757), (1167, 1776), (1165, 1777), (1153, 1757), (1148, 1761), (1140, 1776), (1136, 1774), (1129, 1761), (1125, 1758), (1115, 1774), (1113, 1775), (1108, 1771), (1100, 1758), (1096, 1761), (1090, 1772), (1085, 1775), (1075, 1758), (1073, 1758), (1060, 1776), (1056, 1773), (1050, 1759), (1048, 1757), (1046, 1757), (1037, 1773), (1033, 1777), (1025, 1762), (1020, 1767), (964, 1766), (953, 1768), (941, 1765), (928, 1769), (914, 1763), (905, 1769), (901, 1770), (888, 1762), (876, 1771), (872, 1770), (863, 1762), (859, 1763), (853, 1770), (849, 1771), (836, 1762), (824, 1771), (819, 1770), (813, 1763), (809, 1762), (796, 1771), (784, 1762), (780, 1764), (773, 1770), (769, 1771), (761, 1763), (756, 1762), (744, 1772), (731, 1761), (727, 1763), (721, 1771), (717, 1772), (708, 1763), (704, 1761), (692, 1773), (687, 1770), (679, 1760), (675, 1762), (668, 1771), (664, 1774), (652, 1759), (647, 1763), (639, 1776), (635, 1773), (629, 1760), (627, 1757), (624, 1757), (616, 1773), (612, 1777), (599, 1756), (595, 1761), (587, 1777), (583, 1774), (576, 1760), (572, 1756), (562, 1776), (559, 1777), (555, 1772), (549, 1758), (547, 1757), (543, 1760), (536, 1774), (534, 1777), (532, 1777), (524, 1760), (520, 1757), (518, 1758), (509, 1776), (507, 1776), (503, 1773), (495, 1756), (490, 1759), (482, 1777), (478, 1774), (471, 1761), (467, 1756), (465, 1758), (455, 1777), (451, 1773), (442, 1757), (440, 1757), (438, 1759), (432, 1773), (427, 1777), (417, 1758), (415, 1756), (411, 1761), (402, 1777), (398, 1774), (392, 1760), (388, 1756), (379, 1773), (375, 1777), (373, 1776), (363, 1756), (358, 1760), (350, 1777), (346, 1770), (337, 1763), (323, 1769), (308, 1764), (295, 1771), (291, 1769), (283, 1758), (272, 1772), (270, 1773), (260, 1764), (256, 1763), (251, 1765), (243, 1776), (241, 1775), (235, 1761), (231, 1756), (226, 1761), (218, 1777), (214, 1774), (207, 1759), (203, 1756), (195, 1773), (191, 1777), (189, 1776), (180, 1758), (178, 1757), (166, 1773), (161, 1771), (153, 1760), (149, 1762), (142, 1769), (138, 1770), (128, 1764), (124, 1763), (111, 1775), (103, 1762), (98, 1759), (94, 1763), (86, 1777), (82, 1773), (73, 1756), (71, 1757), (69, 1759), (61, 1775), (57, 1774), (50, 1762), (46, 1758), (42, 1762), (34, 1776), (29, 1773), (21, 1758), (17, 1760), (8, 1773), (4, 1773), (0, 1767), (0, 1765), (0, 1763), (0, 1760), (0, 1758), (0, 1756)]
[(0, 1777), (2, 1781), (4, 1784), (6, 1784), (8, 1784), (10, 1782), (19, 1769), (23, 1771), (29, 1783), (31, 1786), (34, 1786), (42, 1772), (46, 1769), (50, 1773), (59, 1786), (63, 1783), (71, 1768), (73, 1767), (75, 1770), (82, 1783), (86, 1786), (94, 1773), (98, 1770), (103, 1773), (111, 1784), (113, 1784), (124, 1772), (128, 1773), (134, 1780), (138, 1782), (153, 1771), (161, 1781), (166, 1783), (178, 1770), (182, 1774), (191, 1788), (195, 1783), (203, 1767), (207, 1770), (214, 1784), (218, 1788), (226, 1771), (231, 1767), (233, 1768), (241, 1786), (243, 1787), (251, 1776), (256, 1776), (272, 1780), (277, 1777), (283, 1769), (285, 1770), (291, 1779), (295, 1782), (308, 1775), (323, 1780), (337, 1773), (342, 1776), (348, 1787), (350, 1787), (358, 1771), (363, 1767), (373, 1786), (375, 1788), (379, 1783), (388, 1767), (392, 1770), (398, 1784), (402, 1787), (411, 1771), (415, 1767), (417, 1768), (427, 1788), (432, 1784), (440, 1767), (442, 1767), (444, 1770), (451, 1784), (455, 1788), (465, 1768), (467, 1767), (471, 1771), (480, 1787), (482, 1786), (490, 1770), (495, 1767), (505, 1787), (509, 1785), (511, 1782), (518, 1768), (520, 1767), (522, 1768), (532, 1787), (539, 1780), (545, 1767), (547, 1767), (555, 1783), (562, 1786), (570, 1769), (572, 1767), (574, 1767), (583, 1784), (587, 1787), (595, 1771), (599, 1767), (603, 1772), (610, 1786), (612, 1787), (614, 1786), (624, 1769), (629, 1772), (635, 1782), (639, 1784), (647, 1773), (652, 1770), (664, 1784), (668, 1781), (675, 1773), (679, 1771), (687, 1781), (692, 1783), (704, 1772), (708, 1774), (717, 1783), (721, 1781), (727, 1774), (731, 1772), (744, 1782), (756, 1772), (761, 1774), (769, 1782), (773, 1781), (780, 1774), (784, 1773), (796, 1782), (809, 1773), (813, 1774), (819, 1780), (824, 1781), (836, 1773), (849, 1782), (853, 1780), (861, 1773), (863, 1773), (872, 1780), (876, 1781), (888, 1773), (901, 1781), (905, 1780), (914, 1774), (928, 1780), (941, 1775), (953, 1779), (966, 1776), (1025, 1776), (1027, 1777), (1033, 1787), (1037, 1784), (1046, 1768), (1048, 1768), (1050, 1770), (1056, 1783), (1060, 1787), (1071, 1770), (1073, 1768), (1075, 1770), (1085, 1785), (1090, 1783), (1096, 1772), (1100, 1769), (1111, 1785), (1113, 1785), (1125, 1769), (1129, 1772), (1136, 1783), (1140, 1785), (1150, 1769), (1153, 1768), (1157, 1773), (1163, 1786), (1165, 1787), (1169, 1783), (1176, 1769), (1178, 1767), (1180, 1767), (1188, 1784), (1192, 1787), (1201, 1771), (1205, 1767), (1209, 1772), (1215, 1786), (1217, 1787), (1220, 1786), (1230, 1769), (1234, 1771), (1241, 1782), (1245, 1786), (1257, 1767), (1261, 1771), (1270, 1788), (1274, 1784), (1280, 1770), (1285, 1767), (1293, 1783), (1297, 1788), (1299, 1786), (1308, 1769), (1310, 1768), (1312, 1768), (1318, 1780), (1322, 1784), (1324, 1784), (1335, 1773), (1339, 1774), (1347, 1781), (1352, 1782), (1356, 1778), (1360, 1769), (1362, 1767), (1364, 1767), (1373, 1785), (1375, 1787), (1377, 1787), (1385, 1771), (1389, 1767), (1402, 1788), (1406, 1784), (1414, 1767), (1417, 1767), (1419, 1770), (1425, 1784), (1427, 1787), (1429, 1787), (1437, 1772), (1442, 1768), (1446, 1772), (1452, 1785), (1454, 1788), (1456, 1787), (1465, 1770), (1467, 1767), (1469, 1767), (1477, 1783), (1481, 1788), (1494, 1767), (1498, 1771), (1507, 1787), (1509, 1787), (1519, 1771), (1523, 1772), (1532, 1784), (1534, 1785), (1536, 1785), (1546, 1769), (1551, 1771), (1557, 1784), (1561, 1787), (1569, 1772), (1574, 1768), (1582, 1781), (1586, 1785), (1590, 1782), (1599, 1768), (1601, 1768), (1607, 1779), (1611, 1782), (1616, 1781), (1622, 1774), (1626, 1771), (1639, 1783), (1643, 1781), (1651, 1772), (1655, 1773), (1662, 1781), (1666, 1783), (1678, 1772), (1691, 1782), (1695, 1781), (1702, 1774), (1706, 1772), (1718, 1783), (1731, 1772), (1735, 1774), (1741, 1781), (1746, 1782), (1754, 1774), (1758, 1772), (1771, 1783), (1775, 1781), (1783, 1771), (1787, 1773), (1796, 1784), (1800, 1785), (1800, 1775)]
[(1800, 1796), (1794, 1792), (1787, 1783), (1783, 1781), (1775, 1791), (1771, 1793), (1758, 1782), (1754, 1784), (1746, 1793), (1741, 1792), (1735, 1784), (1731, 1782), (1718, 1793), (1714, 1791), (1708, 1784), (1704, 1783), (1695, 1791), (1691, 1793), (1678, 1782), (1666, 1793), (1662, 1791), (1655, 1784), (1651, 1782), (1643, 1791), (1639, 1793), (1626, 1782), (1624, 1782), (1616, 1792), (1611, 1793), (1607, 1789), (1601, 1778), (1599, 1778), (1590, 1793), (1586, 1796), (1582, 1792), (1574, 1779), (1569, 1782), (1561, 1798), (1559, 1798), (1557, 1795), (1551, 1782), (1546, 1779), (1538, 1792), (1534, 1796), (1532, 1795), (1523, 1782), (1519, 1780), (1511, 1794), (1507, 1798), (1498, 1781), (1494, 1777), (1481, 1798), (1477, 1794), (1469, 1777), (1467, 1778), (1465, 1780), (1458, 1795), (1454, 1798), (1446, 1783), (1442, 1779), (1437, 1783), (1431, 1795), (1427, 1797), (1419, 1780), (1417, 1778), (1414, 1777), (1406, 1794), (1402, 1798), (1389, 1777), (1385, 1781), (1377, 1798), (1375, 1798), (1373, 1795), (1366, 1781), (1362, 1777), (1352, 1793), (1347, 1791), (1339, 1785), (1335, 1784), (1324, 1794), (1322, 1794), (1318, 1790), (1312, 1780), (1310, 1779), (1297, 1796), (1293, 1793), (1287, 1780), (1285, 1777), (1282, 1778), (1274, 1795), (1270, 1798), (1261, 1782), (1257, 1777), (1253, 1782), (1247, 1796), (1245, 1797), (1232, 1780), (1228, 1782), (1220, 1795), (1215, 1795), (1207, 1779), (1205, 1777), (1201, 1782), (1192, 1798), (1188, 1795), (1182, 1781), (1178, 1777), (1169, 1794), (1165, 1798), (1161, 1793), (1155, 1779), (1153, 1778), (1150, 1779), (1140, 1795), (1136, 1793), (1129, 1784), (1125, 1781), (1113, 1795), (1108, 1792), (1100, 1781), (1096, 1783), (1090, 1792), (1085, 1795), (1073, 1778), (1071, 1780), (1060, 1797), (1056, 1794), (1048, 1778), (1046, 1778), (1044, 1780), (1037, 1794), (1033, 1797), (1029, 1789), (1027, 1788), (976, 1788), (966, 1787), (953, 1790), (941, 1785), (928, 1790), (914, 1784), (905, 1790), (901, 1791), (888, 1784), (876, 1792), (872, 1790), (865, 1785), (861, 1784), (849, 1792), (836, 1783), (824, 1792), (819, 1791), (813, 1785), (809, 1783), (796, 1792), (784, 1783), (780, 1785), (773, 1791), (769, 1792), (761, 1784), (756, 1783), (744, 1793), (731, 1782), (727, 1784), (721, 1792), (717, 1793), (706, 1782), (704, 1782), (692, 1794), (687, 1791), (679, 1782), (675, 1783), (668, 1792), (664, 1794), (652, 1781), (639, 1795), (635, 1792), (629, 1782), (624, 1780), (614, 1796), (612, 1797), (610, 1796), (601, 1779), (599, 1777), (595, 1782), (587, 1798), (583, 1795), (576, 1781), (572, 1781), (570, 1779), (562, 1797), (557, 1797), (547, 1777), (543, 1781), (536, 1795), (534, 1798), (532, 1798), (524, 1781), (520, 1777), (515, 1783), (509, 1797), (507, 1798), (503, 1794), (495, 1777), (488, 1785), (484, 1795), (480, 1798), (471, 1782), (469, 1781), (467, 1777), (465, 1779), (455, 1798), (451, 1794), (442, 1778), (440, 1777), (438, 1780), (432, 1794), (427, 1798), (417, 1779), (415, 1777), (411, 1782), (402, 1798), (398, 1795), (392, 1781), (388, 1777), (379, 1794), (375, 1798), (373, 1797), (363, 1777), (358, 1781), (352, 1795), (350, 1796), (348, 1796), (342, 1787), (337, 1784), (323, 1791), (308, 1785), (295, 1792), (291, 1790), (285, 1780), (283, 1779), (275, 1789), (251, 1787), (243, 1798), (233, 1779), (231, 1777), (226, 1782), (218, 1798), (214, 1795), (207, 1780), (203, 1777), (195, 1794), (191, 1798), (180, 1781), (176, 1782), (168, 1792), (163, 1794), (153, 1780), (151, 1779), (140, 1795), (138, 1795), (130, 1786), (126, 1783), (122, 1785), (113, 1794), (111, 1795), (103, 1784), (98, 1781), (94, 1784), (86, 1796), (84, 1795), (73, 1780), (69, 1782), (63, 1793), (59, 1796), (48, 1780), (46, 1779), (44, 1780), (34, 1796), (29, 1793), (21, 1780), (17, 1781), (8, 1795), (4, 1795), (0, 1788), (0, 1786), (0, 1783), (0, 1781), (0, 1779), (0, 1777)]
[(0, 1798), (2, 1802), (4, 1805), (6, 1807), (8, 1806), (10, 1803), (17, 1792), (21, 1790), (29, 1804), (34, 1806), (46, 1789), (48, 1791), (59, 1807), (63, 1804), (69, 1793), (73, 1790), (82, 1803), (86, 1806), (98, 1789), (101, 1790), (107, 1801), (111, 1804), (115, 1802), (122, 1795), (126, 1793), (136, 1802), (140, 1803), (151, 1790), (155, 1793), (161, 1803), (166, 1805), (178, 1791), (182, 1795), (191, 1808), (195, 1804), (203, 1788), (207, 1791), (214, 1805), (218, 1808), (226, 1792), (231, 1788), (233, 1789), (243, 1809), (251, 1797), (258, 1797), (270, 1800), (275, 1799), (283, 1789), (291, 1800), (295, 1803), (308, 1795), (312, 1796), (323, 1801), (337, 1794), (342, 1797), (348, 1808), (350, 1808), (358, 1792), (363, 1788), (373, 1807), (375, 1809), (379, 1804), (388, 1788), (392, 1791), (398, 1805), (402, 1808), (411, 1792), (415, 1788), (417, 1789), (427, 1809), (432, 1805), (438, 1791), (442, 1790), (444, 1791), (451, 1805), (455, 1809), (465, 1789), (467, 1788), (480, 1808), (484, 1805), (490, 1791), (495, 1788), (503, 1804), (507, 1809), (509, 1807), (515, 1793), (520, 1788), (524, 1792), (532, 1808), (534, 1808), (536, 1806), (543, 1791), (547, 1788), (557, 1807), (559, 1809), (564, 1804), (572, 1788), (574, 1788), (576, 1792), (583, 1805), (585, 1808), (587, 1808), (595, 1792), (599, 1788), (612, 1807), (614, 1806), (624, 1791), (629, 1793), (635, 1803), (639, 1805), (652, 1791), (664, 1804), (668, 1802), (675, 1794), (679, 1792), (687, 1802), (692, 1804), (704, 1792), (706, 1793), (717, 1804), (721, 1802), (727, 1795), (731, 1793), (744, 1803), (756, 1793), (761, 1795), (767, 1802), (771, 1803), (780, 1795), (784, 1793), (796, 1803), (809, 1794), (813, 1795), (819, 1801), (824, 1802), (836, 1794), (849, 1802), (853, 1801), (861, 1794), (865, 1795), (872, 1801), (876, 1802), (888, 1794), (901, 1802), (916, 1795), (928, 1801), (941, 1796), (953, 1800), (966, 1797), (976, 1798), (1029, 1798), (1035, 1805), (1044, 1793), (1048, 1791), (1058, 1807), (1060, 1808), (1062, 1806), (1071, 1790), (1073, 1789), (1085, 1805), (1090, 1803), (1098, 1792), (1102, 1793), (1108, 1802), (1113, 1805), (1125, 1792), (1129, 1794), (1136, 1804), (1140, 1807), (1148, 1792), (1153, 1788), (1163, 1807), (1165, 1809), (1169, 1804), (1178, 1788), (1182, 1791), (1188, 1805), (1192, 1808), (1201, 1792), (1205, 1789), (1217, 1806), (1222, 1803), (1228, 1792), (1232, 1790), (1234, 1791), (1241, 1805), (1245, 1809), (1255, 1789), (1257, 1788), (1261, 1792), (1270, 1808), (1274, 1805), (1282, 1789), (1285, 1789), (1293, 1803), (1297, 1806), (1310, 1791), (1312, 1791), (1322, 1804), (1335, 1795), (1339, 1795), (1352, 1804), (1354, 1802), (1362, 1788), (1366, 1791), (1373, 1805), (1375, 1808), (1377, 1808), (1385, 1792), (1389, 1788), (1402, 1809), (1406, 1804), (1414, 1788), (1417, 1788), (1419, 1791), (1427, 1807), (1431, 1805), (1437, 1793), (1442, 1789), (1446, 1793), (1454, 1808), (1458, 1805), (1465, 1791), (1467, 1788), (1469, 1788), (1477, 1804), (1481, 1809), (1494, 1788), (1498, 1792), (1507, 1808), (1511, 1805), (1517, 1793), (1521, 1790), (1532, 1806), (1534, 1807), (1538, 1803), (1544, 1791), (1549, 1790), (1557, 1806), (1559, 1808), (1561, 1808), (1569, 1792), (1574, 1788), (1582, 1802), (1586, 1807), (1590, 1803), (1599, 1789), (1601, 1789), (1607, 1800), (1611, 1803), (1616, 1802), (1622, 1795), (1626, 1792), (1639, 1804), (1643, 1802), (1651, 1792), (1655, 1794), (1662, 1802), (1666, 1804), (1678, 1793), (1691, 1803), (1695, 1802), (1702, 1795), (1706, 1793), (1718, 1803), (1731, 1793), (1735, 1795), (1741, 1802), (1746, 1803), (1758, 1793), (1771, 1804), (1775, 1802), (1783, 1791), (1787, 1794), (1794, 1803), (1800, 1806), (1800, 1796)]
[(1800, 1817), (1794, 1813), (1787, 1804), (1783, 1802), (1775, 1812), (1771, 1815), (1758, 1803), (1754, 1805), (1746, 1814), (1741, 1813), (1735, 1805), (1731, 1803), (1718, 1814), (1706, 1803), (1702, 1805), (1695, 1812), (1691, 1814), (1678, 1803), (1666, 1815), (1662, 1812), (1655, 1804), (1651, 1803), (1643, 1813), (1639, 1815), (1626, 1803), (1616, 1812), (1611, 1813), (1607, 1810), (1601, 1800), (1599, 1799), (1590, 1814), (1586, 1817), (1582, 1813), (1574, 1799), (1569, 1803), (1561, 1818), (1559, 1818), (1557, 1816), (1551, 1802), (1546, 1800), (1536, 1817), (1534, 1817), (1532, 1816), (1521, 1801), (1517, 1803), (1511, 1815), (1507, 1818), (1498, 1802), (1494, 1798), (1481, 1819), (1477, 1815), (1469, 1798), (1465, 1802), (1458, 1815), (1454, 1818), (1446, 1803), (1442, 1800), (1437, 1804), (1431, 1816), (1427, 1817), (1419, 1801), (1417, 1799), (1414, 1798), (1406, 1815), (1402, 1819), (1389, 1798), (1385, 1802), (1377, 1819), (1375, 1819), (1373, 1816), (1366, 1802), (1362, 1798), (1352, 1816), (1349, 1816), (1341, 1807), (1337, 1806), (1333, 1806), (1324, 1814), (1320, 1813), (1314, 1805), (1310, 1802), (1297, 1815), (1293, 1812), (1287, 1804), (1282, 1802), (1272, 1818), (1270, 1819), (1261, 1803), (1257, 1798), (1255, 1800), (1245, 1819), (1241, 1815), (1234, 1801), (1232, 1798), (1230, 1798), (1220, 1817), (1217, 1818), (1215, 1816), (1209, 1804), (1205, 1800), (1201, 1803), (1192, 1818), (1188, 1815), (1182, 1802), (1178, 1798), (1169, 1815), (1165, 1819), (1163, 1818), (1153, 1798), (1148, 1802), (1140, 1818), (1138, 1818), (1136, 1816), (1129, 1804), (1125, 1801), (1117, 1812), (1113, 1814), (1100, 1803), (1096, 1805), (1090, 1812), (1085, 1814), (1073, 1802), (1062, 1814), (1058, 1816), (1048, 1798), (1044, 1801), (1037, 1815), (1035, 1814), (1033, 1809), (979, 1809), (966, 1807), (953, 1810), (941, 1806), (928, 1811), (916, 1806), (901, 1812), (888, 1805), (876, 1812), (872, 1811), (865, 1806), (861, 1805), (849, 1813), (836, 1804), (824, 1813), (819, 1812), (813, 1805), (809, 1804), (800, 1812), (796, 1814), (784, 1804), (780, 1806), (773, 1812), (769, 1813), (761, 1805), (756, 1804), (744, 1814), (731, 1803), (727, 1805), (721, 1812), (717, 1814), (706, 1803), (704, 1803), (692, 1815), (687, 1812), (679, 1802), (675, 1804), (668, 1813), (664, 1815), (652, 1802), (639, 1815), (635, 1813), (629, 1804), (624, 1802), (612, 1817), (610, 1816), (603, 1804), (599, 1800), (595, 1803), (589, 1816), (585, 1819), (576, 1802), (572, 1798), (564, 1814), (559, 1819), (557, 1818), (547, 1798), (543, 1802), (536, 1816), (534, 1819), (532, 1819), (524, 1802), (520, 1798), (509, 1818), (507, 1819), (503, 1815), (495, 1798), (488, 1806), (484, 1816), (480, 1819), (467, 1798), (465, 1800), (455, 1819), (451, 1815), (442, 1798), (440, 1798), (432, 1815), (427, 1819), (417, 1800), (415, 1798), (411, 1803), (402, 1819), (398, 1816), (392, 1801), (388, 1798), (379, 1815), (375, 1819), (373, 1818), (363, 1798), (358, 1802), (350, 1819), (348, 1819), (342, 1808), (337, 1805), (323, 1812), (308, 1805), (295, 1813), (291, 1811), (285, 1801), (283, 1800), (275, 1812), (270, 1814), (258, 1805), (254, 1804), (245, 1818), (243, 1819), (233, 1800), (231, 1798), (226, 1803), (218, 1819), (214, 1816), (207, 1801), (203, 1798), (193, 1817), (191, 1817), (184, 1809), (180, 1805), (166, 1810), (159, 1809), (151, 1804), (142, 1811), (138, 1812), (128, 1806), (124, 1806), (111, 1813), (107, 1811), (98, 1801), (96, 1802), (86, 1817), (82, 1814), (73, 1800), (69, 1803), (63, 1814), (59, 1817), (48, 1801), (46, 1800), (44, 1801), (34, 1817), (29, 1814), (21, 1800), (17, 1802), (10, 1813), (6, 1817), (0, 1809), (0, 1807), (0, 1804), (0, 1802), (0, 1800), (0, 1798)]
[(0, 1819), (2, 1823), (4, 1826), (6, 1827), (8, 1826), (10, 1824), (17, 1813), (21, 1811), (29, 1825), (34, 1828), (38, 1823), (44, 1810), (46, 1809), (48, 1810), (59, 1829), (63, 1825), (71, 1810), (75, 1812), (82, 1824), (86, 1828), (90, 1823), (94, 1815), (98, 1811), (111, 1825), (115, 1823), (122, 1816), (126, 1815), (138, 1823), (149, 1816), (163, 1820), (180, 1816), (191, 1827), (195, 1824), (201, 1812), (205, 1810), (214, 1826), (218, 1829), (226, 1813), (231, 1809), (233, 1810), (243, 1829), (256, 1813), (260, 1815), (268, 1826), (272, 1826), (279, 1814), (283, 1810), (293, 1823), (298, 1823), (306, 1817), (310, 1816), (321, 1822), (325, 1822), (337, 1815), (342, 1818), (348, 1829), (350, 1829), (360, 1809), (363, 1809), (373, 1828), (375, 1830), (377, 1828), (388, 1809), (392, 1812), (398, 1826), (402, 1829), (413, 1810), (415, 1809), (427, 1829), (430, 1828), (432, 1825), (438, 1811), (440, 1809), (442, 1809), (451, 1826), (455, 1830), (465, 1810), (467, 1810), (471, 1814), (480, 1829), (484, 1826), (488, 1816), (495, 1809), (503, 1825), (507, 1830), (520, 1809), (524, 1813), (532, 1829), (534, 1829), (536, 1827), (543, 1812), (547, 1809), (557, 1828), (559, 1830), (562, 1828), (572, 1809), (576, 1812), (585, 1829), (589, 1826), (595, 1814), (599, 1811), (612, 1827), (614, 1826), (624, 1812), (629, 1814), (635, 1824), (639, 1826), (647, 1816), (652, 1813), (654, 1813), (664, 1826), (668, 1823), (677, 1813), (681, 1814), (687, 1823), (692, 1825), (704, 1813), (717, 1824), (721, 1823), (727, 1816), (731, 1814), (744, 1825), (756, 1814), (761, 1816), (767, 1823), (771, 1824), (780, 1816), (784, 1814), (796, 1824), (800, 1822), (807, 1815), (811, 1814), (819, 1822), (824, 1824), (836, 1814), (849, 1824), (853, 1822), (859, 1816), (863, 1815), (876, 1823), (888, 1815), (901, 1822), (916, 1816), (928, 1822), (941, 1817), (953, 1821), (966, 1818), (979, 1820), (1033, 1819), (1037, 1822), (1039, 1820), (1046, 1809), (1048, 1809), (1056, 1825), (1060, 1827), (1069, 1816), (1073, 1814), (1077, 1816), (1085, 1825), (1090, 1823), (1096, 1815), (1100, 1814), (1111, 1825), (1115, 1825), (1125, 1810), (1129, 1813), (1136, 1827), (1140, 1829), (1148, 1812), (1153, 1809), (1163, 1828), (1165, 1830), (1167, 1828), (1178, 1810), (1182, 1813), (1188, 1825), (1192, 1828), (1201, 1814), (1205, 1809), (1207, 1810), (1217, 1830), (1222, 1826), (1230, 1809), (1232, 1809), (1234, 1812), (1241, 1826), (1245, 1829), (1255, 1810), (1257, 1809), (1259, 1810), (1268, 1826), (1270, 1827), (1282, 1814), (1287, 1815), (1297, 1824), (1310, 1813), (1322, 1824), (1335, 1816), (1339, 1816), (1343, 1819), (1349, 1828), (1352, 1828), (1354, 1825), (1362, 1809), (1366, 1812), (1373, 1826), (1375, 1829), (1377, 1829), (1385, 1813), (1389, 1809), (1402, 1830), (1406, 1825), (1414, 1809), (1417, 1809), (1419, 1812), (1427, 1828), (1431, 1826), (1437, 1815), (1442, 1810), (1446, 1814), (1454, 1829), (1458, 1825), (1467, 1809), (1469, 1809), (1477, 1825), (1481, 1830), (1494, 1809), (1498, 1813), (1505, 1827), (1507, 1829), (1509, 1828), (1517, 1814), (1521, 1812), (1525, 1816), (1532, 1827), (1536, 1827), (1546, 1810), (1551, 1813), (1557, 1827), (1559, 1829), (1561, 1829), (1569, 1813), (1574, 1810), (1582, 1823), (1586, 1827), (1590, 1824), (1599, 1810), (1601, 1811), (1607, 1820), (1611, 1824), (1616, 1823), (1626, 1814), (1639, 1825), (1643, 1823), (1651, 1813), (1655, 1815), (1662, 1823), (1666, 1825), (1678, 1813), (1683, 1816), (1691, 1825), (1695, 1823), (1702, 1815), (1706, 1813), (1718, 1825), (1731, 1814), (1735, 1816), (1741, 1823), (1746, 1824), (1754, 1815), (1758, 1813), (1771, 1826), (1775, 1823), (1783, 1813), (1787, 1814), (1794, 1824), (1800, 1827), (1800, 1817)]
[(1800, 1838), (1796, 1836), (1787, 1824), (1783, 1822), (1775, 1834), (1771, 1837), (1758, 1823), (1754, 1825), (1746, 1836), (1741, 1834), (1735, 1826), (1731, 1824), (1718, 1836), (1706, 1823), (1702, 1825), (1695, 1834), (1691, 1835), (1678, 1823), (1666, 1836), (1662, 1834), (1653, 1823), (1649, 1825), (1643, 1834), (1639, 1836), (1626, 1824), (1622, 1826), (1616, 1834), (1611, 1835), (1599, 1820), (1590, 1835), (1586, 1839), (1582, 1834), (1576, 1821), (1574, 1819), (1572, 1820), (1561, 1840), (1559, 1840), (1557, 1837), (1551, 1823), (1546, 1820), (1536, 1838), (1534, 1839), (1521, 1822), (1517, 1824), (1511, 1836), (1507, 1839), (1498, 1823), (1494, 1819), (1481, 1840), (1477, 1836), (1469, 1819), (1467, 1820), (1465, 1822), (1458, 1836), (1454, 1839), (1444, 1821), (1442, 1820), (1429, 1840), (1427, 1839), (1425, 1836), (1419, 1822), (1417, 1819), (1414, 1819), (1406, 1836), (1402, 1840), (1389, 1819), (1385, 1823), (1377, 1840), (1375, 1840), (1373, 1837), (1366, 1823), (1362, 1819), (1352, 1839), (1349, 1840), (1347, 1839), (1341, 1827), (1337, 1825), (1324, 1834), (1320, 1833), (1314, 1826), (1310, 1823), (1301, 1832), (1297, 1835), (1287, 1826), (1282, 1826), (1270, 1836), (1257, 1822), (1253, 1825), (1245, 1840), (1241, 1836), (1234, 1822), (1232, 1819), (1230, 1819), (1222, 1836), (1217, 1840), (1215, 1838), (1207, 1821), (1205, 1819), (1201, 1824), (1192, 1840), (1188, 1837), (1182, 1823), (1180, 1820), (1178, 1820), (1167, 1838), (1165, 1840), (1163, 1838), (1153, 1819), (1148, 1823), (1140, 1840), (1138, 1840), (1136, 1837), (1129, 1823), (1125, 1819), (1117, 1834), (1113, 1838), (1100, 1824), (1090, 1833), (1085, 1835), (1075, 1825), (1071, 1824), (1060, 1836), (1056, 1834), (1050, 1824), (1046, 1821), (1039, 1830), (1037, 1831), (993, 1829), (981, 1831), (966, 1828), (953, 1832), (941, 1826), (928, 1833), (916, 1826), (912, 1827), (905, 1832), (901, 1834), (888, 1825), (876, 1834), (872, 1832), (863, 1825), (859, 1826), (853, 1833), (849, 1835), (836, 1824), (824, 1835), (819, 1833), (811, 1824), (807, 1825), (800, 1833), (796, 1836), (784, 1824), (782, 1824), (771, 1835), (767, 1833), (761, 1826), (756, 1824), (744, 1835), (731, 1824), (727, 1826), (721, 1834), (717, 1835), (708, 1826), (704, 1824), (692, 1836), (687, 1834), (679, 1823), (675, 1825), (668, 1834), (664, 1837), (654, 1823), (650, 1823), (639, 1837), (635, 1834), (629, 1824), (624, 1822), (616, 1834), (612, 1838), (599, 1821), (595, 1825), (587, 1839), (583, 1836), (576, 1823), (572, 1819), (564, 1835), (559, 1840), (557, 1839), (547, 1819), (543, 1823), (536, 1837), (534, 1840), (532, 1840), (522, 1820), (520, 1819), (518, 1821), (509, 1839), (507, 1840), (503, 1836), (495, 1819), (492, 1820), (490, 1822), (484, 1837), (480, 1840), (471, 1824), (467, 1819), (465, 1821), (455, 1840), (451, 1836), (444, 1823), (440, 1820), (432, 1835), (425, 1838), (419, 1824), (415, 1819), (411, 1824), (402, 1840), (398, 1837), (392, 1822), (388, 1819), (379, 1836), (375, 1840), (373, 1839), (363, 1819), (360, 1820), (352, 1837), (350, 1838), (342, 1829), (335, 1825), (323, 1833), (312, 1827), (308, 1826), (295, 1835), (291, 1832), (283, 1819), (279, 1824), (272, 1838), (270, 1839), (268, 1838), (260, 1824), (256, 1822), (247, 1835), (243, 1839), (241, 1838), (235, 1824), (231, 1819), (228, 1820), (222, 1833), (218, 1838), (214, 1835), (205, 1823), (201, 1825), (195, 1834), (191, 1837), (182, 1827), (178, 1825), (166, 1832), (161, 1831), (153, 1826), (149, 1826), (138, 1835), (134, 1832), (128, 1825), (124, 1824), (115, 1835), (111, 1837), (107, 1833), (101, 1820), (98, 1819), (94, 1825), (88, 1838), (86, 1839), (82, 1835), (73, 1820), (69, 1822), (63, 1836), (59, 1840), (48, 1820), (46, 1819), (44, 1821), (38, 1833), (34, 1838), (29, 1835), (21, 1821), (17, 1823), (10, 1835), (6, 1839), (0, 1830), (0, 1827), (0, 1825), (0, 1823), (0, 1821), (0, 1819)]
