; --- PREAMBLE ---
G21 ; Millimeters
G90 ; Absolute coordinates
G00 Z120 F3000
G00 X0.00 Y1.05
G01 Z0 F1500
G04 P0.2
; --- TRAJECTORY ---
G1 X0.00 Y1.05 F1500
G1 X0.42 Y1.93 F1500
G1 X0.63 Y2.09 F1500
G1 X0.84 Y2.00 F1500
G1 X1.68 Y0.25 F1500
G1 X1.89 Y0.02 F1500
G1 X2.10 Y0.04 F1500
G1 X2.93 Y1.74 F1500
G1 X3.35 Y2.08 F1500
G1 X4.40 Y0.13 F1500
G1 X4.61 Y0.00 F1500
G1 X4.82 Y0.13 F1500
G1 X5.87 Y2.09 F1500
G1 X6.29 Y1.73 F1500
G1 X6.92 Y0.30 F1500
G1 X7.12 Y0.04 F1500
G1 X7.33 Y0.03 F1500
G1 X8.17 Y1.68 F1500
G1 X8.59 Y2.09 F1500
G1 X9.85 Y0.00 F1500
G1 X10.27 Y0.43 F1500
G1 X11.11 Y2.07 F1500
G1 X11.32 Y2.05 F1500
G1 X11.53 Y1.78 F1500
G1 X12.15 Y0.35 F1500
G1 X12.57 Y0.01 F1500
G1 X13.62 Y1.97 F1500
G1 X13.83 Y2.10 F1500
G1 X14.04 Y1.96 F1500
G1 X15.09 Y0.01 F1500
G1 X15.51 Y0.37 F1500
G1 X16.14 Y1.80 F1500
G1 X16.34 Y2.06 F1500
G1 X16.55 Y2.07 F1500
G1 X17.39 Y0.41 F1500
G1 X17.81 Y0.00 F1500
G1 X19.07 Y2.09 F1500
G1 X19.49 Y1.66 F1500
G1 X20.33 Y0.02 F1500
G1 X20.75 Y0.32 F1500
G1 X21.37 Y1.75 F1500
G1 X21.79 Y2.08 F1500
G1 X22.63 Y0.46 F1500
G1 X23.05 Y0.00 F1500
G1 X23.26 Y0.14 F1500
G1 X24.31 Y2.09 F1500
G1 X24.73 Y1.71 F1500
G1 X25.36 Y0.29 F1500
G1 X25.56 Y0.04 F1500
G1 X25.77 Y0.03 F1500
G1 X26.61 Y1.70 F1500
G1 X27.03 Y2.09 F1500
G1 X27.24 Y1.91 F1500
G1 X28.08 Y0.15 F1500
G1 X28.29 Y0.00 F1500
G1 X28.71 Y0.44 F1500
G1 X29.55 Y2.08 F1500
G1 X29.97 Y1.77 F1500
G1 X30.59 Y0.34 F1500
G1 X31.01 Y0.02 F1500
G1 X31.85 Y1.64 F1500
G1 X32.27 Y2.09 F1500
G1 X32.48 Y1.95 F1500
G1 X33.53 Y0.01 F1500
G1 X33.95 Y0.39 F1500
G1 X34.58 Y1.81 F1500
G1 X34.78 Y2.06 F1500
G1 X34.99 Y2.06 F1500
G1 X35.83 Y0.39 F1500
G1 X36.25 Y0.01 F1500
G1 X37.30 Y1.95 F1500
G1 X37.51 Y2.09 F1500
G1 X37.93 Y1.64 F1500
G1 X38.77 Y0.02 F1500
G1 X39.19 Y0.34 F1500
G1 X39.81 Y1.76 F1500
G1 X40.23 Y2.08 F1500
G1 X41.07 Y0.45 F1500
G1 X41.49 Y0.00 F1500
G1 X41.70 Y0.15 F1500
G1 X42.75 Y2.09 F1500
G1 X43.17 Y1.70 F1500
G1 X43.80 Y0.28 F1500
G1 X44.00 Y0.03 F1500
G1 X44.21 Y0.03 F1500
G1 X45.05 Y1.71 F1500
G1 X45.47 Y2.09 F1500
G1 X46.52 Y0.14 F1500
G1 X46.73 Y0.00 F1500
G1 X47.15 Y0.46 F1500
G1 X47.99 Y2.08 F1500
G1 X48.41 Y1.75 F1500
G1 X49.03 Y0.33 F1500
G1 X49.45 Y0.02 F1500
G1 X50.29 Y1.66 F1500
G1 X50.71 Y2.09 F1500
G1 X50.92 Y1.94 F1500
G1 X51.55 Y0.57 F1500
G1 X51.97 Y0.00 F1500
G1 X52.39 Y0.40 F1500
G1 X53.22 Y2.07 F1500
G1 X53.43 Y2.06 F1500
G1 X53.64 Y1.80 F1500
G1 X54.27 Y0.38 F1500
G1 X54.69 Y0.01 F1500
G1 X55.74 Y1.96 F1500
G1 X55.95 Y2.10 F1500
G1 X56.37 Y1.63 F1500
G1 X57.21 Y0.01 F1500
G1 X57.63 Y0.35 F1500
G1 X58.25 Y1.78 F1500
G1 X58.67 Y2.07 F1500
G1 X59.51 Y0.43 F1500
G1 X59.93 Y0.00 F1500
G1 X61.19 Y2.09 F1500
G1 X61.61 Y1.69 F1500
G1 X62.44 Y0.03 F1500
G1 X62.65 Y0.04 F1500
G1 X62.86 Y0.30 F1500
G1 X63.49 Y1.73 F1500
G1 X63.91 Y2.09 F1500
G1 X64.96 Y0.13 F1500
G1 X65.17 Y0.00 F1500
G1 X65.38 Y0.12 F1500
G1 X66.43 Y2.08 F1500
G1 X66.85 Y1.74 F1500
G1 X67.47 Y0.31 F1500
G1 X67.68 Y0.04 F1500
G1 X67.89 Y0.02 F1500
G1 X68.73 Y1.67 F1500
G1 X69.15 Y2.09 F1500
G1 X70.41 Y0.00 F1500
G1 X70.83 Y0.42 F1500
G1 X71.66 Y2.07 F1500
G1 X71.87 Y2.05 F1500
G1 X72.08 Y1.79 F1500
G1 X72.71 Y0.36 F1500
G1 X73.13 Y0.01 F1500
G1 X74.18 Y1.97 F1500
G1 X74.39 Y2.10 F1500
G1 X74.60 Y1.97 F1500
G1 X75.65 Y0.01 F1500
G1 X76.07 Y0.36 F1500
G1 X76.69 Y1.79 F1500
G1 X76.90 Y2.05 F1500
G1 X77.11 Y2.07 F1500
G1 X77.95 Y0.42 F1500
G1 X78.37 Y0.00 F1500
G1 X79.63 Y2.09 F1500
G1 X80.05 Y1.67 F1500
G1 X80.88 Y0.02 F1500
G1 X81.09 Y0.04 F1500
G1 X81.30 Y0.31 F1500
G1 X81.93 Y1.74 F1500
G1 X82.35 Y2.08 F1500
G1 X83.40 Y0.12 F1500
G1 X83.61 Y0.00 F1500
G1 X83.82 Y0.13 F1500
G1 X84.87 Y2.09 F1500
G1 X85.29 Y1.73 F1500
G1 X85.91 Y0.30 F1500
G1 X86.12 Y0.04 F1500
G1 X86.33 Y0.03 F1500
G1 X87.17 Y1.69 F1500
G1 X87.59 Y2.09 F1500
G1 X88.85 Y0.00 F1500
G1 X89.27 Y0.43 F1500
G1 X90.10 Y2.07 F1500
G1 X90.52 Y1.78 F1500
G1 X91.15 Y0.35 F1500
G1 X91.57 Y0.01 F1500
G1 X92.41 Y1.63 F1500
G1 X92.83 Y2.10 F1500
G1 X93.04 Y1.96 F1500
G1 X94.09 Y0.01 F1500
G1 X94.51 Y0.38 F1500
G1 X95.13 Y1.80 F1500
G1 X95.34 Y2.06 F1500
G1 X95.55 Y2.07 F1500
G1 X96.39 Y0.40 F1500
G1 X96.81 Y0.00 F1500
G1 X97.23 Y0.57 F1500
G1 X97.86 Y1.94 F1500
G1 X98.07 Y2.09 F1500
G1 X98.49 Y1.66 F1500
G1 X99.32 Y0.02 F1500
G1 X99.74 Y0.33 F1500
G1 X100.37 Y1.75 F1500
G1 X100.79 Y2.08 F1500
G1 X101.63 Y0.46 F1500
G1 X102.05 Y0.00 F1500
G1 X102.26 Y0.14 F1500
G1 X103.31 Y2.09 F1500
G1 X103.73 Y1.71 F1500
G1 X104.35 Y0.29 F1500
G1 X104.56 Y0.03 F1500
G1 X104.77 Y0.03 F1500
G1 X105.61 Y1.70 F1500
G1 X106.03 Y2.09 F1500
G1 X107.08 Y0.15 F1500
G1 X107.29 Y0.00 F1500
G1 X107.71 Y0.45 F1500
G1 X108.54 Y2.08 F1500
G1 X108.96 Y1.76 F1500
G1 X109.59 Y0.34 F1500
G1 X110.01 Y0.02 F1500
G1 X110.85 Y1.64 F1500
G1 X111.27 Y2.09 F1500
G1 X111.48 Y1.95 F1500
G1 X112.53 Y0.01 F1500
G1 X112.95 Y0.39 F1500
G1 X113.78 Y2.06 F1500
G1 X113.99 Y2.06 F1500
G1 X114.20 Y1.81 F1500
G1 X114.83 Y0.39 F1500
G1 X115.25 Y0.01 F1500
G1 X116.30 Y1.95 F1500
G1 X116.51 Y2.09 F1500
G1 X116.93 Y1.64 F1500
G1 X117.76 Y0.02 F1500
G1 X118.18 Y0.34 F1500
G1 X118.81 Y1.77 F1500
G1 X119.23 Y2.08 F1500
G1 X120.07 Y0.44 F1500
G1 X120.49 Y0.00 F1500
G1 X120.70 Y0.15 F1500
G1 X121.54 Y1.91 F1500
G1 X121.75 Y2.09 F1500
G1 X122.17 Y1.70 F1500
G1 X123.00 Y0.03 F1500
G1 X123.21 Y0.04 F1500
G1 X123.42 Y0.29 F1500
G1 X124.05 Y1.71 F1500
G1 X124.47 Y2.09 F1500
G1 X125.52 Y0.14 F1500
G1 X125.73 Y0.00 F1500
G1 X126.15 Y0.46 F1500
G1 X126.98 Y2.08 F1500
G1 X127.40 Y1.75 F1500
G1 X128.03 Y0.32 F1500
G1 X128.45 Y0.02 F1500
G1 X129.29 Y1.66 F1500
G1 X129.71 Y2.09 F1500
G1 X130.97 Y0.00 F1500
G1 X131.39 Y0.41 F1500
G1 X132.22 Y2.07 F1500
G1 X132.43 Y2.06 F1500
G1 X132.64 Y1.80 F1500
G1 X133.27 Y0.37 F1500
G1 X133.69 Y0.01 F1500
G1 X134.74 Y1.96 F1500
G1 X134.95 Y2.10 F1500
G1 X135.16 Y1.97 F1500
G1 X136.20 Y0.01 F1500
G1 X136.62 Y0.35 F1500
G1 X137.25 Y1.78 F1500
G1 X137.46 Y2.05 F1500
G1 X137.67 Y2.07 F1500
G1 X138.51 Y0.43 F1500
G1 X138.93 Y0.00 F1500
G1 X140.19 Y2.09 F1500
G1 X140.61 Y1.68 F1500
G1 X141.44 Y0.03 F1500
G1 X141.65 Y0.04 F1500
G1 X141.86 Y0.30 F1500
G1 X142.49 Y1.73 F1500
G1 X142.91 Y2.09 F1500
G1 X143.96 Y0.13 F1500
G1 X144.17 Y0.00 F1500
G1 X144.38 Y0.13 F1500
G1 X145.42 Y2.08 F1500
G1 X145.84 Y1.74 F1500
G1 X146.47 Y0.31 F1500
G1 X146.68 Y0.04 F1500
G1 X146.89 Y0.02 F1500
G1 X147.73 Y1.67 F1500
G1 X148.15 Y2.09 F1500
G1 X149.41 Y0.00 F1500
G1 X149.83 Y0.42 F1500
G1 X150.66 Y2.07 F1500
G1 X150.87 Y2.05 F1500
G1 X151.08 Y1.79 F1500
G1 X151.71 Y0.36 F1500
G1 X152.13 Y0.01 F1500
G1 X153.18 Y1.97 F1500
G1 X153.39 Y2.10 F1500
G1 X153.60 Y1.96 F1500
G1 X154.64 Y0.01 F1500
G1 X155.06 Y0.37 F1500
G1 X155.69 Y1.79 F1500
G1 X155.90 Y2.06 F1500
G1 X156.11 Y2.07 F1500
G1 X156.95 Y0.41 F1500
G1 X157.37 Y0.00 F1500
G1 X158.63 Y2.09 F1500
G1 X159.05 Y1.67 F1500
G1 X159.88 Y0.02 F1500
G1 X160.09 Y0.05 F1500
G1 X160.30 Y0.32 F1500
G1 X160.93 Y1.74 F1500
G1 X161.35 Y2.08 F1500
G1 X162.40 Y0.12 F1500
G1 X162.61 Y0.00 F1500
G1 X162.82 Y0.14 F1500
G1 X163.86 Y2.09 F1500
G1 X164.28 Y1.72 F1500
G1 X164.91 Y0.30 F1500
G1 X165.12 Y0.04 F1500
G1 X165.33 Y0.03 F1500
G1 X166.17 Y1.69 F1500
G1 X166.59 Y2.09 F1500
G1 X167.85 Y0.00 F1500
G1 X168.27 Y0.44 F1500
G1 X169.10 Y2.08 F1500
G1 X169.52 Y1.77 F1500
G1 X170.15 Y0.35 F1500
G1 X170.57 Y0.01 F1500
G1 X171.41 Y1.63 F1500
G1 X171.83 Y2.10 F1500
G1 X172.04 Y1.96 F1500
G1 X173.08 Y0.01 F1500
G1 X173.50 Y0.38 F1500
G1 X174.13 Y1.81 F1500
G1 X174.34 Y2.06 F1500
G1 X174.55 Y2.07 F1500
G1 X175.39 Y0.40 F1500
G1 X175.81 Y0.00 F1500
G1 X176.02 Y0.18 F1500
G1 X176.86 Y1.94 F1500
G1 X177.07 Y2.09 F1500
G1 X177.49 Y1.65 F1500
G1 X178.32 Y0.02 F1500
G1 X178.74 Y0.33 F1500
G1 X179.58 Y2.04 F1500
G1 X179.79 Y2.08 F1500
G1 X180.00 Y1.87 F1500
G1 X180.00 Y2.08 F1500
G1 X180.00 Y2.29 F1500
G1 X180.00 Y2.50 F1500
G1 X180.00 Y2.71 F1500
G1 X180.00 Y2.91 F1500
G1 X180.00 Y2.91 F1500
G1 X179.58 Y2.52 F1500
G1 X179.37 Y2.52 F1500
G1 X178.74 Y1.70 F1500
G1 X178.32 Y1.54 F1500
G1 X177.07 Y2.67 F1500
G1 X175.81 Y1.51 F1500
G1 X175.39 Y1.74 F1500
G1 X174.55 Y2.65 F1500
G1 X174.13 Y2.52 F1500
G1 X173.50 Y1.71 F1500
G1 X173.08 Y1.51 F1500
G1 X171.83 Y2.67 F1500
G1 X170.57 Y1.55 F1500
G1 X170.15 Y1.73 F1500
G1 X169.31 Y2.57 F1500
G1 X168.89 Y2.44 F1500
G1 X168.06 Y1.75 F1500
G1 X167.64 Y1.75 F1500
G1 X166.59 Y2.46 F1500
G1 X165.12 Y1.66 F1500
G1 X164.28 Y2.41 F1500
G1 X163.86 Y2.58 F1500
G1 X162.61 Y1.56 F1500
G1 X161.35 Y2.58 F1500
G1 X160.93 Y2.41 F1500
G1 X160.30 Y1.79 F1500
G1 X159.88 Y1.67 F1500
G1 X158.63 Y2.54 F1500
G1 X157.37 Y1.66 F1500
G1 X156.11 Y2.52 F1500
G1 X155.69 Y2.41 F1500
G1 X155.06 Y1.81 F1500
G1 X154.64 Y1.67 F1500
G1 X153.39 Y2.49 F1500
G1 X152.13 Y1.80 F1500
G1 X150.66 Y2.50 F1500
G1 X150.24 Y2.28 F1500
G1 X149.41 Y1.42 F1500
G1 X149.20 Y1.49 F1500
G1 X148.57 Y2.43 F1500
G1 X148.15 Y2.78 F1500
G1 X147.73 Y2.49 F1500
G1 X146.89 Y1.47 F1500
G1 X146.47 Y1.64 F1500
G1 X145.84 Y2.51 F1500
G1 X145.42 Y2.71 F1500
G1 X144.59 Y1.78 F1500
G1 X144.17 Y1.53 F1500
G1 X142.91 Y2.63 F1500
G1 X142.49 Y2.43 F1500
G1 X141.65 Y1.63 F1500
G1 X141.23 Y1.74 F1500
G1 X140.61 Y2.38 F1500
G1 X140.19 Y2.57 F1500
G1 X138.93 Y1.64 F1500
G1 X137.67 Y2.55 F1500
G1 X137.25 Y2.42 F1500
G1 X136.62 Y1.79 F1500
G1 X136.20 Y1.64 F1500
G1 X134.95 Y2.55 F1500
G1 X133.69 Y1.66 F1500
G1 X133.27 Y1.81 F1500
G1 X132.64 Y2.39 F1500
G1 X132.22 Y2.50 F1500
G1 X130.97 Y1.68 F1500
G1 X129.71 Y2.50 F1500
G1 X128.24 Y1.61 F1500
G1 X127.40 Y2.45 F1500
G1 X126.98 Y2.64 F1500
G1 X125.73 Y1.49 F1500
G1 X125.31 Y1.75 F1500
G1 X124.47 Y3.14 F1500
G1 X124.05 Y2.76 F1500
G1 X123.42 Y1.34 F1500
G1 X123.21 Y1.08 F1500
G1 X123.00 Y1.08 F1500
G1 X122.17 Y2.74 F1500
G1 X121.75 Y3.14 F1500
G1 X121.54 Y2.96 F1500
G1 X120.70 Y1.20 F1500
G1 X120.49 Y1.05 F1500
G1 X120.07 Y1.49 F1500
G1 X119.23 Y3.13 F1500
G1 X118.81 Y2.81 F1500
G1 X118.18 Y1.39 F1500
G1 X117.76 Y1.06 F1500
G1 X116.93 Y2.69 F1500
G1 X116.51 Y3.14 F1500
G1 X116.30 Y3.00 F1500
G1 X115.25 Y1.05 F1500
G1 X114.83 Y1.44 F1500
G1 X113.99 Y3.11 F1500
G1 X113.78 Y3.11 F1500
G1 X113.57 Y2.86 F1500
G1 X112.95 Y1.44 F1500
G1 X112.53 Y1.05 F1500
G1 X111.48 Y2.77 F1500
G1 X111.06 Y2.62 F1500
G1 X110.01 Y1.56 F1500
G1 X109.59 Y1.73 F1500
G1 X108.96 Y2.48 F1500
G1 X108.54 Y2.65 F1500
G1 X107.29 Y1.51 F1500
G1 X106.03 Y2.64 F1500
G1 X105.61 Y2.42 F1500
G1 X104.98 Y1.72 F1500
G1 X104.56 Y1.59 F1500
G1 X103.31 Y2.80 F1500
G1 X102.89 Y2.46 F1500
G1 X102.05 Y1.05 F1500
G1 X101.63 Y1.51 F1500
G1 X100.79 Y3.13 F1500
G1 X100.37 Y2.80 F1500
G1 X99.74 Y1.37 F1500
G1 X99.53 Y1.10 F1500
G1 X99.32 Y1.09 F1500
G1 X98.49 Y2.52 F1500
G1 X98.07 Y2.76 F1500
G1 X96.81 Y1.59 F1500
G1 X96.39 Y1.78 F1500
G1 X95.55 Y2.58 F1500
G1 X95.13 Y2.45 F1500
G1 X94.51 Y1.78 F1500
G1 X94.09 Y1.61 F1500
G1 X93.04 Y2.60 F1500
G1 X92.62 Y2.67 F1500
G1 X91.78 Y1.48 F1500
G1 X91.36 Y1.29 F1500
G1 X90.52 Y2.76 F1500
G1 X90.10 Y3.04 F1500
G1 X89.27 Y1.51 F1500
G1 X88.85 Y1.08 F1500
G1 X88.01 Y2.46 F1500
G1 X87.38 Y2.10 F1500
G1 X81.09 Y2.05 F1500
G1 X77.11 Y2.10 F1500
G1 X76.90 Y2.28 F1500
G1 X76.27 Y2.10 F1500
G1 X72.71 Y2.06 F1500
G1 X71.87 Y2.10 F1500
G1 X71.46 Y2.39 F1500
G1 X70.62 Y1.58 F1500
G1 X69.15 Y2.54 F1500
G1 X68.73 Y2.38 F1500
G1 X67.89 Y1.56 F1500
G1 X67.47 Y1.71 F1500
G1 X66.64 Y2.64 F1500
G1 X66.22 Y2.57 F1500
G1 X65.59 Y1.80 F1500
G1 X65.17 Y1.59 F1500
G1 X63.91 Y2.66 F1500
G1 X63.49 Y2.49 F1500
G1 X62.65 Y1.49 F1500
G1 X62.24 Y1.64 F1500
G1 X61.61 Y2.46 F1500
G1 X61.19 Y2.73 F1500
G1 X59.93 Y1.46 F1500
G1 X59.51 Y1.71 F1500
G1 X58.67 Y2.82 F1500
G1 X58.25 Y2.60 F1500
G1 X57.63 Y1.59 F1500
G1 X57.21 Y1.34 F1500
G1 X56.37 Y2.51 F1500
G1 X55.95 Y2.83 F1500
G1 X55.74 Y2.75 F1500
G1 X54.69 Y1.34 F1500
G1 X54.27 Y1.60 F1500
G1 X53.64 Y2.66 F1500
G1 X53.22 Y2.86 F1500
G1 X52.39 Y1.59 F1500
G1 X51.97 Y1.28 F1500
G1 X50.92 Y2.77 F1500
G1 X50.71 Y2.87 F1500
G1 X49.45 Y1.40 F1500
G1 X49.03 Y1.61 F1500
G1 X48.41 Y2.58 F1500
G1 X47.99 Y2.82 F1500
G1 X46.94 Y1.42 F1500
G1 X46.73 Y1.34 F1500
G1 X46.31 Y1.71 F1500
G1 X45.68 Y2.71 F1500
G1 X45.26 Y2.81 F1500
G1 X44.42 Y1.52 F1500
G1 X44.00 Y1.31 F1500
G1 X43.17 Y2.62 F1500
G1 X42.75 Y2.95 F1500
G1 X41.49 Y1.21 F1500
G1 X41.07 Y1.59 F1500
G1 X40.44 Y2.78 F1500
G1 X40.02 Y2.95 F1500
G1 X39.19 Y1.48 F1500
G1 X38.77 Y1.18 F1500
G1 X37.93 Y2.63 F1500
G1 X37.51 Y3.02 F1500
G1 X37.09 Y2.58 F1500
G1 X36.25 Y1.09 F1500
G1 X35.83 Y1.45 F1500
G1 X34.99 Y3.09 F1500
G1 X34.58 Y2.80 F1500
G1 X33.74 Y1.36 F1500
G1 X33.32 Y1.54 F1500
G1 X32.69 Y2.37 F1500
G1 X32.27 Y2.60 F1500
G1 X31.01 Y1.70 F1500
G1 X29.55 Y2.48 F1500
G1 X28.29 Y1.67 F1500
G1 X27.87 Y1.85 F1500
G1 X27.03 Y2.75 F1500
G1 X26.61 Y2.55 F1500
G1 X25.98 Y1.40 F1500
G1 X25.77 Y1.15 F1500
G1 X25.56 Y1.13 F1500
G1 X24.73 Y2.74 F1500
G1 X24.31 Y3.09 F1500
G1 X23.26 Y1.23 F1500
G1 X23.05 Y1.09 F1500
G1 X22.63 Y1.52 F1500
G1 X21.79 Y3.11 F1500
G1 X21.58 Y3.04 F1500
G1 X20.95 Y1.89 F1500
G1 X20.54 Y1.46 F1500
G1 X20.12 Y1.67 F1500
G1 X19.49 Y2.37 F1500
G1 X19.07 Y2.53 F1500
G1 X17.81 Y1.73 F1500
G1 X17.39 Y1.87 F1500
G1 X16.76 Y2.43 F1500
G1 X16.34 Y2.52 F1500
G1 X15.51 Y1.81 F1500
G1 X15.09 Y1.66 F1500
G1 X13.83 Y2.54 F1500
G1 X12.57 Y1.67 F1500
G1 X12.15 Y1.81 F1500
G1 X11.53 Y2.40 F1500
G1 X11.11 Y2.52 F1500
G1 X9.85 Y1.65 F1500
G1 X8.59 Y2.55 F1500
G1 X8.17 Y2.37 F1500
G1 X7.33 Y1.65 F1500
G1 X6.92 Y1.77 F1500
G1 X6.29 Y2.40 F1500
G1 X5.87 Y2.56 F1500
G1 X4.61 Y1.63 F1500
G1 X3.35 Y2.54 F1500
G1 X2.10 Y1.82 F1500
G1 X0.84 Y2.32 F1500
G1 X0.00 Y2.10 F1500
G1 X0.00 Y2.30 F1500
G1 X0.00 Y2.51 F1500
G1 X0.00 Y2.72 F1500
G1 X0.00 Y2.93 F1500
G1 X0.00 Y3.14 F1500
G1 X0.00 Y3.14 F1500
G1 X0.84 Y3.40 F1500
G1 X2.10 Y2.74 F1500
G1 X2.93 Y3.46 F1500
G1 X3.35 Y3.61 F1500
G1 X4.61 Y2.67 F1500
G1 X5.87 Y3.60 F1500
G1 X6.29 Y3.44 F1500
G1 X6.92 Y2.82 F1500
G1 X7.33 Y2.72 F1500
G1 X8.59 Y3.56 F1500
G1 X9.85 Y2.72 F1500
G1 X11.11 Y3.56 F1500
G1 X11.53 Y3.44 F1500
G1 X12.15 Y2.85 F1500
G1 X12.57 Y2.71 F1500
G1 X13.83 Y3.57 F1500
G1 X15.09 Y2.72 F1500
G1 X15.51 Y2.87 F1500
G1 X16.14 Y3.42 F1500
G1 X16.55 Y3.50 F1500
G1 X17.81 Y2.76 F1500
G1 X19.07 Y3.67 F1500
G1 X19.49 Y3.48 F1500
G1 X20.12 Y2.61 F1500
G1 X20.54 Y2.34 F1500
G1 X20.75 Y2.49 F1500
G1 X21.37 Y3.85 F1500
G1 X21.58 Y4.13 F1500
G1 X21.79 Y4.16 F1500
G1 X22.63 Y2.59 F1500
G1 X23.05 Y2.16 F1500
G1 X23.26 Y2.29 F1500
G1 X24.31 Y4.13 F1500
G1 X24.73 Y3.78 F1500
G1 X25.36 Y2.42 F1500
G1 X25.77 Y2.17 F1500
G1 X26.61 Y3.60 F1500
G1 X27.03 Y3.78 F1500
G1 X27.87 Y2.91 F1500
G1 X28.29 Y2.73 F1500
G1 X29.55 Y3.52 F1500
G1 X29.97 Y3.41 F1500
G1 X30.59 Y2.87 F1500
G1 X31.01 Y2.73 F1500
G1 X32.27 Y3.64 F1500
G1 X32.69 Y3.42 F1500
G1 X33.32 Y2.59 F1500
G1 X33.74 Y2.44 F1500
G1 X34.58 Y3.87 F1500
G1 X34.78 Y4.14 F1500
G1 X34.99 Y4.15 F1500
G1 X35.83 Y2.49 F1500
G1 X36.25 Y2.14 F1500
G1 X37.51 Y4.10 F1500
G1 X37.72 Y4.00 F1500
G1 X38.77 Y2.24 F1500
G1 X39.19 Y2.52 F1500
G1 X39.81 Y3.77 F1500
G1 X40.23 Y4.02 F1500
G1 X41.07 Y2.64 F1500
G1 X41.49 Y2.26 F1500
G1 X42.75 Y4.03 F1500
G1 X42.96 Y3.95 F1500
G1 X44.00 Y2.38 F1500
G1 X44.42 Y2.56 F1500
G1 X45.05 Y3.62 F1500
G1 X45.47 Y3.91 F1500
G1 X46.73 Y2.41 F1500
G1 X46.94 Y2.48 F1500
G1 X47.99 Y3.86 F1500
G1 X48.41 Y3.64 F1500
G1 X49.03 Y2.64 F1500
G1 X49.45 Y2.47 F1500
G1 X50.71 Y3.95 F1500
G1 X51.97 Y2.37 F1500
G1 X52.39 Y2.67 F1500
G1 X53.22 Y3.90 F1500
G1 X53.64 Y3.70 F1500
G1 X54.27 Y2.64 F1500
G1 X54.69 Y2.36 F1500
G1 X55.53 Y3.54 F1500
G1 X55.95 Y3.88 F1500
G1 X57.21 Y2.43 F1500
G1 X57.63 Y2.67 F1500
G1 X58.46 Y3.78 F1500
G1 X58.88 Y3.63 F1500
G1 X59.51 Y2.78 F1500
G1 X59.93 Y2.53 F1500
G1 X61.19 Y3.71 F1500
G1 X61.40 Y3.68 F1500
G1 X62.44 Y2.59 F1500
G1 X62.86 Y2.74 F1500
G1 X63.49 Y3.51 F1500
G1 X63.91 Y3.72 F1500
G1 X65.17 Y2.54 F1500
G1 X66.43 Y3.74 F1500
G1 X66.85 Y3.51 F1500
G1 X67.68 Y2.53 F1500
G1 X68.10 Y2.71 F1500
G1 X69.15 Y3.79 F1500
G1 X69.36 Y3.75 F1500
G1 X69.99 Y2.98 F1500
G1 X72.29 Y3.18 F1500
G1 X73.34 Y2.98 F1500
G1 X74.60 Y3.31 F1500
G1 X75.86 Y3.09 F1500
G1 X76.90 Y3.14 F1500
G1 X77.11 Y3.28 F1500
G1 X78.16 Y3.08 F1500
G1 X79.63 Y3.19 F1500
G1 X81.09 Y3.07 F1500
G1 X88.64 Y3.14 F1500
G1 X88.85 Y3.09 F1500
G1 X89.06 Y2.37 F1500
G1 X90.10 Y4.16 F1500
G1 X90.52 Y3.85 F1500
G1 X91.36 Y2.33 F1500
G1 X91.78 Y2.52 F1500
G1 X92.62 Y3.71 F1500
G1 X93.04 Y3.65 F1500
G1 X94.09 Y2.65 F1500
G1 X94.51 Y2.82 F1500
G1 X95.13 Y3.50 F1500
G1 X95.55 Y3.63 F1500
G1 X96.39 Y2.83 F1500
G1 X96.81 Y2.64 F1500
G1 X98.07 Y3.80 F1500
G1 X98.49 Y3.57 F1500
G1 X99.12 Y2.41 F1500
G1 X99.32 Y2.15 F1500
G1 X99.53 Y2.15 F1500
G1 X100.37 Y3.85 F1500
G1 X100.79 Y4.18 F1500
G1 X101.63 Y2.55 F1500
G1 X102.05 Y2.10 F1500
G1 X102.47 Y2.60 F1500
G1 X103.10 Y3.94 F1500
G1 X103.31 Y4.07 F1500
G1 X104.56 Y2.55 F1500
G1 X104.98 Y2.74 F1500
G1 X105.61 Y3.48 F1500
G1 X106.03 Y3.69 F1500
G1 X107.29 Y2.56 F1500
G1 X108.54 Y3.70 F1500
G1 X108.96 Y3.52 F1500
G1 X109.59 Y2.79 F1500
G1 X110.01 Y2.60 F1500
G1 X110.43 Y2.90 F1500
G1 X111.06 Y4.08 F1500
G1 X111.27 Y4.19 F1500
G1 X111.48 Y4.04 F1500
G1 X112.53 Y2.10 F1500
G1 X112.95 Y2.49 F1500
G1 X113.78 Y4.16 F1500
G1 X113.99 Y4.16 F1500
G1 X114.20 Y3.91 F1500
G1 X114.83 Y2.48 F1500
G1 X115.25 Y2.10 F1500
G1 X116.30 Y4.05 F1500
G1 X116.51 Y4.19 F1500
G1 X116.93 Y3.74 F1500
G1 X117.76 Y2.11 F1500
G1 X118.18 Y2.43 F1500
G1 X118.81 Y3.86 F1500
G1 X119.23 Y4.17 F1500
G1 X120.07 Y2.54 F1500
G1 X120.49 Y2.10 F1500
G1 X120.70 Y2.25 F1500
G1 X121.54 Y4.01 F1500
G1 X121.75 Y4.19 F1500
G1 X122.17 Y3.79 F1500
G1 X123.00 Y2.13 F1500
G1 X123.21 Y2.13 F1500
G1 X123.42 Y2.38 F1500
G1 X124.05 Y3.70 F1500
G1 X124.26 Y3.83 F1500
G1 X124.68 Y3.64 F1500
G1 X125.31 Y2.85 F1500
G1 X125.73 Y2.57 F1500
G1 X126.15 Y2.81 F1500
G1 X126.98 Y3.80 F1500
G1 X128.24 Y2.73 F1500
G1 X128.66 Y2.83 F1500
G1 X129.71 Y3.56 F1500
G1 X130.76 Y2.79 F1500
G1 X131.18 Y2.76 F1500
G1 X132.22 Y3.58 F1500
G1 X132.64 Y3.46 F1500
G1 X133.27 Y2.85 F1500
G1 X133.69 Y2.70 F1500
G1 X134.95 Y3.59 F1500
G1 X136.00 Y2.79 F1500
G1 X136.41 Y2.72 F1500
G1 X137.25 Y3.46 F1500
G1 X137.67 Y3.60 F1500
G1 X138.93 Y2.67 F1500
G1 X140.19 Y3.62 F1500
G1 X140.61 Y3.44 F1500
G1 X141.23 Y2.77 F1500
G1 X141.65 Y2.65 F1500
G1 X142.49 Y3.48 F1500
G1 X142.91 Y3.67 F1500
G1 X144.17 Y2.58 F1500
G1 X145.42 Y3.74 F1500
G1 X145.84 Y3.55 F1500
G1 X146.47 Y2.70 F1500
G1 X146.89 Y2.52 F1500
G1 X147.73 Y3.57 F1500
G1 X148.15 Y3.86 F1500
G1 X148.99 Y2.85 F1500
G1 X149.41 Y2.61 F1500
G1 X150.66 Y3.44 F1500
G1 X152.13 Y2.87 F1500
G1 X153.39 Y3.54 F1500
G1 X154.44 Y2.80 F1500
G1 X154.85 Y2.74 F1500
G1 X155.69 Y3.45 F1500
G1 X156.11 Y3.57 F1500
G1 X156.95 Y2.88 F1500
G1 X157.37 Y2.72 F1500
G1 X158.63 Y3.56 F1500
G1 X159.05 Y3.40 F1500
G1 X159.67 Y2.80 F1500
G1 X160.09 Y2.71 F1500
G1 X160.93 Y3.45 F1500
G1 X161.35 Y3.61 F1500
G1 X162.61 Y2.65 F1500
G1 X163.86 Y3.62 F1500
G1 X164.28 Y3.45 F1500
G1 X165.12 Y2.72 F1500
G1 X165.54 Y2.83 F1500
G1 X166.17 Y3.38 F1500
G1 X166.59 Y3.48 F1500
G1 X167.85 Y2.75 F1500
G1 X168.27 Y2.88 F1500
G1 X168.89 Y3.53 F1500
G1 X169.31 Y3.65 F1500
G1 X170.15 Y2.76 F1500
G1 X170.57 Y2.58 F1500
G1 X171.83 Y3.73 F1500
G1 X173.08 Y2.56 F1500
G1 X173.50 Y2.76 F1500
G1 X174.13 Y3.58 F1500
G1 X174.55 Y3.73 F1500
G1 X175.39 Y2.77 F1500
G1 X175.81 Y2.54 F1500
G1 X177.07 Y3.74 F1500
G1 X177.49 Y3.50 F1500
G1 X178.11 Y2.72 F1500
G1 X178.53 Y2.56 F1500
G1 X179.37 Y3.52 F1500
G1 X179.79 Y3.65 F1500
G1 X180.00 Y3.96 F1500
G1 X180.00 Y4.17 F1500
G1 X180.00 Y4.38 F1500
G1 X180.00 Y4.59 F1500
G1 X180.00 Y4.80 F1500
G1 X180.00 Y5.01 F1500
G1 X180.00 Y5.01 F1500
G1 X179.79 Y4.71 F1500
G1 X179.37 Y4.57 F1500
G1 X178.53 Y3.64 F1500
G1 X178.11 Y3.74 F1500
G1 X177.49 Y4.53 F1500
G1 X177.07 Y4.79 F1500
G1 X175.81 Y3.58 F1500
G1 X175.39 Y3.82 F1500
G1 X174.55 Y4.77 F1500
G1 X174.13 Y4.63 F1500
G1 X173.50 Y3.81 F1500
G1 X173.08 Y3.60 F1500
G1 X171.83 Y4.77 F1500
G1 X170.57 Y3.64 F1500
G1 X170.15 Y3.82 F1500
G1 X169.52 Y4.58 F1500
G1 X169.10 Y4.74 F1500
G1 X168.27 Y3.89 F1500
G1 X167.85 Y3.72 F1500
G1 X166.59 Y4.57 F1500
G1 X165.12 Y3.79 F1500
G1 X163.86 Y4.66 F1500
G1 X162.61 Y3.71 F1500
G1 X161.35 Y4.65 F1500
G1 X160.93 Y4.50 F1500
G1 X160.09 Y3.76 F1500
G1 X159.67 Y3.85 F1500
G1 X159.05 Y4.45 F1500
G1 X158.63 Y4.63 F1500
G1 X157.37 Y3.76 F1500
G1 X156.11 Y4.61 F1500
G1 X155.69 Y4.50 F1500
G1 X154.85 Y3.79 F1500
G1 X154.44 Y3.85 F1500
G1 X153.39 Y4.61 F1500
G1 X152.34 Y3.90 F1500
G1 X151.92 Y3.91 F1500
G1 X150.66 Y4.43 F1500
G1 X149.41 Y3.78 F1500
G1 X148.99 Y3.95 F1500
G1 X148.15 Y4.89 F1500
G1 X147.73 Y4.60 F1500
G1 X146.89 Y3.53 F1500
G1 X146.47 Y3.73 F1500
G1 X145.63 Y4.75 F1500
G1 X145.22 Y4.65 F1500
G1 X144.59 Y3.89 F1500
G1 X144.17 Y3.64 F1500
G1 X142.91 Y4.71 F1500
G1 X142.49 Y4.53 F1500
G1 X141.65 Y3.70 F1500
G1 X141.23 Y3.81 F1500
G1 X140.61 Y4.49 F1500
G1 X140.19 Y4.67 F1500
G1 X138.93 Y3.72 F1500
G1 X137.67 Y4.64 F1500
G1 X137.25 Y4.52 F1500
G1 X136.62 Y3.87 F1500
G1 X136.20 Y3.74 F1500
G1 X134.95 Y4.64 F1500
G1 X133.69 Y3.74 F1500
G1 X133.27 Y3.90 F1500
G1 X132.43 Y4.63 F1500
G1 X132.01 Y4.52 F1500
G1 X131.39 Y3.92 F1500
G1 X130.97 Y3.76 F1500
G1 X129.92 Y4.56 F1500
G1 X129.50 Y4.58 F1500
G1 X128.45 Y3.76 F1500
G1 X128.03 Y3.88 F1500
G1 X127.40 Y4.49 F1500
G1 X126.98 Y4.64 F1500
G1 X125.73 Y3.58 F1500
G1 X124.47 Y4.70 F1500
G1 X124.05 Y4.52 F1500
G1 X123.00 Y3.26 F1500
G1 X122.79 Y3.44 F1500
G1 X122.17 Y4.84 F1500
G1 X121.75 Y5.23 F1500
G1 X121.54 Y5.06 F1500
G1 X120.70 Y3.29 F1500
G1 X120.49 Y3.14 F1500
G1 X120.07 Y3.59 F1500
G1 X119.23 Y5.22 F1500
G1 X118.81 Y4.91 F1500
G1 X118.18 Y3.48 F1500
G1 X117.76 Y3.16 F1500
G1 X116.93 Y4.78 F1500
G1 X116.51 Y5.24 F1500
G1 X116.30 Y5.09 F1500
G1 X115.25 Y3.15 F1500
G1 X114.83 Y3.53 F1500
G1 X114.20 Y4.96 F1500
G1 X113.99 Y5.21 F1500
G1 X113.78 Y5.21 F1500
G1 X112.95 Y3.53 F1500
G1 X112.53 Y3.15 F1500
G1 X111.48 Y5.09 F1500
G1 X111.27 Y5.24 F1500
G1 X110.85 Y4.79 F1500
G1 X110.22 Y3.45 F1500
G1 X109.80 Y3.54 F1500
G1 X108.96 Y4.57 F1500
G1 X108.54 Y4.72 F1500
G1 X107.29 Y3.58 F1500
G1 X106.03 Y4.76 F1500
G1 X105.61 Y4.55 F1500
G1 X104.98 Y3.68 F1500
G1 X104.56 Y3.42 F1500
G1 X104.14 Y3.91 F1500
G1 X103.52 Y5.16 F1500
G1 X103.31 Y5.23 F1500
G1 X102.26 Y3.29 F1500
G1 X102.05 Y3.14 F1500
G1 X101.63 Y3.60 F1500
G1 X100.79 Y5.22 F1500
G1 X100.37 Y4.90 F1500
G1 X99.53 Y3.19 F1500
G1 X99.12 Y3.49 F1500
G1 X98.49 Y4.62 F1500
G1 X98.07 Y4.86 F1500
G1 X96.81 Y3.68 F1500
G1 X96.39 Y3.88 F1500
G1 X95.55 Y4.67 F1500
G1 X95.13 Y4.55 F1500
G1 X94.51 Y3.87 F1500
G1 X94.09 Y3.69 F1500
G1 X92.83 Y4.80 F1500
G1 X92.41 Y4.56 F1500
G1 X91.78 Y3.53 F1500
G1 X91.36 Y3.34 F1500
G1 X90.31 Y5.09 F1500
G1 X89.90 Y4.83 F1500
G1 X89.48 Y4.15 F1500
G1 X81.09 Y4.19 F1500
G1 X80.68 Y4.07 F1500
G1 X79.42 Y4.32 F1500
G1 X79.21 Y4.19 F1500
G1 X77.32 Y4.19 F1500
G1 X76.90 Y4.38 F1500
G1 X76.69 Y4.20 F1500
G1 X75.65 Y4.05 F1500
G1 X75.02 Y4.20 F1500
G1 X74.60 Y4.50 F1500
G1 X73.34 Y3.95 F1500
G1 X72.08 Y4.34 F1500
G1 X70.62 Y3.98 F1500
G1 X68.94 Y4.37 F1500
G1 X68.52 Y4.24 F1500
G1 X67.68 Y3.47 F1500
G1 X66.85 Y4.59 F1500
G1 X66.43 Y4.80 F1500
G1 X66.22 Y4.74 F1500
G1 X65.59 Y3.81 F1500
G1 X65.17 Y3.53 F1500
G1 X63.91 Y4.76 F1500
G1 X63.49 Y4.56 F1500
G1 X62.65 Y3.61 F1500
G1 X62.24 Y3.70 F1500
G1 X61.40 Y4.79 F1500
G1 X60.98 Y4.66 F1500
G1 X60.14 Y3.68 F1500
G1 X59.72 Y3.61 F1500
G1 X58.88 Y4.66 F1500
G1 X58.46 Y4.85 F1500
G1 X57.63 Y3.73 F1500
G1 X57.21 Y3.48 F1500
G1 X56.37 Y4.60 F1500
G1 X55.95 Y4.92 F1500
G1 X55.53 Y4.59 F1500
G1 X54.69 Y3.43 F1500
G1 X54.27 Y3.70 F1500
G1 X53.64 Y4.75 F1500
G1 X53.22 Y4.95 F1500
G1 X52.18 Y3.45 F1500
G1 X51.97 Y3.38 F1500
G1 X50.71 Y5.02 F1500
G1 X50.29 Y4.68 F1500
G1 X49.87 Y3.88 F1500
G1 X49.45 Y3.46 F1500
G1 X48.41 Y4.68 F1500
G1 X47.99 Y4.91 F1500
G1 X46.73 Y3.44 F1500
G1 X45.47 Y4.96 F1500
G1 X45.05 Y4.69 F1500
G1 X44.42 Y3.62 F1500
G1 X44.00 Y3.43 F1500
G1 X43.17 Y4.71 F1500
G1 X42.75 Y5.06 F1500
G1 X41.49 Y3.30 F1500
G1 X41.07 Y3.67 F1500
G1 X40.23 Y5.08 F1500
G1 X39.81 Y4.81 F1500
G1 X39.19 Y3.58 F1500
G1 X38.77 Y3.29 F1500
G1 X37.72 Y5.04 F1500
G1 X37.51 Y5.14 F1500
G1 X37.09 Y4.68 F1500
G1 X36.25 Y3.18 F1500
G1 X35.83 Y3.54 F1500
G1 X34.99 Y5.20 F1500
G1 X34.78 Y5.19 F1500
G1 X34.58 Y4.92 F1500
G1 X33.74 Y3.47 F1500
G1 X33.32 Y3.65 F1500
G1 X32.69 Y4.48 F1500
G1 X32.27 Y4.69 F1500
G1 X31.01 Y3.75 F1500
G1 X30.59 Y3.89 F1500
G1 X29.97 Y4.48 F1500
G1 X29.55 Y4.60 F1500
G1 X28.29 Y3.76 F1500
G1 X27.87 Y3.94 F1500
G1 X27.03 Y4.83 F1500
G1 X26.61 Y4.64 F1500
G1 X25.98 Y3.51 F1500
G1 X25.77 Y3.25 F1500
G1 X25.56 Y3.25 F1500
G1 X24.73 Y4.81 F1500
G1 X24.31 Y5.17 F1500
G1 X23.26 Y3.34 F1500
G1 X23.05 Y3.21 F1500
G1 X22.63 Y3.64 F1500
G1 X21.79 Y5.19 F1500
G1 X21.37 Y4.87 F1500
G1 X20.75 Y3.49 F1500
G1 X20.33 Y3.22 F1500
G1 X19.28 Y4.82 F1500
G1 X18.86 Y4.68 F1500
G1 X18.23 Y3.97 F1500
G1 X17.81 Y3.76 F1500
G1 X16.55 Y4.55 F1500
G1 X16.14 Y4.46 F1500
G1 X15.51 Y3.93 F1500
G1 X15.09 Y3.78 F1500
G1 X13.83 Y4.61 F1500
G1 X12.57 Y3.76 F1500
G1 X12.15 Y3.92 F1500
G1 X11.53 Y4.48 F1500
G1 X11.11 Y4.60 F1500
G1 X9.85 Y3.76 F1500
G1 X8.59 Y4.63 F1500
G1 X7.33 Y3.76 F1500
G1 X6.92 Y3.88 F1500
G1 X6.29 Y4.48 F1500
G1 X5.87 Y4.64 F1500
G1 X4.61 Y3.73 F1500
G1 X3.35 Y4.65 F1500
G1 X2.93 Y4.49 F1500
G1 X2.10 Y3.74 F1500
G1 X1.68 Y3.84 F1500
G1 X0.84 Y4.50 F1500
G1 X0.00 Y4.19 F1500
G1 X0.00 Y4.40 F1500
G1 X0.00 Y4.61 F1500
G1 X0.00 Y4.82 F1500
G1 X0.00 Y5.03 F1500
G1 X0.00 Y5.24 F1500
G1 X0.00 Y5.24 F1500
G1 X0.42 Y5.61 F1500
G1 X0.84 Y5.68 F1500
G1 X1.68 Y4.85 F1500
G1 X2.10 Y4.75 F1500
G1 X2.93 Y5.54 F1500
G1 X3.35 Y5.69 F1500
G1 X4.61 Y4.78 F1500
G1 X5.87 Y5.68 F1500
G1 X6.29 Y5.52 F1500
G1 X6.92 Y4.93 F1500
G1 X7.33 Y4.83 F1500
G1 X8.59 Y5.66 F1500
G1 X9.85 Y4.83 F1500
G1 X10.90 Y5.55 F1500
G1 X11.32 Y5.63 F1500
G1 X12.15 Y4.97 F1500
G1 X12.57 Y4.82 F1500
G1 X13.83 Y5.67 F1500
G1 X15.09 Y4.86 F1500
G1 X15.51 Y5.00 F1500
G1 X16.14 Y5.52 F1500
G1 X16.55 Y5.61 F1500
G1 X17.81 Y4.73 F1500
G1 X18.23 Y4.96 F1500
G1 X19.07 Y6.10 F1500
G1 X19.28 Y6.08 F1500
G1 X19.49 Y5.81 F1500
G1 X20.33 Y4.24 F1500
G1 X20.75 Y4.54 F1500
G1 X21.37 Y5.92 F1500
G1 X21.79 Y6.24 F1500
G1 X22.63 Y4.69 F1500
G1 X23.05 Y4.25 F1500
G1 X23.26 Y4.38 F1500
G1 X24.31 Y6.22 F1500
G1 X24.73 Y5.86 F1500
G1 X25.36 Y4.51 F1500
G1 X25.77 Y4.27 F1500
G1 X26.82 Y5.89 F1500
G1 X27.24 Y5.71 F1500
G1 X27.87 Y4.99 F1500
G1 X28.29 Y4.80 F1500
G1 X29.55 Y5.64 F1500
G1 X29.97 Y5.53 F1500
G1 X30.59 Y4.97 F1500
G1 X31.01 Y4.83 F1500
G1 X32.27 Y5.74 F1500
G1 X32.69 Y5.53 F1500
G1 X33.32 Y4.67 F1500
G1 X33.74 Y4.51 F1500
G1 X34.58 Y5.98 F1500
G1 X34.78 Y6.25 F1500
G1 X34.99 Y6.25 F1500
G1 X35.83 Y4.58 F1500
G1 X36.25 Y4.21 F1500
G1 X37.09 Y5.75 F1500
G1 X37.51 Y6.18 F1500
G1 X37.93 Y5.78 F1500
G1 X38.77 Y4.34 F1500
G1 X39.19 Y4.62 F1500
G1 X39.81 Y5.86 F1500
G1 X40.23 Y6.13 F1500
G1 X41.07 Y4.72 F1500
G1 X41.49 Y4.34 F1500
G1 X42.75 Y6.11 F1500
G1 X43.17 Y5.77 F1500
G1 X44.00 Y4.43 F1500
G1 X44.42 Y4.64 F1500
G1 X45.05 Y5.74 F1500
G1 X45.47 Y6.03 F1500
G1 X46.73 Y4.45 F1500
G1 X47.15 Y4.80 F1500
G1 X47.78 Y5.84 F1500
G1 X48.20 Y5.61 F1500
G1 X48.41 Y5.24 F1500
G1 X48.61 Y5.28 F1500
G1 X49.45 Y4.42 F1500
G1 X50.29 Y5.73 F1500
G1 X50.71 Y6.07 F1500
G1 X51.97 Y4.42 F1500
G1 X52.18 Y4.48 F1500
G1 X53.22 Y5.99 F1500
G1 X53.64 Y5.79 F1500
G1 X54.27 Y4.75 F1500
G1 X54.69 Y4.50 F1500
G1 X55.95 Y5.95 F1500
G1 X56.16 Y5.88 F1500
G1 X57.21 Y4.56 F1500
G1 X57.63 Y4.78 F1500
G1 X58.46 Y5.87 F1500
G1 X58.88 Y5.73 F1500
G1 X59.51 Y4.88 F1500
G1 X59.93 Y4.60 F1500
G1 X60.98 Y5.69 F1500
G1 X61.40 Y5.82 F1500
G1 X62.24 Y4.78 F1500
G1 X62.65 Y4.66 F1500
G1 X63.49 Y5.63 F1500
G1 X63.91 Y5.88 F1500
G1 X64.33 Y5.52 F1500
G1 X64.96 Y4.57 F1500
G1 X65.17 Y4.54 F1500
G1 X65.59 Y4.85 F1500
G1 X66.22 Y5.93 F1500
G1 X67.68 Y5.00 F1500
G1 X69.15 Y5.44 F1500
G1 X70.62 Y5.03 F1500
G1 X71.87 Y5.48 F1500
G1 X72.92 Y4.87 F1500
G1 X73.55 Y5.24 F1500
G1 X74.39 Y5.36 F1500
G1 X75.44 Y5.19 F1500
G1 X76.48 Y5.25 F1500
G1 X76.90 Y5.50 F1500
G1 X77.11 Y5.27 F1500
G1 X77.95 Y5.22 F1500
G1 X90.10 Y5.24 F1500
G1 X90.52 Y5.77 F1500
G1 X91.36 Y4.29 F1500
G1 X91.78 Y4.55 F1500
G1 X92.62 Y5.80 F1500
G1 X93.04 Y5.75 F1500
G1 X94.09 Y4.74 F1500
G1 X94.51 Y4.92 F1500
G1 X95.13 Y5.58 F1500
G1 X95.55 Y5.70 F1500
G1 X96.39 Y4.93 F1500
G1 X96.81 Y4.75 F1500
G1 X98.07 Y5.90 F1500
G1 X98.49 Y5.67 F1500
G1 X99.12 Y4.54 F1500
G1 X99.53 Y4.25 F1500
G1 X100.37 Y5.94 F1500
G1 X100.79 Y6.27 F1500
G1 X101.63 Y4.65 F1500
G1 X102.05 Y4.19 F1500
G1 X102.26 Y4.33 F1500
G1 X103.31 Y6.28 F1500
G1 X103.52 Y6.21 F1500
G1 X104.14 Y5.00 F1500
G1 X104.35 Y4.91 F1500
G1 X104.77 Y5.24 F1500
G1 X106.45 Y5.33 F1500
G1 X107.08 Y5.13 F1500
G1 X108.75 Y5.44 F1500
G1 X108.96 Y5.24 F1500
G1 X109.38 Y5.20 F1500
G1 X109.80 Y4.26 F1500
G1 X110.01 Y4.21 F1500
G1 X110.85 Y5.84 F1500
G1 X111.27 Y6.29 F1500
G1 X111.48 Y6.14 F1500
G1 X112.53 Y4.20 F1500
G1 X112.95 Y4.58 F1500
G1 X113.78 Y6.25 F1500
G1 X113.99 Y6.25 F1500
G1 X114.20 Y6.00 F1500
G1 X114.83 Y4.58 F1500
G1 X115.25 Y4.20 F1500
G1 X116.30 Y6.14 F1500
G1 X116.51 Y6.29 F1500
G1 X116.93 Y5.83 F1500
G1 X117.76 Y4.21 F1500
G1 X118.18 Y4.53 F1500
G1 X118.81 Y5.96 F1500
G1 X119.23 Y6.27 F1500
G1 X120.07 Y4.63 F1500
G1 X120.49 Y4.19 F1500
G1 X120.70 Y4.34 F1500
G1 X121.54 Y6.10 F1500
G1 X121.75 Y6.28 F1500
G1 X121.96 Y6.20 F1500
G1 X122.58 Y5.01 F1500
G1 X123.00 Y4.74 F1500
G1 X123.42 Y4.85 F1500
G1 X124.05 Y5.60 F1500
G1 X124.47 Y5.83 F1500
G1 X125.31 Y4.95 F1500
G1 X125.73 Y4.77 F1500
G1 X126.98 Y5.67 F1500
G1 X127.40 Y5.53 F1500
G1 X128.03 Y4.94 F1500
G1 X128.45 Y4.81 F1500
G1 X129.71 Y5.69 F1500
G1 X130.97 Y4.79 F1500
G1 X131.39 Y4.96 F1500
G1 X132.01 Y5.58 F1500
G1 X132.43 Y5.68 F1500
G1 X133.27 Y4.94 F1500
G1 X133.69 Y4.78 F1500
G1 X134.95 Y5.71 F1500
G1 X136.20 Y4.77 F1500
G1 X136.62 Y4.92 F1500
G1 X137.25 Y5.57 F1500
G1 X137.67 Y5.71 F1500
G1 X138.93 Y4.76 F1500
G1 X140.19 Y5.74 F1500
G1 X140.61 Y5.54 F1500
G1 X141.23 Y4.83 F1500
G1 X141.65 Y4.74 F1500
G1 X142.49 Y5.59 F1500
G1 X142.91 Y5.77 F1500
G1 X144.17 Y4.70 F1500
G1 X144.59 Y4.93 F1500
G1 X145.42 Y5.83 F1500
G1 X145.84 Y5.64 F1500
G1 X146.47 Y4.79 F1500
G1 X146.89 Y4.60 F1500
G1 X147.94 Y5.86 F1500
G1 X148.15 Y5.86 F1500
G1 X148.99 Y5.07 F1500
G1 X149.41 Y4.94 F1500
G1 X150.87 Y5.47 F1500
G1 X152.13 Y4.87 F1500
G1 X153.39 Y5.67 F1500
G1 X154.64 Y4.82 F1500
G1 X155.06 Y4.97 F1500
G1 X155.69 Y5.54 F1500
G1 X156.11 Y5.65 F1500
G1 X157.37 Y4.81 F1500
G1 X158.63 Y5.67 F1500
G1 X159.05 Y5.50 F1500
G1 X159.67 Y4.88 F1500
G1 X160.09 Y4.79 F1500
G1 X160.93 Y5.56 F1500
G1 X161.35 Y5.71 F1500
G1 X162.61 Y4.79 F1500
G1 X163.86 Y5.65 F1500
G1 X164.28 Y5.50 F1500
G1 X164.91 Y4.96 F1500
G1 X165.33 Y4.86 F1500
G1 X166.59 Y5.62 F1500
G1 X167.85 Y4.72 F1500
G1 X168.27 Y4.92 F1500
G1 X169.10 Y5.77 F1500
G1 X169.52 Y5.61 F1500
G1 X170.15 Y4.87 F1500
G1 X170.57 Y4.69 F1500
G1 X171.83 Y5.81 F1500
G1 X173.08 Y4.67 F1500
G1 X173.50 Y4.87 F1500
G1 X174.13 Y5.65 F1500
G1 X174.55 Y5.79 F1500
G1 X175.60 Y4.68 F1500
G1 X175.81 Y4.63 F1500
G1 X177.07 Y5.84 F1500
G1 X177.49 Y5.58 F1500
G1 X178.32 Y4.67 F1500
G1 X178.74 Y4.84 F1500
G1 X179.37 Y5.62 F1500
G1 X179.58 Y5.81 F1500
G1 X179.79 Y5.79 F1500
G1 X180.00 Y6.06 F1500
G1 X180.00 Y6.27 F1500
G1 X180.00 Y6.48 F1500
G1 X180.00 Y6.69 F1500
G1 X180.00 Y6.90 F1500
G1 X180.00 Y7.11 F1500
G1 X180.00 Y7.11 F1500
G1 X179.79 Y6.84 F1500
G1 X179.37 Y6.69 F1500
G1 X178.74 Y5.90 F1500
G1 X178.32 Y5.71 F1500
G1 X177.49 Y6.62 F1500
G1 X177.07 Y6.87 F1500
G1 X175.81 Y5.72 F1500
G1 X175.39 Y5.93 F1500
G1 X174.76 Y6.69 F1500
G1 X174.34 Y6.83 F1500
G1 X173.50 Y5.93 F1500
G1 X173.08 Y5.72 F1500
G1 X171.83 Y6.85 F1500
G1 X170.57 Y5.75 F1500
G1 X170.15 Y5.92 F1500
G1 X169.52 Y6.66 F1500
G1 X169.10 Y6.82 F1500
G1 X167.85 Y5.71 F1500
G1 X166.59 Y6.71 F1500
G1 X165.33 Y5.91 F1500
G1 X164.91 Y6.01 F1500
G1 X164.28 Y6.54 F1500
G1 X163.86 Y6.69 F1500
G1 X162.61 Y5.83 F1500
G1 X161.56 Y6.66 F1500
G1 X161.14 Y6.73 F1500
G1 X160.09 Y5.82 F1500
G1 X159.67 Y5.94 F1500
G1 X159.05 Y6.54 F1500
G1 X158.63 Y6.71 F1500
G1 X157.37 Y5.86 F1500
G1 X156.11 Y6.70 F1500
G1 X155.69 Y6.58 F1500
G1 X155.06 Y6.01 F1500
G1 X154.64 Y5.86 F1500
G1 X153.39 Y6.71 F1500
G1 X152.13 Y5.89 F1500
G1 X150.87 Y6.55 F1500
G1 X149.62 Y6.07 F1500
G1 X149.20 Y6.06 F1500
G1 X148.15 Y6.76 F1500
G1 X147.73 Y6.62 F1500
G1 X146.89 Y5.63 F1500
G1 X146.68 Y5.64 F1500
G1 X145.84 Y6.69 F1500
G1 X145.42 Y6.89 F1500
G1 X144.17 Y5.69 F1500
G1 X142.91 Y6.84 F1500
G1 X142.49 Y6.65 F1500
G1 X141.86 Y5.89 F1500
G1 X141.44 Y5.74 F1500
G1 X140.61 Y6.60 F1500
G1 X140.19 Y6.80 F1500
G1 X138.93 Y5.81 F1500
G1 X137.67 Y6.75 F1500
G1 X137.25 Y6.63 F1500
G1 X136.62 Y5.96 F1500
G1 X136.20 Y5.82 F1500
G1 X134.95 Y6.75 F1500
G1 X133.69 Y5.83 F1500
G1 X133.27 Y5.99 F1500
G1 X132.43 Y6.73 F1500
G1 X132.01 Y6.62 F1500
G1 X131.39 Y6.01 F1500
G1 X130.97 Y5.84 F1500
G1 X129.71 Y6.74 F1500
G1 X128.45 Y5.87 F1500
G1 X128.03 Y5.99 F1500
G1 X127.40 Y6.57 F1500
G1 X126.98 Y6.72 F1500
G1 X125.73 Y5.84 F1500
G1 X124.68 Y6.68 F1500
G1 X124.26 Y6.80 F1500
G1 X123.42 Y5.88 F1500
G1 X123.00 Y5.75 F1500
G1 X121.75 Y7.01 F1500
G1 X121.54 Y7.01 F1500
G1 X120.70 Y5.39 F1500
G1 X120.49 Y5.24 F1500
G1 X120.07 Y5.68 F1500
G1 X119.23 Y7.32 F1500
G1 X118.81 Y7.01 F1500
G1 X118.18 Y5.58 F1500
G1 X117.76 Y5.25 F1500
G1 X116.93 Y6.88 F1500
G1 X116.51 Y7.33 F1500
G1 X116.30 Y7.19 F1500
G1 X115.25 Y5.25 F1500
G1 X114.83 Y5.63 F1500
G1 X114.20 Y7.05 F1500
G1 X113.99 Y7.30 F1500
G1 X113.78 Y7.30 F1500
G1 X112.95 Y5.63 F1500
G1 X112.53 Y5.24 F1500
G1 X111.48 Y7.19 F1500
G1 X111.27 Y7.33 F1500
G1 X111.06 Y7.22 F1500
G1 X110.43 Y5.88 F1500
G1 X110.01 Y5.40 F1500
G1 X109.59 Y6.29 F1500
G1 X105.19 Y6.29 F1500
G1 X104.77 Y5.96 F1500
G1 X104.14 Y6.29 F1500
G1 X103.10 Y6.35 F1500
G1 X102.89 Y6.58 F1500
G1 X102.26 Y5.38 F1500
G1 X102.05 Y5.24 F1500
G1 X101.63 Y5.70 F1500
G1 X100.79 Y7.32 F1500
G1 X100.37 Y6.99 F1500
G1 X99.53 Y5.30 F1500
G1 X99.12 Y5.59 F1500
G1 X98.49 Y6.72 F1500
G1 X98.07 Y6.94 F1500
G1 X96.81 Y5.79 F1500
G1 X96.39 Y5.99 F1500
G1 X95.76 Y6.64 F1500
G1 X95.34 Y6.74 F1500
G1 X94.51 Y5.98 F1500
G1 X94.09 Y5.81 F1500
G1 X93.04 Y6.79 F1500
G1 X92.62 Y6.88 F1500
G1 X91.57 Y5.34 F1500
G1 X91.36 Y5.37 F1500
G1 X90.73 Y6.33 F1500
G1 X80.05 Y6.29 F1500
G1 X79.42 Y6.45 F1500
G1 X77.95 Y6.16 F1500
G1 X76.69 Y6.41 F1500
G1 X75.65 Y6.13 F1500
G1 X74.18 Y6.42 F1500
G1 X72.92 Y6.09 F1500
G1 X71.46 Y6.44 F1500
G1 X70.41 Y5.97 F1500
G1 X68.94 Y6.55 F1500
G1 X68.31 Y6.19 F1500
G1 X67.68 Y6.08 F1500
G1 X66.43 Y6.51 F1500
G1 X66.01 Y6.47 F1500
G1 X64.96 Y5.73 F1500
G1 X63.91 Y7.02 F1500
G1 X63.70 Y6.96 F1500
G1 X62.65 Y5.62 F1500
G1 X62.44 Y5.64 F1500
G1 X61.19 Y6.95 F1500
G1 X59.93 Y5.62 F1500
G1 X59.51 Y5.92 F1500
G1 X58.88 Y6.74 F1500
G1 X58.46 Y6.88 F1500
G1 X57.63 Y5.84 F1500
G1 X57.21 Y5.62 F1500
G1 X56.16 Y6.93 F1500
G1 X55.95 Y7.01 F1500
G1 X55.53 Y6.67 F1500
G1 X54.69 Y5.54 F1500
G1 X54.27 Y5.80 F1500
G1 X53.64 Y6.83 F1500
G1 X53.22 Y7.02 F1500
G1 X52.39 Y5.80 F1500
G1 X51.97 Y5.47 F1500
G1 X50.92 Y7.00 F1500
G1 X50.71 Y7.08 F1500
G1 X50.50 Y7.06 F1500
G1 X49.45 Y5.47 F1500
G1 X49.24 Y5.47 F1500
G1 X48.61 Y6.40 F1500
G1 X48.41 Y6.51 F1500
G1 X47.99 Y6.29 F1500
G1 X47.78 Y6.58 F1500
G1 X47.57 Y6.61 F1500
G1 X47.15 Y5.82 F1500
G1 X46.73 Y5.46 F1500
G1 X45.47 Y7.09 F1500
G1 X45.05 Y6.80 F1500
G1 X44.42 Y5.68 F1500
G1 X44.00 Y5.47 F1500
G1 X43.17 Y6.82 F1500
G1 X42.75 Y7.17 F1500
G1 X41.49 Y5.38 F1500
G1 X41.07 Y5.77 F1500
G1 X40.23 Y7.20 F1500
G1 X39.81 Y6.93 F1500
G1 X39.19 Y5.65 F1500
G1 X38.77 Y5.37 F1500
G1 X37.72 Y7.16 F1500
G1 X37.51 Y7.28 F1500
G1 X37.09 Y6.80 F1500
G1 X36.25 Y5.26 F1500
G1 X35.83 Y5.63 F1500
G1 X34.99 Y7.30 F1500
G1 X34.78 Y7.30 F1500
G1 X34.58 Y7.02 F1500
G1 X33.74 Y5.56 F1500
G1 X33.32 Y5.73 F1500
G1 X32.48 Y6.74 F1500
G1 X32.06 Y6.70 F1500
G1 X31.01 Y5.86 F1500
G1 X30.59 Y5.99 F1500
G1 X29.97 Y6.58 F1500
G1 X29.55 Y6.70 F1500
G1 X28.29 Y5.85 F1500
G1 X27.87 Y6.04 F1500
G1 X27.24 Y6.80 F1500
G1 X26.82 Y6.93 F1500
G1 X25.98 Y5.59 F1500
G1 X25.77 Y5.34 F1500
G1 X25.56 Y5.34 F1500
G1 X24.73 Y6.91 F1500
G1 X24.31 Y7.27 F1500
G1 X23.26 Y5.42 F1500
G1 X23.05 Y5.28 F1500
G1 X22.63 Y5.73 F1500
G1 X21.79 Y7.28 F1500
G1 X21.37 Y6.96 F1500
G1 X20.75 Y5.58 F1500
G1 X20.33 Y5.28 F1500
G1 X19.49 Y6.90 F1500
G1 X19.07 Y7.30 F1500
G1 X18.23 Y5.94 F1500
G1 X17.81 Y5.62 F1500
G1 X16.55 Y6.71 F1500
G1 X15.09 Y5.95 F1500
G1 X13.83 Y6.71 F1500
G1 X12.57 Y5.86 F1500
G1 X12.15 Y6.01 F1500
G1 X11.53 Y6.59 F1500
G1 X11.11 Y6.70 F1500
G1 X10.27 Y6.04 F1500
G1 X9.85 Y5.88 F1500
G1 X8.59 Y6.70 F1500
G1 X7.33 Y5.87 F1500
G1 X6.92 Y5.98 F1500
G1 X6.29 Y6.57 F1500
G1 X5.87 Y6.72 F1500
G1 X4.61 Y5.83 F1500
G1 X3.35 Y6.75 F1500
G1 X2.93 Y6.59 F1500
G1 X2.10 Y5.85 F1500
G1 X1.68 Y5.93 F1500
G1 X0.84 Y6.72 F1500
G1 X0.42 Y6.71 F1500
G1 X0.00 Y6.29 F1500
G1 X0.00 Y6.50 F1500
G1 X0.00 Y6.71 F1500
G1 X0.00 Y6.92 F1500
G1 X0.00 Y7.12 F1500
G1 X0.00 Y7.33 F1500
G1 X0.00 Y7.33 F1500
G1 X0.42 Y7.79 F1500
G1 X0.63 Y7.83 F1500
G1 X1.05 Y7.62 F1500
G1 X1.68 Y6.96 F1500
G1 X2.10 Y6.87 F1500
G1 X2.93 Y7.64 F1500
G1 X3.35 Y7.77 F1500
G1 X4.61 Y6.90 F1500
G1 X5.87 Y7.75 F1500
G1 X6.29 Y7.61 F1500
G1 X6.92 Y7.04 F1500
G1 X7.33 Y6.93 F1500
G1 X8.59 Y7.74 F1500
G1 X9.85 Y6.94 F1500
G1 X11.11 Y7.74 F1500
G1 X11.53 Y7.63 F1500
G1 X12.15 Y7.06 F1500
G1 X12.57 Y6.92 F1500
G1 X13.41 Y7.56 F1500
G1 X13.83 Y7.70 F1500
G1 X15.09 Y6.98 F1500
G1 X15.51 Y7.07 F1500
G1 X16.14 Y7.66 F1500
G1 X16.55 Y7.83 F1500
G1 X16.97 Y7.54 F1500
G1 X17.81 Y6.47 F1500
G1 X18.23 Y6.89 F1500
G1 X18.65 Y7.83 F1500
G1 X19.07 Y8.36 F1500
G1 X19.28 Y8.25 F1500
G1 X20.33 Y6.34 F1500
G1 X20.75 Y6.63 F1500
G1 X21.37 Y8.00 F1500
G1 X21.79 Y8.31 F1500
G1 X22.63 Y6.78 F1500
G1 X23.05 Y6.35 F1500
G1 X23.26 Y6.48 F1500
G1 X24.10 Y8.12 F1500
G1 X24.31 Y8.28 F1500
G1 X24.73 Y7.94 F1500
G1 X25.56 Y6.41 F1500
G1 X25.77 Y6.41 F1500
G1 X25.98 Y6.65 F1500
G1 X26.82 Y7.98 F1500
G1 X27.24 Y7.84 F1500
G1 X27.87 Y7.09 F1500
G1 X28.29 Y6.90 F1500
G1 X29.55 Y7.72 F1500
G1 X29.97 Y7.60 F1500
G1 X30.59 Y7.04 F1500
G1 X31.01 Y6.91 F1500
G1 X32.27 Y7.84 F1500
G1 X32.69 Y7.63 F1500
G1 X33.32 Y6.79 F1500
G1 X33.74 Y6.60 F1500
G1 X34.58 Y8.09 F1500
G1 X34.78 Y8.35 F1500
G1 X34.99 Y8.35 F1500
G1 X35.83 Y6.68 F1500
G1 X36.25 Y6.30 F1500
G1 X37.30 Y8.19 F1500
G1 X37.51 Y8.30 F1500
G1 X37.72 Y8.19 F1500
G1 X38.77 Y6.43 F1500
G1 X39.19 Y6.71 F1500
G1 X39.81 Y7.95 F1500
G1 X40.23 Y8.22 F1500
G1 X41.07 Y6.82 F1500
G1 X41.49 Y6.44 F1500
G1 X42.75 Y8.22 F1500
G1 X43.17 Y7.86 F1500
G1 X44.00 Y6.53 F1500
G1 X44.42 Y6.75 F1500
G1 X45.05 Y7.83 F1500
G1 X45.47 Y8.12 F1500
G1 X46.73 Y6.54 F1500
G1 X46.94 Y6.61 F1500
G1 X47.36 Y7.28 F1500
G1 X48.41 Y7.57 F1500
G1 X49.24 Y6.53 F1500
G1 X49.45 Y6.52 F1500
G1 X50.29 Y7.84 F1500
G1 X50.71 Y8.19 F1500
G1 X51.97 Y6.53 F1500
G1 X52.39 Y6.84 F1500
G1 X53.02 Y7.88 F1500
G1 X53.43 Y8.10 F1500
G1 X54.27 Y6.87 F1500
G1 X54.69 Y6.61 F1500
G1 X55.74 Y7.94 F1500
G1 X56.16 Y7.95 F1500
G1 X57.00 Y6.80 F1500
G1 X57.42 Y6.68 F1500
G1 X58.25 Y7.84 F1500
G1 X58.67 Y8.08 F1500
G1 X59.72 Y6.74 F1500
G1 X60.35 Y7.00 F1500
G1 X60.98 Y7.90 F1500
G1 X61.40 Y7.97 F1500
G1 X62.44 Y6.57 F1500
G1 X62.86 Y6.76 F1500
G1 X63.49 Y7.81 F1500
G1 X64.12 Y7.65 F1500
G1 X64.96 Y7.03 F1500
G1 X65.59 Y7.18 F1500
G1 X66.43 Y7.70 F1500
G1 X67.68 Y7.03 F1500
G1 X69.15 Y7.69 F1500
G1 X70.41 Y7.19 F1500
G1 X71.04 Y7.30 F1500
G1 X71.66 Y7.70 F1500
G1 X72.29 Y7.36 F1500
G1 X73.13 Y7.24 F1500
G1 X74.39 Y7.50 F1500
G1 X75.86 Y7.09 F1500
G1 X77.11 Y7.56 F1500
G1 X77.95 Y7.26 F1500
G1 X79.21 Y7.36 F1500
G1 X80.88 Y7.23 F1500
G1 X82.56 Y7.39 F1500
G1 X91.15 Y7.33 F1500
G1 X91.36 Y7.30 F1500
G1 X91.78 Y6.74 F1500
G1 X92.62 Y7.96 F1500
G1 X93.04 Y7.84 F1500
G1 X93.67 Y7.11 F1500
G1 X94.09 Y6.87 F1500
G1 X94.51 Y7.03 F1500
G1 X95.13 Y7.67 F1500
G1 X95.55 Y7.79 F1500
G1 X96.81 Y6.83 F1500
G1 X97.23 Y7.08 F1500
G1 X98.07 Y8.02 F1500
G1 X98.49 Y7.78 F1500
G1 X99.32 Y6.32 F1500
G1 X99.53 Y6.34 F1500
G1 X99.74 Y6.61 F1500
G1 X100.37 Y8.04 F1500
G1 X100.79 Y8.37 F1500
G1 X101.42 Y7.27 F1500
G1 X102.68 Y7.33 F1500
G1 X103.31 Y7.71 F1500
G1 X103.73 Y7.33 F1500
G1 X109.80 Y7.33 F1500
G1 X110.22 Y6.68 F1500
G1 X110.85 Y7.93 F1500
G1 X111.27 Y8.38 F1500
G1 X111.48 Y8.24 F1500
G1 X112.53 Y6.29 F1500
G1 X112.95 Y6.68 F1500
G1 X113.78 Y8.35 F1500
G1 X113.99 Y8.35 F1500
G1 X114.20 Y8.10 F1500
G1 X114.83 Y6.67 F1500
G1 X115.25 Y6.29 F1500
G1 X116.30 Y8.24 F1500
G1 X116.51 Y8.38 F1500
G1 X116.93 Y7.93 F1500
G1 X117.76 Y6.30 F1500
G1 X118.18 Y6.63 F1500
G1 X118.81 Y8.05 F1500
G1 X119.23 Y8.36 F1500
G1 X120.07 Y6.73 F1500
G1 X120.49 Y6.30 F1500
G1 X121.33 Y7.59 F1500
G1 X121.75 Y7.82 F1500
G1 X122.17 Y7.64 F1500
G1 X123.00 Y6.77 F1500
G1 X123.42 Y6.97 F1500
G1 X124.05 Y7.63 F1500
G1 X124.47 Y7.78 F1500
G1 X125.73 Y6.89 F1500
G1 X126.98 Y7.78 F1500
G1 X127.40 Y7.63 F1500
G1 X128.03 Y7.02 F1500
G1 X128.45 Y6.89 F1500
G1 X129.71 Y7.79 F1500
G1 X130.97 Y6.88 F1500
G1 X131.39 Y7.06 F1500
G1 X132.01 Y7.67 F1500
G1 X132.43 Y7.78 F1500
G1 X133.27 Y7.04 F1500
G1 X133.69 Y6.88 F1500
G1 X134.95 Y7.80 F1500
G1 X136.20 Y6.86 F1500
G1 X136.62 Y7.02 F1500
G1 X137.25 Y7.67 F1500
G1 X137.67 Y7.82 F1500
G1 X138.93 Y6.82 F1500
G1 X140.19 Y7.87 F1500
G1 X140.61 Y7.66 F1500
G1 X141.44 Y6.80 F1500
G1 X141.86 Y6.94 F1500
G1 X142.49 Y7.70 F1500
G1 X142.91 Y7.89 F1500
G1 X144.17 Y6.74 F1500
G1 X144.59 Y7.00 F1500
G1 X145.42 Y7.96 F1500
G1 X145.84 Y7.75 F1500
G1 X146.68 Y6.71 F1500
G1 X147.10 Y6.89 F1500
G1 X147.94 Y7.71 F1500
G1 X149.41 Y7.10 F1500
G1 X150.87 Y7.66 F1500
G1 X152.13 Y6.90 F1500
G1 X153.39 Y7.77 F1500
G1 X154.64 Y6.91 F1500
G1 X155.06 Y7.07 F1500
G1 X155.69 Y7.63 F1500
G1 X156.11 Y7.74 F1500
G1 X157.37 Y6.91 F1500
G1 X158.63 Y7.78 F1500
G1 X159.05 Y7.61 F1500
G1 X159.88 Y6.88 F1500
G1 X160.30 Y7.01 F1500
G1 X160.93 Y7.63 F1500
G1 X161.35 Y7.77 F1500
G1 X162.61 Y6.90 F1500
G1 X163.86 Y7.73 F1500
G1 X164.28 Y7.58 F1500
G1 X164.91 Y7.06 F1500
G1 X165.33 Y6.97 F1500
G1 X166.59 Y7.87 F1500
G1 X167.85 Y6.74 F1500
G1 X169.10 Y7.87 F1500
G1 X169.52 Y7.71 F1500
G1 X170.15 Y6.97 F1500
G1 X170.57 Y6.80 F1500
G1 X171.83 Y7.89 F1500
G1 X173.08 Y6.77 F1500
G1 X173.50 Y6.98 F1500
G1 X174.13 Y7.74 F1500
G1 X174.55 Y7.88 F1500
G1 X175.39 Y6.98 F1500
G1 X175.81 Y6.76 F1500
G1 X177.07 Y7.91 F1500
G1 X177.49 Y7.67 F1500
G1 X178.32 Y6.76 F1500
G1 X178.74 Y6.94 F1500
G1 X179.37 Y7.73 F1500
G1 X179.79 Y7.88 F1500
G1 X180.00 Y8.15 F1500
G1 X180.00 Y8.36 F1500
G1 X180.00 Y8.57 F1500
G1 X180.00 Y8.78 F1500
G1 X180.00 Y8.99 F1500
G1 X180.00 Y9.20 F1500
G1 X180.00 Y9.20 F1500
G1 X179.79 Y8.94 F1500
G1 X179.37 Y8.78 F1500
G1 X178.74 Y7.98 F1500
G1 X178.32 Y7.82 F1500
G1 X177.07 Y8.94 F1500
G1 X175.81 Y7.81 F1500
G1 X175.39 Y8.03 F1500
G1 X174.55 Y8.93 F1500
G1 X174.13 Y8.80 F1500
G1 X173.50 Y8.02 F1500
G1 X173.08 Y7.83 F1500
G1 X171.83 Y8.96 F1500
G1 X171.41 Y8.70 F1500
G1 X170.78 Y7.94 F1500
G1 X170.36 Y7.82 F1500
G1 X169.52 Y8.80 F1500
G1 X169.10 Y8.99 F1500
G1 X168.27 Y8.02 F1500
G1 X167.85 Y7.76 F1500
G1 X166.59 Y8.95 F1500
G1 X165.33 Y7.89 F1500
G1 X165.12 Y7.90 F1500
G1 X164.07 Y8.74 F1500
G1 X163.66 Y8.70 F1500
G1 X162.61 Y7.98 F1500
G1 X161.35 Y8.79 F1500
G1 X160.93 Y8.67 F1500
G1 X160.30 Y8.06 F1500
G1 X159.88 Y7.92 F1500
G1 X158.63 Y8.85 F1500
G1 X157.37 Y7.95 F1500
G1 X156.11 Y8.80 F1500
G1 X155.69 Y8.69 F1500
G1 X155.06 Y8.10 F1500
G1 X154.64 Y7.95 F1500
G1 X153.39 Y8.83 F1500
G1 X152.13 Y7.94 F1500
G1 X151.71 Y8.10 F1500
G1 X150.87 Y8.76 F1500
G1 X149.41 Y8.14 F1500
G1 X147.94 Y8.67 F1500
G1 X146.68 Y7.85 F1500
G1 X146.26 Y8.18 F1500
G1 X145.84 Y8.86 F1500
G1 X145.42 Y9.05 F1500
G1 X144.59 Y8.02 F1500
G1 X144.17 Y7.75 F1500
G1 X142.91 Y8.98 F1500
G1 X142.49 Y8.76 F1500
G1 X141.65 Y7.84 F1500
G1 X141.23 Y7.96 F1500
G1 X140.61 Y8.72 F1500
G1 X140.19 Y8.93 F1500
G1 X138.93 Y7.87 F1500
G1 X138.51 Y8.08 F1500
G1 X137.67 Y8.88 F1500
G1 X137.25 Y8.74 F1500
G1 X136.41 Y7.92 F1500
G1 X136.00 Y8.00 F1500
G1 X134.95 Y8.86 F1500
G1 X133.69 Y7.90 F1500
G1 X133.27 Y8.08 F1500
G1 X132.43 Y8.83 F1500
G1 X132.01 Y8.72 F1500
G1 X131.39 Y8.10 F1500
G1 X130.97 Y7.92 F1500
G1 X129.71 Y8.84 F1500
G1 X128.45 Y7.93 F1500
G1 X128.03 Y8.06 F1500
G1 X127.19 Y8.82 F1500
G1 X126.78 Y8.72 F1500
G1 X125.73 Y7.95 F1500
G1 X124.68 Y8.73 F1500
G1 X124.26 Y8.77 F1500
G1 X123.42 Y8.07 F1500
G1 X123.00 Y7.93 F1500
G1 X122.17 Y8.73 F1500
G1 X121.75 Y8.91 F1500
G1 X120.70 Y7.94 F1500
G1 X120.28 Y7.78 F1500
G1 X120.07 Y7.90 F1500
G1 X119.23 Y9.41 F1500
G1 X118.81 Y9.10 F1500
G1 X118.18 Y7.67 F1500
G1 X117.76 Y7.35 F1500
G1 X116.93 Y8.97 F1500
G1 X116.51 Y9.43 F1500
G1 X116.30 Y9.29 F1500
G1 X115.25 Y7.34 F1500
G1 X114.83 Y7.72 F1500
G1 X114.20 Y9.15 F1500
G1 X113.99 Y9.40 F1500
G1 X113.78 Y9.40 F1500
G1 X112.95 Y7.73 F1500
G1 X112.53 Y7.34 F1500
G1 X111.48 Y9.28 F1500
G1 X111.27 Y9.43 F1500
G1 X111.06 Y9.32 F1500
G1 X110.22 Y7.77 F1500
G1 X109.80 Y8.35 F1500
G1 X109.59 Y8.38 F1500
G1 X102.26 Y8.38 F1500
G1 X102.05 Y8.18 F1500
G1 X101.21 Y8.48 F1500
G1 X99.95 Y8.36 F1500
G1 X99.53 Y7.43 F1500
G1 X99.32 Y7.44 F1500
G1 X99.12 Y7.69 F1500
G1 X98.49 Y8.87 F1500
G1 X98.07 Y9.11 F1500
G1 X97.23 Y8.12 F1500
G1 X96.81 Y7.87 F1500
G1 X95.76 Y8.72 F1500
G1 X95.34 Y8.83 F1500
G1 X94.51 Y8.08 F1500
G1 X94.09 Y7.92 F1500
G1 X93.67 Y8.16 F1500
G1 X93.04 Y8.90 F1500
G1 X92.83 Y8.94 F1500
G1 X92.41 Y8.38 F1500
G1 X86.33 Y8.29 F1500
G1 X85.29 Y8.47 F1500
G1 X83.82 Y8.26 F1500
G1 X82.35 Y8.42 F1500
G1 X77.74 Y8.38 F1500
G1 X76.90 Y8.50 F1500
G1 X75.65 Y8.08 F1500
G1 X74.39 Y8.64 F1500
G1 X73.13 Y8.18 F1500
G1 X71.66 Y8.56 F1500
G1 X70.41 Y8.11 F1500
G1 X69.36 Y8.58 F1500
G1 X68.94 Y8.60 F1500
G1 X67.68 Y8.05 F1500
G1 X66.85 Y8.65 F1500
G1 X66.22 Y8.71 F1500
G1 X65.38 Y8.01 F1500
G1 X64.75 Y8.18 F1500
G1 X63.91 Y8.77 F1500
G1 X63.49 Y8.63 F1500
G1 X62.44 Y7.66 F1500
G1 X62.24 Y7.70 F1500
G1 X61.61 Y8.82 F1500
G1 X61.19 Y9.15 F1500
G1 X59.93 Y7.71 F1500
G1 X59.51 Y7.97 F1500
G1 X58.67 Y9.06 F1500
G1 X58.25 Y8.85 F1500
G1 X57.63 Y7.88 F1500
G1 X57.21 Y7.68 F1500
G1 X55.95 Y9.12 F1500
G1 X54.69 Y7.66 F1500
G1 X54.27 Y7.93 F1500
G1 X53.43 Y9.14 F1500
G1 X53.22 Y9.17 F1500
G1 X52.81 Y8.68 F1500
G1 X52.39 Y7.81 F1500
G1 X51.97 Y7.59 F1500
G1 X50.71 Y9.22 F1500
G1 X50.29 Y8.87 F1500
G1 X49.45 Y7.54 F1500
G1 X49.24 Y7.58 F1500
G1 X48.41 Y8.61 F1500
G1 X47.36 Y8.38 F1500
G1 X46.94 Y7.68 F1500
G1 X46.73 Y7.61 F1500
G1 X45.47 Y9.15 F1500
G1 X45.05 Y8.88 F1500
G1 X44.42 Y7.80 F1500
G1 X44.00 Y7.61 F1500
G1 X43.17 Y8.90 F1500
G1 X42.75 Y9.23 F1500
G1 X41.49 Y7.51 F1500
G1 X41.07 Y7.88 F1500
G1 X40.23 Y9.24 F1500
G1 X39.81 Y8.99 F1500
G1 X39.19 Y7.75 F1500
G1 X38.98 Y7.50 F1500
G1 X38.77 Y7.49 F1500
G1 X37.72 Y9.24 F1500
G1 X37.51 Y9.34 F1500
G1 X37.30 Y9.24 F1500
G1 X36.25 Y7.37 F1500
G1 X35.83 Y7.74 F1500
G1 X34.99 Y9.40 F1500
G1 X34.78 Y9.39 F1500
G1 X34.58 Y9.12 F1500
G1 X33.74 Y7.66 F1500
G1 X33.32 Y7.83 F1500
G1 X32.48 Y8.81 F1500
G1 X32.06 Y8.78 F1500
G1 X31.01 Y7.97 F1500
G1 X30.59 Y8.10 F1500
G1 X29.97 Y8.66 F1500
G1 X29.55 Y8.75 F1500
G1 X28.29 Y7.95 F1500
G1 X27.87 Y8.14 F1500
G1 X27.24 Y8.88 F1500
G1 X26.82 Y9.03 F1500
G1 X25.98 Y7.71 F1500
G1 X25.77 Y7.49 F1500
G1 X25.56 Y7.50 F1500
G1 X24.73 Y8.97 F1500
G1 X24.31 Y9.32 F1500
G1 X23.26 Y7.54 F1500
G1 X23.05 Y7.41 F1500
G1 X22.63 Y7.84 F1500
G1 X21.79 Y9.35 F1500
G1 X21.37 Y9.03 F1500
G1 X20.75 Y7.70 F1500
G1 X20.33 Y7.42 F1500
G1 X19.49 Y8.96 F1500
G1 X19.07 Y9.39 F1500
G1 X17.81 Y7.38 F1500
G1 X17.60 Y7.47 F1500
G1 X16.97 Y8.64 F1500
G1 X16.55 Y9.04 F1500
G1 X16.34 Y8.98 F1500
G1 X15.51 Y8.07 F1500
G1 X15.09 Y7.95 F1500
G1 X13.83 Y8.73 F1500
G1 X12.78 Y8.08 F1500
G1 X12.36 Y8.00 F1500
G1 X11.53 Y8.68 F1500
G1 X11.11 Y8.81 F1500
G1 X9.85 Y7.96 F1500
G1 X8.59 Y8.79 F1500
G1 X7.33 Y7.98 F1500
G1 X6.92 Y8.09 F1500
G1 X6.29 Y8.65 F1500
G1 X5.87 Y8.81 F1500
G1 X4.61 Y7.95 F1500
G1 X3.35 Y8.81 F1500
G1 X2.93 Y8.67 F1500
G1 X2.10 Y7.94 F1500
G1 X1.68 Y8.02 F1500
G1 X1.05 Y8.67 F1500
G1 X0.63 Y8.86 F1500
G1 X0.00 Y8.38 F1500
G1 X0.00 Y8.59 F1500
G1 X0.00 Y8.80 F1500
G1 X0.00 Y9.01 F1500
G1 X0.00 Y9.22 F1500
G1 X0.00 Y9.43 F1500
G1 X0.00 Y9.43 F1500
G1 X0.63 Y9.91 F1500
G1 X1.68 Y9.09 F1500
G1 X2.10 Y9.00 F1500
G1 X2.93 Y9.72 F1500
G1 X3.35 Y9.87 F1500
G1 X4.61 Y8.99 F1500
G1 X5.87 Y9.85 F1500
G1 X6.29 Y9.70 F1500
G1 X6.92 Y9.14 F1500
G1 X7.33 Y9.03 F1500
G1 X8.59 Y9.84 F1500
G1 X9.85 Y9.02 F1500
G1 X11.11 Y9.83 F1500
G1 X11.53 Y9.71 F1500
G1 X12.36 Y9.07 F1500
G1 X12.78 Y9.16 F1500
G1 X13.83 Y9.77 F1500
G1 X14.25 Y9.64 F1500
G1 X14.88 Y9.04 F1500
G1 X15.30 Y8.95 F1500
G1 X16.55 Y10.25 F1500
G1 X16.76 Y10.11 F1500
G1 X17.39 Y8.84 F1500
G1 X17.81 Y8.47 F1500
G1 X19.07 Y10.36 F1500
G1 X19.49 Y9.98 F1500
G1 X20.33 Y8.50 F1500
G1 X20.75 Y8.77 F1500
G1 X21.37 Y10.06 F1500
G1 X21.79 Y10.34 F1500
G1 X22.84 Y8.61 F1500
G1 X23.05 Y8.50 F1500
G1 X23.26 Y8.62 F1500
G1 X24.31 Y10.34 F1500
G1 X24.73 Y10.01 F1500
G1 X25.56 Y8.55 F1500
G1 X25.98 Y8.76 F1500
G1 X26.82 Y10.08 F1500
G1 X27.24 Y9.92 F1500
G1 X27.87 Y9.18 F1500
G1 X28.29 Y8.99 F1500
G1 X29.55 Y9.80 F1500
G1 X31.01 Y9.05 F1500
G1 X32.06 Y9.83 F1500
G1 X32.48 Y9.86 F1500
G1 X33.32 Y8.90 F1500
G1 X33.74 Y8.72 F1500
G1 X34.78 Y10.44 F1500
G1 X34.99 Y10.45 F1500
G1 X35.83 Y8.78 F1500
G1 X36.25 Y8.40 F1500
G1 X37.30 Y10.25 F1500
G1 X37.51 Y10.35 F1500
G1 X37.93 Y9.96 F1500
G1 X38.77 Y8.54 F1500
G1 X39.19 Y8.84 F1500
G1 X40.02 Y10.27 F1500
G1 X40.44 Y10.11 F1500
G1 X41.07 Y8.93 F1500
G1 X41.49 Y8.56 F1500
G1 X42.75 Y10.28 F1500
G1 X43.17 Y9.95 F1500
G1 X44.00 Y8.66 F1500
G1 X44.42 Y8.86 F1500
G1 X45.05 Y9.92 F1500
G1 X45.47 Y10.21 F1500
G1 X46.52 Y8.77 F1500
G1 X46.73 Y8.67 F1500
G1 X47.15 Y9.43 F1500
G1 X47.99 Y9.57 F1500
G1 X48.41 Y9.83 F1500
G1 X49.24 Y8.60 F1500
G1 X49.45 Y8.59 F1500
G1 X50.29 Y9.94 F1500
G1 X50.71 Y10.32 F1500
G1 X50.92 Y10.19 F1500
G1 X51.55 Y9.05 F1500
G1 X51.97 Y8.69 F1500
G1 X52.39 Y8.96 F1500
G1 X53.22 Y10.16 F1500
G1 X53.64 Y9.97 F1500
G1 X54.27 Y8.89 F1500
G1 X54.69 Y8.70 F1500
G1 X55.95 Y10.25 F1500
G1 X57.21 Y8.80 F1500
G1 X57.63 Y9.00 F1500
G1 X58.46 Y10.10 F1500
G1 X58.88 Y9.95 F1500
G1 X59.51 Y8.99 F1500
G1 X59.93 Y8.70 F1500
G1 X60.35 Y9.04 F1500
G1 X60.98 Y10.08 F1500
G1 X61.19 Y10.16 F1500
G1 X62.24 Y9.15 F1500
G1 X62.86 Y9.17 F1500
G1 X63.49 Y9.79 F1500
G1 X63.91 Y9.95 F1500
G1 X65.17 Y8.92 F1500
G1 X66.01 Y9.63 F1500
G1 X66.43 Y9.75 F1500
G1 X67.89 Y9.12 F1500
G1 X68.73 Y9.64 F1500
G1 X69.15 Y9.67 F1500
G1 X70.41 Y9.18 F1500
G1 X71.66 Y9.74 F1500
G1 X73.13 Y9.22 F1500
G1 X73.55 Y9.32 F1500
G1 X73.97 Y9.66 F1500
G1 X74.39 Y9.72 F1500
G1 X75.86 Y9.19 F1500
G1 X76.69 Y9.54 F1500
G1 X78.16 Y9.27 F1500
G1 X79.42 Y9.53 F1500
G1 X81.30 Y9.39 F1500
G1 X81.93 Y9.54 F1500
G1 X83.19 Y9.40 F1500
G1 X83.82 Y9.11 F1500
G1 X84.24 Y9.42 F1500
G1 X84.87 Y9.54 F1500
G1 X85.70 Y9.42 F1500
G1 X93.46 Y9.44 F1500
G1 X94.09 Y8.97 F1500
G1 X94.51 Y9.14 F1500
G1 X95.34 Y9.89 F1500
G1 X95.55 Y9.90 F1500
G1 X96.39 Y9.12 F1500
G1 X96.81 Y8.95 F1500
G1 X97.65 Y9.65 F1500
G1 X98.07 Y9.43 F1500
G1 X99.53 Y9.24 F1500
G1 X100.58 Y9.64 F1500
G1 X101.00 Y9.43 F1500
G1 X109.59 Y9.42 F1500
G1 X110.01 Y8.73 F1500
G1 X110.22 Y8.67 F1500
G1 X110.85 Y10.03 F1500
G1 X111.27 Y10.48 F1500
G1 X111.48 Y10.33 F1500
G1 X112.53 Y8.39 F1500
G1 X112.95 Y8.77 F1500
G1 X113.78 Y10.45 F1500
G1 X113.99 Y10.44 F1500
G1 X114.20 Y10.19 F1500
G1 X114.83 Y8.77 F1500
G1 X115.25 Y8.39 F1500
G1 X116.30 Y10.33 F1500
G1 X116.51 Y10.48 F1500
G1 X116.93 Y10.02 F1500
G1 X117.76 Y8.40 F1500
G1 X118.18 Y8.72 F1500
G1 X119.02 Y10.43 F1500
G1 X119.23 Y10.40 F1500
G1 X120.07 Y9.13 F1500
G1 X120.49 Y8.94 F1500
G1 X121.75 Y9.98 F1500
G1 X123.00 Y9.02 F1500
G1 X123.42 Y9.12 F1500
G1 X124.05 Y9.71 F1500
G1 X124.47 Y9.86 F1500
G1 X125.73 Y8.99 F1500
G1 X126.98 Y9.88 F1500
G1 X127.40 Y9.74 F1500
G1 X128.03 Y9.11 F1500
G1 X128.45 Y8.98 F1500
G1 X129.71 Y9.90 F1500
G1 X130.97 Y8.96 F1500
G1 X131.39 Y9.14 F1500
G1 X132.22 Y9.89 F1500
G1 X132.64 Y9.77 F1500
G1 X133.27 Y9.12 F1500
G1 X133.69 Y8.96 F1500
G1 X134.95 Y9.91 F1500
G1 X136.20 Y8.94 F1500
G1 X136.62 Y9.10 F1500
G1 X137.25 Y9.78 F1500
G1 X137.67 Y9.92 F1500
G1 X138.51 Y9.12 F1500
G1 X138.93 Y8.92 F1500
G1 X140.19 Y9.98 F1500
G1 X140.61 Y9.77 F1500
G1 X141.23 Y9.00 F1500
G1 X141.65 Y8.87 F1500
G1 X142.49 Y9.83 F1500
G1 X142.91 Y10.05 F1500
G1 X144.17 Y8.74 F1500
G1 X145.42 Y10.11 F1500
G1 X145.63 Y10.10 F1500
G1 X146.26 Y9.28 F1500
G1 X146.68 Y9.02 F1500
G1 X147.73 Y9.61 F1500
G1 X148.15 Y9.68 F1500
G1 X149.62 Y9.11 F1500
G1 X150.45 Y9.73 F1500
G1 X150.87 Y9.85 F1500
G1 X151.71 Y9.14 F1500
G1 X152.13 Y8.99 F1500
G1 X153.39 Y9.87 F1500
G1 X154.64 Y9.00 F1500
G1 X155.06 Y9.15 F1500
G1 X155.69 Y9.73 F1500
G1 X156.11 Y9.85 F1500
G1 X157.37 Y8.99 F1500
G1 X158.63 Y9.88 F1500
G1 X159.88 Y8.98 F1500
G1 X160.30 Y9.11 F1500
G1 X160.93 Y9.71 F1500
G1 X161.35 Y9.84 F1500
G1 X162.61 Y9.04 F1500
G1 X163.66 Y9.75 F1500
G1 X164.07 Y9.79 F1500
G1 X164.91 Y9.09 F1500
G1 X165.33 Y8.93 F1500
G1 X166.38 Y9.99 F1500
G1 X166.59 Y10.04 F1500
G1 X167.85 Y8.81 F1500
G1 X168.27 Y9.07 F1500
G1 X169.10 Y10.03 F1500
G1 X169.52 Y9.86 F1500
G1 X170.15 Y9.02 F1500
G1 X170.57 Y8.82 F1500
G1 X171.83 Y10.05 F1500
G1 X173.08 Y8.81 F1500
G1 X173.50 Y9.04 F1500
G1 X174.13 Y9.86 F1500
G1 X174.55 Y10.02 F1500
G1 X175.60 Y8.88 F1500
G1 X176.02 Y8.93 F1500
G1 X177.07 Y10.00 F1500
G1 X177.49 Y9.76 F1500
G1 X178.11 Y9.00 F1500
G1 X178.53 Y8.89 F1500
G1 X179.58 Y10.00 F1500
G1 X180.00 Y10.25 F1500
G1 X180.00 Y10.46 F1500
G1 X180.00 Y10.67 F1500
G1 X180.00 Y10.88 F1500
G1 X180.00 Y11.09 F1500
G1 X180.00 Y11.30 F1500
G1 X180.00 Y11.30 F1500
G1 X179.79 Y11.02 F1500
G1 X179.37 Y10.88 F1500
G1 X178.53 Y9.92 F1500
G1 X178.11 Y10.04 F1500
G1 X177.49 Y10.79 F1500
G1 X177.07 Y11.06 F1500
G1 X175.81 Y9.86 F1500
G1 X175.39 Y10.06 F1500
G1 X174.55 Y11.12 F1500
G1 X174.13 Y10.95 F1500
G1 X173.50 Y10.07 F1500
G1 X173.08 Y9.87 F1500
G1 X172.04 Y11.01 F1500
G1 X171.62 Y11.03 F1500
G1 X170.57 Y9.86 F1500
G1 X170.15 Y10.09 F1500
G1 X169.31 Y11.06 F1500
G1 X168.89 Y10.93 F1500
G1 X168.27 Y10.13 F1500
G1 X167.85 Y9.89 F1500
G1 X166.59 Y11.07 F1500
G1 X166.17 Y10.83 F1500
G1 X165.33 Y9.94 F1500
G1 X164.91 Y10.11 F1500
G1 X164.28 Y10.76 F1500
G1 X163.86 Y10.89 F1500
G1 X162.61 Y10.07 F1500
G1 X161.35 Y10.90 F1500
G1 X160.93 Y10.76 F1500
G1 X160.30 Y10.17 F1500
G1 X159.88 Y10.05 F1500
G1 X158.63 Y10.93 F1500
G1 X157.37 Y10.03 F1500
G1 X156.11 Y10.89 F1500
G1 X155.69 Y10.78 F1500
G1 X155.06 Y10.20 F1500
G1 X154.64 Y10.05 F1500
G1 X153.39 Y10.91 F1500
G1 X152.13 Y10.03 F1500
G1 X151.71 Y10.18 F1500
G1 X151.08 Y10.80 F1500
G1 X150.66 Y10.90 F1500
G1 X149.62 Y10.13 F1500
G1 X148.15 Y10.73 F1500
G1 X146.68 Y10.11 F1500
G1 X145.42 Y11.18 F1500
G1 X145.22 Y11.07 F1500
G1 X144.59 Y10.07 F1500
G1 X144.17 Y9.77 F1500
G1 X142.91 Y11.10 F1500
G1 X142.49 Y10.90 F1500
G1 X141.86 Y10.05 F1500
G1 X141.44 Y9.92 F1500
G1 X140.61 Y10.82 F1500
G1 X140.19 Y11.03 F1500
G1 X138.93 Y9.96 F1500
G1 X137.67 Y10.98 F1500
G1 X137.25 Y10.83 F1500
G1 X136.62 Y10.14 F1500
G1 X136.20 Y9.98 F1500
G1 X134.95 Y10.97 F1500
G1 X133.69 Y10.00 F1500
G1 X133.27 Y10.17 F1500
G1 X132.43 Y10.94 F1500
G1 X132.01 Y10.83 F1500
G1 X131.39 Y10.19 F1500
G1 X130.97 Y10.01 F1500
G1 X129.71 Y10.95 F1500
G1 X128.45 Y10.03 F1500
G1 X128.03 Y10.16 F1500
G1 X127.19 Y10.92 F1500
G1 X126.78 Y10.85 F1500
G1 X126.15 Y10.22 F1500
G1 X125.73 Y10.03 F1500
G1 X124.47 Y10.91 F1500
G1 X123.21 Y10.07 F1500
G1 X122.79 Y10.17 F1500
G1 X121.75 Y10.91 F1500
G1 X120.49 Y9.94 F1500
G1 X119.02 Y11.10 F1500
G1 X118.60 Y10.71 F1500
G1 X117.97 Y9.49 F1500
G1 X117.76 Y9.45 F1500
G1 X116.93 Y11.07 F1500
G1 X116.51 Y11.52 F1500
G1 X116.30 Y11.38 F1500
G1 X115.25 Y9.44 F1500
G1 X114.83 Y9.82 F1500
G1 X114.20 Y11.24 F1500
G1 X113.99 Y11.49 F1500
G1 X113.78 Y11.49 F1500
G1 X112.95 Y9.82 F1500
G1 X112.53 Y9.44 F1500
G1 X111.48 Y11.38 F1500
G1 X111.27 Y11.52 F1500
G1 X110.85 Y11.07 F1500
G1 X110.01 Y9.45 F1500
G1 X109.59 Y10.47 F1500
G1 X99.12 Y10.40 F1500
G1 X98.07 Y10.56 F1500
G1 X97.02 Y10.40 F1500
G1 X96.18 Y10.46 F1500
G1 X95.34 Y10.85 F1500
G1 X94.30 Y10.00 F1500
G1 X94.09 Y10.01 F1500
G1 X93.88 Y10.36 F1500
G1 X92.83 Y10.67 F1500
G1 X91.36 Y10.24 F1500
G1 X90.10 Y10.60 F1500
G1 X88.85 Y10.38 F1500
G1 X87.80 Y10.59 F1500
G1 X86.33 Y10.34 F1500
G1 X84.66 Y10.63 F1500
G1 X83.61 Y10.36 F1500
G1 X82.35 Y10.75 F1500
G1 X81.09 Y10.30 F1500
G1 X79.42 Y10.67 F1500
G1 X78.16 Y10.29 F1500
G1 X76.69 Y10.80 F1500
G1 X75.86 Y10.20 F1500
G1 X74.39 Y10.80 F1500
G1 X73.13 Y10.11 F1500
G1 X72.71 Y10.20 F1500
G1 X72.29 Y10.58 F1500
G1 X71.66 Y10.63 F1500
G1 X71.25 Y10.57 F1500
G1 X70.20 Y10.05 F1500
G1 X69.36 Y10.86 F1500
G1 X68.73 Y10.70 F1500
G1 X67.89 Y10.07 F1500
G1 X66.64 Y10.81 F1500
G1 X66.22 Y10.86 F1500
G1 X65.17 Y10.10 F1500
G1 X64.75 Y10.20 F1500
G1 X64.12 Y10.87 F1500
G1 X63.70 Y10.96 F1500
G1 X62.65 Y9.88 F1500
G1 X61.19 Y10.94 F1500
G1 X60.77 Y10.71 F1500
G1 X60.14 Y9.99 F1500
G1 X59.72 Y9.81 F1500
G1 X58.88 Y11.03 F1500
G1 X58.67 Y11.12 F1500
G1 X58.25 Y10.97 F1500
G1 X57.42 Y9.79 F1500
G1 X57.00 Y10.00 F1500
G1 X56.37 Y10.87 F1500
G1 X55.95 Y11.14 F1500
G1 X55.53 Y10.86 F1500
G1 X54.69 Y9.71 F1500
G1 X54.27 Y9.98 F1500
G1 X53.64 Y11.07 F1500
G1 X53.22 Y11.28 F1500
G1 X52.39 Y9.95 F1500
G1 X51.97 Y9.62 F1500
G1 X50.71 Y11.34 F1500
G1 X50.29 Y10.98 F1500
G1 X49.45 Y9.67 F1500
G1 X49.24 Y9.74 F1500
G1 X48.41 Y10.88 F1500
G1 X48.20 Y10.94 F1500
G1 X47.36 Y10.47 F1500
G1 X46.94 Y10.48 F1500
G1 X46.73 Y9.84 F1500
G1 X46.52 Y9.78 F1500
G1 X45.47 Y11.29 F1500
G1 X45.05 Y10.99 F1500
G1 X44.42 Y9.89 F1500
G1 X44.00 Y9.69 F1500
G1 X43.17 Y11.00 F1500
G1 X42.75 Y11.34 F1500
G1 X41.49 Y9.60 F1500
G1 X41.07 Y9.97 F1500
G1 X40.23 Y11.36 F1500
G1 X39.81 Y11.08 F1500
G1 X39.19 Y9.87 F1500
G1 X38.77 Y9.59 F1500
G1 X37.93 Y11.00 F1500
G1 X37.51 Y11.39 F1500
G1 X37.30 Y11.28 F1500
G1 X36.25 Y9.48 F1500
G1 X35.83 Y9.85 F1500
G1 X34.99 Y11.49 F1500
G1 X34.78 Y11.47 F1500
G1 X33.74 Y9.79 F1500
G1 X33.32 Y9.95 F1500
G1 X32.48 Y10.87 F1500
G1 X32.06 Y10.84 F1500
G1 X31.01 Y10.10 F1500
G1 X29.55 Y10.85 F1500
G1 X28.29 Y10.04 F1500
G1 X27.87 Y10.23 F1500
G1 X27.24 Y10.97 F1500
G1 X26.82 Y11.10 F1500
G1 X25.98 Y9.85 F1500
G1 X25.56 Y9.61 F1500
G1 X24.73 Y11.04 F1500
G1 X24.31 Y11.37 F1500
G1 X23.26 Y9.69 F1500
G1 X23.05 Y9.57 F1500
G1 X22.63 Y9.98 F1500
G1 X21.79 Y11.37 F1500
G1 X21.37 Y11.08 F1500
G1 X20.75 Y9.85 F1500
G1 X20.33 Y9.58 F1500
G1 X19.49 Y11.02 F1500
G1 X19.07 Y11.40 F1500
G1 X17.81 Y9.55 F1500
G1 X17.39 Y9.90 F1500
G1 X16.76 Y11.18 F1500
G1 X16.34 Y11.42 F1500
G1 X15.30 Y9.84 F1500
G1 X13.83 Y10.90 F1500
G1 X12.57 Y10.15 F1500
G1 X12.15 Y10.24 F1500
G1 X11.53 Y10.75 F1500
G1 X11.11 Y10.86 F1500
G1 X9.85 Y10.07 F1500
G1 X8.59 Y10.89 F1500
G1 X7.33 Y10.08 F1500
G1 X6.92 Y10.18 F1500
G1 X6.29 Y10.74 F1500
G1 X5.87 Y10.88 F1500
G1 X4.61 Y10.06 F1500
G1 X3.35 Y10.91 F1500
G1 X2.93 Y10.76 F1500
G1 X2.10 Y10.05 F1500
G1 X1.68 Y10.14 F1500
G1 X0.84 Y10.90 F1500
G1 X0.42 Y10.89 F1500
G1 X0.00 Y10.48 F1500
G1 X0.00 Y10.69 F1500
G1 X0.00 Y10.90 F1500
G1 X0.00 Y11.11 F1500
G1 X0.00 Y11.32 F1500
G1 X0.00 Y11.53 F1500
G1 X0.00 Y11.53 F1500
G1 X0.63 Y11.99 F1500
G1 X1.68 Y11.20 F1500
G1 X2.10 Y11.11 F1500
G1 X2.93 Y11.80 F1500
G1 X3.35 Y11.96 F1500
G1 X4.61 Y11.09 F1500
G1 X5.87 Y11.92 F1500
G1 X7.33 Y11.12 F1500
G1 X8.59 Y11.93 F1500
G1 X9.85 Y11.11 F1500
G1 X11.11 Y11.90 F1500
G1 X12.57 Y11.18 F1500
G1 X13.83 Y12.02 F1500
G1 X14.25 Y11.82 F1500
G1 X15.09 Y10.74 F1500
G1 X15.30 Y10.73 F1500
G1 X16.14 Y12.21 F1500
G1 X16.55 Y12.44 F1500
G1 X17.39 Y10.97 F1500
G1 X17.81 Y10.62 F1500
G1 X19.07 Y12.43 F1500
G1 X19.49 Y12.05 F1500
G1 X20.33 Y10.64 F1500
G1 X20.75 Y10.90 F1500
G1 X21.37 Y12.13 F1500
G1 X21.79 Y12.41 F1500
G1 X22.63 Y11.04 F1500
G1 X23.05 Y10.65 F1500
G1 X23.26 Y10.76 F1500
G1 X24.31 Y12.41 F1500
G1 X24.73 Y12.09 F1500
G1 X25.56 Y10.66 F1500
G1 X25.98 Y10.89 F1500
G1 X26.82 Y12.14 F1500
G1 X27.24 Y12.01 F1500
G1 X27.87 Y11.28 F1500
G1 X28.29 Y11.10 F1500
G1 X29.55 Y11.88 F1500
G1 X31.01 Y11.19 F1500
G1 X32.27 Y11.94 F1500
G1 X32.69 Y11.77 F1500
G1 X33.32 Y11.03 F1500
G1 X33.74 Y10.86 F1500
G1 X34.58 Y12.23 F1500
G1 X34.99 Y12.51 F1500
G1 X35.83 Y10.89 F1500
G1 X36.25 Y10.54 F1500
G1 X37.09 Y12.01 F1500
G1 X37.51 Y12.44 F1500
G1 X37.93 Y12.04 F1500
G1 X38.77 Y10.64 F1500
G1 X39.19 Y10.92 F1500
G1 X39.81 Y12.13 F1500
G1 X40.23 Y12.41 F1500
G1 X41.07 Y11.01 F1500
G1 X41.49 Y10.63 F1500
G1 X42.75 Y12.40 F1500
G1 X43.17 Y12.06 F1500
G1 X44.00 Y10.72 F1500
G1 X44.42 Y10.92 F1500
G1 X45.05 Y12.05 F1500
G1 X45.47 Y12.35 F1500
G1 X46.31 Y11.06 F1500
G1 X46.52 Y11.06 F1500
G1 X46.73 Y11.53 F1500
G1 X47.36 Y11.51 F1500
G1 X48.20 Y11.97 F1500
G1 X49.45 Y10.80 F1500
G1 X50.71 Y12.38 F1500
G1 X51.97 Y10.69 F1500
G1 X52.39 Y11.01 F1500
G1 X52.81 Y11.80 F1500
G1 X53.22 Y12.20 F1500
G1 X53.64 Y12.03 F1500
G1 X54.27 Y11.06 F1500
G1 X54.69 Y10.80 F1500
G1 X55.95 Y12.29 F1500
G1 X57.21 Y10.83 F1500
G1 X57.63 Y11.10 F1500
G1 X58.46 Y12.29 F1500
G1 X58.67 Y12.23 F1500
G1 X59.72 Y11.12 F1500
G1 X60.14 Y11.13 F1500
G1 X60.98 Y11.91 F1500
G1 X61.40 Y12.01 F1500
G1 X62.65 Y10.96 F1500
G1 X63.49 Y11.89 F1500
G1 X63.91 Y11.92 F1500
G1 X65.17 Y11.13 F1500
G1 X66.43 Y11.97 F1500
G1 X67.89 Y11.14 F1500
G1 X69.15 Y11.82 F1500
G1 X70.41 Y11.10 F1500
G1 X71.46 Y11.82 F1500
G1 X72.29 Y11.62 F1500
G1 X72.92 Y11.17 F1500
G1 X74.18 Y11.77 F1500
G1 X75.86 Y11.24 F1500
G1 X76.90 Y11.82 F1500
G1 X78.16 Y11.35 F1500
G1 X79.84 Y11.80 F1500
G1 X80.88 Y11.28 F1500
G1 X81.93 Y11.64 F1500
G1 X83.40 Y11.39 F1500
G1 X84.87 Y11.60 F1500
G1 X86.54 Y11.39 F1500
G1 X87.59 Y11.70 F1500
G1 X88.85 Y11.38 F1500
G1 X90.10 Y11.78 F1500
G1 X91.57 Y11.25 F1500
G1 X92.83 Y11.71 F1500
G1 X93.88 Y11.39 F1500
G1 X95.76 Y11.60 F1500
G1 X96.60 Y11.40 F1500
G1 X97.44 Y11.53 F1500
G1 X108.96 Y11.56 F1500
G1 X109.38 Y11.50 F1500
G1 X109.80 Y10.53 F1500
G1 X110.01 Y10.49 F1500
G1 X110.85 Y12.12 F1500
G1 X111.27 Y12.57 F1500
G1 X111.48 Y12.43 F1500
G1 X112.53 Y10.48 F1500
G1 X112.95 Y10.87 F1500
G1 X113.78 Y12.54 F1500
G1 X113.99 Y12.54 F1500
G1 X114.20 Y12.29 F1500
G1 X114.83 Y10.87 F1500
G1 X115.25 Y10.48 F1500
G1 X116.30 Y12.43 F1500
G1 X116.51 Y12.57 F1500
G1 X116.72 Y12.46 F1500
G1 X117.56 Y10.72 F1500
G1 X117.76 Y10.55 F1500
G1 X119.02 Y11.99 F1500
G1 X119.44 Y11.89 F1500
G1 X120.49 Y11.02 F1500
G1 X121.75 Y11.97 F1500
G1 X123.00 Y11.11 F1500
G1 X123.42 Y11.22 F1500
G1 X124.05 Y11.80 F1500
G1 X124.47 Y11.96 F1500
G1 X125.73 Y11.08 F1500
G1 X126.78 Y11.88 F1500
G1 X127.19 Y11.95 F1500
G1 X128.03 Y11.21 F1500
G1 X128.45 Y11.08 F1500
G1 X129.71 Y11.98 F1500
G1 X130.97 Y11.05 F1500
G1 X131.39 Y11.23 F1500
G1 X132.01 Y11.87 F1500
G1 X132.43 Y11.98 F1500
G1 X133.27 Y11.23 F1500
G1 X133.69 Y11.07 F1500
G1 X134.95 Y12.02 F1500
G1 X136.20 Y11.02 F1500
G1 X136.62 Y11.18 F1500
G1 X137.25 Y11.89 F1500
G1 X137.67 Y12.04 F1500
G1 X138.51 Y11.22 F1500
G1 X138.93 Y11.02 F1500
G1 X140.19 Y12.09 F1500
G1 X140.61 Y11.87 F1500
G1 X141.44 Y10.94 F1500
G1 X141.86 Y11.10 F1500
G1 X142.49 Y11.93 F1500
G1 X142.91 Y12.18 F1500
G1 X144.17 Y10.83 F1500
G1 X144.59 Y11.13 F1500
G1 X145.01 Y11.81 F1500
G1 X145.42 Y12.03 F1500
G1 X146.68 Y11.23 F1500
G1 X148.15 Y11.79 F1500
G1 X149.41 Y11.16 F1500
G1 X149.83 Y11.27 F1500
G1 X150.45 Y11.85 F1500
G1 X150.87 Y11.95 F1500
G1 X151.71 Y11.23 F1500
G1 X152.13 Y11.09 F1500
G1 X153.18 Y11.90 F1500
G1 X153.60 Y11.89 F1500
G1 X154.64 Y11.11 F1500
G1 X155.06 Y11.25 F1500
G1 X155.69 Y11.84 F1500
G1 X156.11 Y11.97 F1500
G1 X156.95 Y11.25 F1500
G1 X157.37 Y11.08 F1500
G1 X158.63 Y11.97 F1500
G1 X159.88 Y11.11 F1500
G1 X160.30 Y11.24 F1500
G1 X160.93 Y11.79 F1500
G1 X161.35 Y11.90 F1500
G1 X162.61 Y11.12 F1500
G1 X163.86 Y11.97 F1500
G1 X164.28 Y11.86 F1500
G1 X165.12 Y10.93 F1500
G1 X165.54 Y11.08 F1500
G1 X166.38 Y12.07 F1500
G1 X166.80 Y12.01 F1500
G1 X167.85 Y10.94 F1500
G1 X168.27 Y11.19 F1500
G1 X168.89 Y11.96 F1500
G1 X169.31 Y12.08 F1500
G1 X170.15 Y11.13 F1500
G1 X170.57 Y10.93 F1500
G1 X171.83 Y12.13 F1500
G1 X173.08 Y10.91 F1500
G1 X173.50 Y11.13 F1500
G1 X174.13 Y12.00 F1500
G1 X174.55 Y12.16 F1500
G1 X175.39 Y11.12 F1500
G1 X175.81 Y10.85 F1500
G1 X177.07 Y12.19 F1500
G1 X178.32 Y10.93 F1500
G1 X178.74 Y11.11 F1500
G1 X179.37 Y11.91 F1500
G1 X180.00 Y12.34 F1500
G1 X180.00 Y12.55 F1500
G1 X180.00 Y12.76 F1500
G1 X180.00 Y12.97 F1500
G1 X180.00 Y13.18 F1500
G1 X180.00 Y13.39 F1500
G1 X180.00 Y13.39 F1500
G1 X179.37 Y13.00 F1500
G1 X178.74 Y12.13 F1500
G1 X178.32 Y11.91 F1500
G1 X177.49 Y12.97 F1500
G1 X177.07 Y13.23 F1500
G1 X175.81 Y11.91 F1500
G1 X175.39 Y12.18 F1500
G1 X174.55 Y13.20 F1500
G1 X174.13 Y13.04 F1500
G1 X173.50 Y12.19 F1500
G1 X173.08 Y11.97 F1500
G1 X171.83 Y13.17 F1500
G1 X170.57 Y11.98 F1500
G1 X170.15 Y12.18 F1500
G1 X169.52 Y12.98 F1500
G1 X169.10 Y13.15 F1500
G1 X167.85 Y11.99 F1500
G1 X166.59 Y13.17 F1500
G1 X166.17 Y12.94 F1500
G1 X165.33 Y11.99 F1500
G1 X164.91 Y12.14 F1500
G1 X164.28 Y12.91 F1500
G1 X163.86 Y13.08 F1500
G1 X162.82 Y12.23 F1500
G1 X162.40 Y12.22 F1500
G1 X161.35 Y12.97 F1500
G1 X159.88 Y12.15 F1500
G1 X158.63 Y13.02 F1500
G1 X157.37 Y12.10 F1500
G1 X156.11 Y13.01 F1500
G1 X155.69 Y12.89 F1500
G1 X155.06 Y12.29 F1500
G1 X154.64 Y12.15 F1500
G1 X153.60 Y12.94 F1500
G1 X153.18 Y12.95 F1500
G1 X152.13 Y12.14 F1500
G1 X151.71 Y12.28 F1500
G1 X150.87 Y13.01 F1500
G1 X150.45 Y12.91 F1500
G1 X149.83 Y12.30 F1500
G1 X149.41 Y12.16 F1500
G1 X148.15 Y12.84 F1500
G1 X146.68 Y12.31 F1500
G1 X145.42 Y13.04 F1500
G1 X144.17 Y11.87 F1500
G1 X142.91 Y13.26 F1500
G1 X142.49 Y13.01 F1500
G1 X141.65 Y11.96 F1500
G1 X141.23 Y12.10 F1500
G1 X140.61 Y12.93 F1500
G1 X140.19 Y13.15 F1500
G1 X138.93 Y12.04 F1500
G1 X138.51 Y12.26 F1500
G1 X137.67 Y13.10 F1500
G1 X137.25 Y12.95 F1500
G1 X136.62 Y12.22 F1500
G1 X136.20 Y12.07 F1500
G1 X134.95 Y13.07 F1500
G1 X133.69 Y12.12 F1500
G1 X133.27 Y12.28 F1500
G1 X132.43 Y13.02 F1500
G1 X132.01 Y12.91 F1500
G1 X131.39 Y12.29 F1500
G1 X130.97 Y12.11 F1500
G1 X129.71 Y13.02 F1500
G1 X128.45 Y12.14 F1500
G1 X128.03 Y12.27 F1500
G1 X127.19 Y12.99 F1500
G1 X126.78 Y12.92 F1500
G1 X125.73 Y12.14 F1500
G1 X124.47 Y13.00 F1500
G1 X124.05 Y12.84 F1500
G1 X123.42 Y12.27 F1500
G1 X123.00 Y12.16 F1500
G1 X121.75 Y13.01 F1500
G1 X120.49 Y12.11 F1500
G1 X120.07 Y12.29 F1500
G1 X119.23 Y13.07 F1500
G1 X118.81 Y12.91 F1500
G1 X117.76 Y11.93 F1500
G1 X117.35 Y12.23 F1500
G1 X116.93 Y13.17 F1500
G1 X116.51 Y13.62 F1500
G1 X116.30 Y13.48 F1500
G1 X115.25 Y11.53 F1500
G1 X114.83 Y11.91 F1500
G1 X114.20 Y13.34 F1500
G1 X113.99 Y13.59 F1500
G1 X113.78 Y13.59 F1500
G1 X112.95 Y11.92 F1500
G1 X112.53 Y11.53 F1500
G1 X111.48 Y13.47 F1500
G1 X111.27 Y13.62 F1500
G1 X110.85 Y13.17 F1500
G1 X110.01 Y11.54 F1500
G1 X109.59 Y11.86 F1500
G1 X109.17 Y12.72 F1500
G1 X108.96 Y12.57 F1500
G1 X107.29 Y12.52 F1500
G1 X106.66 Y12.57 F1500
G1 X106.03 Y12.83 F1500
G1 X105.61 Y12.79 F1500
G1 X104.77 Y12.18 F1500
G1 X104.56 Y12.54 F1500
G1 X103.93 Y12.58 F1500
G1 X94.92 Y12.60 F1500
G1 X94.09 Y12.33 F1500
G1 X93.04 Y12.66 F1500
G1 X92.20 Y12.60 F1500
G1 X91.78 Y12.28 F1500
G1 X91.36 Y12.19 F1500
G1 X90.52 Y12.84 F1500
G1 X89.90 Y12.82 F1500
G1 X88.85 Y12.26 F1500
G1 X87.59 Y12.85 F1500
G1 X86.33 Y12.30 F1500
G1 X85.29 Y12.73 F1500
G1 X83.61 Y12.43 F1500
G1 X82.14 Y12.90 F1500
G1 X80.88 Y12.33 F1500
G1 X79.84 Y12.82 F1500
G1 X78.16 Y12.24 F1500
G1 X77.11 Y12.83 F1500
G1 X75.86 Y12.29 F1500
G1 X74.18 Y12.83 F1500
G1 X73.34 Y12.36 F1500
G1 X72.92 Y12.29 F1500
G1 X72.08 Y12.80 F1500
G1 X71.66 Y12.83 F1500
G1 X70.20 Y12.26 F1500
G1 X69.15 Y13.00 F1500
G1 X68.10 Y12.29 F1500
G1 X67.47 Y12.35 F1500
G1 X66.64 Y12.97 F1500
G1 X66.01 Y12.82 F1500
G1 X65.17 Y12.05 F1500
G1 X64.96 Y12.09 F1500
G1 X64.12 Y12.98 F1500
G1 X63.49 Y12.90 F1500
G1 X62.86 Y12.27 F1500
G1 X62.44 Y12.09 F1500
G1 X62.03 Y12.35 F1500
G1 X61.61 Y12.92 F1500
G1 X60.98 Y13.02 F1500
G1 X60.14 Y12.02 F1500
G1 X59.93 Y11.97 F1500
G1 X58.67 Y13.10 F1500
G1 X58.25 Y12.97 F1500
G1 X57.42 Y11.76 F1500
G1 X57.21 Y11.72 F1500
G1 X56.37 Y12.95 F1500
G1 X55.95 Y13.25 F1500
G1 X55.53 Y12.93 F1500
G1 X54.69 Y11.78 F1500
G1 X54.48 Y11.79 F1500
G1 X53.64 Y13.11 F1500
G1 X53.22 Y13.41 F1500
G1 X52.39 Y12.11 F1500
G1 X51.97 Y11.80 F1500
G1 X51.76 Y11.91 F1500
G1 X50.92 Y13.25 F1500
G1 X50.71 Y13.32 F1500
G1 X49.45 Y11.93 F1500
G1 X49.24 Y11.94 F1500
G1 X48.61 Y12.70 F1500
G1 X48.20 Y12.95 F1500
G1 X47.15 Y12.47 F1500
G1 X46.52 Y12.54 F1500
G1 X46.31 Y12.23 F1500
G1 X45.47 Y13.45 F1500
G1 X45.05 Y13.11 F1500
G1 X44.42 Y11.98 F1500
G1 X44.00 Y11.75 F1500
G1 X43.17 Y13.11 F1500
G1 X42.75 Y13.45 F1500
G1 X41.49 Y11.68 F1500
G1 X41.07 Y12.06 F1500
G1 X40.44 Y13.26 F1500
G1 X40.02 Y13.43 F1500
G1 X39.19 Y11.96 F1500
G1 X38.77 Y11.67 F1500
G1 X37.72 Y13.42 F1500
G1 X37.51 Y13.52 F1500
G1 X37.30 Y13.39 F1500
G1 X36.25 Y11.58 F1500
G1 X35.83 Y11.93 F1500
G1 X34.99 Y13.55 F1500
G1 X34.78 Y13.54 F1500
G1 X34.58 Y13.27 F1500
G1 X33.74 Y11.90 F1500
G1 X33.53 Y11.92 F1500
G1 X32.69 Y12.81 F1500
G1 X32.27 Y12.99 F1500
G1 X31.01 Y12.24 F1500
G1 X29.55 Y12.90 F1500
G1 X28.50 Y12.23 F1500
G1 X28.08 Y12.20 F1500
G1 X27.03 Y13.23 F1500
G1 X26.61 Y13.02 F1500
G1 X25.98 Y11.94 F1500
G1 X25.56 Y11.71 F1500
G1 X24.73 Y13.15 F1500
G1 X24.31 Y13.47 F1500
G1 X23.26 Y11.78 F1500
G1 X23.05 Y11.66 F1500
G1 X22.84 Y11.76 F1500
G1 X21.79 Y13.46 F1500
G1 X21.37 Y13.18 F1500
G1 X20.75 Y11.95 F1500
G1 X20.33 Y11.69 F1500
G1 X19.49 Y13.10 F1500
G1 X19.07 Y13.48 F1500
G1 X17.81 Y11.65 F1500
G1 X17.39 Y12.00 F1500
G1 X16.55 Y13.47 F1500
G1 X16.34 Y13.48 F1500
G1 X16.14 Y13.25 F1500
G1 X15.51 Y11.96 F1500
G1 X15.09 Y11.62 F1500
G1 X14.04 Y13.19 F1500
G1 X13.62 Y13.05 F1500
G1 X12.57 Y12.15 F1500
G1 X11.11 Y12.92 F1500
G1 X9.85 Y12.15 F1500
G1 X8.59 Y12.99 F1500
G1 X7.33 Y12.19 F1500
G1 X6.92 Y12.29 F1500
G1 X6.29 Y12.83 F1500
G1 X5.87 Y12.98 F1500
G1 X4.61 Y12.15 F1500
G1 X3.35 Y13.00 F1500
G1 X2.93 Y12.85 F1500
G1 X2.10 Y12.16 F1500
G1 X1.68 Y12.24 F1500
G1 X0.63 Y13.03 F1500
G1 X0.00 Y12.57 F1500
G1 X0.00 Y12.78 F1500
G1 X0.00 Y12.99 F1500
G1 X0.00 Y13.20 F1500
G1 X0.00 Y13.41 F1500
G1 X0.00 Y13.62 F1500
G1 X0.00 Y13.62 F1500
G1 X0.63 Y14.07 F1500
G1 X1.68 Y13.28 F1500
G1 X2.10 Y13.19 F1500
G1 X2.93 Y13.91 F1500
G1 X3.35 Y14.05 F1500
G1 X4.61 Y13.20 F1500
G1 X5.87 Y14.02 F1500
G1 X6.29 Y13.88 F1500
G1 X6.92 Y13.34 F1500
G1 X7.33 Y13.24 F1500
G1 X8.59 Y14.01 F1500
G1 X9.85 Y13.28 F1500
G1 X11.32 Y13.97 F1500
G1 X12.57 Y13.14 F1500
G1 X12.99 Y13.38 F1500
G1 X13.83 Y14.44 F1500
G1 X14.25 Y14.11 F1500
G1 X15.09 Y12.68 F1500
G1 X15.51 Y13.01 F1500
G1 X16.14 Y14.28 F1500
G1 X16.55 Y14.51 F1500
G1 X17.39 Y13.06 F1500
G1 X17.81 Y12.71 F1500
G1 X19.07 Y14.53 F1500
G1 X19.49 Y14.15 F1500
G1 X20.33 Y12.73 F1500
G1 X20.75 Y12.99 F1500
G1 X21.37 Y14.23 F1500
G1 X21.79 Y14.52 F1500
G1 X22.63 Y13.11 F1500
G1 X23.05 Y12.71 F1500
G1 X23.26 Y12.83 F1500
G1 X24.31 Y14.52 F1500
G1 X24.73 Y14.20 F1500
G1 X25.56 Y12.75 F1500
G1 X25.98 Y12.99 F1500
G1 X26.61 Y14.08 F1500
G1 X27.03 Y14.28 F1500
G1 X28.08 Y13.25 F1500
G1 X28.50 Y13.28 F1500
G1 X29.55 Y13.96 F1500
G1 X31.01 Y13.28 F1500
G1 X32.27 Y14.05 F1500
G1 X32.69 Y13.86 F1500
G1 X33.32 Y13.13 F1500
G1 X33.74 Y12.96 F1500
G1 X34.58 Y14.32 F1500
G1 X34.99 Y14.60 F1500
G1 X35.83 Y12.99 F1500
G1 X36.25 Y12.62 F1500
G1 X37.30 Y14.45 F1500
G1 X37.51 Y14.57 F1500
G1 X37.72 Y14.47 F1500
G1 X38.77 Y12.73 F1500
G1 X39.19 Y13.01 F1500
G1 X39.81 Y14.23 F1500
G1 X40.23 Y14.50 F1500
G1 X41.07 Y13.10 F1500
G1 X41.49 Y12.72 F1500
G1 X42.75 Y14.49 F1500
G1 X43.17 Y14.16 F1500
G1 X44.00 Y12.79 F1500
G1 X44.42 Y13.01 F1500
G1 X45.05 Y14.17 F1500
G1 X45.47 Y14.48 F1500
G1 X46.31 Y13.43 F1500
G1 X46.52 Y13.62 F1500
G1 X47.15 Y13.54 F1500
G1 X47.78 Y13.91 F1500
G1 X48.20 Y13.97 F1500
G1 X49.24 Y13.05 F1500
G1 X49.45 Y13.02 F1500
G1 X50.29 Y14.01 F1500
G1 X50.71 Y14.25 F1500
G1 X51.13 Y13.98 F1500
G1 X51.55 Y13.23 F1500
G1 X51.97 Y12.84 F1500
G1 X52.39 Y13.10 F1500
G1 X53.22 Y14.42 F1500
G1 X53.64 Y14.19 F1500
G1 X54.27 Y13.16 F1500
G1 X54.69 Y12.94 F1500
G1 X55.95 Y14.47 F1500
G1 X56.16 Y14.40 F1500
G1 X56.79 Y13.40 F1500
G1 X57.21 Y13.04 F1500
G1 X57.63 Y13.23 F1500
G1 X58.25 Y14.02 F1500
G1 X58.67 Y14.18 F1500
G1 X59.72 Y13.15 F1500
G1 X60.14 Y13.11 F1500
G1 X60.98 Y14.31 F1500
G1 X61.61 Y13.95 F1500
G1 X62.44 Y13.15 F1500
G1 X62.86 Y13.22 F1500
G1 X63.28 Y13.72 F1500
G1 X63.91 Y14.11 F1500
G1 X64.12 Y14.06 F1500
G1 X64.75 Y13.35 F1500
G1 X65.17 Y13.22 F1500
G1 X66.64 Y14.11 F1500
G1 X67.47 Y13.31 F1500
G1 X67.89 Y13.37 F1500
G1 X68.10 Y13.23 F1500
G1 X68.52 Y13.69 F1500
G1 X69.15 Y13.92 F1500
G1 X70.41 Y13.34 F1500
G1 X71.87 Y13.97 F1500
G1 X72.71 Y13.40 F1500
G1 X73.13 Y13.30 F1500
G1 X74.39 Y13.98 F1500
G1 X75.44 Y13.28 F1500
G1 X75.86 Y13.22 F1500
G1 X77.11 Y14.01 F1500
G1 X77.95 Y13.44 F1500
G1 X78.58 Y13.32 F1500
G1 X79.63 Y13.96 F1500
G1 X81.09 Y13.31 F1500
G1 X81.93 Y13.75 F1500
G1 X82.35 Y13.76 F1500
G1 X83.82 Y13.35 F1500
G1 X84.87 Y13.88 F1500
G1 X86.12 Y13.29 F1500
G1 X87.17 Y13.76 F1500
G1 X87.80 Y13.87 F1500
G1 X88.85 Y13.23 F1500
G1 X89.27 Y13.39 F1500
G1 X89.90 Y13.95 F1500
G1 X91.36 Y13.40 F1500
G1 X92.83 Y13.74 F1500
G1 X93.67 Y13.60 F1500
G1 X95.55 Y13.70 F1500
G1 X96.81 Y13.51 F1500
G1 X98.07 Y13.70 F1500
G1 X101.84 Y13.58 F1500
G1 X103.93 Y13.68 F1500
G1 X104.35 Y13.29 F1500
G1 X104.98 Y13.20 F1500
G1 X105.40 Y13.68 F1500
G1 X106.24 Y14.00 F1500
G1 X107.29 Y13.04 F1500
G1 X107.71 Y13.57 F1500
G1 X108.13 Y13.75 F1500
G1 X108.54 Y13.64 F1500
G1 X108.75 Y14.25 F1500
G1 X108.96 Y14.32 F1500
G1 X109.59 Y12.91 F1500
G1 X110.01 Y12.59 F1500
G1 X110.85 Y14.22 F1500
G1 X111.27 Y14.67 F1500
G1 X111.48 Y14.52 F1500
G1 X112.53 Y12.58 F1500
G1 X112.95 Y12.96 F1500
G1 X113.78 Y14.64 F1500
G1 X113.99 Y14.64 F1500
G1 X114.20 Y14.39 F1500
G1 X114.83 Y12.96 F1500
G1 X115.25 Y12.58 F1500
G1 X116.30 Y14.51 F1500
G1 X116.51 Y14.58 F1500
G1 X117.35 Y13.40 F1500
G1 X117.76 Y13.14 F1500
G1 X118.18 Y13.30 F1500
G1 X119.02 Y14.11 F1500
G1 X119.44 Y14.00 F1500
G1 X120.07 Y13.36 F1500
G1 X120.49 Y13.19 F1500
G1 X121.75 Y14.05 F1500
G1 X123.00 Y13.21 F1500
G1 X123.42 Y13.32 F1500
G1 X124.05 Y13.89 F1500
G1 X124.47 Y14.04 F1500
G1 X125.73 Y13.19 F1500
G1 X126.98 Y14.06 F1500
G1 X127.40 Y13.92 F1500
G1 X128.03 Y13.32 F1500
G1 X128.45 Y13.19 F1500
G1 X129.71 Y14.06 F1500
G1 X130.97 Y13.18 F1500
G1 X131.39 Y13.35 F1500
G1 X132.22 Y14.06 F1500
G1 X132.64 Y13.94 F1500
G1 X133.27 Y13.33 F1500
G1 X133.69 Y13.16 F1500
G1 X134.95 Y14.12 F1500
G1 X136.20 Y13.10 F1500
G1 X136.62 Y13.27 F1500
G1 X137.25 Y14.00 F1500
G1 X137.67 Y14.15 F1500
G1 X138.51 Y13.29 F1500
G1 X138.93 Y13.07 F1500
G1 X140.19 Y14.22 F1500
G1 X140.61 Y13.99 F1500
G1 X141.23 Y13.15 F1500
G1 X141.65 Y13.00 F1500
G1 X142.49 Y14.05 F1500
G1 X142.91 Y14.32 F1500
G1 X143.12 Y14.23 F1500
G1 X143.75 Y13.21 F1500
G1 X144.17 Y12.98 F1500
G1 X145.01 Y13.81 F1500
G1 X145.42 Y13.98 F1500
G1 X146.47 Y13.44 F1500
G1 X146.89 Y13.40 F1500
G1 X148.15 Y13.97 F1500
G1 X149.41 Y13.19 F1500
G1 X149.83 Y13.34 F1500
G1 X150.45 Y13.97 F1500
G1 X150.87 Y14.06 F1500
G1 X151.71 Y13.32 F1500
G1 X152.13 Y13.19 F1500
G1 X153.39 Y14.04 F1500
G1 X154.64 Y13.21 F1500
G1 X155.06 Y13.34 F1500
G1 X155.69 Y13.93 F1500
G1 X156.11 Y14.05 F1500
G1 X157.37 Y13.18 F1500
G1 X158.63 Y14.06 F1500
G1 X159.88 Y13.19 F1500
G1 X160.30 Y13.32 F1500
G1 X160.93 Y13.88 F1500
G1 X161.35 Y13.99 F1500
G1 X162.61 Y13.21 F1500
G1 X163.03 Y13.37 F1500
G1 X163.86 Y14.16 F1500
G1 X164.28 Y13.97 F1500
G1 X164.91 Y13.21 F1500
G1 X165.33 Y13.07 F1500
G1 X166.17 Y13.98 F1500
G1 X166.59 Y14.21 F1500
G1 X167.85 Y13.05 F1500
G1 X168.27 Y13.29 F1500
G1 X169.10 Y14.16 F1500
G1 X169.52 Y14.01 F1500
G1 X170.15 Y13.22 F1500
G1 X170.57 Y13.02 F1500
G1 X171.83 Y14.23 F1500
G1 X173.08 Y13.02 F1500
G1 X173.50 Y13.24 F1500
G1 X174.13 Y14.07 F1500
G1 X174.55 Y14.23 F1500
G1 X175.39 Y13.23 F1500
G1 X175.81 Y12.99 F1500
G1 X177.07 Y14.28 F1500
G1 X177.49 Y14.00 F1500
G1 X178.32 Y12.98 F1500
G1 X178.74 Y13.17 F1500
G1 X179.37 Y14.03 F1500
G1 X180.00 Y14.44 F1500
G1 X180.00 Y14.65 F1500
G1 X180.00 Y14.86 F1500
G1 X180.00 Y15.07 F1500
G1 X180.00 Y15.28 F1500
G1 X180.00 Y15.49 F1500
G1 X180.00 Y15.49 F1500
G1 X179.79 Y15.28 F1500
G1 X179.58 Y15.30 F1500
G1 X178.74 Y14.22 F1500
G1 X178.32 Y14.04 F1500
G1 X177.49 Y15.03 F1500
G1 X177.07 Y15.30 F1500
G1 X175.81 Y14.05 F1500
G1 X175.39 Y14.28 F1500
G1 X174.76 Y15.12 F1500
G1 X174.34 Y15.26 F1500
G1 X173.50 Y14.28 F1500
G1 X173.08 Y14.07 F1500
G1 X171.83 Y15.28 F1500
G1 X170.57 Y14.08 F1500
G1 X170.15 Y14.27 F1500
G1 X169.52 Y15.06 F1500
G1 X169.10 Y15.22 F1500
G1 X167.85 Y14.09 F1500
G1 X166.59 Y15.27 F1500
G1 X166.17 Y15.04 F1500
G1 X165.33 Y14.09 F1500
G1 X164.91 Y14.25 F1500
G1 X164.28 Y15.04 F1500
G1 X163.86 Y15.24 F1500
G1 X163.03 Y14.39 F1500
G1 X162.61 Y14.20 F1500
G1 X161.35 Y15.05 F1500
G1 X159.88 Y14.25 F1500
G1 X158.63 Y15.12 F1500
G1 X157.37 Y14.21 F1500
G1 X156.11 Y15.11 F1500
G1 X155.69 Y14.98 F1500
G1 X154.85 Y14.28 F1500
G1 X154.44 Y14.32 F1500
G1 X153.39 Y15.09 F1500
G1 X152.34 Y14.32 F1500
G1 X151.92 Y14.25 F1500
G1 X151.08 Y14.99 F1500
G1 X150.66 Y15.11 F1500
G1 X149.41 Y14.21 F1500
G1 X148.15 Y15.05 F1500
G1 X146.89 Y14.42 F1500
G1 X145.63 Y14.94 F1500
G1 X145.22 Y14.92 F1500
G1 X144.17 Y14.09 F1500
G1 X143.75 Y14.30 F1500
G1 X143.12 Y15.21 F1500
G1 X142.70 Y15.35 F1500
G1 X141.86 Y14.19 F1500
G1 X141.44 Y14.02 F1500
G1 X140.61 Y15.05 F1500
G1 X140.19 Y15.27 F1500
G1 X138.93 Y14.12 F1500
G1 X137.67 Y15.19 F1500
G1 X137.25 Y15.04 F1500
G1 X136.62 Y14.31 F1500
G1 X136.20 Y14.16 F1500
G1 X134.95 Y15.16 F1500
G1 X133.69 Y14.21 F1500
G1 X133.27 Y14.37 F1500
G1 X132.43 Y15.10 F1500
G1 X132.01 Y15.00 F1500
G1 X131.39 Y14.39 F1500
G1 X130.97 Y14.22 F1500
G1 X129.71 Y15.11 F1500
G1 X128.45 Y14.24 F1500
G1 X128.03 Y14.36 F1500
G1 X127.40 Y14.97 F1500
G1 X126.98 Y15.11 F1500
G1 X125.73 Y14.22 F1500
G1 X124.47 Y15.09 F1500
G1 X124.05 Y14.94 F1500
G1 X123.42 Y14.36 F1500
G1 X123.00 Y14.25 F1500
G1 X122.17 Y14.94 F1500
G1 X121.75 Y15.10 F1500
G1 X120.49 Y14.23 F1500
G1 X120.07 Y14.42 F1500
G1 X119.44 Y15.02 F1500
G1 X119.02 Y15.13 F1500
G1 X118.18 Y14.32 F1500
G1 X117.76 Y14.17 F1500
G1 X116.72 Y15.16 F1500
G1 X116.30 Y15.31 F1500
G1 X115.25 Y13.63 F1500
G1 X114.83 Y14.01 F1500
G1 X114.20 Y15.43 F1500
G1 X113.99 Y15.68 F1500
G1 X113.78 Y15.68 F1500
G1 X112.95 Y14.01 F1500
G1 X112.53 Y13.63 F1500
G1 X111.48 Y15.57 F1500
G1 X111.27 Y15.72 F1500
G1 X110.85 Y15.27 F1500
G1 X110.01 Y13.64 F1500
G1 X109.59 Y13.96 F1500
G1 X108.96 Y15.38 F1500
G1 X108.75 Y15.66 F1500
G1 X108.54 Y15.69 F1500
G1 X108.13 Y14.67 F1500
G1 X107.92 Y14.66 F1500
G1 X107.50 Y14.29 F1500
G1 X106.87 Y14.47 F1500
G1 X106.03 Y15.26 F1500
G1 X105.82 Y15.26 F1500
G1 X105.19 Y14.49 F1500
G1 X104.77 Y14.33 F1500
G1 X104.35 Y14.39 F1500
G1 X103.52 Y15.06 F1500
G1 X102.89 Y14.67 F1500
G1 X98.07 Y14.71 F1500
G1 X96.60 Y14.59 F1500
G1 X95.55 Y14.76 F1500
G1 X94.30 Y14.59 F1500
G1 X92.41 Y14.69 F1500
G1 X91.15 Y14.56 F1500
G1 X90.10 Y14.97 F1500
G1 X89.27 Y14.59 F1500
G1 X88.43 Y14.54 F1500
G1 X87.59 Y15.09 F1500
G1 X86.54 Y14.42 F1500
G1 X86.12 Y14.32 F1500
G1 X85.29 Y14.83 F1500
G1 X84.66 Y14.95 F1500
G1 X84.03 Y14.51 F1500
G1 X83.40 Y14.36 F1500
G1 X82.35 Y15.03 F1500
G1 X81.09 Y14.29 F1500
G1 X79.84 Y14.95 F1500
G1 X79.42 Y15.01 F1500
G1 X78.79 Y14.48 F1500
G1 X77.95 Y14.45 F1500
G1 X77.11 Y15.03 F1500
G1 X76.69 Y14.92 F1500
G1 X75.65 Y14.22 F1500
G1 X74.39 Y15.03 F1500
G1 X73.13 Y14.29 F1500
G1 X71.66 Y15.07 F1500
G1 X70.41 Y14.29 F1500
G1 X69.15 Y15.10 F1500
G1 X68.94 Y15.09 F1500
G1 X68.10 Y14.32 F1500
G1 X67.68 Y14.22 F1500
G1 X66.64 Y15.16 F1500
G1 X66.22 Y15.00 F1500
G1 X65.17 Y14.08 F1500
G1 X64.12 Y15.07 F1500
G1 X63.49 Y15.00 F1500
G1 X62.65 Y14.15 F1500
G1 X62.24 Y14.32 F1500
G1 X61.61 Y14.98 F1500
G1 X61.19 Y15.18 F1500
G1 X60.77 Y14.92 F1500
G1 X59.93 Y13.94 F1500
G1 X59.72 Y13.93 F1500
G1 X59.09 Y14.89 F1500
G1 X58.67 Y15.22 F1500
G1 X58.25 Y15.07 F1500
G1 X57.63 Y14.31 F1500
G1 X57.21 Y14.10 F1500
G1 X55.95 Y15.27 F1500
G1 X55.53 Y15.01 F1500
G1 X54.69 Y13.90 F1500
G1 X54.27 Y14.20 F1500
G1 X53.43 Y15.48 F1500
G1 X53.22 Y15.49 F1500
G1 X52.39 Y14.15 F1500
G1 X51.97 Y13.83 F1500
G1 X51.13 Y15.00 F1500
G1 X50.71 Y15.27 F1500
G1 X49.45 Y14.12 F1500
G1 X48.20 Y15.03 F1500
G1 X47.99 Y15.06 F1500
G1 X46.94 Y14.49 F1500
G1 X46.52 Y14.67 F1500
G1 X46.10 Y14.63 F1500
G1 X45.47 Y15.55 F1500
G1 X45.05 Y15.23 F1500
G1 X44.42 Y14.05 F1500
G1 X44.00 Y13.83 F1500
G1 X43.17 Y15.22 F1500
G1 X42.75 Y15.54 F1500
G1 X41.49 Y13.78 F1500
G1 X41.07 Y14.15 F1500
G1 X40.23 Y15.56 F1500
G1 X39.81 Y15.29 F1500
G1 X39.19 Y14.05 F1500
G1 X38.77 Y13.77 F1500
G1 X37.72 Y15.50 F1500
G1 X37.51 Y15.60 F1500
G1 X37.09 Y15.15 F1500
G1 X36.25 Y13.66 F1500
G1 X35.83 Y14.03 F1500
G1 X34.99 Y15.66 F1500
G1 X34.58 Y15.37 F1500
G1 X33.74 Y14.01 F1500
G1 X33.32 Y14.18 F1500
G1 X32.48 Y15.06 F1500
G1 X32.06 Y15.01 F1500
G1 X31.01 Y14.30 F1500
G1 X29.55 Y15.02 F1500
G1 X28.29 Y14.27 F1500
G1 X27.87 Y14.44 F1500
G1 X27.03 Y15.32 F1500
G1 X26.82 Y15.33 F1500
G1 X25.98 Y14.04 F1500
G1 X25.56 Y13.83 F1500
G1 X24.73 Y15.24 F1500
G1 X24.31 Y15.57 F1500
G1 X23.26 Y13.86 F1500
G1 X23.05 Y13.73 F1500
G1 X22.84 Y13.84 F1500
G1 X21.79 Y15.58 F1500
G1 X21.37 Y15.28 F1500
G1 X20.75 Y14.02 F1500
G1 X20.33 Y13.76 F1500
G1 X19.49 Y15.20 F1500
G1 X19.07 Y15.58 F1500
G1 X17.81 Y13.74 F1500
G1 X17.39 Y14.10 F1500
G1 X16.55 Y15.57 F1500
G1 X16.14 Y15.33 F1500
G1 X15.51 Y14.07 F1500
G1 X15.09 Y13.73 F1500
G1 X14.04 Y15.49 F1500
G1 X13.83 Y15.61 F1500
G1 X13.62 Y15.50 F1500
G1 X12.99 Y14.36 F1500
G1 X12.57 Y14.05 F1500
G1 X11.32 Y15.07 F1500
G1 X9.85 Y14.38 F1500
G1 X8.80 Y14.98 F1500
G1 X8.38 Y15.03 F1500
G1 X7.33 Y14.28 F1500
G1 X6.92 Y14.39 F1500
G1 X6.29 Y14.94 F1500
G1 X5.87 Y15.08 F1500
G1 X4.61 Y14.25 F1500
G1 X3.35 Y15.10 F1500
G1 X2.93 Y14.94 F1500
G1 X2.10 Y14.25 F1500
G1 X1.68 Y14.34 F1500
G1 X0.63 Y15.12 F1500
G1 X0.00 Y14.67 F1500
G1 X0.00 Y14.88 F1500
G1 X0.00 Y15.09 F1500
G1 X0.00 Y15.30 F1500
G1 X0.00 Y15.51 F1500
G1 X0.00 Y15.72 F1500
G1 X0.00 Y15.72 F1500
G1 X0.63 Y16.17 F1500
G1 X1.68 Y15.39 F1500
G1 X2.10 Y15.30 F1500
G1 X2.93 Y15.99 F1500
G1 X3.35 Y16.13 F1500
G1 X4.61 Y15.30 F1500
G1 X5.87 Y16.13 F1500
G1 X6.29 Y15.99 F1500
G1 X7.12 Y15.32 F1500
G1 X7.54 Y15.42 F1500
G1 X8.38 Y16.04 F1500
G1 X9.85 Y15.40 F1500
G1 X11.32 Y16.18 F1500
G1 X12.57 Y14.90 F1500
G1 X12.78 Y15.00 F1500
G1 X13.41 Y16.25 F1500
G1 X13.83 Y16.66 F1500
G1 X14.04 Y16.54 F1500
G1 X15.09 Y14.79 F1500
G1 X15.51 Y15.11 F1500
G1 X16.14 Y16.39 F1500
G1 X16.55 Y16.62 F1500
G1 X17.39 Y15.16 F1500
G1 X17.81 Y14.81 F1500
G1 X19.07 Y16.64 F1500
G1 X19.49 Y16.26 F1500
G1 X20.33 Y14.80 F1500
G1 X20.75 Y15.07 F1500
G1 X21.37 Y16.33 F1500
G1 X21.79 Y16.61 F1500
G1 X22.63 Y15.19 F1500
G1 X23.05 Y14.78 F1500
G1 X23.26 Y14.90 F1500
G1 X24.10 Y16.48 F1500
G1 X24.31 Y16.63 F1500
G1 X24.73 Y16.30 F1500
G1 X25.56 Y14.83 F1500
G1 X25.98 Y15.07 F1500
G1 X26.61 Y16.19 F1500
G1 X27.03 Y16.37 F1500
G1 X28.08 Y15.35 F1500
G1 X28.50 Y15.37 F1500
G1 X29.55 Y16.06 F1500
G1 X31.01 Y15.37 F1500
G1 X32.27 Y16.13 F1500
G1 X32.69 Y15.96 F1500
G1 X33.32 Y15.23 F1500
G1 X33.74 Y15.06 F1500
G1 X34.58 Y16.42 F1500
G1 X34.78 Y16.69 F1500
G1 X34.99 Y16.72 F1500
G1 X35.83 Y15.07 F1500
G1 X36.25 Y14.73 F1500
G1 X37.30 Y16.52 F1500
G1 X37.51 Y16.64 F1500
G1 X37.93 Y16.24 F1500
G1 X38.77 Y14.82 F1500
G1 X39.19 Y15.10 F1500
G1 X39.81 Y16.34 F1500
G1 X40.23 Y16.63 F1500
G1 X41.07 Y15.20 F1500
G1 X41.49 Y14.82 F1500
G1 X41.70 Y14.94 F1500
G1 X42.33 Y16.12 F1500
G1 X42.75 Y16.57 F1500
G1 X43.17 Y16.25 F1500
G1 X43.80 Y15.08 F1500
G1 X44.21 Y14.87 F1500
G1 X45.05 Y16.27 F1500
G1 X45.47 Y16.61 F1500
G1 X46.10 Y15.68 F1500
G1 X46.52 Y15.72 F1500
G1 X46.94 Y15.38 F1500
G1 X47.57 Y15.85 F1500
G1 X47.99 Y15.83 F1500
G1 X48.20 Y16.10 F1500
G1 X48.41 Y16.09 F1500
G1 X49.03 Y15.40 F1500
G1 X49.45 Y15.25 F1500
G1 X49.87 Y15.52 F1500
G1 X50.29 Y16.10 F1500
G1 X50.71 Y16.27 F1500
G1 X51.13 Y16.02 F1500
G1 X51.97 Y15.00 F1500
G1 X52.39 Y15.25 F1500
G1 X53.22 Y16.54 F1500
G1 X53.64 Y16.27 F1500
G1 X54.27 Y15.26 F1500
G1 X54.69 Y15.11 F1500
G1 X55.95 Y16.27 F1500
G1 X56.37 Y16.04 F1500
G1 X57.00 Y15.22 F1500
G1 X57.42 Y15.19 F1500
G1 X57.83 Y15.54 F1500
G1 X58.25 Y16.25 F1500
G1 X58.67 Y16.36 F1500
G1 X59.93 Y15.14 F1500
G1 X61.19 Y16.23 F1500
G1 X61.61 Y16.08 F1500
G1 X62.24 Y15.29 F1500
G1 X62.65 Y15.16 F1500
G1 X63.49 Y16.10 F1500
G1 X63.91 Y16.20 F1500
G1 X65.17 Y15.17 F1500
G1 X65.38 Y15.19 F1500
G1 X66.22 Y16.11 F1500
G1 X66.85 Y15.95 F1500
G1 X67.89 Y15.29 F1500
G1 X68.10 Y15.32 F1500
G1 X68.73 Y16.01 F1500
G1 X69.15 Y16.14 F1500
G1 X70.20 Y15.25 F1500
G1 X70.41 Y15.25 F1500
G1 X71.87 Y16.18 F1500
G1 X72.92 Y15.36 F1500
G1 X73.34 Y15.46 F1500
G1 X74.18 Y16.03 F1500
G1 X74.60 Y16.03 F1500
G1 X75.65 Y15.27 F1500
G1 X76.69 Y16.04 F1500
G1 X77.32 Y15.96 F1500
G1 X77.95 Y15.43 F1500
G1 X78.58 Y15.36 F1500
G1 X79.63 Y16.08 F1500
G1 X80.05 Y15.94 F1500
G1 X80.88 Y15.30 F1500
G1 X82.35 Y16.19 F1500
G1 X83.19 Y15.52 F1500
G1 X83.82 Y15.24 F1500
G1 X84.66 Y16.01 F1500
G1 X85.08 Y16.12 F1500
G1 X86.33 Y15.20 F1500
G1 X86.96 Y15.73 F1500
G1 X87.80 Y15.94 F1500
G1 X88.43 Y15.59 F1500
G1 X89.06 Y15.54 F1500
G1 X90.31 Y15.76 F1500
G1 X91.78 Y15.57 F1500
G1 X92.83 Y15.92 F1500
G1 X94.09 Y15.62 F1500
G1 X95.34 Y15.77 F1500
G1 X102.47 Y15.65 F1500
G1 X103.10 Y16.15 F1500
G1 X103.73 Y15.95 F1500
G1 X104.56 Y15.22 F1500
G1 X104.98 Y15.37 F1500
G1 X106.03 Y16.50 F1500
G1 X106.87 Y15.52 F1500
G1 X107.29 Y15.51 F1500
G1 X107.50 Y15.72 F1500
G1 X107.92 Y15.67 F1500
G1 X108.54 Y16.75 F1500
G1 X108.96 Y16.43 F1500
G1 X109.59 Y15.00 F1500
G1 X110.01 Y14.68 F1500
G1 X110.85 Y16.31 F1500
G1 X111.27 Y16.76 F1500
G1 X111.48 Y16.62 F1500
G1 X112.53 Y14.67 F1500
G1 X112.95 Y15.06 F1500
G1 X113.78 Y16.73 F1500
G1 X113.99 Y16.73 F1500
G1 X114.20 Y16.48 F1500
G1 X114.83 Y15.06 F1500
G1 X115.25 Y14.67 F1500
G1 X116.09 Y15.99 F1500
G1 X116.51 Y16.18 F1500
G1 X116.93 Y15.99 F1500
G1 X117.76 Y15.21 F1500
G1 X118.18 Y15.38 F1500
G1 X118.81 Y16.03 F1500
G1 X119.23 Y16.16 F1500
G1 X120.49 Y15.27 F1500
G1 X121.75 Y16.16 F1500
G1 X122.17 Y15.99 F1500
G1 X123.00 Y15.28 F1500
G1 X123.42 Y15.40 F1500
G1 X124.05 Y16.00 F1500
G1 X124.47 Y16.16 F1500
G1 X125.73 Y15.27 F1500
G1 X126.98 Y16.17 F1500
G1 X127.40 Y16.01 F1500
G1 X128.03 Y15.41 F1500
G1 X128.45 Y15.29 F1500
G1 X129.71 Y16.17 F1500
G1 X130.97 Y15.27 F1500
G1 X131.39 Y15.44 F1500
G1 X132.01 Y16.04 F1500
G1 X132.43 Y16.15 F1500
G1 X133.27 Y15.41 F1500
G1 X133.69 Y15.25 F1500
G1 X134.95 Y16.23 F1500
G1 X136.20 Y15.18 F1500
G1 X136.62 Y15.36 F1500
G1 X137.25 Y16.09 F1500
G1 X137.67 Y16.24 F1500
G1 X138.93 Y15.15 F1500
G1 X140.19 Y16.32 F1500
G1 X140.61 Y16.10 F1500
G1 X141.23 Y15.22 F1500
G1 X141.65 Y15.04 F1500
G1 X142.70 Y16.42 F1500
G1 X143.12 Y16.26 F1500
G1 X143.75 Y15.43 F1500
G1 X144.17 Y15.23 F1500
G1 X145.22 Y15.95 F1500
G1 X145.63 Y15.97 F1500
G1 X146.89 Y15.40 F1500
G1 X148.15 Y16.14 F1500
G1 X149.41 Y15.25 F1500
G1 X150.66 Y16.16 F1500
G1 X151.08 Y16.04 F1500
G1 X151.71 Y15.42 F1500
G1 X152.13 Y15.28 F1500
G1 X153.39 Y16.14 F1500
G1 X154.44 Y15.37 F1500
G1 X154.85 Y15.32 F1500
G1 X155.90 Y16.17 F1500
G1 X156.32 Y16.06 F1500
G1 X157.16 Y15.30 F1500
G1 X157.58 Y15.33 F1500
G1 X158.63 Y16.16 F1500
G1 X159.88 Y15.31 F1500
G1 X161.35 Y16.15 F1500
G1 X162.61 Y15.17 F1500
G1 X163.03 Y15.41 F1500
G1 X163.86 Y16.31 F1500
G1 X164.28 Y16.10 F1500
G1 X164.91 Y15.30 F1500
G1 X165.33 Y15.15 F1500
G1 X166.17 Y16.08 F1500
G1 X166.59 Y16.31 F1500
G1 X167.85 Y15.15 F1500
G1 X168.27 Y15.38 F1500
G1 X168.89 Y16.14 F1500
G1 X169.31 Y16.26 F1500
G1 X170.15 Y15.31 F1500
G1 X170.57 Y15.16 F1500
G1 X171.83 Y16.32 F1500
G1 X173.08 Y15.09 F1500
G1 X173.50 Y15.33 F1500
G1 X174.34 Y16.34 F1500
G1 X174.76 Y16.15 F1500
G1 X175.39 Y15.33 F1500
G1 X175.81 Y15.09 F1500
G1 X177.07 Y16.35 F1500
G1 X177.49 Y16.08 F1500
G1 X178.32 Y15.10 F1500
G1 X178.74 Y15.29 F1500
G1 X179.37 Y16.14 F1500
G1 X180.00 Y16.54 F1500
G1 X180.00 Y16.75 F1500
G1 X180.00 Y16.95 F1500
G1 X180.00 Y17.16 F1500
G1 X180.00 Y17.37 F1500
G1 X180.00 Y17.58 F1500
G1 X180.00 Y17.58 F1500
G1 X179.37 Y17.20 F1500
G1 X178.74 Y16.33 F1500
G1 X178.32 Y16.16 F1500
G1 X177.28 Y17.35 F1500
G1 X177.07 Y17.40 F1500
G1 X175.81 Y16.12 F1500
G1 X175.39 Y16.36 F1500
G1 X174.55 Y17.38 F1500
G1 X174.13 Y17.22 F1500
G1 X173.50 Y16.37 F1500
G1 X173.08 Y16.15 F1500
G1 X171.83 Y17.36 F1500
G1 X170.57 Y16.16 F1500
G1 X170.15 Y16.39 F1500
G1 X169.52 Y17.17 F1500
G1 X169.10 Y17.35 F1500
G1 X168.27 Y16.42 F1500
G1 X167.85 Y16.18 F1500
G1 X166.80 Y17.24 F1500
G1 X166.38 Y17.30 F1500
G1 X165.33 Y16.16 F1500
G1 X164.91 Y16.33 F1500
G1 X164.28 Y17.15 F1500
G1 X163.86 Y17.36 F1500
G1 X162.61 Y16.17 F1500
G1 X161.35 Y17.23 F1500
G1 X160.30 Y16.49 F1500
G1 X159.88 Y16.39 F1500
G1 X158.63 Y17.21 F1500
G1 X157.37 Y16.30 F1500
G1 X156.11 Y17.21 F1500
G1 X155.69 Y17.10 F1500
G1 X155.06 Y16.45 F1500
G1 X154.64 Y16.32 F1500
G1 X153.39 Y17.21 F1500
G1 X152.13 Y16.32 F1500
G1 X151.71 Y16.47 F1500
G1 X151.08 Y17.09 F1500
G1 X150.66 Y17.21 F1500
G1 X149.41 Y16.27 F1500
G1 X148.15 Y17.23 F1500
G1 X146.89 Y16.42 F1500
G1 X145.42 Y17.02 F1500
G1 X144.17 Y16.37 F1500
G1 X143.96 Y16.39 F1500
G1 X143.12 Y17.23 F1500
G1 X142.70 Y17.38 F1500
G1 X141.65 Y16.04 F1500
G1 X141.23 Y16.21 F1500
G1 X140.61 Y17.17 F1500
G1 X140.19 Y17.41 F1500
G1 X138.93 Y16.16 F1500
G1 X137.67 Y17.31 F1500
G1 X137.25 Y17.15 F1500
G1 X136.62 Y16.39 F1500
G1 X136.20 Y16.22 F1500
G1 X134.95 Y17.30 F1500
G1 X133.69 Y16.27 F1500
G1 X133.27 Y16.45 F1500
G1 X132.64 Y17.11 F1500
G1 X132.22 Y17.23 F1500
G1 X131.39 Y16.47 F1500
G1 X130.97 Y16.29 F1500
G1 X129.71 Y17.23 F1500
G1 X128.45 Y16.32 F1500
G1 X128.03 Y16.44 F1500
G1 X127.40 Y17.07 F1500
G1 X126.98 Y17.23 F1500
G1 X125.73 Y16.31 F1500
G1 X124.47 Y17.21 F1500
G1 X124.05 Y17.05 F1500
G1 X123.42 Y16.44 F1500
G1 X123.00 Y16.32 F1500
G1 X122.17 Y17.04 F1500
G1 X121.75 Y17.21 F1500
G1 X120.49 Y16.32 F1500
G1 X119.23 Y17.19 F1500
G1 X117.76 Y16.31 F1500
G1 X116.51 Y17.28 F1500
G1 X115.04 Y15.99 F1500
G1 X114.83 Y16.15 F1500
G1 X114.20 Y17.53 F1500
G1 X113.99 Y17.78 F1500
G1 X113.78 Y17.78 F1500
G1 X112.95 Y16.11 F1500
G1 X112.53 Y15.72 F1500
G1 X111.48 Y17.66 F1500
G1 X111.27 Y17.81 F1500
G1 X110.85 Y17.36 F1500
G1 X110.01 Y15.73 F1500
G1 X109.59 Y16.05 F1500
G1 X108.96 Y17.48 F1500
G1 X108.54 Y17.79 F1500
G1 X107.71 Y16.25 F1500
G1 X107.50 Y16.29 F1500
G1 X107.29 Y16.76 F1500
G1 X106.45 Y16.85 F1500
G1 X105.82 Y17.42 F1500
G1 X104.98 Y16.10 F1500
G1 X104.56 Y15.85 F1500
G1 X103.73 Y17.25 F1500
G1 X103.52 Y17.34 F1500
G1 X103.10 Y17.25 F1500
G1 X102.26 Y16.34 F1500
G1 X101.63 Y16.75 F1500
G1 X93.88 Y16.72 F1500
G1 X92.83 Y16.86 F1500
G1 X91.36 Y16.65 F1500
G1 X90.31 Y16.89 F1500
G1 X89.06 Y16.69 F1500
G1 X87.38 Y16.90 F1500
G1 X86.12 Y16.47 F1500
G1 X85.29 Y16.89 F1500
G1 X84.87 Y17.37 F1500
G1 X83.61 Y16.20 F1500
G1 X82.14 Y17.32 F1500
G1 X81.30 Y16.43 F1500
G1 X80.88 Y16.22 F1500
G1 X80.05 Y17.05 F1500
G1 X79.63 Y17.15 F1500
G1 X79.42 Y17.15 F1500
G1 X78.58 Y16.31 F1500
G1 X78.37 Y16.40 F1500
G1 X78.16 Y16.28 F1500
G1 X77.11 Y17.32 F1500
G1 X76.07 Y16.55 F1500
G1 X75.65 Y16.44 F1500
G1 X75.23 Y16.59 F1500
G1 X74.18 Y17.64 F1500
G1 X73.55 Y16.56 F1500
G1 X73.13 Y16.56 F1500
G1 X72.92 Y16.36 F1500
G1 X72.29 Y16.83 F1500
G1 X71.87 Y17.47 F1500
G1 X71.66 Y17.49 F1500
G1 X70.41 Y15.87 F1500
G1 X69.15 Y17.66 F1500
G1 X68.73 Y17.30 F1500
G1 X68.10 Y16.08 F1500
G1 X67.89 Y16.05 F1500
G1 X67.68 Y16.11 F1500
G1 X66.85 Y17.06 F1500
G1 X66.43 Y17.28 F1500
G1 X65.59 Y16.50 F1500
G1 X64.96 Y16.25 F1500
G1 X63.91 Y17.29 F1500
G1 X63.49 Y17.11 F1500
G1 X62.65 Y16.18 F1500
G1 X62.24 Y16.30 F1500
G1 X61.61 Y17.18 F1500
G1 X61.19 Y17.36 F1500
G1 X60.35 Y16.44 F1500
G1 X59.93 Y16.25 F1500
G1 X59.51 Y16.36 F1500
G1 X58.88 Y17.21 F1500
G1 X58.25 Y17.15 F1500
G1 X57.21 Y15.94 F1500
G1 X56.37 Y17.08 F1500
G1 X55.95 Y17.42 F1500
G1 X55.74 Y17.39 F1500
G1 X54.69 Y16.14 F1500
G1 X54.27 Y16.35 F1500
G1 X53.22 Y17.63 F1500
G1 X52.39 Y16.31 F1500
G1 X51.97 Y16.07 F1500
G1 X50.92 Y17.28 F1500
G1 X50.29 Y17.12 F1500
G1 X49.66 Y16.44 F1500
G1 X49.03 Y16.46 F1500
G1 X48.41 Y16.99 F1500
G1 X46.94 Y16.63 F1500
G1 X46.10 Y16.74 F1500
G1 X45.47 Y17.65 F1500
G1 X45.05 Y17.33 F1500
G1 X44.21 Y15.94 F1500
G1 X43.80 Y16.13 F1500
G1 X43.17 Y17.30 F1500
G1 X42.75 Y17.63 F1500
G1 X41.49 Y15.86 F1500
G1 X41.07 Y16.24 F1500
G1 X40.23 Y17.68 F1500
G1 X39.81 Y17.39 F1500
G1 X39.19 Y16.14 F1500
G1 X38.77 Y15.86 F1500
G1 X37.93 Y17.30 F1500
G1 X37.51 Y17.71 F1500
G1 X37.30 Y17.60 F1500
G1 X36.25 Y15.77 F1500
G1 X35.83 Y16.13 F1500
G1 X34.99 Y17.75 F1500
G1 X34.78 Y17.73 F1500
G1 X34.58 Y17.47 F1500
G1 X33.74 Y16.13 F1500
G1 X33.32 Y16.29 F1500
G1 X32.69 Y17.00 F1500
G1 X32.27 Y17.18 F1500
G1 X31.01 Y16.42 F1500
G1 X29.55 Y17.10 F1500
G1 X28.50 Y16.41 F1500
G1 X28.08 Y16.38 F1500
G1 X27.03 Y17.41 F1500
G1 X26.61 Y17.22 F1500
G1 X25.98 Y16.16 F1500
G1 X25.56 Y15.96 F1500
G1 X24.73 Y17.35 F1500
G1 X24.31 Y17.69 F1500
G1 X23.05 Y15.84 F1500
G1 X22.84 Y15.94 F1500
G1 X21.79 Y17.66 F1500
G1 X21.37 Y17.38 F1500
G1 X20.75 Y16.13 F1500
G1 X20.33 Y15.86 F1500
G1 X19.49 Y17.30 F1500
G1 X19.07 Y17.69 F1500
G1 X17.81 Y15.86 F1500
G1 X17.39 Y16.21 F1500
G1 X16.55 Y17.65 F1500
G1 X16.14 Y17.42 F1500
G1 X15.51 Y16.17 F1500
G1 X15.09 Y15.84 F1500
G1 X14.04 Y17.58 F1500
G1 X13.83 Y17.70 F1500
G1 X13.41 Y17.28 F1500
G1 X12.57 Y15.80 F1500
G1 X12.36 Y15.84 F1500
G1 X11.73 Y16.98 F1500
G1 X11.32 Y17.38 F1500
G1 X11.11 Y17.35 F1500
G1 X10.27 Y16.51 F1500
G1 X9.85 Y16.38 F1500
G1 X8.59 Y17.07 F1500
G1 X8.17 Y16.96 F1500
G1 X7.33 Y16.41 F1500
G1 X6.92 Y16.49 F1500
G1 X6.29 Y17.03 F1500
G1 X5.87 Y17.17 F1500
G1 X4.61 Y16.34 F1500
G1 X3.35 Y17.18 F1500
G1 X2.93 Y17.05 F1500
G1 X2.10 Y16.34 F1500
G1 X1.68 Y16.43 F1500
G1 X0.84 Y17.17 F1500
G1 X0.42 Y17.16 F1500
G1 X0.00 Y16.76 F1500
G1 X0.00 Y16.97 F1500
G1 X0.00 Y17.18 F1500
G1 X0.00 Y17.39 F1500
G1 X0.00 Y17.60 F1500
G1 X0.00 Y17.81 F1500
G1 X0.00 Y17.81 F1500
G1 X0.42 Y18.25 F1500
G1 X0.84 Y18.21 F1500
G1 X1.68 Y17.47 F1500
G1 X2.10 Y17.37 F1500
G1 X2.93 Y18.11 F1500
G1 X3.35 Y18.25 F1500
G1 X4.61 Y17.38 F1500
G1 X5.87 Y18.21 F1500
G1 X6.92 Y17.55 F1500
G1 X7.33 Y17.47 F1500
G1 X8.59 Y18.16 F1500
G1 X9.85 Y17.34 F1500
G1 X10.27 Y17.50 F1500
G1 X10.90 Y18.37 F1500
G1 X11.32 Y18.62 F1500
G1 X12.15 Y17.19 F1500
G1 X12.57 Y16.87 F1500
G1 X13.41 Y18.33 F1500
G1 X13.83 Y18.75 F1500
G1 X14.04 Y18.63 F1500
G1 X15.09 Y16.91 F1500
G1 X15.51 Y17.22 F1500
G1 X16.14 Y18.45 F1500
G1 X16.55 Y18.68 F1500
G1 X17.39 Y17.27 F1500
G1 X17.81 Y16.93 F1500
G1 X19.07 Y18.73 F1500
G1 X19.49 Y18.35 F1500
G1 X20.33 Y16.92 F1500
G1 X20.75 Y17.19 F1500
G1 X21.37 Y18.43 F1500
G1 X21.79 Y18.72 F1500
G1 X22.63 Y17.28 F1500
G1 X23.05 Y16.90 F1500
G1 X23.26 Y17.02 F1500
G1 X24.31 Y18.71 F1500
G1 X24.73 Y18.39 F1500
G1 X25.56 Y17.02 F1500
G1 X25.98 Y17.21 F1500
G1 X26.61 Y18.25 F1500
G1 X27.03 Y18.44 F1500
G1 X28.08 Y17.44 F1500
G1 X28.50 Y17.47 F1500
G1 X29.55 Y18.13 F1500
G1 X31.01 Y17.47 F1500
G1 X32.27 Y18.21 F1500
G1 X32.69 Y18.04 F1500
G1 X33.53 Y17.21 F1500
G1 X33.74 Y17.20 F1500
G1 X34.78 Y18.77 F1500
G1 X34.99 Y18.79 F1500
G1 X35.83 Y17.17 F1500
G1 X36.25 Y16.81 F1500
G1 X37.30 Y18.64 F1500
G1 X37.51 Y18.74 F1500
G1 X37.93 Y18.34 F1500
G1 X38.77 Y16.90 F1500
G1 X39.19 Y17.19 F1500
G1 X39.81 Y18.43 F1500
G1 X40.23 Y18.71 F1500
G1 X41.07 Y17.29 F1500
G1 X41.49 Y16.92 F1500
G1 X42.75 Y18.69 F1500
G1 X43.17 Y18.35 F1500
G1 X44.00 Y16.97 F1500
G1 X44.42 Y17.17 F1500
G1 X45.05 Y18.39 F1500
G1 X45.47 Y18.70 F1500
G1 X46.10 Y17.78 F1500
G1 X47.78 Y17.82 F1500
G1 X47.99 Y17.97 F1500
G1 X48.61 Y17.87 F1500
G1 X49.45 Y17.42 F1500
G1 X50.92 Y18.46 F1500
G1 X51.76 Y17.37 F1500
G1 X52.18 Y17.14 F1500
G1 X53.22 Y18.55 F1500
G1 X53.64 Y18.31 F1500
G1 X54.48 Y17.13 F1500
G1 X55.11 Y17.54 F1500
G1 X55.95 Y18.58 F1500
G1 X57.21 Y17.20 F1500
G1 X57.63 Y17.41 F1500
G1 X58.25 Y18.22 F1500
G1 X58.67 Y18.39 F1500
G1 X59.72 Y17.25 F1500
G1 X60.14 Y17.23 F1500
G1 X60.98 Y18.42 F1500
G1 X61.19 Y18.45 F1500
G1 X61.61 Y18.19 F1500
G1 X62.44 Y17.21 F1500
G1 X62.86 Y17.38 F1500
G1 X63.70 Y18.33 F1500
G1 X64.12 Y18.21 F1500
G1 X65.17 Y17.25 F1500
G1 X66.64 Y18.54 F1500
G1 X67.47 Y17.41 F1500
G1 X67.89 Y17.15 F1500
G1 X68.73 Y18.27 F1500
G1 X69.15 Y18.57 F1500
G1 X69.57 Y18.20 F1500
G1 X69.99 Y17.32 F1500
G1 X70.41 Y16.96 F1500
G1 X70.83 Y17.27 F1500
G1 X71.66 Y18.80 F1500
G1 X71.87 Y18.80 F1500
G1 X72.29 Y17.91 F1500
G1 X72.71 Y17.44 F1500
G1 X73.55 Y17.68 F1500
G1 X74.39 Y18.51 F1500
G1 X75.23 Y17.58 F1500
G1 X75.86 Y17.16 F1500
G1 X76.90 Y18.82 F1500
G1 X77.11 Y18.83 F1500
G1 X77.95 Y17.24 F1500
G1 X78.37 Y16.85 F1500
G1 X78.79 Y17.38 F1500
G1 X79.42 Y18.69 F1500
G1 X79.63 Y18.83 F1500
G1 X80.05 Y18.43 F1500
G1 X80.88 Y16.79 F1500
G1 X81.09 Y16.81 F1500
G1 X81.30 Y17.08 F1500
G1 X81.93 Y18.50 F1500
G1 X82.35 Y18.85 F1500
G1 X83.19 Y17.35 F1500
G1 X83.40 Y17.32 F1500
G1 X83.82 Y17.72 F1500
G1 X84.24 Y17.79 F1500
G1 X84.87 Y18.20 F1500
G1 X85.91 Y17.69 F1500
G1 X87.38 Y17.89 F1500
G1 X88.85 Y17.68 F1500
G1 X90.31 Y17.90 F1500
G1 X91.57 Y17.71 F1500
G1 X92.83 Y17.89 F1500
G1 X99.12 Y17.74 F1500
G1 X100.16 Y17.85 F1500
G1 X100.79 Y18.29 F1500
G1 X101.21 Y18.06 F1500
G1 X101.84 Y16.97 F1500
G1 X102.05 Y16.85 F1500
G1 X102.26 Y16.97 F1500
G1 X103.31 Y18.78 F1500
G1 X103.73 Y18.46 F1500
G1 X104.14 Y17.51 F1500
G1 X104.56 Y17.02 F1500
G1 X105.40 Y17.87 F1500
G1 X105.82 Y17.96 F1500
G1 X106.66 Y17.81 F1500
G1 X107.29 Y16.76 F1500
G1 X107.71 Y17.21 F1500
G1 X108.54 Y18.84 F1500
G1 X108.96 Y18.53 F1500
G1 X109.59 Y17.10 F1500
G1 X110.01 Y16.78 F1500
G1 X110.85 Y18.41 F1500
G1 X111.27 Y18.86 F1500
G1 X111.48 Y18.71 F1500
G1 X112.53 Y16.77 F1500
G1 X112.95 Y17.16 F1500
G1 X113.78 Y18.83 F1500
G1 X113.99 Y18.83 F1500
G1 X114.20 Y18.58 F1500
G1 X114.62 Y17.68 F1500
G1 X115.04 Y17.30 F1500
G1 X115.46 Y17.39 F1500
G1 X116.51 Y18.34 F1500
G1 X117.76 Y17.39 F1500
G1 X119.23 Y18.22 F1500
G1 X120.49 Y17.37 F1500
G1 X121.75 Y18.26 F1500
G1 X122.17 Y18.09 F1500
G1 X123.00 Y17.37 F1500
G1 X123.42 Y17.48 F1500
G1 X124.05 Y18.10 F1500
G1 X124.47 Y18.26 F1500
G1 X125.73 Y17.36 F1500
G1 X126.98 Y18.26 F1500
G1 X127.40 Y18.12 F1500
G1 X128.03 Y17.49 F1500
G1 X128.45 Y17.36 F1500
G1 X129.71 Y18.28 F1500
G1 X130.97 Y17.33 F1500
G1 X131.39 Y17.49 F1500
G1 X132.01 Y18.18 F1500
G1 X132.43 Y18.29 F1500
G1 X133.27 Y17.48 F1500
G1 X133.69 Y17.31 F1500
G1 X134.95 Y18.36 F1500
G1 X136.20 Y17.26 F1500
G1 X136.62 Y17.42 F1500
G1 X137.25 Y18.22 F1500
G1 X137.67 Y18.37 F1500
G1 X138.51 Y17.45 F1500
G1 X138.93 Y17.20 F1500
G1 X140.19 Y18.49 F1500
G1 X140.61 Y18.22 F1500
G1 X141.44 Y17.04 F1500
G1 X141.65 Y17.06 F1500
G1 X142.70 Y18.34 F1500
G1 X143.12 Y18.19 F1500
G1 X143.96 Y17.51 F1500
G1 X145.63 Y18.10 F1500
G1 X146.47 Y17.54 F1500
G1 X146.89 Y17.44 F1500
G1 X148.15 Y18.30 F1500
G1 X149.41 Y17.33 F1500
G1 X149.83 Y17.52 F1500
G1 X150.66 Y18.33 F1500
G1 X151.08 Y18.16 F1500
G1 X151.71 Y17.50 F1500
G1 X152.13 Y17.35 F1500
G1 X153.18 Y18.23 F1500
G1 X153.60 Y18.25 F1500
G1 X154.64 Y17.32 F1500
G1 X155.06 Y17.48 F1500
G1 X155.90 Y18.29 F1500
G1 X156.11 Y18.29 F1500
G1 X156.95 Y17.53 F1500
G1 X157.37 Y17.35 F1500
G1 X158.63 Y18.23 F1500
G1 X159.67 Y17.51 F1500
G1 X160.09 Y17.44 F1500
G1 X161.35 Y18.32 F1500
G1 X162.61 Y17.24 F1500
G1 X163.86 Y18.41 F1500
G1 X164.28 Y18.20 F1500
G1 X164.91 Y17.38 F1500
G1 X165.33 Y17.24 F1500
G1 X166.17 Y18.16 F1500
G1 X166.59 Y18.38 F1500
G1 X167.85 Y17.23 F1500
G1 X168.27 Y17.47 F1500
G1 X169.10 Y18.40 F1500
G1 X169.52 Y18.23 F1500
G1 X170.15 Y17.41 F1500
G1 X170.57 Y17.21 F1500
G1 X171.62 Y18.36 F1500
G1 X171.83 Y18.42 F1500
G1 X173.08 Y17.18 F1500
G1 X173.50 Y17.42 F1500
G1 X174.13 Y18.28 F1500
G1 X174.55 Y18.43 F1500
G1 X175.39 Y17.40 F1500
G1 X175.81 Y17.16 F1500
G1 X177.07 Y18.47 F1500
G1 X178.32 Y17.20 F1500
G1 X178.74 Y17.38 F1500
G1 X179.37 Y18.23 F1500
G1 X180.00 Y18.63 F1500
G1 X180.00 Y18.84 F1500
G1 X180.00 Y19.05 F1500
G1 X180.00 Y19.26 F1500
G1 X180.00 Y19.47 F1500
G1 X180.00 Y19.68 F1500
G1 X180.00 Y19.68 F1500
G1 X179.79 Y19.44 F1500
G1 X179.58 Y19.47 F1500
G1 X178.74 Y18.43 F1500
G1 X178.32 Y18.25 F1500
G1 X177.07 Y19.52 F1500
G1 X175.81 Y18.21 F1500
G1 X175.39 Y18.46 F1500
G1 X174.55 Y19.47 F1500
G1 X174.13 Y19.31 F1500
G1 X173.50 Y18.47 F1500
G1 X173.08 Y18.26 F1500
G1 X171.83 Y19.46 F1500
G1 X170.57 Y18.28 F1500
G1 X170.15 Y18.46 F1500
G1 X169.52 Y19.27 F1500
G1 X169.10 Y19.43 F1500
G1 X168.06 Y18.33 F1500
G1 X167.64 Y18.36 F1500
G1 X166.59 Y19.42 F1500
G1 X166.17 Y19.23 F1500
G1 X165.54 Y18.41 F1500
G1 X165.12 Y18.30 F1500
G1 X164.28 Y19.23 F1500
G1 X163.86 Y19.45 F1500
G1 X162.61 Y18.26 F1500
G1 X161.35 Y19.40 F1500
G1 X160.09 Y18.43 F1500
G1 X159.67 Y18.54 F1500
G1 X159.05 Y19.11 F1500
G1 X158.63 Y19.27 F1500
G1 X157.58 Y18.49 F1500
G1 X157.16 Y18.44 F1500
G1 X156.32 Y19.22 F1500
G1 X155.90 Y19.35 F1500
G1 X155.06 Y18.51 F1500
G1 X154.64 Y18.33 F1500
G1 X153.39 Y19.39 F1500
G1 X152.13 Y18.38 F1500
G1 X151.71 Y18.55 F1500
G1 X150.87 Y19.32 F1500
G1 X150.45 Y19.23 F1500
G1 X149.83 Y18.57 F1500
G1 X149.41 Y18.38 F1500
G1 X148.15 Y19.35 F1500
G1 X146.89 Y18.43 F1500
G1 X145.63 Y19.16 F1500
G1 X144.17 Y18.57 F1500
G1 X142.70 Y19.27 F1500
G1 X141.44 Y18.15 F1500
G1 X140.61 Y19.32 F1500
G1 X140.19 Y19.56 F1500
G1 X138.93 Y18.21 F1500
G1 X138.51 Y18.48 F1500
G1 X137.67 Y19.46 F1500
G1 X137.25 Y19.28 F1500
G1 X136.62 Y18.47 F1500
G1 X136.20 Y18.28 F1500
G1 X134.95 Y19.41 F1500
G1 X133.69 Y18.35 F1500
G1 X133.27 Y18.53 F1500
G1 X132.64 Y19.23 F1500
G1 X132.22 Y19.36 F1500
G1 X131.39 Y18.55 F1500
G1 X130.97 Y18.36 F1500
G1 X129.71 Y19.34 F1500
G1 X128.45 Y18.41 F1500
G1 X128.03 Y18.55 F1500
G1 X127.40 Y19.16 F1500
G1 X126.98 Y19.31 F1500
G1 X125.73 Y18.41 F1500
G1 X124.47 Y19.31 F1500
G1 X124.05 Y19.15 F1500
G1 X123.21 Y18.41 F1500
G1 X122.79 Y18.53 F1500
G1 X122.17 Y19.14 F1500
G1 X121.75 Y19.31 F1500
G1 X120.49 Y18.42 F1500
G1 X119.23 Y19.27 F1500
G1 X117.76 Y18.44 F1500
G1 X116.51 Y19.34 F1500
G1 X115.25 Y18.34 F1500
G1 X114.83 Y18.53 F1500
G1 X113.78 Y19.86 F1500
G1 X112.95 Y18.20 F1500
G1 X112.53 Y17.82 F1500
G1 X111.48 Y19.76 F1500
G1 X111.27 Y19.91 F1500
G1 X110.85 Y19.46 F1500
G1 X110.01 Y17.83 F1500
G1 X109.59 Y18.15 F1500
G1 X108.96 Y19.57 F1500
G1 X108.54 Y19.89 F1500
G1 X107.71 Y18.26 F1500
G1 X107.29 Y17.81 F1500
G1 X106.87 Y18.33 F1500
G1 X106.45 Y19.33 F1500
G1 X106.03 Y19.70 F1500
G1 X105.40 Y18.90 F1500
G1 X104.77 Y18.66 F1500
G1 X104.14 Y18.75 F1500
G1 X103.52 Y19.44 F1500
G1 X103.31 Y19.59 F1500
G1 X103.10 Y19.54 F1500
G1 X102.05 Y17.87 F1500
G1 X101.63 Y18.33 F1500
G1 X100.79 Y19.87 F1500
G1 X100.58 Y19.83 F1500
G1 X100.37 Y19.53 F1500
G1 X99.74 Y18.19 F1500
G1 X99.53 Y17.93 F1500
G1 X99.32 Y17.91 F1500
G1 X98.49 Y19.36 F1500
G1 X98.28 Y19.49 F1500
G1 X97.65 Y18.92 F1500
G1 X97.02 Y18.82 F1500
G1 X95.13 Y18.89 F1500
G1 X93.88 Y18.75 F1500
G1 X92.83 Y18.96 F1500
G1 X91.57 Y18.75 F1500
G1 X90.10 Y18.97 F1500
G1 X88.85 Y18.74 F1500
G1 X87.59 Y18.96 F1500
G1 X86.54 Y18.82 F1500
G1 X84.45 Y18.94 F1500
G1 X83.61 Y18.28 F1500
G1 X82.56 Y19.03 F1500
G1 X82.14 Y19.68 F1500
G1 X81.93 Y19.55 F1500
G1 X81.30 Y18.12 F1500
G1 X81.09 Y17.86 F1500
G1 X80.88 Y17.83 F1500
G1 X80.05 Y19.48 F1500
G1 X79.63 Y19.90 F1500
G1 X78.37 Y17.86 F1500
G1 X78.16 Y17.90 F1500
G1 X77.95 Y18.23 F1500
G1 X77.11 Y19.88 F1500
G1 X76.69 Y19.51 F1500
G1 X75.86 Y17.88 F1500
G1 X75.65 Y17.82 F1500
G1 X74.39 Y19.91 F1500
G1 X73.34 Y18.25 F1500
G1 X72.92 Y17.99 F1500
G1 X72.08 Y19.48 F1500
G1 X71.66 Y19.88 F1500
G1 X70.62 Y18.18 F1500
G1 X69.78 Y18.86 F1500
G1 X69.36 Y19.68 F1500
G1 X69.15 Y19.71 F1500
G1 X67.89 Y17.97 F1500
G1 X67.68 Y17.94 F1500
G1 X67.05 Y18.99 F1500
G1 X66.64 Y19.38 F1500
G1 X66.43 Y19.41 F1500
G1 X66.01 Y19.10 F1500
G1 X65.38 Y18.14 F1500
G1 X64.96 Y18.34 F1500
G1 X64.12 Y19.30 F1500
G1 X63.70 Y19.37 F1500
G1 X62.65 Y18.17 F1500
G1 X62.24 Y18.42 F1500
G1 X61.40 Y19.45 F1500
G1 X61.19 Y19.50 F1500
G1 X60.14 Y18.34 F1500
G1 X59.72 Y18.27 F1500
G1 X59.51 Y18.40 F1500
G1 X59.09 Y19.14 F1500
G1 X58.67 Y19.46 F1500
G1 X58.25 Y19.29 F1500
G1 X57.63 Y18.45 F1500
G1 X57.21 Y18.26 F1500
G1 X56.16 Y19.40 F1500
G1 X55.74 Y19.48 F1500
G1 X54.90 Y18.19 F1500
G1 X54.69 Y18.10 F1500
G1 X54.27 Y18.44 F1500
G1 X53.43 Y19.68 F1500
G1 X53.02 Y19.41 F1500
G1 X52.18 Y18.11 F1500
G1 X51.97 Y18.11 F1500
G1 X50.92 Y19.46 F1500
G1 X50.71 Y19.52 F1500
G1 X50.29 Y19.27 F1500
G1 X49.66 Y18.47 F1500
G1 X49.45 Y18.48 F1500
G1 X48.41 Y18.95 F1500
G1 X46.52 Y18.86 F1500
G1 X46.31 Y18.68 F1500
G1 X45.47 Y19.75 F1500
G1 X45.05 Y19.42 F1500
G1 X44.42 Y18.23 F1500
G1 X44.00 Y18.03 F1500
G1 X43.17 Y19.40 F1500
G1 X42.75 Y19.73 F1500
G1 X42.33 Y19.26 F1500
G1 X41.70 Y18.06 F1500
G1 X41.49 Y17.95 F1500
G1 X41.07 Y18.35 F1500
G1 X40.23 Y19.76 F1500
G1 X39.81 Y19.48 F1500
G1 X39.19 Y18.25 F1500
G1 X38.77 Y17.95 F1500
G1 X37.93 Y19.39 F1500
G1 X37.51 Y19.78 F1500
G1 X37.09 Y19.35 F1500
G1 X36.25 Y17.86 F1500
G1 X35.83 Y18.22 F1500
G1 X34.99 Y19.86 F1500
G1 X34.78 Y19.85 F1500
G1 X33.74 Y18.24 F1500
G1 X33.53 Y18.25 F1500
G1 X32.69 Y19.07 F1500
G1 X32.27 Y19.25 F1500
G1 X31.01 Y18.52 F1500
G1 X29.55 Y19.19 F1500
G1 X28.50 Y18.52 F1500
G1 X28.08 Y18.49 F1500
G1 X27.03 Y19.47 F1500
G1 X26.61 Y19.28 F1500
G1 X25.98 Y18.28 F1500
G1 X25.56 Y18.08 F1500
G1 X24.73 Y19.43 F1500
G1 X24.31 Y19.76 F1500
G1 X23.26 Y18.05 F1500
G1 X23.05 Y17.93 F1500
G1 X22.63 Y18.34 F1500
G1 X21.79 Y19.78 F1500
G1 X21.37 Y19.46 F1500
G1 X20.75 Y18.23 F1500
G1 X20.33 Y17.96 F1500
G1 X19.49 Y19.39 F1500
G1 X19.07 Y19.77 F1500
G1 X17.81 Y17.95 F1500
G1 X17.39 Y18.31 F1500
G1 X16.55 Y19.73 F1500
G1 X16.14 Y19.50 F1500
G1 X15.51 Y18.28 F1500
G1 X15.09 Y17.96 F1500
G1 X14.04 Y19.65 F1500
G1 X13.83 Y19.77 F1500
G1 X13.62 Y19.67 F1500
G1 X12.57 Y17.94 F1500
G1 X12.15 Y18.25 F1500
G1 X11.32 Y19.71 F1500
G1 X10.90 Y19.48 F1500
G1 X10.06 Y18.29 F1500
G1 X9.64 Y18.41 F1500
G1 X9.01 Y19.07 F1500
G1 X8.59 Y19.24 F1500
G1 X7.33 Y18.54 F1500
G1 X6.92 Y18.63 F1500
G1 X5.87 Y19.27 F1500
G1 X4.61 Y18.42 F1500
G1 X3.35 Y19.29 F1500
G1 X2.93 Y19.15 F1500
G1 X2.10 Y18.43 F1500
G1 X1.68 Y18.52 F1500
G1 X0.63 Y19.31 F1500
G1 X0.42 Y19.29 F1500
G1 X0.00 Y18.86 F1500
G1 X0.00 Y19.07 F1500
G1 X0.00 Y19.28 F1500
G1 X0.00 Y19.49 F1500
G1 X0.00 Y19.70 F1500
G1 X0.00 Y19.91 F1500
G1 X0.00 Y19.91 F1500
G1 X0.42 Y20.29 F1500
G1 X0.84 Y20.30 F1500
G1 X1.68 Y19.57 F1500
G1 X2.10 Y19.48 F1500
G1 X2.93 Y20.20 F1500
G1 X3.35 Y20.35 F1500
G1 X4.61 Y19.47 F1500
G1 X5.87 Y20.27 F1500
G1 X7.33 Y19.57 F1500
G1 X8.59 Y20.36 F1500
G1 X9.01 Y20.16 F1500
G1 X9.85 Y19.24 F1500
G1 X10.27 Y19.47 F1500
G1 X11.11 Y20.73 F1500
G1 X11.53 Y20.50 F1500
G1 X12.15 Y19.33 F1500
G1 X12.57 Y19.05 F1500
G1 X13.62 Y20.70 F1500
G1 X13.83 Y20.81 F1500
G1 X14.04 Y20.69 F1500
G1 X15.09 Y19.01 F1500
G1 X15.51 Y19.33 F1500
G1 X16.14 Y20.55 F1500
G1 X16.55 Y20.78 F1500
G1 X17.39 Y19.36 F1500
G1 X17.81 Y19.01 F1500
G1 X19.07 Y20.81 F1500
G1 X19.49 Y20.43 F1500
G1 X20.33 Y19.02 F1500
G1 X20.75 Y19.28 F1500
G1 X21.37 Y20.52 F1500
G1 X21.79 Y20.82 F1500
G1 X22.63 Y19.38 F1500
G1 X23.05 Y18.98 F1500
G1 X23.26 Y19.10 F1500
G1 X24.31 Y20.80 F1500
G1 X24.73 Y20.46 F1500
G1 X25.56 Y19.13 F1500
G1 X25.98 Y19.34 F1500
G1 X26.61 Y20.32 F1500
G1 X27.03 Y20.53 F1500
G1 X28.08 Y19.53 F1500
G1 X28.50 Y19.56 F1500
G1 X29.55 Y20.24 F1500
G1 X31.01 Y19.56 F1500
G1 X32.27 Y20.30 F1500
G1 X32.69 Y20.13 F1500
G1 X33.53 Y19.30 F1500
G1 X33.74 Y19.30 F1500
G1 X34.78 Y20.88 F1500
G1 X34.99 Y20.90 F1500
G1 X35.83 Y19.26 F1500
G1 X36.25 Y18.90 F1500
G1 X37.30 Y20.73 F1500
G1 X37.51 Y20.86 F1500
G1 X37.72 Y20.76 F1500
G1 X38.77 Y19.01 F1500
G1 X39.19 Y19.29 F1500
G1 X39.81 Y20.52 F1500
G1 X40.23 Y20.80 F1500
G1 X41.07 Y19.40 F1500
G1 X41.49 Y19.02 F1500
G1 X42.75 Y20.78 F1500
G1 X43.17 Y20.44 F1500
G1 X44.00 Y19.08 F1500
G1 X44.42 Y19.28 F1500
G1 X45.05 Y20.45 F1500
G1 X45.47 Y20.77 F1500
G1 X46.52 Y19.35 F1500
G1 X46.73 Y19.91 F1500
G1 X48.61 Y19.92 F1500
G1 X49.24 Y19.59 F1500
G1 X49.66 Y19.56 F1500
G1 X50.71 Y20.76 F1500
G1 X51.13 Y20.14 F1500
G1 X52.18 Y19.21 F1500
G1 X53.22 Y20.78 F1500
G1 X53.64 Y20.45 F1500
G1 X54.48 Y19.13 F1500
G1 X54.90 Y19.29 F1500
G1 X55.53 Y20.23 F1500
G1 X55.95 Y20.50 F1500
G1 X56.37 Y20.24 F1500
G1 X57.21 Y19.25 F1500
G1 X57.83 Y19.77 F1500
G1 X58.25 Y20.50 F1500
G1 X58.88 Y20.42 F1500
G1 X59.51 Y19.52 F1500
G1 X59.93 Y19.28 F1500
G1 X61.19 Y20.58 F1500
G1 X61.61 Y20.35 F1500
G1 X62.44 Y19.34 F1500
G1 X62.86 Y19.49 F1500
G1 X63.49 Y20.28 F1500
G1 X63.91 Y20.52 F1500
G1 X64.33 Y20.22 F1500
G1 X64.96 Y19.17 F1500
G1 X65.38 Y19.29 F1500
G1 X66.22 Y20.43 F1500
G1 X66.64 Y20.52 F1500
G1 X67.05 Y20.10 F1500
G1 X67.47 Y19.31 F1500
G1 X67.89 Y18.96 F1500
G1 X68.73 Y20.53 F1500
G1 X69.15 Y20.95 F1500
G1 X70.41 Y18.86 F1500
G1 X70.83 Y19.28 F1500
G1 X71.66 Y20.93 F1500
G1 X71.87 Y20.91 F1500
G1 X72.08 Y20.65 F1500
G1 X72.71 Y19.32 F1500
G1 X72.92 Y18.99 F1500
G1 X73.13 Y18.96 F1500
G1 X74.18 Y20.83 F1500
G1 X74.39 Y20.92 F1500
G1 X75.65 Y18.87 F1500
G1 X76.90 Y20.91 F1500
G1 X77.11 Y20.93 F1500
G1 X77.32 Y20.65 F1500
G1 X78.16 Y18.95 F1500
G1 X78.79 Y19.41 F1500
G1 X79.21 Y20.41 F1500
G1 X79.63 Y20.95 F1500
G1 X80.05 Y20.53 F1500
G1 X80.68 Y19.14 F1500
G1 X80.88 Y19.06 F1500
G1 X81.30 Y19.70 F1500
G1 X82.35 Y20.54 F1500
G1 X83.19 Y19.80 F1500
G1 X84.24 Y19.89 F1500
G1 X85.08 Y20.17 F1500
G1 X85.91 Y19.84 F1500
G1 X87.59 Y20.03 F1500
G1 X88.85 Y19.72 F1500
G1 X90.10 Y20.04 F1500
G1 X91.57 Y19.79 F1500
G1 X92.83 Y20.01 F1500
G1 X94.09 Y19.82 F1500
G1 X95.55 Y20.12 F1500
G1 X95.97 Y20.01 F1500
G1 X96.81 Y19.06 F1500
G1 X97.86 Y20.73 F1500
G1 X98.07 Y20.82 F1500
G1 X98.49 Y20.44 F1500
G1 X99.32 Y18.98 F1500
G1 X99.74 Y19.28 F1500
G1 X100.58 Y20.80 F1500
G1 X101.84 Y19.52 F1500
G1 X102.26 Y19.53 F1500
G1 X102.89 Y20.06 F1500
G1 X103.31 Y20.18 F1500
G1 X104.14 Y19.83 F1500
G1 X104.77 Y19.19 F1500
G1 X104.98 Y19.19 F1500
G1 X105.61 Y20.56 F1500
G1 X106.03 Y20.95 F1500
G1 X107.08 Y19.01 F1500
G1 X107.29 Y18.86 F1500
G1 X107.71 Y19.31 F1500
G1 X108.54 Y20.94 F1500
G1 X108.96 Y20.62 F1500
G1 X109.59 Y19.19 F1500
G1 X110.01 Y18.88 F1500
G1 X110.85 Y20.50 F1500
G1 X111.27 Y20.95 F1500
G1 X111.48 Y20.81 F1500
G1 X112.53 Y18.87 F1500
G1 X112.95 Y19.25 F1500
G1 X113.36 Y20.21 F1500
G1 X113.78 Y20.53 F1500
G1 X115.25 Y19.33 F1500
G1 X116.09 Y20.12 F1500
G1 X116.51 Y20.32 F1500
G1 X117.76 Y19.50 F1500
G1 X119.23 Y20.32 F1500
G1 X120.49 Y19.50 F1500
G1 X121.75 Y20.35 F1500
G1 X122.17 Y20.18 F1500
G1 X123.00 Y19.48 F1500
G1 X123.42 Y19.59 F1500
G1 X124.05 Y20.19 F1500
G1 X124.47 Y20.36 F1500
G1 X125.73 Y19.45 F1500
G1 X126.78 Y20.27 F1500
G1 X127.19 Y20.34 F1500
G1 X128.03 Y19.59 F1500
G1 X128.45 Y19.46 F1500
G1 X129.71 Y20.39 F1500
G1 X130.97 Y19.42 F1500
G1 X131.39 Y19.60 F1500
G1 X132.22 Y20.41 F1500
G1 X132.64 Y20.28 F1500
G1 X133.27 Y19.56 F1500
G1 X133.69 Y19.38 F1500
G1 X134.95 Y20.46 F1500
G1 X135.37 Y20.23 F1500
G1 X136.20 Y19.31 F1500
G1 X136.62 Y19.51 F1500
G1 X137.25 Y20.35 F1500
G1 X137.67 Y20.53 F1500
G1 X138.51 Y19.52 F1500
G1 X138.93 Y19.28 F1500
G1 X139.35 Y19.56 F1500
G1 X140.19 Y20.67 F1500
G1 X140.61 Y20.37 F1500
G1 X141.02 Y19.66 F1500
G1 X141.44 Y19.31 F1500
G1 X142.70 Y20.21 F1500
G1 X144.17 Y19.65 F1500
G1 X145.63 Y20.25 F1500
G1 X146.47 Y19.62 F1500
G1 X146.89 Y19.49 F1500
G1 X148.15 Y20.35 F1500
G1 X149.41 Y19.42 F1500
G1 X150.66 Y20.38 F1500
G1 X151.08 Y20.25 F1500
G1 X151.71 Y19.58 F1500
G1 X152.13 Y19.41 F1500
G1 X153.39 Y20.47 F1500
G1 X154.64 Y19.36 F1500
G1 X155.06 Y19.56 F1500
G1 X155.69 Y20.26 F1500
G1 X156.11 Y20.38 F1500
G1 X157.16 Y19.49 F1500
G1 X157.58 Y19.54 F1500
G1 X158.63 Y20.31 F1500
G1 X159.05 Y20.15 F1500
G1 X159.67 Y19.52 F1500
G1 X160.09 Y19.40 F1500
G1 X160.93 Y20.28 F1500
G1 X161.35 Y20.49 F1500
G1 X162.19 Y19.58 F1500
G1 X162.61 Y19.34 F1500
G1 X163.86 Y20.48 F1500
G1 X164.28 Y20.28 F1500
G1 X164.91 Y19.50 F1500
G1 X165.33 Y19.37 F1500
G1 X166.17 Y20.25 F1500
G1 X166.59 Y20.47 F1500
G1 X167.85 Y19.34 F1500
G1 X168.27 Y19.58 F1500
G1 X168.89 Y20.34 F1500
G1 X169.31 Y20.46 F1500
G1 X170.15 Y19.51 F1500
G1 X170.57 Y19.32 F1500
G1 X171.83 Y20.49 F1500
G1 X173.08 Y19.30 F1500
G1 X173.50 Y19.50 F1500
G1 X174.13 Y20.34 F1500
G1 X174.55 Y20.51 F1500
G1 X175.39 Y19.51 F1500
G1 X175.81 Y19.26 F1500
G1 X177.07 Y20.54 F1500
G1 X177.49 Y20.27 F1500
G1 X178.11 Y19.43 F1500
G1 X178.53 Y19.33 F1500
G1 X179.37 Y20.32 F1500
G1 X180.00 Y20.73 F1500
G1 X180.00 Y20.94 F1500
G1 X180.00 Y21.15 F1500
G1 X180.00 Y21.36 F1500
G1 X180.00 Y21.56 F1500
G1 X180.00 Y21.77 F1500
G1 X180.00 Y21.77 F1500
G1 X179.37 Y21.39 F1500
G1 X178.53 Y20.37 F1500
G1 X178.11 Y20.47 F1500
G1 X177.49 Y21.31 F1500
G1 X177.07 Y21.58 F1500
G1 X175.81 Y20.32 F1500
G1 X175.39 Y20.58 F1500
G1 X174.55 Y21.55 F1500
G1 X174.13 Y21.40 F1500
G1 X173.50 Y20.56 F1500
G1 X173.08 Y20.36 F1500
G1 X171.83 Y21.54 F1500
G1 X170.57 Y20.37 F1500
G1 X170.15 Y20.55 F1500
G1 X169.52 Y21.36 F1500
G1 X169.10 Y21.54 F1500
G1 X168.27 Y20.61 F1500
G1 X167.85 Y20.37 F1500
G1 X166.59 Y21.53 F1500
G1 X166.17 Y21.31 F1500
G1 X165.33 Y20.39 F1500
G1 X164.91 Y20.54 F1500
G1 X164.28 Y21.32 F1500
G1 X163.86 Y21.53 F1500
G1 X162.61 Y20.38 F1500
G1 X162.40 Y20.43 F1500
G1 X161.35 Y21.52 F1500
G1 X160.93 Y21.34 F1500
G1 X160.09 Y20.44 F1500
G1 X159.67 Y20.56 F1500
G1 X158.84 Y21.37 F1500
G1 X158.42 Y21.32 F1500
G1 X157.37 Y20.52 F1500
G1 X156.95 Y20.68 F1500
G1 X156.11 Y21.42 F1500
G1 X155.69 Y21.30 F1500
G1 X155.06 Y20.60 F1500
G1 X154.64 Y20.43 F1500
G1 X153.39 Y21.54 F1500
G1 X152.13 Y20.43 F1500
G1 X151.71 Y20.61 F1500
G1 X151.08 Y21.31 F1500
G1 X150.66 Y21.44 F1500
G1 X149.83 Y20.66 F1500
G1 X149.41 Y20.48 F1500
G1 X148.15 Y21.39 F1500
G1 X146.89 Y20.54 F1500
G1 X146.47 Y20.65 F1500
G1 X145.84 Y21.22 F1500
G1 X145.42 Y21.32 F1500
G1 X144.17 Y20.68 F1500
G1 X142.70 Y21.20 F1500
G1 X141.44 Y20.47 F1500
G1 X141.02 Y20.75 F1500
G1 X140.40 Y21.65 F1500
G1 X140.19 Y21.74 F1500
G1 X139.35 Y20.60 F1500
G1 X138.93 Y20.28 F1500
G1 X138.72 Y20.34 F1500
G1 X137.67 Y21.59 F1500
G1 X137.25 Y21.41 F1500
G1 X136.62 Y20.55 F1500
G1 X136.20 Y20.38 F1500
G1 X134.95 Y21.53 F1500
G1 X133.69 Y20.40 F1500
G1 X133.27 Y20.60 F1500
G1 X132.64 Y21.34 F1500
G1 X132.22 Y21.47 F1500
G1 X131.39 Y20.65 F1500
G1 X130.97 Y20.46 F1500
G1 X129.71 Y21.42 F1500
G1 X128.45 Y20.50 F1500
G1 X128.03 Y20.64 F1500
G1 X127.40 Y21.26 F1500
G1 X126.98 Y21.41 F1500
G1 X125.73 Y20.49 F1500
G1 X124.47 Y21.41 F1500
G1 X124.05 Y21.24 F1500
G1 X123.42 Y20.63 F1500
G1 X123.00 Y20.52 F1500
G1 X122.17 Y21.23 F1500
G1 X121.75 Y21.39 F1500
G1 X120.49 Y20.53 F1500
G1 X119.23 Y21.36 F1500
G1 X117.76 Y20.57 F1500
G1 X116.51 Y21.37 F1500
G1 X115.25 Y20.42 F1500
G1 X114.83 Y20.61 F1500
G1 X114.20 Y21.33 F1500
G1 X113.78 Y21.49 F1500
G1 X113.36 Y21.14 F1500
G1 X112.74 Y20.00 F1500
G1 X112.53 Y19.91 F1500
G1 X111.48 Y21.86 F1500
G1 X111.27 Y22.00 F1500
G1 X110.85 Y21.55 F1500
G1 X110.01 Y19.92 F1500
G1 X109.59 Y20.24 F1500
G1 X108.96 Y21.67 F1500
G1 X108.54 Y21.99 F1500
G1 X107.71 Y20.35 F1500
G1 X107.29 Y19.91 F1500
G1 X107.08 Y20.06 F1500
G1 X106.03 Y22.00 F1500
G1 X105.61 Y21.61 F1500
G1 X104.77 Y19.94 F1500
G1 X104.56 Y19.94 F1500
G1 X104.35 Y20.19 F1500
G1 X103.73 Y21.48 F1500
G1 X102.05 Y20.59 F1500
G1 X100.79 Y21.34 F1500
G1 X99.32 Y20.57 F1500
G1 X98.07 Y21.44 F1500
G1 X97.65 Y21.27 F1500
G1 X97.02 Y20.33 F1500
G1 X96.60 Y20.15 F1500
G1 X95.55 Y21.94 F1500
G1 X95.13 Y21.69 F1500
G1 X94.51 Y20.49 F1500
G1 X93.25 Y21.03 F1500
G1 X91.57 Y20.83 F1500
G1 X90.10 Y21.11 F1500
G1 X88.85 Y20.77 F1500
G1 X87.59 Y21.17 F1500
G1 X86.33 Y20.77 F1500
G1 X84.87 Y21.17 F1500
G1 X83.61 Y20.77 F1500
G1 X82.35 Y21.05 F1500
G1 X81.72 Y20.99 F1500
G1 X80.88 Y20.30 F1500
G1 X79.42 Y21.80 F1500
G1 X78.79 Y20.48 F1500
G1 X78.16 Y20.00 F1500
G1 X77.32 Y21.74 F1500
G1 X77.11 Y21.98 F1500
G1 X76.90 Y21.96 F1500
G1 X76.07 Y20.28 F1500
G1 X75.65 Y19.96 F1500
G1 X74.60 Y21.87 F1500
G1 X74.39 Y22.00 F1500
G1 X74.18 Y21.87 F1500
G1 X73.13 Y19.92 F1500
G1 X72.71 Y20.36 F1500
G1 X72.08 Y21.54 F1500
G1 X71.66 Y21.87 F1500
G1 X71.46 Y21.74 F1500
G1 X70.83 Y20.32 F1500
G1 X70.41 Y19.91 F1500
G1 X69.15 Y22.00 F1500
G1 X68.73 Y21.58 F1500
G1 X68.10 Y20.24 F1500
G1 X67.68 Y20.10 F1500
G1 X67.47 Y20.26 F1500
G1 X66.85 Y21.65 F1500
G1 X66.43 Y21.99 F1500
G1 X65.59 Y20.51 F1500
G1 X65.17 Y20.31 F1500
G1 X64.12 Y21.50 F1500
G1 X63.70 Y21.55 F1500
G1 X62.86 Y20.52 F1500
G1 X62.44 Y20.39 F1500
G1 X61.19 Y21.59 F1500
G1 X60.98 Y21.53 F1500
G1 X59.93 Y20.27 F1500
G1 X59.51 Y20.55 F1500
G1 X58.67 Y21.62 F1500
G1 X58.25 Y21.42 F1500
G1 X57.63 Y20.51 F1500
G1 X57.21 Y20.21 F1500
G1 X56.37 Y21.31 F1500
G1 X55.95 Y21.56 F1500
G1 X55.53 Y21.28 F1500
G1 X54.90 Y20.45 F1500
G1 X54.48 Y20.37 F1500
G1 X53.22 Y21.88 F1500
G1 X52.18 Y20.39 F1500
G1 X51.76 Y20.53 F1500
G1 X50.71 Y21.79 F1500
G1 X49.66 Y20.57 F1500
G1 X49.03 Y20.93 F1500
G1 X48.41 Y21.06 F1500
G1 X47.15 Y20.95 F1500
G1 X46.94 Y20.84 F1500
G1 X46.73 Y20.18 F1500
G1 X46.31 Y20.52 F1500
G1 X45.47 Y21.84 F1500
G1 X45.05 Y21.50 F1500
G1 X44.42 Y20.33 F1500
G1 X44.00 Y20.13 F1500
G1 X43.17 Y21.49 F1500
G1 X42.75 Y21.83 F1500
G1 X41.70 Y20.19 F1500
G1 X41.49 Y20.07 F1500
G1 X41.07 Y20.45 F1500
G1 X40.44 Y21.66 F1500
G1 X40.02 Y21.82 F1500
G1 X39.19 Y20.33 F1500
G1 X38.77 Y20.06 F1500
G1 X37.72 Y21.79 F1500
G1 X37.51 Y21.88 F1500
G1 X37.30 Y21.77 F1500
G1 X36.25 Y19.96 F1500
G1 X35.83 Y20.30 F1500
G1 X34.99 Y21.94 F1500
G1 X34.78 Y21.92 F1500
G1 X33.74 Y20.37 F1500
G1 X33.32 Y20.50 F1500
G1 X32.69 Y21.17 F1500
G1 X32.27 Y21.35 F1500
G1 X31.01 Y20.60 F1500
G1 X29.76 Y21.29 F1500
G1 X29.34 Y21.20 F1500
G1 X28.50 Y20.61 F1500
G1 X28.08 Y20.58 F1500
G1 X27.03 Y21.58 F1500
G1 X26.61 Y21.37 F1500
G1 X25.77 Y20.14 F1500
G1 X25.36 Y20.35 F1500
G1 X24.73 Y21.50 F1500
G1 X24.31 Y21.84 F1500
G1 X23.26 Y20.16 F1500
G1 X23.05 Y20.04 F1500
G1 X22.84 Y20.14 F1500
G1 X21.79 Y21.85 F1500
G1 X21.37 Y21.55 F1500
G1 X20.75 Y20.33 F1500
G1 X20.33 Y20.08 F1500
G1 X19.49 Y21.48 F1500
G1 X19.07 Y21.84 F1500
G1 X17.81 Y20.08 F1500
G1 X17.39 Y20.41 F1500
G1 X16.55 Y21.82 F1500
G1 X16.14 Y21.59 F1500
G1 X15.51 Y20.37 F1500
G1 X15.09 Y20.06 F1500
G1 X14.04 Y21.74 F1500
G1 X13.83 Y21.84 F1500
G1 X13.62 Y21.75 F1500
G1 X12.57 Y20.08 F1500
G1 X12.15 Y20.37 F1500
G1 X11.32 Y21.76 F1500
G1 X10.90 Y21.57 F1500
G1 X10.27 Y20.53 F1500
G1 X9.85 Y20.27 F1500
G1 X9.01 Y21.23 F1500
G1 X8.59 Y21.45 F1500
G1 X7.33 Y20.59 F1500
G1 X5.87 Y21.32 F1500
G1 X4.61 Y20.54 F1500
G1 X3.35 Y21.40 F1500
G1 X2.93 Y21.26 F1500
G1 X2.10 Y20.51 F1500
G1 X1.68 Y20.61 F1500
G1 X1.05 Y21.23 F1500
G1 X0.63 Y21.41 F1500
G1 X0.42 Y21.39 F1500
G1 X0.00 Y20.95 F1500
G1 X0.00 Y21.16 F1500
G1 X0.00 Y21.37 F1500
G1 X0.00 Y21.58 F1500
G1 X0.00 Y21.79 F1500
G1 X0.00 Y22.00 F1500
G1 X0.00 Y22.00 F1500
G1 X0.63 Y22.47 F1500
G1 X1.05 Y22.28 F1500
G1 X1.68 Y21.65 F1500
G1 X2.10 Y21.56 F1500
G1 X2.93 Y22.29 F1500
G1 X3.35 Y22.44 F1500
G1 X4.19 Y21.78 F1500
G1 X4.61 Y21.63 F1500
G1 X5.66 Y22.27 F1500
G1 X6.08 Y22.32 F1500
G1 X7.33 Y21.55 F1500
G1 X8.59 Y22.59 F1500
G1 X8.80 Y22.52 F1500
G1 X9.85 Y21.31 F1500
G1 X10.27 Y21.59 F1500
G1 X11.11 Y22.80 F1500
G1 X11.53 Y22.58 F1500
G1 X12.15 Y21.42 F1500
G1 X12.57 Y21.13 F1500
G1 X13.41 Y22.48 F1500
G1 X13.83 Y22.88 F1500
G1 X14.04 Y22.77 F1500
G1 X15.09 Y21.14 F1500
G1 X15.51 Y21.44 F1500
G1 X16.14 Y22.63 F1500
G1 X16.55 Y22.86 F1500
G1 X17.39 Y21.46 F1500
G1 X17.81 Y21.12 F1500
G1 X19.07 Y22.86 F1500
G1 X19.49 Y22.51 F1500
G1 X20.33 Y21.15 F1500
G1 X20.75 Y21.40 F1500
G1 X21.37 Y22.59 F1500
G1 X21.79 Y22.88 F1500
G1 X22.63 Y21.50 F1500
G1 X23.05 Y21.11 F1500
G1 X24.31 Y22.91 F1500
G1 X24.73 Y22.56 F1500
G1 X25.56 Y21.18 F1500
G1 X25.98 Y21.39 F1500
G1 X26.82 Y22.61 F1500
G1 X27.24 Y22.48 F1500
G1 X28.08 Y21.63 F1500
G1 X28.50 Y21.65 F1500
G1 X29.55 Y22.34 F1500
G1 X31.01 Y21.67 F1500
G1 X32.27 Y22.38 F1500
G1 X32.69 Y22.22 F1500
G1 X33.53 Y21.40 F1500
G1 X33.74 Y21.39 F1500
G1 X34.78 Y22.95 F1500
G1 X34.99 Y22.98 F1500
G1 X35.83 Y21.35 F1500
G1 X36.04 Y21.06 F1500
G1 X36.25 Y21.03 F1500
G1 X37.30 Y22.82 F1500
G1 X37.51 Y22.95 F1500
G1 X37.72 Y22.85 F1500
G1 X38.77 Y21.09 F1500
G1 X39.19 Y21.38 F1500
G1 X39.81 Y22.63 F1500
G1 X40.23 Y22.92 F1500
G1 X41.07 Y21.49 F1500
G1 X41.49 Y21.12 F1500
G1 X41.70 Y21.23 F1500
G1 X42.75 Y22.87 F1500
G1 X43.17 Y22.53 F1500
G1 X44.00 Y21.18 F1500
G1 X44.42 Y21.39 F1500
G1 X45.05 Y22.53 F1500
G1 X45.47 Y22.87 F1500
G1 X45.68 Y22.73 F1500
G1 X46.52 Y21.24 F1500
G1 X46.73 Y21.17 F1500
G1 X47.15 Y21.54 F1500
G1 X47.36 Y21.99 F1500
G1 X48.20 Y22.16 F1500
G1 X49.03 Y22.00 F1500
G1 X49.45 Y21.75 F1500
G1 X49.66 Y22.00 F1500
G1 X49.87 Y21.90 F1500
G1 X50.50 Y22.25 F1500
G1 X50.71 Y22.13 F1500
G1 X50.92 Y22.33 F1500
G1 X51.13 Y22.32 F1500
G1 X51.55 Y21.81 F1500
G1 X52.18 Y21.43 F1500
G1 X52.39 Y21.50 F1500
G1 X53.02 Y22.52 F1500
G1 X53.43 Y22.74 F1500
G1 X54.27 Y21.66 F1500
G1 X54.69 Y21.42 F1500
G1 X55.95 Y22.77 F1500
G1 X57.21 Y21.34 F1500
G1 X57.63 Y21.55 F1500
G1 X58.25 Y22.49 F1500
G1 X58.67 Y22.69 F1500
G1 X59.93 Y21.20 F1500
G1 X61.19 Y22.60 F1500
G1 X61.61 Y22.44 F1500
G1 X62.44 Y21.23 F1500
G1 X62.86 Y21.35 F1500
G1 X63.49 Y22.44 F1500
G1 X64.12 Y22.64 F1500
G1 X64.96 Y21.09 F1500
G1 X65.17 Y20.95 F1500
G1 X65.38 Y21.08 F1500
G1 X66.43 Y23.04 F1500
G1 X66.85 Y22.69 F1500
G1 X67.47 Y21.27 F1500
G1 X67.68 Y21.00 F1500
G1 X67.89 Y20.98 F1500
G1 X68.73 Y22.63 F1500
G1 X69.15 Y23.05 F1500
G1 X70.41 Y20.96 F1500
G1 X70.83 Y21.37 F1500
G1 X71.66 Y23.03 F1500
G1 X71.87 Y23.01 F1500
G1 X72.08 Y22.74 F1500
G1 X72.92 Y21.02 F1500
G1 X73.13 Y20.97 F1500
G1 X73.34 Y21.16 F1500
G1 X73.97 Y22.55 F1500
G1 X74.39 Y22.91 F1500
G1 X74.81 Y22.50 F1500
G1 X75.65 Y20.97 F1500
G1 X75.86 Y21.02 F1500
G1 X76.48 Y22.30 F1500
G1 X77.11 Y23.03 F1500
G1 X77.95 Y21.47 F1500
G1 X78.16 Y21.35 F1500
G1 X79.00 Y22.00 F1500
G1 X79.42 Y22.63 F1500
G1 X79.63 Y22.67 F1500
G1 X80.47 Y21.92 F1500
G1 X82.35 Y22.16 F1500
G1 X83.61 Y21.80 F1500
G1 X84.87 Y22.22 F1500
G1 X86.33 Y21.76 F1500
G1 X87.59 Y22.25 F1500
G1 X88.64 Y21.81 F1500
G1 X90.10 Y22.20 F1500
G1 X91.57 Y21.81 F1500
G1 X92.20 Y22.04 F1500
G1 X92.83 Y22.89 F1500
G1 X93.04 Y22.89 F1500
G1 X93.88 Y21.15 F1500
G1 X94.09 Y21.06 F1500
G1 X94.51 Y21.49 F1500
G1 X95.13 Y22.76 F1500
G1 X95.34 Y22.83 F1500
G1 X95.76 Y22.52 F1500
G1 X96.39 Y21.53 F1500
G1 X96.81 Y21.18 F1500
G1 X97.02 Y21.25 F1500
G1 X97.65 Y22.29 F1500
G1 X98.07 Y22.57 F1500
G1 X99.32 Y21.62 F1500
G1 X100.79 Y22.28 F1500
G1 X102.26 Y21.56 F1500
G1 X102.47 Y21.59 F1500
G1 X103.31 Y23.04 F1500
G1 X103.73 Y22.67 F1500
G1 X104.35 Y21.24 F1500
G1 X104.56 Y20.99 F1500
G1 X104.77 Y20.99 F1500
G1 X105.61 Y22.66 F1500
G1 X106.03 Y23.04 F1500
G1 X107.08 Y21.10 F1500
G1 X107.29 Y20.96 F1500
G1 X107.71 Y21.40 F1500
G1 X108.54 Y23.03 F1500
G1 X108.96 Y22.72 F1500
G1 X109.59 Y21.29 F1500
G1 X110.01 Y20.97 F1500
G1 X110.85 Y22.60 F1500
G1 X111.27 Y23.05 F1500
G1 X111.69 Y22.54 F1500
G1 X112.32 Y21.17 F1500
G1 X112.53 Y21.14 F1500
G1 X113.78 Y22.55 F1500
G1 X114.20 Y22.40 F1500
G1 X114.83 Y21.69 F1500
G1 X115.25 Y21.59 F1500
G1 X116.51 Y22.39 F1500
G1 X117.76 Y21.61 F1500
G1 X119.23 Y22.41 F1500
G1 X120.28 Y21.63 F1500
G1 X120.70 Y21.65 F1500
G1 X121.75 Y22.41 F1500
G1 X122.17 Y22.26 F1500
G1 X122.79 Y21.68 F1500
G1 X123.21 Y21.58 F1500
G1 X124.05 Y22.28 F1500
G1 X124.47 Y22.44 F1500
G1 X125.73 Y21.56 F1500
G1 X126.98 Y22.45 F1500
G1 X127.40 Y22.31 F1500
G1 X128.03 Y21.69 F1500
G1 X128.45 Y21.58 F1500
G1 X129.71 Y22.49 F1500
G1 X130.97 Y21.50 F1500
G1 X131.39 Y21.68 F1500
G1 X132.01 Y22.40 F1500
G1 X132.43 Y22.51 F1500
G1 X133.27 Y21.64 F1500
G1 X133.69 Y21.46 F1500
G1 X134.95 Y22.58 F1500
G1 X135.37 Y22.32 F1500
G1 X136.20 Y21.40 F1500
G1 X136.62 Y21.59 F1500
G1 X137.25 Y22.47 F1500
G1 X137.67 Y22.65 F1500
G1 X138.51 Y21.61 F1500
G1 X138.93 Y21.35 F1500
G1 X139.35 Y21.64 F1500
G1 X139.98 Y22.66 F1500
G1 X140.19 Y22.67 F1500
G1 X141.02 Y21.83 F1500
G1 X141.44 Y21.62 F1500
G1 X142.91 Y22.27 F1500
G1 X143.96 Y21.75 F1500
G1 X144.38 Y21.71 F1500
G1 X145.42 Y22.42 F1500
G1 X145.84 Y22.29 F1500
G1 X146.47 Y21.70 F1500
G1 X146.89 Y21.59 F1500
G1 X148.15 Y22.44 F1500
G1 X149.41 Y21.53 F1500
G1 X149.83 Y21.71 F1500
G1 X150.66 Y22.52 F1500
G1 X151.08 Y22.37 F1500
G1 X151.71 Y21.64 F1500
G1 X152.13 Y21.46 F1500
G1 X153.18 Y22.50 F1500
G1 X153.39 Y22.53 F1500
G1 X154.64 Y21.49 F1500
G1 X155.06 Y21.65 F1500
G1 X155.90 Y22.44 F1500
G1 X156.32 Y22.34 F1500
G1 X156.95 Y21.74 F1500
G1 X157.37 Y21.58 F1500
G1 X158.63 Y22.48 F1500
G1 X159.05 Y22.31 F1500
G1 X159.67 Y21.59 F1500
G1 X160.09 Y21.47 F1500
G1 X160.93 Y22.40 F1500
G1 X161.35 Y22.58 F1500
G1 X162.61 Y21.40 F1500
G1 X163.86 Y22.61 F1500
G1 X164.28 Y22.38 F1500
G1 X164.91 Y21.60 F1500
G1 X165.33 Y21.42 F1500
G1 X166.17 Y22.37 F1500
G1 X166.59 Y22.60 F1500
G1 X167.85 Y21.40 F1500
G1 X168.27 Y21.65 F1500
G1 X169.10 Y22.60 F1500
G1 X169.52 Y22.43 F1500
G1 X170.15 Y21.60 F1500
G1 X170.57 Y21.42 F1500
G1 X171.83 Y22.60 F1500
G1 X173.08 Y21.42 F1500
G1 X173.50 Y21.62 F1500
G1 X174.13 Y22.44 F1500
G1 X174.55 Y22.59 F1500
G1 X175.39 Y21.63 F1500
G1 X175.81 Y21.37 F1500
G1 X177.07 Y22.63 F1500
G1 X177.49 Y22.36 F1500
G1 X178.32 Y21.39 F1500
G1 X178.74 Y21.57 F1500
G1 X179.58 Y22.65 F1500
G1 X179.79 Y22.60 F1500
G1 X180.00 Y22.82 F1500
G1 X180.00 Y23.03 F1500
G1 X180.00 Y23.24 F1500
G1 X180.00 Y23.45 F1500
G1 X180.00 Y23.66 F1500
G1 X180.00 Y23.87 F1500
G1 X180.00 Y23.87 F1500
G1 X179.79 Y23.65 F1500
G1 X179.58 Y23.70 F1500
G1 X178.74 Y22.62 F1500
G1 X178.32 Y22.44 F1500
G1 X177.49 Y23.40 F1500
G1 X177.07 Y23.66 F1500
G1 X175.81 Y22.44 F1500
G1 X175.39 Y22.67 F1500
G1 X174.55 Y23.65 F1500
G1 X174.13 Y23.50 F1500
G1 X173.50 Y22.66 F1500
G1 X173.08 Y22.45 F1500
G1 X171.83 Y23.63 F1500
G1 X170.57 Y22.47 F1500
G1 X170.15 Y22.64 F1500
G1 X169.52 Y23.48 F1500
G1 X169.10 Y23.65 F1500
G1 X168.27 Y22.69 F1500
G1 X167.85 Y22.44 F1500
G1 X166.59 Y23.65 F1500
G1 X166.17 Y23.41 F1500
G1 X165.33 Y22.46 F1500
G1 X164.91 Y22.62 F1500
G1 X164.28 Y23.44 F1500
G1 X163.86 Y23.64 F1500
G1 X162.82 Y22.55 F1500
G1 X162.40 Y22.55 F1500
G1 X161.35 Y23.63 F1500
G1 X160.93 Y23.44 F1500
G1 X160.30 Y22.64 F1500
G1 X159.88 Y22.46 F1500
G1 X159.05 Y23.39 F1500
G1 X158.63 Y23.57 F1500
G1 X157.37 Y22.62 F1500
G1 X156.95 Y22.80 F1500
G1 X156.32 Y23.38 F1500
G1 X155.90 Y23.48 F1500
G1 X155.06 Y22.72 F1500
G1 X154.64 Y22.54 F1500
G1 X153.39 Y23.59 F1500
G1 X152.13 Y22.49 F1500
G1 X151.71 Y22.68 F1500
G1 X150.87 Y23.59 F1500
G1 X150.45 Y23.47 F1500
G1 X149.83 Y22.73 F1500
G1 X149.41 Y22.54 F1500
G1 X148.15 Y23.51 F1500
G1 X146.89 Y22.63 F1500
G1 X146.47 Y22.74 F1500
G1 X145.84 Y23.34 F1500
G1 X145.42 Y23.49 F1500
G1 X144.17 Y22.67 F1500
G1 X142.91 Y23.36 F1500
G1 X141.44 Y22.69 F1500
G1 X140.19 Y23.66 F1500
G1 X139.77 Y23.36 F1500
G1 X138.93 Y22.25 F1500
G1 X138.72 Y22.34 F1500
G1 X137.67 Y23.73 F1500
G1 X137.25 Y23.52 F1500
G1 X136.62 Y22.61 F1500
G1 X136.20 Y22.44 F1500
G1 X135.37 Y23.38 F1500
G1 X134.95 Y23.63 F1500
G1 X133.69 Y22.50 F1500
G1 X133.27 Y22.69 F1500
G1 X132.64 Y23.43 F1500
G1 X132.22 Y23.57 F1500
G1 X131.39 Y22.73 F1500
G1 X130.97 Y22.55 F1500
G1 X129.71 Y23.53 F1500
G1 X128.45 Y22.59 F1500
G1 X128.03 Y22.73 F1500
G1 X127.40 Y23.36 F1500
G1 X126.98 Y23.50 F1500
G1 X125.73 Y22.61 F1500
G1 X124.47 Y23.49 F1500
G1 X124.05 Y23.33 F1500
G1 X123.21 Y22.65 F1500
G1 X122.79 Y22.75 F1500
G1 X122.17 Y23.30 F1500
G1 X121.75 Y23.45 F1500
G1 X120.49 Y22.64 F1500
G1 X119.23 Y23.45 F1500
G1 X118.81 Y23.33 F1500
G1 X117.97 Y22.66 F1500
G1 X117.56 Y22.74 F1500
G1 X116.51 Y23.44 F1500
G1 X115.25 Y22.66 F1500
G1 X114.83 Y22.78 F1500
G1 X113.99 Y23.68 F1500
G1 X113.78 Y23.72 F1500
G1 X112.95 Y22.62 F1500
G1 X112.53 Y22.36 F1500
G1 X112.11 Y22.62 F1500
G1 X111.69 Y23.58 F1500
G1 X111.27 Y24.10 F1500
G1 X110.85 Y23.65 F1500
G1 X110.01 Y22.02 F1500
G1 X109.59 Y22.34 F1500
G1 X108.96 Y23.77 F1500
G1 X108.54 Y24.08 F1500
G1 X107.71 Y22.45 F1500
G1 X107.29 Y22.00 F1500
G1 X107.08 Y22.15 F1500
G1 X106.03 Y24.09 F1500
G1 X105.61 Y23.70 F1500
G1 X104.77 Y22.03 F1500
G1 X104.56 Y22.04 F1500
G1 X104.35 Y22.29 F1500
G1 X103.73 Y23.71 F1500
G1 X103.31 Y24.09 F1500
G1 X102.26 Y22.14 F1500
G1 X102.05 Y22.00 F1500
G1 X101.84 Y22.12 F1500
G1 X101.00 Y23.62 F1500
G1 X100.58 Y23.28 F1500
G1 X99.32 Y22.73 F1500
G1 X98.91 Y22.89 F1500
G1 X98.49 Y23.38 F1500
G1 X97.86 Y23.77 F1500
G1 X96.81 Y22.17 F1500
G1 X96.18 Y22.93 F1500
G1 X95.55 Y24.05 F1500
G1 X95.13 Y23.71 F1500
G1 X94.51 Y22.39 F1500
G1 X94.30 Y22.14 F1500
G1 X94.09 Y22.14 F1500
G1 X93.67 Y22.60 F1500
G1 X93.25 Y23.56 F1500
G1 X92.83 Y23.80 F1500
G1 X92.20 Y23.08 F1500
G1 X91.57 Y22.90 F1500
G1 X90.10 Y23.28 F1500
G1 X88.85 Y22.86 F1500
G1 X87.59 Y23.31 F1500
G1 X86.12 Y22.70 F1500
G1 X85.08 Y23.28 F1500
G1 X83.61 Y22.84 F1500
G1 X82.35 Y23.24 F1500
G1 X80.88 Y22.95 F1500
G1 X79.63 Y23.26 F1500
G1 X79.00 Y23.05 F1500
G1 X78.58 Y22.38 F1500
G1 X78.37 Y22.33 F1500
G1 X77.95 Y22.64 F1500
G1 X77.11 Y24.07 F1500
G1 X76.90 Y24.06 F1500
G1 X76.69 Y23.79 F1500
G1 X76.07 Y22.41 F1500
G1 X75.86 Y22.07 F1500
G1 X75.65 Y22.01 F1500
G1 X74.39 Y24.10 F1500
G1 X74.18 Y23.97 F1500
G1 X73.13 Y22.01 F1500
G1 X72.71 Y22.37 F1500
G1 X72.08 Y23.79 F1500
G1 X71.87 Y24.06 F1500
G1 X71.66 Y24.07 F1500
G1 X70.83 Y22.43 F1500
G1 X70.41 Y22.01 F1500
G1 X69.15 Y24.10 F1500
G1 X68.73 Y23.67 F1500
G1 X67.89 Y22.02 F1500
G1 X67.68 Y22.05 F1500
G1 X67.47 Y22.31 F1500
G1 X66.85 Y23.74 F1500
G1 X66.43 Y24.09 F1500
G1 X65.38 Y22.13 F1500
G1 X65.17 Y22.01 F1500
G1 X64.96 Y22.14 F1500
G1 X63.91 Y24.09 F1500
G1 X63.49 Y23.69 F1500
G1 X62.65 Y22.11 F1500
G1 X62.24 Y22.37 F1500
G1 X61.61 Y23.59 F1500
G1 X61.19 Y23.93 F1500
G1 X60.14 Y22.42 F1500
G1 X59.72 Y22.51 F1500
G1 X58.67 Y23.74 F1500
G1 X58.25 Y23.55 F1500
G1 X57.63 Y22.57 F1500
G1 X57.21 Y22.38 F1500
G1 X55.95 Y23.76 F1500
G1 X55.74 Y23.69 F1500
G1 X54.90 Y22.40 F1500
G1 X54.69 Y22.29 F1500
G1 X54.27 Y22.59 F1500
G1 X53.43 Y23.71 F1500
G1 X53.02 Y23.53 F1500
G1 X52.18 Y22.29 F1500
G1 X51.97 Y22.29 F1500
G1 X51.55 Y22.91 F1500
G1 X51.13 Y23.20 F1500
G1 X50.71 Y23.23 F1500
G1 X50.50 Y23.50 F1500
G1 X50.08 Y23.08 F1500
G1 X49.66 Y22.92 F1500
G1 X49.45 Y23.05 F1500
G1 X47.99 Y23.05 F1500
G1 X47.78 Y23.45 F1500
G1 X47.57 Y23.36 F1500
G1 X47.15 Y22.57 F1500
G1 X46.73 Y22.18 F1500
G1 X45.47 Y23.87 F1500
G1 X45.05 Y23.57 F1500
G1 X44.42 Y22.45 F1500
G1 X44.00 Y22.24 F1500
G1 X43.17 Y23.59 F1500
G1 X42.75 Y23.93 F1500
G1 X41.49 Y22.16 F1500
G1 X41.07 Y22.52 F1500
G1 X40.23 Y23.94 F1500
G1 X39.81 Y23.67 F1500
G1 X39.19 Y22.43 F1500
G1 X38.77 Y22.14 F1500
G1 X37.93 Y23.58 F1500
G1 X37.51 Y23.96 F1500
G1 X37.09 Y23.54 F1500
G1 X36.25 Y22.06 F1500
G1 X35.83 Y22.41 F1500
G1 X34.99 Y24.02 F1500
G1 X34.58 Y23.73 F1500
G1 X33.74 Y22.45 F1500
G1 X33.53 Y22.46 F1500
G1 X32.69 Y23.26 F1500
G1 X32.27 Y23.42 F1500
G1 X31.01 Y22.73 F1500
G1 X29.55 Y23.39 F1500
G1 X28.50 Y22.69 F1500
G1 X28.08 Y22.68 F1500
G1 X27.24 Y23.56 F1500
G1 X26.82 Y23.69 F1500
G1 X25.77 Y22.22 F1500
G1 X25.36 Y22.43 F1500
G1 X24.73 Y23.60 F1500
G1 X24.31 Y23.93 F1500
G1 X23.26 Y22.28 F1500
G1 X23.05 Y22.16 F1500
G1 X22.63 Y22.55 F1500
G1 X21.79 Y23.92 F1500
G1 X21.37 Y23.63 F1500
G1 X20.75 Y22.45 F1500
G1 X20.33 Y22.21 F1500
G1 X19.49 Y23.54 F1500
G1 X19.07 Y23.90 F1500
G1 X17.81 Y22.19 F1500
G1 X17.39 Y22.52 F1500
G1 X16.55 Y23.91 F1500
G1 X16.14 Y23.68 F1500
G1 X15.51 Y22.49 F1500
G1 X15.09 Y22.19 F1500
G1 X14.04 Y23.82 F1500
G1 X13.83 Y23.93 F1500
G1 X13.62 Y23.82 F1500
G1 X12.57 Y22.21 F1500
G1 X12.15 Y22.47 F1500
G1 X11.32 Y23.83 F1500
G1 X10.90 Y23.65 F1500
G1 X10.27 Y22.64 F1500
G1 X9.85 Y22.38 F1500
G1 X8.59 Y23.67 F1500
G1 X8.38 Y23.64 F1500
G1 X7.33 Y22.52 F1500
G1 X6.08 Y23.41 F1500
G1 X5.66 Y23.33 F1500
G1 X4.61 Y22.71 F1500
G1 X4.19 Y22.85 F1500
G1 X3.35 Y23.49 F1500
G1 X2.93 Y23.35 F1500
G1 X2.10 Y22.60 F1500
G1 X1.68 Y22.69 F1500
G1 X0.84 Y23.49 F1500
G1 X0.42 Y23.48 F1500
G1 X0.00 Y23.05 F1500
G1 X0.00 Y23.26 F1500
G1 X0.00 Y23.47 F1500
G1 X0.00 Y23.68 F1500
G1 X0.00 Y23.89 F1500
G1 X0.00 Y24.10 F1500
G1 X0.00 Y24.10 F1500
G1 X0.63 Y24.57 F1500
G1 X1.68 Y23.76 F1500
G1 X2.10 Y23.66 F1500
G1 X2.93 Y24.34 F1500
G1 X3.35 Y24.42 F1500
G1 X4.61 Y23.77 F1500
G1 X5.03 Y23.90 F1500
G1 X5.66 Y24.43 F1500
G1 X6.08 Y24.53 F1500
G1 X7.12 Y23.51 F1500
G1 X7.33 Y23.50 F1500
G1 X8.17 Y24.47 F1500
G1 X8.59 Y24.70 F1500
G1 X9.85 Y23.45 F1500
G1 X10.27 Y23.69 F1500
G1 X10.90 Y24.69 F1500
G1 X11.32 Y24.88 F1500
G1 X12.15 Y23.54 F1500
G1 X12.57 Y23.25 F1500
G1 X13.62 Y24.85 F1500
G1 X13.83 Y24.95 F1500
G1 X14.25 Y24.56 F1500
G1 X15.09 Y23.23 F1500
G1 X15.51 Y23.55 F1500
G1 X16.14 Y24.71 F1500
G1 X16.55 Y24.92 F1500
G1 X17.39 Y23.58 F1500
G1 X17.81 Y23.25 F1500
G1 X19.07 Y24.94 F1500
G1 X19.49 Y24.59 F1500
G1 X20.33 Y23.27 F1500
G1 X20.75 Y23.51 F1500
G1 X21.37 Y24.67 F1500
G1 X21.79 Y24.93 F1500
G1 X22.63 Y23.61 F1500
G1 X23.05 Y23.22 F1500
G1 X23.26 Y23.34 F1500
G1 X24.31 Y24.97 F1500
G1 X24.73 Y24.66 F1500
G1 X25.36 Y23.46 F1500
G1 X25.77 Y23.24 F1500
G1 X26.82 Y24.76 F1500
G1 X27.24 Y24.61 F1500
G1 X28.08 Y23.73 F1500
G1 X28.50 Y23.77 F1500
G1 X29.55 Y24.44 F1500
G1 X31.01 Y23.77 F1500
G1 X32.27 Y24.47 F1500
G1 X32.69 Y24.31 F1500
G1 X33.53 Y23.53 F1500
G1 X33.74 Y23.53 F1500
G1 X34.78 Y25.04 F1500
G1 X34.99 Y25.09 F1500
G1 X35.83 Y23.44 F1500
G1 X36.25 Y23.08 F1500
G1 X37.09 Y24.60 F1500
G1 X37.51 Y25.04 F1500
G1 X37.93 Y24.64 F1500
G1 X38.77 Y23.20 F1500
G1 X39.19 Y23.48 F1500
G1 X40.02 Y24.96 F1500
G1 X40.23 Y24.99 F1500
G1 X40.44 Y24.80 F1500
G1 X41.07 Y23.58 F1500
G1 X41.49 Y23.21 F1500
G1 X41.70 Y23.33 F1500
G1 X42.75 Y24.96 F1500
G1 X43.17 Y24.64 F1500
G1 X44.00 Y23.29 F1500
G1 X44.42 Y23.51 F1500
G1 X45.05 Y24.60 F1500
G1 X45.47 Y24.90 F1500
G1 X46.73 Y23.27 F1500
G1 X47.15 Y23.63 F1500
G1 X47.78 Y24.79 F1500
G1 X47.99 Y24.93 F1500
G1 X48.20 Y24.87 F1500
G1 X48.61 Y24.15 F1500
G1 X49.24 Y24.10 F1500
G1 X49.45 Y23.86 F1500
G1 X49.66 Y24.10 F1500
G1 X51.13 Y24.27 F1500
G1 X51.55 Y23.81 F1500
G1 X51.76 Y23.31 F1500
G1 X52.60 Y23.98 F1500
G1 X53.22 Y24.80 F1500
G1 X53.64 Y24.63 F1500
G1 X54.27 Y23.62 F1500
G1 X54.69 Y23.34 F1500
G1 X55.95 Y24.76 F1500
G1 X56.37 Y24.50 F1500
G1 X57.00 Y23.57 F1500
G1 X57.42 Y23.41 F1500
G1 X58.25 Y24.61 F1500
G1 X58.67 Y24.77 F1500
G1 X59.93 Y23.30 F1500
G1 X60.14 Y23.40 F1500
G1 X61.19 Y25.00 F1500
G1 X61.61 Y24.71 F1500
G1 X62.44 Y23.11 F1500
G1 X62.86 Y23.37 F1500
G1 X63.49 Y24.78 F1500
G1 X63.91 Y25.14 F1500
G1 X64.96 Y23.18 F1500
G1 X65.17 Y23.05 F1500
G1 X65.38 Y23.17 F1500
G1 X66.43 Y25.13 F1500
G1 X66.85 Y24.79 F1500
G1 X67.68 Y23.09 F1500
G1 X68.10 Y23.40 F1500
G1 X68.73 Y24.72 F1500
G1 X69.15 Y25.14 F1500
G1 X70.41 Y23.05 F1500
G1 X70.83 Y23.47 F1500
G1 X71.66 Y25.12 F1500
G1 X71.87 Y25.10 F1500
G1 X72.08 Y24.84 F1500
G1 X72.71 Y23.44 F1500
G1 X73.13 Y23.10 F1500
G1 X73.34 Y23.26 F1500
G1 X74.18 Y25.02 F1500
G1 X74.39 Y25.14 F1500
G1 X74.81 Y24.60 F1500
G1 X75.44 Y23.27 F1500
G1 X75.65 Y23.14 F1500
G1 X76.07 Y23.49 F1500
G1 X76.48 Y24.34 F1500
G1 X76.90 Y24.80 F1500
G1 X77.11 Y24.82 F1500
G1 X77.95 Y23.81 F1500
G1 X78.37 Y23.74 F1500
G1 X79.63 Y24.36 F1500
G1 X80.88 Y23.94 F1500
G1 X82.35 Y24.36 F1500
G1 X83.61 Y23.83 F1500
G1 X84.66 Y24.33 F1500
G1 X85.08 Y24.36 F1500
G1 X86.33 Y23.81 F1500
G1 X87.59 Y24.31 F1500
G1 X88.43 Y24.05 F1500
G1 X89.90 Y24.17 F1500
G1 X91.99 Y24.04 F1500
G1 X93.04 Y24.59 F1500
G1 X93.25 Y24.48 F1500
G1 X93.88 Y23.39 F1500
G1 X94.30 Y23.12 F1500
G1 X94.92 Y24.40 F1500
G1 X95.55 Y24.99 F1500
G1 X95.76 Y24.87 F1500
G1 X96.60 Y23.14 F1500
G1 X97.23 Y23.72 F1500
G1 X98.07 Y24.88 F1500
G1 X99.12 Y23.56 F1500
G1 X99.53 Y23.45 F1500
G1 X99.95 Y23.86 F1500
G1 X100.58 Y25.09 F1500
G1 X100.79 Y25.13 F1500
G1 X101.63 Y23.51 F1500
G1 X102.05 Y23.05 F1500
G1 X102.26 Y23.19 F1500
G1 X103.31 Y25.14 F1500
G1 X103.73 Y24.76 F1500
G1 X104.35 Y23.34 F1500
G1 X104.56 Y23.08 F1500
G1 X104.77 Y23.08 F1500
G1 X105.61 Y24.75 F1500
G1 X106.03 Y25.14 F1500
G1 X107.08 Y23.20 F1500
G1 X107.29 Y23.05 F1500
G1 X107.71 Y23.50 F1500
G1 X108.54 Y25.13 F1500
G1 X108.96 Y24.81 F1500
G1 X109.59 Y23.39 F1500
G1 X110.01 Y23.07 F1500
G1 X110.85 Y24.69 F1500
G1 X111.27 Y25.14 F1500
G1 X112.11 Y23.79 F1500
G1 X112.53 Y23.43 F1500
G1 X112.95 Y23.66 F1500
G1 X113.57 Y24.62 F1500
G1 X113.78 Y24.72 F1500
G1 X114.83 Y23.84 F1500
G1 X115.25 Y23.71 F1500
G1 X116.51 Y24.48 F1500
G1 X117.56 Y23.79 F1500
G1 X117.97 Y23.71 F1500
G1 X118.81 Y24.38 F1500
G1 X119.23 Y24.50 F1500
G1 X120.49 Y23.69 F1500
G1 X121.75 Y24.51 F1500
G1 X122.17 Y24.35 F1500
G1 X122.79 Y23.79 F1500
G1 X123.21 Y23.69 F1500
G1 X124.47 Y24.53 F1500
G1 X125.73 Y23.68 F1500
G1 X126.98 Y24.54 F1500
G1 X127.40 Y24.40 F1500
G1 X128.03 Y23.78 F1500
G1 X128.45 Y23.65 F1500
G1 X129.71 Y24.59 F1500
G1 X130.97 Y23.58 F1500
G1 X131.39 Y23.77 F1500
G1 X132.01 Y24.50 F1500
G1 X132.43 Y24.61 F1500
G1 X133.27 Y23.72 F1500
G1 X133.69 Y23.54 F1500
G1 X134.95 Y24.71 F1500
G1 X135.37 Y24.45 F1500
G1 X136.20 Y23.43 F1500
G1 X136.62 Y23.66 F1500
G1 X137.25 Y24.60 F1500
G1 X137.67 Y24.78 F1500
G1 X138.51 Y23.67 F1500
G1 X138.93 Y23.38 F1500
G1 X139.77 Y24.35 F1500
G1 X140.19 Y24.57 F1500
G1 X141.44 Y23.76 F1500
G1 X141.86 Y23.85 F1500
G1 X142.91 Y24.48 F1500
G1 X144.17 Y23.65 F1500
G1 X144.59 Y23.85 F1500
G1 X145.22 Y24.49 F1500
G1 X145.63 Y24.55 F1500
G1 X146.68 Y23.65 F1500
G1 X147.10 Y23.76 F1500
G1 X148.15 Y24.61 F1500
G1 X149.41 Y23.55 F1500
G1 X149.83 Y23.76 F1500
G1 X150.66 Y24.70 F1500
G1 X151.08 Y24.53 F1500
G1 X151.92 Y23.54 F1500
G1 X152.34 Y23.66 F1500
G1 X152.97 Y24.38 F1500
G1 X153.39 Y24.61 F1500
G1 X154.64 Y23.61 F1500
G1 X155.69 Y24.40 F1500
G1 X156.11 Y24.49 F1500
G1 X157.37 Y23.68 F1500
G1 X157.79 Y23.88 F1500
G1 X158.63 Y24.66 F1500
G1 X159.05 Y24.45 F1500
G1 X159.88 Y23.52 F1500
G1 X160.30 Y23.70 F1500
G1 X160.93 Y24.48 F1500
G1 X161.35 Y24.67 F1500
G1 X162.61 Y23.52 F1500
G1 X163.86 Y24.69 F1500
G1 X164.28 Y24.49 F1500
G1 X164.91 Y23.66 F1500
G1 X165.33 Y23.50 F1500
G1 X166.17 Y24.47 F1500
G1 X166.59 Y24.69 F1500
G1 X167.85 Y23.50 F1500
G1 X168.27 Y23.74 F1500
G1 X169.10 Y24.70 F1500
G1 X169.52 Y24.52 F1500
G1 X170.15 Y23.69 F1500
G1 X170.57 Y23.51 F1500
G1 X171.62 Y24.62 F1500
G1 X172.04 Y24.60 F1500
G1 X173.08 Y23.50 F1500
G1 X173.50 Y23.71 F1500
G1 X174.13 Y24.54 F1500
G1 X174.55 Y24.69 F1500
G1 X175.39 Y23.72 F1500
G1 X175.81 Y23.49 F1500
G1 X177.07 Y24.71 F1500
G1 X177.49 Y24.45 F1500
G1 X178.32 Y23.50 F1500
G1 X178.74 Y23.69 F1500
G1 X179.37 Y24.52 F1500
G1 X180.00 Y24.92 F1500
G1 X180.00 Y25.13 F1500
G1 X180.00 Y25.34 F1500
G1 X180.00 Y25.55 F1500
G1 X180.00 Y25.76 F1500
G1 X180.00 Y25.97 F1500
G1 X180.00 Y25.97 F1500
G1 X179.37 Y25.54 F1500
G1 X178.74 Y24.73 F1500
G1 X178.32 Y24.56 F1500
G1 X177.49 Y25.49 F1500
G1 X177.07 Y25.74 F1500
G1 X175.81 Y24.53 F1500
G1 X175.39 Y24.76 F1500
G1 X174.55 Y25.73 F1500
G1 X174.13 Y25.59 F1500
G1 X173.50 Y24.76 F1500
G1 X173.08 Y24.54 F1500
G1 X171.83 Y25.75 F1500
G1 X170.57 Y24.57 F1500
G1 X170.15 Y24.75 F1500
G1 X169.52 Y25.57 F1500
G1 X169.10 Y25.74 F1500
G1 X168.27 Y24.80 F1500
G1 X167.85 Y24.56 F1500
G1 X166.59 Y25.73 F1500
G1 X166.17 Y25.52 F1500
G1 X165.54 Y24.69 F1500
G1 X165.12 Y24.55 F1500
G1 X164.28 Y25.54 F1500
G1 X163.86 Y25.76 F1500
G1 X162.61 Y24.56 F1500
G1 X161.35 Y25.71 F1500
G1 X160.93 Y25.52 F1500
G1 X160.30 Y24.75 F1500
G1 X159.88 Y24.58 F1500
G1 X159.05 Y25.50 F1500
G1 X158.63 Y25.70 F1500
G1 X157.58 Y24.75 F1500
G1 X157.37 Y24.71 F1500
G1 X156.11 Y25.53 F1500
G1 X155.69 Y25.43 F1500
G1 X155.06 Y24.88 F1500
G1 X154.64 Y24.72 F1500
G1 X153.39 Y25.68 F1500
G1 X152.97 Y25.44 F1500
G1 X152.13 Y24.54 F1500
G1 X151.71 Y24.74 F1500
G1 X151.08 Y25.59 F1500
G1 X150.66 Y25.75 F1500
G1 X149.83 Y24.80 F1500
G1 X149.41 Y24.57 F1500
G1 X148.15 Y25.68 F1500
G1 X146.89 Y24.67 F1500
G1 X146.47 Y24.82 F1500
G1 X145.63 Y25.62 F1500
G1 X145.22 Y25.55 F1500
G1 X144.59 Y24.87 F1500
G1 X144.17 Y24.65 F1500
G1 X142.91 Y25.57 F1500
G1 X141.86 Y24.88 F1500
G1 X141.44 Y24.78 F1500
G1 X140.19 Y25.62 F1500
G1 X138.93 Y24.54 F1500
G1 X138.51 Y24.72 F1500
G1 X137.67 Y25.92 F1500
G1 X137.25 Y25.66 F1500
G1 X136.62 Y24.70 F1500
G1 X136.20 Y24.49 F1500
G1 X135.37 Y25.49 F1500
G1 X134.95 Y25.77 F1500
G1 X133.69 Y24.58 F1500
G1 X133.27 Y24.77 F1500
G1 X132.43 Y25.66 F1500
G1 X132.01 Y25.55 F1500
G1 X131.39 Y24.82 F1500
G1 X130.97 Y24.62 F1500
G1 X129.71 Y25.63 F1500
G1 X128.45 Y24.69 F1500
G1 X128.03 Y24.83 F1500
G1 X127.40 Y25.45 F1500
G1 X126.98 Y25.58 F1500
G1 X125.73 Y24.73 F1500
G1 X124.68 Y25.47 F1500
G1 X124.26 Y25.55 F1500
G1 X123.21 Y24.74 F1500
G1 X122.79 Y24.84 F1500
G1 X122.17 Y25.39 F1500
G1 X121.75 Y25.55 F1500
G1 X120.49 Y24.73 F1500
G1 X119.23 Y25.55 F1500
G1 X118.81 Y25.43 F1500
G1 X117.97 Y24.77 F1500
G1 X117.56 Y24.84 F1500
G1 X116.51 Y25.52 F1500
G1 X115.46 Y24.83 F1500
G1 X115.04 Y24.77 F1500
G1 X114.20 Y25.47 F1500
G1 X113.78 Y25.62 F1500
G1 X113.36 Y25.34 F1500
G1 X112.74 Y24.52 F1500
G1 X112.53 Y24.47 F1500
G1 X111.48 Y25.72 F1500
G1 X111.06 Y25.98 F1500
G1 X110.01 Y24.11 F1500
G1 X109.59 Y24.43 F1500
G1 X108.96 Y25.86 F1500
G1 X108.54 Y26.18 F1500
G1 X107.71 Y24.54 F1500
G1 X107.29 Y24.10 F1500
G1 X107.08 Y24.25 F1500
G1 X106.03 Y26.19 F1500
G1 X105.61 Y25.80 F1500
G1 X104.77 Y24.13 F1500
G1 X104.56 Y24.13 F1500
G1 X104.35 Y24.38 F1500
G1 X103.73 Y25.81 F1500
G1 X103.31 Y26.19 F1500
G1 X102.26 Y24.24 F1500
G1 X102.05 Y24.10 F1500
G1 X101.63 Y24.56 F1500
G1 X100.79 Y26.18 F1500
G1 X100.37 Y25.85 F1500
G1 X99.74 Y24.44 F1500
G1 X99.32 Y24.43 F1500
G1 X98.07 Y25.84 F1500
G1 X97.65 Y25.46 F1500
G1 X96.81 Y24.10 F1500
G1 X96.60 Y24.18 F1500
G1 X95.55 Y26.16 F1500
G1 X95.34 Y26.16 F1500
G1 X95.13 Y25.90 F1500
G1 X94.51 Y24.52 F1500
G1 X94.09 Y24.24 F1500
G1 X93.46 Y25.18 F1500
G1 X93.04 Y25.46 F1500
G1 X91.99 Y25.13 F1500
G1 X87.17 Y25.17 F1500
G1 X86.12 Y24.89 F1500
G1 X84.87 Y25.46 F1500
G1 X83.61 Y24.90 F1500
G1 X82.14 Y25.52 F1500
G1 X81.09 Y24.85 F1500
G1 X79.63 Y25.37 F1500
G1 X78.37 Y24.83 F1500
G1 X77.74 Y25.10 F1500
G1 X77.11 Y25.83 F1500
G1 X76.48 Y25.38 F1500
G1 X76.07 Y24.49 F1500
G1 X75.65 Y24.23 F1500
G1 X75.44 Y24.34 F1500
G1 X74.81 Y25.69 F1500
G1 X74.39 Y26.19 F1500
G1 X74.18 Y26.06 F1500
G1 X73.13 Y24.11 F1500
G1 X72.71 Y24.46 F1500
G1 X72.08 Y25.89 F1500
G1 X71.87 Y26.15 F1500
G1 X71.66 Y26.17 F1500
G1 X70.83 Y24.51 F1500
G1 X70.41 Y24.10 F1500
G1 X69.15 Y26.19 F1500
G1 X68.94 Y26.04 F1500
G1 X67.89 Y24.12 F1500
G1 X67.68 Y24.14 F1500
G1 X67.47 Y24.41 F1500
G1 X66.85 Y25.84 F1500
G1 X66.43 Y26.18 F1500
G1 X65.38 Y24.22 F1500
G1 X65.17 Y24.10 F1500
G1 X64.96 Y24.23 F1500
G1 X63.91 Y26.18 F1500
G1 X63.49 Y25.82 F1500
G1 X62.86 Y24.40 F1500
G1 X62.65 Y24.14 F1500
G1 X62.44 Y24.12 F1500
G1 X61.61 Y25.78 F1500
G1 X61.19 Y26.18 F1500
G1 X60.35 Y24.76 F1500
G1 X60.14 Y24.51 F1500
G1 X59.72 Y24.38 F1500
G1 X59.09 Y25.46 F1500
G1 X58.67 Y25.80 F1500
G1 X58.46 Y25.83 F1500
G1 X57.63 Y24.73 F1500
G1 X57.21 Y24.54 F1500
G1 X56.79 Y24.86 F1500
G1 X56.16 Y25.84 F1500
G1 X55.95 Y25.91 F1500
G1 X54.69 Y24.39 F1500
G1 X54.27 Y24.65 F1500
G1 X53.43 Y25.91 F1500
G1 X53.02 Y25.65 F1500
G1 X52.18 Y24.47 F1500
G1 X51.76 Y24.55 F1500
G1 X51.34 Y25.16 F1500
G1 X50.71 Y25.28 F1500
G1 X48.82 Y25.05 F1500
G1 X48.41 Y25.74 F1500
G1 X47.99 Y25.97 F1500
G1 X47.15 Y24.69 F1500
G1 X46.73 Y24.34 F1500
G1 X45.47 Y25.93 F1500
G1 X45.05 Y25.65 F1500
G1 X44.42 Y24.57 F1500
G1 X44.00 Y24.34 F1500
G1 X43.17 Y25.68 F1500
G1 X42.75 Y26.04 F1500
G1 X41.49 Y24.25 F1500
G1 X41.07 Y24.63 F1500
G1 X40.23 Y26.03 F1500
G1 X39.81 Y25.76 F1500
G1 X39.19 Y24.54 F1500
G1 X38.77 Y24.26 F1500
G1 X37.93 Y25.68 F1500
G1 X37.51 Y26.07 F1500
G1 X37.30 Y25.96 F1500
G1 X36.25 Y24.14 F1500
G1 X35.83 Y24.49 F1500
G1 X34.99 Y26.14 F1500
G1 X34.78 Y26.09 F1500
G1 X33.74 Y24.58 F1500
G1 X33.53 Y24.59 F1500
G1 X32.69 Y25.36 F1500
G1 X32.27 Y25.52 F1500
G1 X31.01 Y24.82 F1500
G1 X29.55 Y25.48 F1500
G1 X28.29 Y24.72 F1500
G1 X27.87 Y24.91 F1500
G1 X27.24 Y25.68 F1500
G1 X26.82 Y25.84 F1500
G1 X25.77 Y24.26 F1500
G1 X25.36 Y24.50 F1500
G1 X24.73 Y25.70 F1500
G1 X24.31 Y26.01 F1500
G1 X23.26 Y24.40 F1500
G1 X23.05 Y24.28 F1500
G1 X22.63 Y24.66 F1500
G1 X21.79 Y25.99 F1500
G1 X21.37 Y25.71 F1500
G1 X20.75 Y24.56 F1500
G1 X20.33 Y24.32 F1500
G1 X19.49 Y25.64 F1500
G1 X19.07 Y25.99 F1500
G1 X17.81 Y24.30 F1500
G1 X17.39 Y24.61 F1500
G1 X16.55 Y25.97 F1500
G1 X16.14 Y25.75 F1500
G1 X15.51 Y24.60 F1500
G1 X15.09 Y24.30 F1500
G1 X14.04 Y25.90 F1500
G1 X13.83 Y26.01 F1500
G1 X13.62 Y25.90 F1500
G1 X12.57 Y24.32 F1500
G1 X12.15 Y24.59 F1500
G1 X11.32 Y25.92 F1500
G1 X10.90 Y25.73 F1500
G1 X10.27 Y24.74 F1500
G1 X9.85 Y24.51 F1500
G1 X8.59 Y25.74 F1500
G1 X8.17 Y25.51 F1500
G1 X7.33 Y24.54 F1500
G1 X6.92 Y24.71 F1500
G1 X6.08 Y25.63 F1500
G1 X4.61 Y24.82 F1500
G1 X3.35 Y25.45 F1500
G1 X2.93 Y25.36 F1500
G1 X2.10 Y24.74 F1500
G1 X1.68 Y24.82 F1500
G1 X0.63 Y25.61 F1500
G1 X0.00 Y25.15 F1500
G1 X0.00 Y25.36 F1500
G1 X0.00 Y25.56 F1500
G1 X0.00 Y25.77 F1500
G1 X0.00 Y25.98 F1500
G1 X0.00 Y26.19 F1500
G1 X0.00 Y26.19 F1500
G1 X0.63 Y26.65 F1500
G1 X1.89 Y25.86 F1500
G1 X3.35 Y26.52 F1500
G1 X4.61 Y25.79 F1500
G1 X5.03 Y25.93 F1500
G1 X5.87 Y26.78 F1500
G1 X6.29 Y26.58 F1500
G1 X6.92 Y25.76 F1500
G1 X7.33 Y25.61 F1500
G1 X8.17 Y26.55 F1500
G1 X8.59 Y26.77 F1500
G1 X9.85 Y25.56 F1500
G1 X10.27 Y25.80 F1500
G1 X10.90 Y26.76 F1500
G1 X11.32 Y26.95 F1500
G1 X12.15 Y25.64 F1500
G1 X12.57 Y25.37 F1500
G1 X13.62 Y26.94 F1500
G1 X13.83 Y27.04 F1500
G1 X14.04 Y26.94 F1500
G1 X15.09 Y25.34 F1500
G1 X15.51 Y25.64 F1500
G1 X16.14 Y26.81 F1500
G1 X16.55 Y27.03 F1500
G1 X17.39 Y25.67 F1500
G1 X17.81 Y25.35 F1500
G1 X19.07 Y27.04 F1500
G1 X19.49 Y26.69 F1500
G1 X20.33 Y25.35 F1500
G1 X20.75 Y25.58 F1500
G1 X21.37 Y26.78 F1500
G1 X21.79 Y27.06 F1500
G1 X22.63 Y25.70 F1500
G1 X23.05 Y25.31 F1500
G1 X23.26 Y25.43 F1500
G1 X24.31 Y27.07 F1500
G1 X24.73 Y26.75 F1500
G1 X25.36 Y25.54 F1500
G1 X25.77 Y25.31 F1500
G1 X26.82 Y26.90 F1500
G1 X27.24 Y26.74 F1500
G1 X28.08 Y25.79 F1500
G1 X28.50 Y25.83 F1500
G1 X29.55 Y26.52 F1500
G1 X31.01 Y25.86 F1500
G1 X32.27 Y26.56 F1500
G1 X32.69 Y26.41 F1500
G1 X33.32 Y25.76 F1500
G1 X33.74 Y25.62 F1500
G1 X34.16 Y26.06 F1500
G1 X34.78 Y27.16 F1500
G1 X34.99 Y27.20 F1500
G1 X35.83 Y25.54 F1500
G1 X36.25 Y25.18 F1500
G1 X37.09 Y26.69 F1500
G1 X37.51 Y27.13 F1500
G1 X37.72 Y27.05 F1500
G1 X38.77 Y25.30 F1500
G1 X39.19 Y25.59 F1500
G1 X39.81 Y26.82 F1500
G1 X40.23 Y27.11 F1500
G1 X41.07 Y25.67 F1500
G1 X41.49 Y25.29 F1500
G1 X41.70 Y25.41 F1500
G1 X42.75 Y27.09 F1500
G1 X43.17 Y26.75 F1500
G1 X44.00 Y25.40 F1500
G1 X44.42 Y25.61 F1500
G1 X45.05 Y26.69 F1500
G1 X45.47 Y26.96 F1500
G1 X46.52 Y25.53 F1500
G1 X46.94 Y25.48 F1500
G1 X47.99 Y27.03 F1500
G1 X48.20 Y26.99 F1500
G1 X48.82 Y26.03 F1500
G1 X49.03 Y26.19 F1500
G1 X50.29 Y26.19 F1500
G1 X51.13 Y26.52 F1500
G1 X51.97 Y25.42 F1500
G1 X52.18 Y25.48 F1500
G1 X53.22 Y27.01 F1500
G1 X53.64 Y26.75 F1500
G1 X54.27 Y25.74 F1500
G1 X54.69 Y25.35 F1500
G1 X55.74 Y26.79 F1500
G1 X56.16 Y26.77 F1500
G1 X57.21 Y25.48 F1500
G1 X57.63 Y25.71 F1500
G1 X58.25 Y26.71 F1500
G1 X58.67 Y26.93 F1500
G1 X59.09 Y26.55 F1500
G1 X59.51 Y25.58 F1500
G1 X59.93 Y25.15 F1500
G1 X61.19 Y27.24 F1500
G1 X61.61 Y26.83 F1500
G1 X62.44 Y25.17 F1500
G1 X62.65 Y25.18 F1500
G1 X62.86 Y25.44 F1500
G1 X63.49 Y26.87 F1500
G1 X63.91 Y27.23 F1500
G1 X64.96 Y25.28 F1500
G1 X65.17 Y25.15 F1500
G1 X65.38 Y25.27 F1500
G1 X66.43 Y27.23 F1500
G1 X66.85 Y26.89 F1500
G1 X67.68 Y25.19 F1500
G1 X67.89 Y25.17 F1500
G1 X68.10 Y25.40 F1500
G1 X68.94 Y27.07 F1500
G1 X69.57 Y26.64 F1500
G1 X70.20 Y25.31 F1500
G1 X70.41 Y25.15 F1500
G1 X70.83 Y25.56 F1500
G1 X71.66 Y27.22 F1500
G1 X71.87 Y27.20 F1500
G1 X72.08 Y26.94 F1500
G1 X72.71 Y25.51 F1500
G1 X73.13 Y25.16 F1500
G1 X73.97 Y26.55 F1500
G1 X74.60 Y27.03 F1500
G1 X75.23 Y25.91 F1500
G1 X75.65 Y25.79 F1500
G1 X76.07 Y25.92 F1500
G1 X76.90 Y26.79 F1500
G1 X77.32 Y26.34 F1500
G1 X78.16 Y26.00 F1500
G1 X79.84 Y26.36 F1500
G1 X80.88 Y25.82 F1500
G1 X82.35 Y26.55 F1500
G1 X83.19 Y26.09 F1500
G1 X83.82 Y25.94 F1500
G1 X84.87 Y26.46 F1500
G1 X86.12 Y26.05 F1500
G1 X87.38 Y26.22 F1500
G1 X92.20 Y26.20 F1500
G1 X93.25 Y26.37 F1500
G1 X94.09 Y25.32 F1500
G1 X94.30 Y25.31 F1500
G1 X95.13 Y26.95 F1500
G1 X95.34 Y27.20 F1500
G1 X95.55 Y27.21 F1500
G1 X96.39 Y25.55 F1500
G1 X96.81 Y25.15 F1500
G1 X97.65 Y26.68 F1500
G1 X97.86 Y26.82 F1500
G1 X98.07 Y26.63 F1500
G1 X98.28 Y26.81 F1500
G1 X99.53 Y25.20 F1500
G1 X100.37 Y26.90 F1500
G1 X100.79 Y27.23 F1500
G1 X101.63 Y25.60 F1500
G1 X102.05 Y25.15 F1500
G1 X102.26 Y25.29 F1500
G1 X103.31 Y27.23 F1500
G1 X103.73 Y26.86 F1500
G1 X104.35 Y25.43 F1500
G1 X104.56 Y25.18 F1500
G1 X104.77 Y25.18 F1500
G1 X105.61 Y26.85 F1500
G1 X106.03 Y27.24 F1500
G1 X107.08 Y25.29 F1500
G1 X107.29 Y25.15 F1500
G1 X107.71 Y25.59 F1500
G1 X108.54 Y27.22 F1500
G1 X108.96 Y26.91 F1500
G1 X109.59 Y25.48 F1500
G1 X110.01 Y25.16 F1500
G1 X110.85 Y26.62 F1500
G1 X111.27 Y26.77 F1500
G1 X111.48 Y26.71 F1500
G1 X112.53 Y25.54 F1500
G1 X113.78 Y26.67 F1500
G1 X114.20 Y26.56 F1500
G1 X114.83 Y25.88 F1500
G1 X115.25 Y25.71 F1500
G1 X116.51 Y26.65 F1500
G1 X117.76 Y25.79 F1500
G1 X119.23 Y26.61 F1500
G1 X120.49 Y25.77 F1500
G1 X121.75 Y26.59 F1500
G1 X123.00 Y25.79 F1500
G1 X123.42 Y25.90 F1500
G1 X124.05 Y26.48 F1500
G1 X124.47 Y26.63 F1500
G1 X125.73 Y25.76 F1500
G1 X126.98 Y26.63 F1500
G1 X127.40 Y26.50 F1500
G1 X128.03 Y25.88 F1500
G1 X128.45 Y25.74 F1500
G1 X129.71 Y26.67 F1500
G1 X130.97 Y25.66 F1500
G1 X131.39 Y25.86 F1500
G1 X132.01 Y26.61 F1500
G1 X132.43 Y26.72 F1500
G1 X133.27 Y25.83 F1500
G1 X133.69 Y25.61 F1500
G1 X134.95 Y26.79 F1500
G1 X135.37 Y26.55 F1500
G1 X136.20 Y25.52 F1500
G1 X136.62 Y25.72 F1500
G1 X137.46 Y26.95 F1500
G1 X137.88 Y26.76 F1500
G1 X138.72 Y25.65 F1500
G1 X139.14 Y25.73 F1500
G1 X139.77 Y26.41 F1500
G1 X140.19 Y26.61 F1500
G1 X141.44 Y25.81 F1500
G1 X141.86 Y25.92 F1500
G1 X142.91 Y26.63 F1500
G1 X144.17 Y25.68 F1500
G1 X145.42 Y26.69 F1500
G1 X145.84 Y26.52 F1500
G1 X146.47 Y25.85 F1500
G1 X146.89 Y25.70 F1500
G1 X148.15 Y26.76 F1500
G1 X149.41 Y25.57 F1500
G1 X149.83 Y25.81 F1500
G1 X150.66 Y26.75 F1500
G1 X151.08 Y26.60 F1500
G1 X151.71 Y25.83 F1500
G1 X152.13 Y25.66 F1500
G1 X153.39 Y26.68 F1500
G1 X154.64 Y25.77 F1500
G1 X155.69 Y26.47 F1500
G1 X156.11 Y26.57 F1500
G1 X157.37 Y25.66 F1500
G1 X158.63 Y26.75 F1500
G1 X159.05 Y26.53 F1500
G1 X159.67 Y25.77 F1500
G1 X160.09 Y25.67 F1500
G1 X160.93 Y26.55 F1500
G1 X161.35 Y26.73 F1500
G1 X162.61 Y25.63 F1500
G1 X163.86 Y26.79 F1500
G1 X164.28 Y26.58 F1500
G1 X165.12 Y25.62 F1500
G1 X165.54 Y25.75 F1500
G1 X166.17 Y26.56 F1500
G1 X166.59 Y26.79 F1500
G1 X167.85 Y25.59 F1500
G1 X168.27 Y25.83 F1500
G1 X169.10 Y26.78 F1500
G1 X169.52 Y26.61 F1500
G1 X170.15 Y25.79 F1500
G1 X170.57 Y25.60 F1500
G1 X171.83 Y26.80 F1500
G1 X173.08 Y25.58 F1500
G1 X173.50 Y25.81 F1500
G1 X174.13 Y26.63 F1500
G1 X174.55 Y26.78 F1500
G1 X175.39 Y25.81 F1500
G1 X175.81 Y25.58 F1500
G1 X177.07 Y26.83 F1500
G1 X177.49 Y26.55 F1500
G1 X178.32 Y25.59 F1500
G1 X178.74 Y25.78 F1500
G1 X179.37 Y26.58 F1500
G1 X180.00 Y27.01 F1500
G1 X180.00 Y27.22 F1500
G1 X180.00 Y27.43 F1500
G1 X180.00 Y27.64 F1500
G1 X180.00 Y27.85 F1500
G1 X180.00 Y28.06 F1500
G1 X180.00 Y28.06 F1500
G1 X179.37 Y27.64 F1500
G1 X178.74 Y26.82 F1500
G1 X178.32 Y26.64 F1500
G1 X177.49 Y27.60 F1500
G1 X177.07 Y27.86 F1500
G1 X175.81 Y26.63 F1500
G1 X175.39 Y26.85 F1500
G1 X174.55 Y27.85 F1500
G1 X174.13 Y27.69 F1500
G1 X173.50 Y26.84 F1500
G1 X173.08 Y26.63 F1500
G1 X171.83 Y27.84 F1500
G1 X171.62 Y27.78 F1500
G1 X170.57 Y26.65 F1500
G1 X170.15 Y26.84 F1500
G1 X169.52 Y27.66 F1500
G1 X169.10 Y27.83 F1500
G1 X168.27 Y26.89 F1500
G1 X167.85 Y26.65 F1500
G1 X166.59 Y27.84 F1500
G1 X166.17 Y27.61 F1500
G1 X165.54 Y26.78 F1500
G1 X165.12 Y26.62 F1500
G1 X164.28 Y27.64 F1500
G1 X163.86 Y27.84 F1500
G1 X163.03 Y26.93 F1500
G1 X162.61 Y26.69 F1500
G1 X161.35 Y27.76 F1500
G1 X160.93 Y27.60 F1500
G1 X160.30 Y26.84 F1500
G1 X159.88 Y26.69 F1500
G1 X159.05 Y27.59 F1500
G1 X158.63 Y27.83 F1500
G1 X157.37 Y26.68 F1500
G1 X156.11 Y27.71 F1500
G1 X155.69 Y27.55 F1500
G1 X155.06 Y26.97 F1500
G1 X154.64 Y26.83 F1500
G1 X153.60 Y27.62 F1500
G1 X153.18 Y27.65 F1500
G1 X152.34 Y26.84 F1500
G1 X151.92 Y26.72 F1500
G1 X151.08 Y27.65 F1500
G1 X150.66 Y27.82 F1500
G1 X149.83 Y26.88 F1500
G1 X149.41 Y26.63 F1500
G1 X148.15 Y27.85 F1500
G1 X146.89 Y26.76 F1500
G1 X146.47 Y26.89 F1500
G1 X145.84 Y27.57 F1500
G1 X145.42 Y27.75 F1500
G1 X144.17 Y26.73 F1500
G1 X142.91 Y27.70 F1500
G1 X142.49 Y27.53 F1500
G1 X141.65 Y26.81 F1500
G1 X141.23 Y26.91 F1500
G1 X140.61 Y27.50 F1500
G1 X140.19 Y27.68 F1500
G1 X138.93 Y26.71 F1500
G1 X138.51 Y26.89 F1500
G1 X137.88 Y27.77 F1500
G1 X137.46 Y27.99 F1500
G1 X136.62 Y26.73 F1500
G1 X136.20 Y26.54 F1500
G1 X135.37 Y27.60 F1500
G1 X134.95 Y27.84 F1500
G1 X133.69 Y26.65 F1500
G1 X133.27 Y26.88 F1500
G1 X132.43 Y27.77 F1500
G1 X132.01 Y27.65 F1500
G1 X131.39 Y26.91 F1500
G1 X130.97 Y26.73 F1500
G1 X129.71 Y27.76 F1500
G1 X128.45 Y26.78 F1500
G1 X128.03 Y26.92 F1500
G1 X127.40 Y27.55 F1500
G1 X126.98 Y27.69 F1500
G1 X125.73 Y26.80 F1500
G1 X124.47 Y27.67 F1500
G1 X124.05 Y27.52 F1500
G1 X123.21 Y26.82 F1500
G1 X122.79 Y26.93 F1500
G1 X122.17 Y27.51 F1500
G1 X121.75 Y27.67 F1500
G1 X120.49 Y26.80 F1500
G1 X120.07 Y26.97 F1500
G1 X119.23 Y27.72 F1500
G1 X118.81 Y27.57 F1500
G1 X118.18 Y26.91 F1500
G1 X117.76 Y26.75 F1500
G1 X116.51 Y27.75 F1500
G1 X115.25 Y26.76 F1500
G1 X113.99 Y27.69 F1500
G1 X113.57 Y27.58 F1500
G1 X112.53 Y26.72 F1500
G1 X112.32 Y26.76 F1500
G1 X111.69 Y27.56 F1500
G1 X111.27 Y27.82 F1500
G1 X110.85 Y27.59 F1500
G1 X110.01 Y26.23 F1500
G1 X109.80 Y26.25 F1500
G1 X109.59 Y26.53 F1500
G1 X108.96 Y27.96 F1500
G1 X108.54 Y28.27 F1500
G1 X107.71 Y26.64 F1500
G1 X107.29 Y26.19 F1500
G1 X107.08 Y26.34 F1500
G1 X106.03 Y28.28 F1500
G1 X105.61 Y27.89 F1500
G1 X104.77 Y26.22 F1500
G1 X104.56 Y26.23 F1500
G1 X104.35 Y26.48 F1500
G1 X103.73 Y27.90 F1500
G1 X103.31 Y28.28 F1500
G1 X102.26 Y26.34 F1500
G1 X102.05 Y26.19 F1500
G1 X101.63 Y26.65 F1500
G1 X100.79 Y28.27 F1500
G1 X100.37 Y27.95 F1500
G1 X99.74 Y26.52 F1500
G1 X99.53 Y26.33 F1500
G1 X99.12 Y26.96 F1500
G1 X98.28 Y27.64 F1500
G1 X98.07 Y28.18 F1500
G1 X97.86 Y28.13 F1500
G1 X97.23 Y26.76 F1500
G1 X96.81 Y26.20 F1500
G1 X96.39 Y26.60 F1500
G1 X95.55 Y28.26 F1500
G1 X95.34 Y28.25 F1500
G1 X95.13 Y27.99 F1500
G1 X94.71 Y27.06 F1500
G1 X94.30 Y26.55 F1500
G1 X93.25 Y27.34 F1500
G1 X86.12 Y27.15 F1500
G1 X84.66 Y27.43 F1500
G1 X83.61 Y26.90 F1500
G1 X82.35 Y27.56 F1500
G1 X80.88 Y26.94 F1500
G1 X79.63 Y27.54 F1500
G1 X78.16 Y26.96 F1500
G1 X77.95 Y26.98 F1500
G1 X76.90 Y27.89 F1500
G1 X76.48 Y27.35 F1500
G1 X75.86 Y26.90 F1500
G1 X75.44 Y26.95 F1500
G1 X74.60 Y27.54 F1500
G1 X74.18 Y27.63 F1500
G1 X73.97 Y27.59 F1500
G1 X73.55 Y26.96 F1500
G1 X72.92 Y26.64 F1500
G1 X72.50 Y27.02 F1500
G1 X72.08 Y27.98 F1500
G1 X71.87 Y28.25 F1500
G1 X71.66 Y28.26 F1500
G1 X70.83 Y26.61 F1500
G1 X70.41 Y26.20 F1500
G1 X69.15 Y28.29 F1500
G1 X68.73 Y27.86 F1500
G1 X67.89 Y26.22 F1500
G1 X67.68 Y26.24 F1500
G1 X67.47 Y26.51 F1500
G1 X66.85 Y27.93 F1500
G1 X66.43 Y28.28 F1500
G1 X65.38 Y26.32 F1500
G1 X65.17 Y26.19 F1500
G1 X64.96 Y26.33 F1500
G1 X63.91 Y28.28 F1500
G1 X63.49 Y27.92 F1500
G1 X62.86 Y26.49 F1500
G1 X62.65 Y26.23 F1500
G1 X62.44 Y26.22 F1500
G1 X61.61 Y27.88 F1500
G1 X61.19 Y28.28 F1500
G1 X59.93 Y26.19 F1500
G1 X59.51 Y26.63 F1500
G1 X58.67 Y28.27 F1500
G1 X58.46 Y28.24 F1500
G1 X58.25 Y27.96 F1500
G1 X57.63 Y26.64 F1500
G1 X57.21 Y26.31 F1500
G1 X56.37 Y27.63 F1500
G1 X55.95 Y27.95 F1500
G1 X55.74 Y27.87 F1500
G1 X54.90 Y26.67 F1500
G1 X54.69 Y26.59 F1500
G1 X54.27 Y26.80 F1500
G1 X53.43 Y28.07 F1500
G1 X53.02 Y27.84 F1500
G1 X52.39 Y26.72 F1500
G1 X51.97 Y26.46 F1500
G1 X51.55 Y26.88 F1500
G1 X50.92 Y28.05 F1500
G1 X50.71 Y27.97 F1500
G1 X50.29 Y27.24 F1500
G1 X49.45 Y27.24 F1500
G1 X49.03 Y26.76 F1500
G1 X48.41 Y27.79 F1500
G1 X47.99 Y28.06 F1500
G1 X46.94 Y26.52 F1500
G1 X46.73 Y26.44 F1500
G1 X45.47 Y28.01 F1500
G1 X45.05 Y27.71 F1500
G1 X44.42 Y26.63 F1500
G1 X44.00 Y26.42 F1500
G1 X43.17 Y27.77 F1500
G1 X42.75 Y28.13 F1500
G1 X41.49 Y26.35 F1500
G1 X41.07 Y26.73 F1500
G1 X40.23 Y28.12 F1500
G1 X39.81 Y27.85 F1500
G1 X39.19 Y26.63 F1500
G1 X38.77 Y26.34 F1500
G1 X37.93 Y27.78 F1500
G1 X37.51 Y28.20 F1500
G1 X37.09 Y27.74 F1500
G1 X36.25 Y26.23 F1500
G1 X35.83 Y26.59 F1500
G1 X34.99 Y28.24 F1500
G1 X34.78 Y28.19 F1500
G1 X33.74 Y26.67 F1500
G1 X33.32 Y26.84 F1500
G1 X32.69 Y27.44 F1500
G1 X32.27 Y27.59 F1500
G1 X31.01 Y26.90 F1500
G1 X29.55 Y27.57 F1500
G1 X28.50 Y26.87 F1500
G1 X28.08 Y26.84 F1500
G1 X27.24 Y27.79 F1500
G1 X26.82 Y27.95 F1500
G1 X25.77 Y26.35 F1500
G1 X25.36 Y26.60 F1500
G1 X24.73 Y27.81 F1500
G1 X24.31 Y28.12 F1500
G1 X23.26 Y26.46 F1500
G1 X23.05 Y26.35 F1500
G1 X22.84 Y26.45 F1500
G1 X21.79 Y28.10 F1500
G1 X21.37 Y27.82 F1500
G1 X20.75 Y26.64 F1500
G1 X20.33 Y26.40 F1500
G1 X19.49 Y27.74 F1500
G1 X19.07 Y28.09 F1500
G1 X17.81 Y26.41 F1500
G1 X17.39 Y26.72 F1500
G1 X16.55 Y28.07 F1500
G1 X16.14 Y27.86 F1500
G1 X15.51 Y26.69 F1500
G1 X15.09 Y26.38 F1500
G1 X14.04 Y28.00 F1500
G1 X13.83 Y28.10 F1500
G1 X13.62 Y27.99 F1500
G1 X12.57 Y26.42 F1500
G1 X12.15 Y26.70 F1500
G1 X11.32 Y27.99 F1500
G1 X10.90 Y27.79 F1500
G1 X10.27 Y26.86 F1500
G1 X9.85 Y26.62 F1500
G1 X8.59 Y27.81 F1500
G1 X8.17 Y27.59 F1500
G1 X7.33 Y26.67 F1500
G1 X6.92 Y26.83 F1500
G1 X6.29 Y27.63 F1500
G1 X5.87 Y27.84 F1500
G1 X4.82 Y26.73 F1500
G1 X4.61 Y26.70 F1500
G1 X3.35 Y27.64 F1500
G1 X2.10 Y26.93 F1500
G1 X1.68 Y26.99 F1500
G1 X0.84 Y27.64 F1500
G1 X0.42 Y27.65 F1500
G1 X0.00 Y27.24 F1500
G1 X0.00 Y27.45 F1500
G1 X0.00 Y27.66 F1500
G1 X0.00 Y27.87 F1500
G1 X0.00 Y28.08 F1500
G1 X0.00 Y28.29 F1500
G1 X0.00 Y28.29 F1500
G1 X0.42 Y28.66 F1500
G1 X0.63 Y28.66 F1500
G1 X1.68 Y28.03 F1500
G1 X2.10 Y27.97 F1500
G1 X3.35 Y28.72 F1500
G1 X4.61 Y27.68 F1500
G1 X5.87 Y28.88 F1500
G1 X6.29 Y28.67 F1500
G1 X6.92 Y27.87 F1500
G1 X7.33 Y27.73 F1500
G1 X8.17 Y28.64 F1500
G1 X8.59 Y28.86 F1500
G1 X9.85 Y27.67 F1500
G1 X10.27 Y27.90 F1500
G1 X10.90 Y28.84 F1500
G1 X11.32 Y29.01 F1500
G1 X12.15 Y27.74 F1500
G1 X12.57 Y27.47 F1500
G1 X13.83 Y29.14 F1500
G1 X14.04 Y29.05 F1500
G1 X15.09 Y27.44 F1500
G1 X15.51 Y27.74 F1500
G1 X16.14 Y28.90 F1500
G1 X16.55 Y29.12 F1500
G1 X17.39 Y27.77 F1500
G1 X17.81 Y27.45 F1500
G1 X18.86 Y29.02 F1500
G1 X19.07 Y29.13 F1500
G1 X19.49 Y28.78 F1500
G1 X20.33 Y27.44 F1500
G1 X20.75 Y27.69 F1500
G1 X21.37 Y28.87 F1500
G1 X21.79 Y29.15 F1500
G1 X22.63 Y27.80 F1500
G1 X23.05 Y27.42 F1500
G1 X23.26 Y27.53 F1500
G1 X24.31 Y29.17 F1500
G1 X24.73 Y28.85 F1500
G1 X25.36 Y27.63 F1500
G1 X25.77 Y27.38 F1500
G1 X26.82 Y29.00 F1500
G1 X27.24 Y28.85 F1500
G1 X28.08 Y27.89 F1500
G1 X28.50 Y27.93 F1500
G1 X29.55 Y28.61 F1500
G1 X31.01 Y27.96 F1500
G1 X32.27 Y28.66 F1500
G1 X32.69 Y28.50 F1500
G1 X33.32 Y27.88 F1500
G1 X33.74 Y27.73 F1500
G1 X34.16 Y28.15 F1500
G1 X34.78 Y29.24 F1500
G1 X34.99 Y29.28 F1500
G1 X35.83 Y27.65 F1500
G1 X36.25 Y27.28 F1500
G1 X37.09 Y28.78 F1500
G1 X37.51 Y29.22 F1500
G1 X37.93 Y28.82 F1500
G1 X38.77 Y27.38 F1500
G1 X39.19 Y27.69 F1500
G1 X40.02 Y29.14 F1500
G1 X40.44 Y28.97 F1500
G1 X41.07 Y27.79 F1500
G1 X41.49 Y27.41 F1500
G1 X42.75 Y29.16 F1500
G1 X43.17 Y28.83 F1500
G1 X44.00 Y27.51 F1500
G1 X44.42 Y27.76 F1500
G1 X45.05 Y28.79 F1500
G1 X45.47 Y29.06 F1500
G1 X46.73 Y27.56 F1500
G1 X47.15 Y27.87 F1500
G1 X47.99 Y29.03 F1500
G1 X48.41 Y28.81 F1500
G1 X49.03 Y27.74 F1500
G1 X49.45 Y27.52 F1500
G1 X49.87 Y28.29 F1500
G1 X50.29 Y28.29 F1500
G1 X50.71 Y28.92 F1500
G1 X51.13 Y28.66 F1500
G1 X51.97 Y27.51 F1500
G1 X52.39 Y27.82 F1500
G1 X53.22 Y28.98 F1500
G1 X53.64 Y28.78 F1500
G1 X54.48 Y27.63 F1500
G1 X54.90 Y27.73 F1500
G1 X55.53 Y28.65 F1500
G1 X56.16 Y28.98 F1500
G1 X57.21 Y27.32 F1500
G1 X57.42 Y27.30 F1500
G1 X58.25 Y29.02 F1500
G1 X58.67 Y29.32 F1500
G1 X59.51 Y27.67 F1500
G1 X59.93 Y27.24 F1500
G1 X61.19 Y29.33 F1500
G1 X61.61 Y28.93 F1500
G1 X62.44 Y27.27 F1500
G1 X62.65 Y27.28 F1500
G1 X62.86 Y27.54 F1500
G1 X63.49 Y28.97 F1500
G1 X63.91 Y29.33 F1500
G1 X64.96 Y27.37 F1500
G1 X65.17 Y27.24 F1500
G1 X65.38 Y27.36 F1500
G1 X66.43 Y29.32 F1500
G1 X66.85 Y28.98 F1500
G1 X67.68 Y27.29 F1500
G1 X68.10 Y27.52 F1500
G1 X68.94 Y29.24 F1500
G1 X69.15 Y29.33 F1500
G1 X70.41 Y27.24 F1500
G1 X70.83 Y27.66 F1500
G1 X71.66 Y29.27 F1500
G1 X72.92 Y27.55 F1500
G1 X73.34 Y28.04 F1500
G1 X74.39 Y28.58 F1500
G1 X75.86 Y27.98 F1500
G1 X76.48 Y28.39 F1500
G1 X76.90 Y28.91 F1500
G1 X78.16 Y27.94 F1500
G1 X78.58 Y28.25 F1500
G1 X79.63 Y28.59 F1500
G1 X81.09 Y27.86 F1500
G1 X81.93 Y28.53 F1500
G1 X82.35 Y28.66 F1500
G1 X83.19 Y28.13 F1500
G1 X83.61 Y28.03 F1500
G1 X84.87 Y28.47 F1500
G1 X85.91 Y28.24 F1500
G1 X93.25 Y28.30 F1500
G1 X93.67 Y28.21 F1500
G1 X94.30 Y27.71 F1500
G1 X94.51 Y27.81 F1500
G1 X95.34 Y29.26 F1500
G1 X95.55 Y29.31 F1500
G1 X96.39 Y27.64 F1500
G1 X96.81 Y27.25 F1500
G1 X97.23 Y27.81 F1500
G1 X97.65 Y28.81 F1500
G1 X98.07 Y29.27 F1500
G1 X98.28 Y29.21 F1500
G1 X99.12 Y27.79 F1500
G1 X99.53 Y27.53 F1500
G1 X99.74 Y27.60 F1500
G1 X100.37 Y28.99 F1500
G1 X100.79 Y29.32 F1500
G1 X101.63 Y27.70 F1500
G1 X102.05 Y27.24 F1500
G1 X102.26 Y27.38 F1500
G1 X103.31 Y29.33 F1500
G1 X103.73 Y28.95 F1500
G1 X104.35 Y27.53 F1500
G1 X104.56 Y27.28 F1500
G1 X104.77 Y27.27 F1500
G1 X105.61 Y28.94 F1500
G1 X106.03 Y29.33 F1500
G1 X107.08 Y27.39 F1500
G1 X107.29 Y27.24 F1500
G1 X107.71 Y27.69 F1500
G1 X108.54 Y29.32 F1500
G1 X108.96 Y29.00 F1500
G1 X109.59 Y27.60 F1500
G1 X109.80 Y27.45 F1500
G1 X111.27 Y28.92 F1500
G1 X112.32 Y27.93 F1500
G1 X112.74 Y27.93 F1500
G1 X113.57 Y28.60 F1500
G1 X113.99 Y28.69 F1500
G1 X114.83 Y28.01 F1500
G1 X115.25 Y27.85 F1500
G1 X116.51 Y28.77 F1500
G1 X116.93 Y28.57 F1500
G1 X117.56 Y27.91 F1500
G1 X117.97 Y27.82 F1500
G1 X118.81 Y28.63 F1500
G1 X119.23 Y28.77 F1500
G1 X120.49 Y27.77 F1500
G1 X121.75 Y28.84 F1500
G1 X123.00 Y27.80 F1500
G1 X123.42 Y27.93 F1500
G1 X124.05 Y28.60 F1500
G1 X124.47 Y28.77 F1500
G1 X125.52 Y27.88 F1500
G1 X125.94 Y27.87 F1500
G1 X126.98 Y28.75 F1500
G1 X127.40 Y28.60 F1500
G1 X128.03 Y27.96 F1500
G1 X128.45 Y27.83 F1500
G1 X129.71 Y28.76 F1500
G1 X130.97 Y27.76 F1500
G1 X131.39 Y27.95 F1500
G1 X132.01 Y28.68 F1500
G1 X132.43 Y28.80 F1500
G1 X133.48 Y27.74 F1500
G1 X133.69 Y27.69 F1500
G1 X134.95 Y28.96 F1500
G1 X135.37 Y28.66 F1500
G1 X136.20 Y27.56 F1500
G1 X136.62 Y27.78 F1500
G1 X137.25 Y28.80 F1500
G1 X137.67 Y28.97 F1500
G1 X138.51 Y27.97 F1500
G1 X138.93 Y27.79 F1500
G1 X140.19 Y28.73 F1500
G1 X141.44 Y27.86 F1500
G1 X141.86 Y27.98 F1500
G1 X142.49 Y28.58 F1500
G1 X142.91 Y28.74 F1500
G1 X144.17 Y27.80 F1500
G1 X145.42 Y28.78 F1500
G1 X145.84 Y28.62 F1500
G1 X146.47 Y27.92 F1500
G1 X146.89 Y27.79 F1500
G1 X148.15 Y28.90 F1500
G1 X149.41 Y27.72 F1500
G1 X149.83 Y27.95 F1500
G1 X150.66 Y28.82 F1500
G1 X151.08 Y28.67 F1500
G1 X151.71 Y27.94 F1500
G1 X152.13 Y27.79 F1500
G1 X153.18 Y28.68 F1500
G1 X153.60 Y28.67 F1500
G1 X154.64 Y27.87 F1500
G1 X155.06 Y28.00 F1500
G1 X155.69 Y28.63 F1500
G1 X156.11 Y28.82 F1500
G1 X157.37 Y27.67 F1500
G1 X158.63 Y28.90 F1500
G1 X159.05 Y28.66 F1500
G1 X159.88 Y27.72 F1500
G1 X160.30 Y27.88 F1500
G1 X160.93 Y28.66 F1500
G1 X161.35 Y28.84 F1500
G1 X162.61 Y27.72 F1500
G1 X163.03 Y27.96 F1500
G1 X163.86 Y28.92 F1500
G1 X164.28 Y28.69 F1500
G1 X164.91 Y27.84 F1500
G1 X165.33 Y27.69 F1500
G1 X166.17 Y28.65 F1500
G1 X166.59 Y28.86 F1500
G1 X167.85 Y27.71 F1500
G1 X168.27 Y27.95 F1500
G1 X169.10 Y28.88 F1500
G1 X169.52 Y28.71 F1500
G1 X170.15 Y27.89 F1500
G1 X170.57 Y27.71 F1500
G1 X171.83 Y28.88 F1500
G1 X173.08 Y27.68 F1500
G1 X173.50 Y27.89 F1500
G1 X174.13 Y28.73 F1500
G1 X174.55 Y28.90 F1500
G1 X175.39 Y27.90 F1500
G1 X175.81 Y27.67 F1500
G1 X177.07 Y28.94 F1500
G1 X177.49 Y28.66 F1500
G1 X178.11 Y27.81 F1500
G1 X178.53 Y27.72 F1500
G1 X179.37 Y28.67 F1500
G1 X180.00 Y29.11 F1500
G1 X180.00 Y29.32 F1500
G1 X180.00 Y29.53 F1500
G1 X180.00 Y29.74 F1500
G1 X180.00 Y29.95 F1500
G1 X180.00 Y30.16 F1500
G1 X180.00 Y30.16 F1500
G1 X179.37 Y29.71 F1500
G1 X178.53 Y28.77 F1500
G1 X178.11 Y28.88 F1500
G1 X177.49 Y29.69 F1500
G1 X177.07 Y29.96 F1500
G1 X175.81 Y28.71 F1500
G1 X175.39 Y28.93 F1500
G1 X174.55 Y29.94 F1500
G1 X174.13 Y29.79 F1500
G1 X173.50 Y28.94 F1500
G1 X173.08 Y28.72 F1500
G1 X171.83 Y29.94 F1500
G1 X170.57 Y28.75 F1500
G1 X170.15 Y28.94 F1500
G1 X169.52 Y29.76 F1500
G1 X169.10 Y29.92 F1500
G1 X168.27 Y28.99 F1500
G1 X167.85 Y28.75 F1500
G1 X166.59 Y29.93 F1500
G1 X166.17 Y29.70 F1500
G1 X165.54 Y28.90 F1500
G1 X165.12 Y28.74 F1500
G1 X164.28 Y29.75 F1500
G1 X163.86 Y29.98 F1500
G1 X162.61 Y28.70 F1500
G1 X161.35 Y29.93 F1500
G1 X160.93 Y29.73 F1500
G1 X160.30 Y28.92 F1500
G1 X159.88 Y28.71 F1500
G1 X159.05 Y29.72 F1500
G1 X158.63 Y29.95 F1500
G1 X157.37 Y28.75 F1500
G1 X156.95 Y28.97 F1500
G1 X156.11 Y29.88 F1500
G1 X155.69 Y29.73 F1500
G1 X154.85 Y28.89 F1500
G1 X154.44 Y29.00 F1500
G1 X153.39 Y29.76 F1500
G1 X152.13 Y28.86 F1500
G1 X151.71 Y29.01 F1500
G1 X151.08 Y29.70 F1500
G1 X150.66 Y29.83 F1500
G1 X149.41 Y28.80 F1500
G1 X148.15 Y29.93 F1500
G1 X147.73 Y29.70 F1500
G1 X146.89 Y28.79 F1500
G1 X146.47 Y28.96 F1500
G1 X145.63 Y29.83 F1500
G1 X145.42 Y29.84 F1500
G1 X144.17 Y28.84 F1500
G1 X142.91 Y29.81 F1500
G1 X142.49 Y29.64 F1500
G1 X141.65 Y28.90 F1500
G1 X141.23 Y29.00 F1500
G1 X140.61 Y29.61 F1500
G1 X140.19 Y29.79 F1500
G1 X139.14 Y28.95 F1500
G1 X138.72 Y28.89 F1500
G1 X137.88 Y29.77 F1500
G1 X137.46 Y29.93 F1500
G1 X136.41 Y28.59 F1500
G1 X136.20 Y28.53 F1500
G1 X135.37 Y29.74 F1500
G1 X134.95 Y30.03 F1500
G1 X133.69 Y28.73 F1500
G1 X133.27 Y28.97 F1500
G1 X132.43 Y29.88 F1500
G1 X132.22 Y29.89 F1500
G1 X131.39 Y29.01 F1500
G1 X130.97 Y28.83 F1500
G1 X129.71 Y29.82 F1500
G1 X129.29 Y29.62 F1500
G1 X128.45 Y28.84 F1500
G1 X128.03 Y28.99 F1500
G1 X127.40 Y29.67 F1500
G1 X126.98 Y29.83 F1500
G1 X125.73 Y28.75 F1500
G1 X124.47 Y29.90 F1500
G1 X124.05 Y29.70 F1500
G1 X123.42 Y28.93 F1500
G1 X123.00 Y28.79 F1500
G1 X122.17 Y29.69 F1500
G1 X121.75 Y29.90 F1500
G1 X120.49 Y28.83 F1500
G1 X119.23 Y29.76 F1500
G1 X118.81 Y29.64 F1500
G1 X117.97 Y28.93 F1500
G1 X117.56 Y29.01 F1500
G1 X116.51 Y29.76 F1500
G1 X115.25 Y28.90 F1500
G1 X113.99 Y29.73 F1500
G1 X113.57 Y29.63 F1500
G1 X112.53 Y28.93 F1500
G1 X111.27 Y29.90 F1500
G1 X110.85 Y29.68 F1500
G1 X110.22 Y28.86 F1500
G1 X109.80 Y28.73 F1500
G1 X109.38 Y29.12 F1500
G1 X108.75 Y30.33 F1500
G1 X108.54 Y30.37 F1500
G1 X107.71 Y28.74 F1500
G1 X107.29 Y28.29 F1500
G1 X107.08 Y28.44 F1500
G1 X106.03 Y30.38 F1500
G1 X105.61 Y29.99 F1500
G1 X104.77 Y28.32 F1500
G1 X104.56 Y28.32 F1500
G1 X104.35 Y28.57 F1500
G1 X103.73 Y30.00 F1500
G1 X103.31 Y30.38 F1500
G1 X102.26 Y28.43 F1500
G1 X102.05 Y28.29 F1500
G1 X101.63 Y28.75 F1500
G1 X100.79 Y30.37 F1500
G1 X100.37 Y30.04 F1500
G1 X99.74 Y28.65 F1500
G1 X99.53 Y28.56 F1500
G1 X98.70 Y29.45 F1500
G1 X98.28 Y30.20 F1500
G1 X97.86 Y30.23 F1500
G1 X97.23 Y28.85 F1500
G1 X96.81 Y28.29 F1500
G1 X96.39 Y28.69 F1500
G1 X95.55 Y30.31 F1500
G1 X95.34 Y30.26 F1500
G1 X94.71 Y29.20 F1500
G1 X94.30 Y28.98 F1500
G1 X93.46 Y29.34 F1500
G1 X85.91 Y29.29 F1500
G1 X84.87 Y29.52 F1500
G1 X83.61 Y29.11 F1500
G1 X82.14 Y29.61 F1500
G1 X80.88 Y28.97 F1500
G1 X79.63 Y29.75 F1500
G1 X78.79 Y29.18 F1500
G1 X77.95 Y29.22 F1500
G1 X77.53 Y29.48 F1500
G1 X77.11 Y30.11 F1500
G1 X76.90 Y30.04 F1500
G1 X76.48 Y29.40 F1500
G1 X75.86 Y29.15 F1500
G1 X74.18 Y29.60 F1500
G1 X73.34 Y29.03 F1500
G1 X72.92 Y28.92 F1500
G1 X72.29 Y29.44 F1500
G1 X71.87 Y30.17 F1500
G1 X71.04 Y29.25 F1500
G1 X70.62 Y28.40 F1500
G1 X70.41 Y28.40 F1500
G1 X69.99 Y28.93 F1500
G1 X69.36 Y30.22 F1500
G1 X69.15 Y30.38 F1500
G1 X68.73 Y29.96 F1500
G1 X67.89 Y28.31 F1500
G1 X67.68 Y28.33 F1500
G1 X67.47 Y28.60 F1500
G1 X66.85 Y30.03 F1500
G1 X66.43 Y30.37 F1500
G1 X65.38 Y28.41 F1500
G1 X65.17 Y28.29 F1500
G1 X64.96 Y28.42 F1500
G1 X63.91 Y30.37 F1500
G1 X63.49 Y30.01 F1500
G1 X62.86 Y28.59 F1500
G1 X62.65 Y28.33 F1500
G1 X62.44 Y28.32 F1500
G1 X61.40 Y30.29 F1500
G1 X60.98 Y30.13 F1500
G1 X60.14 Y28.45 F1500
G1 X59.93 Y28.29 F1500
G1 X59.51 Y28.72 F1500
G1 X58.67 Y30.36 F1500
G1 X58.25 Y30.07 F1500
G1 X57.63 Y28.64 F1500
G1 X57.21 Y28.30 F1500
G1 X56.37 Y29.92 F1500
G1 X55.95 Y30.38 F1500
G1 X55.11 Y29.01 F1500
G1 X54.69 Y28.75 F1500
G1 X54.27 Y28.87 F1500
G1 X53.43 Y29.99 F1500
G1 X53.02 Y29.79 F1500
G1 X52.39 Y28.89 F1500
G1 X51.97 Y28.55 F1500
G1 X50.92 Y29.92 F1500
G1 X50.08 Y29.42 F1500
G1 X49.45 Y28.50 F1500
G1 X49.03 Y28.80 F1500
G1 X48.41 Y29.81 F1500
G1 X47.99 Y30.02 F1500
G1 X46.73 Y28.63 F1500
G1 X46.31 Y28.96 F1500
G1 X45.47 Y30.14 F1500
G1 X45.26 Y30.14 F1500
G1 X44.21 Y28.53 F1500
G1 X44.00 Y28.53 F1500
G1 X43.17 Y29.87 F1500
G1 X42.75 Y30.19 F1500
G1 X41.49 Y28.47 F1500
G1 X41.07 Y28.84 F1500
G1 X40.23 Y30.19 F1500
G1 X39.81 Y29.94 F1500
G1 X39.19 Y28.73 F1500
G1 X38.77 Y28.45 F1500
G1 X37.72 Y30.19 F1500
G1 X37.51 Y30.31 F1500
G1 X37.30 Y30.16 F1500
G1 X36.25 Y28.32 F1500
G1 X35.83 Y28.68 F1500
G1 X34.99 Y30.32 F1500
G1 X34.78 Y30.27 F1500
G1 X33.74 Y28.78 F1500
G1 X33.32 Y28.91 F1500
G1 X32.69 Y29.53 F1500
G1 X32.27 Y29.66 F1500
G1 X31.01 Y29.02 F1500
G1 X29.55 Y29.65 F1500
G1 X28.50 Y28.97 F1500
G1 X28.08 Y28.94 F1500
G1 X27.24 Y29.89 F1500
G1 X26.82 Y30.05 F1500
G1 X25.77 Y28.43 F1500
G1 X25.36 Y28.66 F1500
G1 X24.73 Y29.92 F1500
G1 X24.31 Y30.22 F1500
G1 X23.26 Y28.57 F1500
G1 X23.05 Y28.45 F1500
G1 X22.63 Y28.85 F1500
G1 X21.79 Y30.20 F1500
G1 X21.37 Y29.91 F1500
G1 X20.75 Y28.74 F1500
G1 X20.33 Y28.50 F1500
G1 X19.49 Y29.84 F1500
G1 X19.07 Y30.19 F1500
G1 X17.81 Y28.49 F1500
G1 X17.39 Y28.82 F1500
G1 X16.55 Y30.16 F1500
G1 X16.14 Y29.95 F1500
G1 X15.51 Y28.79 F1500
G1 X15.09 Y28.49 F1500
G1 X14.04 Y30.10 F1500
G1 X13.83 Y30.18 F1500
G1 X13.62 Y30.08 F1500
G1 X12.57 Y28.52 F1500
G1 X12.15 Y28.79 F1500
G1 X11.32 Y30.03 F1500
G1 X10.90 Y29.86 F1500
G1 X10.27 Y28.96 F1500
G1 X9.85 Y28.72 F1500
G1 X8.59 Y29.90 F1500
G1 X8.17 Y29.68 F1500
G1 X7.33 Y28.78 F1500
G1 X6.92 Y28.92 F1500
G1 X6.29 Y29.72 F1500
G1 X5.87 Y29.92 F1500
G1 X4.61 Y28.74 F1500
G1 X3.35 Y29.87 F1500
G1 X2.10 Y28.95 F1500
G1 X1.68 Y29.04 F1500
G1 X0.84 Y29.65 F1500
G1 X0.42 Y29.68 F1500
G1 X0.00 Y29.34 F1500
G1 X0.00 Y29.55 F1500
G1 X0.00 Y29.76 F1500
G1 X0.00 Y29.97 F1500
G1 X0.00 Y30.17 F1500
G1 X0.00 Y30.38 F1500
G1 X0.00 Y30.38 F1500
G1 X0.42 Y30.73 F1500
G1 X0.84 Y30.71 F1500
G1 X1.68 Y30.07 F1500
G1 X2.10 Y29.94 F1500
G1 X3.35 Y30.98 F1500
G1 X4.61 Y29.79 F1500
G1 X5.87 Y30.98 F1500
G1 X6.29 Y30.77 F1500
G1 X6.92 Y29.96 F1500
G1 X7.33 Y29.81 F1500
G1 X8.17 Y30.74 F1500
G1 X8.59 Y30.97 F1500
G1 X9.85 Y29.77 F1500
G1 X10.27 Y30.01 F1500
G1 X10.90 Y30.93 F1500
G1 X11.32 Y31.12 F1500
G1 X12.15 Y29.83 F1500
G1 X12.57 Y29.56 F1500
G1 X13.62 Y31.13 F1500
G1 X13.83 Y31.22 F1500
G1 X14.04 Y31.11 F1500
G1 X15.09 Y29.53 F1500
G1 X15.51 Y29.84 F1500
G1 X16.14 Y30.99 F1500
G1 X16.55 Y31.21 F1500
G1 X17.39 Y29.87 F1500
G1 X17.81 Y29.55 F1500
G1 X19.07 Y31.24 F1500
G1 X19.49 Y30.88 F1500
G1 X20.33 Y29.54 F1500
G1 X20.75 Y29.79 F1500
G1 X21.37 Y30.96 F1500
G1 X21.79 Y31.25 F1500
G1 X22.63 Y29.90 F1500
G1 X23.05 Y29.51 F1500
G1 X23.26 Y29.63 F1500
G1 X24.31 Y31.27 F1500
G1 X24.73 Y30.95 F1500
G1 X25.36 Y29.72 F1500
G1 X25.77 Y29.49 F1500
G1 X26.82 Y31.09 F1500
G1 X27.24 Y30.92 F1500
G1 X28.08 Y29.98 F1500
G1 X28.50 Y30.02 F1500
G1 X29.55 Y30.69 F1500
G1 X31.01 Y30.08 F1500
G1 X32.27 Y30.70 F1500
G1 X32.69 Y30.57 F1500
G1 X33.53 Y29.84 F1500
G1 X33.74 Y29.83 F1500
G1 X34.78 Y31.32 F1500
G1 X34.99 Y31.36 F1500
G1 X35.83 Y29.73 F1500
G1 X36.25 Y29.37 F1500
G1 X37.09 Y30.90 F1500
G1 X37.51 Y31.35 F1500
G1 X37.72 Y31.24 F1500
G1 X38.77 Y29.49 F1500
G1 X39.19 Y29.78 F1500
G1 X40.02 Y31.23 F1500
G1 X40.44 Y31.05 F1500
G1 X41.07 Y29.89 F1500
G1 X41.49 Y29.52 F1500
G1 X42.75 Y31.23 F1500
G1 X43.17 Y30.91 F1500
G1 X44.00 Y29.56 F1500
G1 X44.42 Y29.80 F1500
G1 X45.26 Y31.06 F1500
G1 X45.68 Y30.96 F1500
G1 X46.31 Y30.02 F1500
G1 X46.73 Y29.69 F1500
G1 X47.15 Y29.98 F1500
G1 X47.99 Y31.15 F1500
G1 X48.20 Y31.12 F1500
G1 X48.82 Y30.21 F1500
G1 X49.24 Y29.88 F1500
G1 X49.45 Y29.42 F1500
G1 X49.66 Y29.58 F1500
G1 X50.50 Y31.23 F1500
G1 X50.71 Y30.80 F1500
G1 X50.92 Y30.96 F1500
G1 X51.13 Y30.88 F1500
G1 X51.76 Y29.78 F1500
G1 X52.18 Y29.77 F1500
G1 X53.22 Y31.26 F1500
G1 X53.64 Y30.98 F1500
G1 X54.27 Y29.96 F1500
G1 X54.69 Y29.61 F1500
G1 X54.90 Y29.66 F1500
G1 X55.74 Y31.29 F1500
G1 X55.95 Y31.43 F1500
G1 X56.16 Y31.30 F1500
G1 X57.21 Y29.35 F1500
G1 X57.63 Y29.69 F1500
G1 X58.46 Y31.38 F1500
G1 X58.67 Y31.41 F1500
G1 X59.51 Y29.77 F1500
G1 X59.93 Y29.34 F1500
G1 X61.19 Y31.43 F1500
G1 X61.40 Y31.30 F1500
G1 X62.44 Y29.36 F1500
G1 X62.65 Y29.38 F1500
G1 X62.86 Y29.64 F1500
G1 X63.49 Y31.06 F1500
G1 X63.91 Y31.42 F1500
G1 X64.96 Y29.47 F1500
G1 X65.17 Y29.34 F1500
G1 X65.38 Y29.46 F1500
G1 X66.22 Y31.22 F1500
G1 X66.43 Y31.35 F1500
G1 X66.64 Y31.34 F1500
G1 X66.85 Y31.08 F1500
G1 X67.68 Y29.38 F1500
G1 X68.10 Y29.60 F1500
G1 X68.73 Y31.01 F1500
G1 X69.15 Y31.43 F1500
G1 X69.36 Y31.27 F1500
G1 X69.99 Y29.95 F1500
G1 X70.62 Y29.65 F1500
G1 X71.25 Y30.58 F1500
G1 X71.87 Y30.84 F1500
G1 X72.50 Y30.31 F1500
G1 X73.13 Y30.06 F1500
G1 X74.18 Y30.68 F1500
G1 X75.65 Y30.17 F1500
G1 X77.11 Y30.73 F1500
G1 X78.37 Y29.89 F1500
G1 X79.42 Y30.74 F1500
G1 X79.84 Y30.69 F1500
G1 X80.88 Y30.13 F1500
G1 X82.14 Y30.62 F1500
G1 X83.40 Y30.22 F1500
G1 X84.87 Y30.56 F1500
G1 X86.12 Y30.25 F1500
G1 X87.38 Y30.42 F1500
G1 X93.67 Y30.38 F1500
G1 X94.51 Y30.08 F1500
G1 X95.34 Y31.30 F1500
G1 X95.55 Y31.38 F1500
G1 X96.39 Y29.74 F1500
G1 X96.81 Y29.34 F1500
G1 X97.23 Y29.90 F1500
G1 X97.86 Y31.28 F1500
G1 X98.07 Y31.43 F1500
G1 X98.49 Y30.99 F1500
G1 X98.91 Y30.07 F1500
G1 X99.12 Y30.11 F1500
G1 X99.53 Y29.79 F1500
G1 X99.95 Y30.15 F1500
G1 X100.58 Y31.37 F1500
G1 X100.79 Y31.42 F1500
G1 X101.63 Y29.79 F1500
G1 X102.05 Y29.34 F1500
G1 X102.26 Y29.48 F1500
G1 X103.31 Y31.42 F1500
G1 X103.73 Y31.05 F1500
G1 X104.35 Y29.62 F1500
G1 X104.56 Y29.37 F1500
G1 X104.77 Y29.37 F1500
G1 X105.61 Y31.04 F1500
G1 X106.03 Y31.43 F1500
G1 X107.08 Y29.49 F1500
G1 X107.29 Y29.34 F1500
G1 X107.71 Y29.78 F1500
G1 X108.54 Y31.41 F1500
G1 X108.75 Y31.33 F1500
G1 X109.59 Y29.97 F1500
G1 X110.01 Y29.77 F1500
G1 X111.06 Y30.89 F1500
G1 X111.48 Y30.79 F1500
G1 X112.53 Y29.97 F1500
G1 X112.95 Y30.13 F1500
G1 X113.57 Y30.68 F1500
G1 X113.99 Y30.80 F1500
G1 X114.83 Y30.10 F1500
G1 X115.25 Y29.94 F1500
G1 X116.51 Y30.82 F1500
G1 X117.76 Y29.99 F1500
G1 X119.23 Y30.80 F1500
G1 X120.49 Y29.93 F1500
G1 X121.75 Y30.87 F1500
G1 X122.17 Y30.69 F1500
G1 X122.79 Y29.99 F1500
G1 X123.21 Y29.85 F1500
G1 X124.05 Y30.74 F1500
G1 X124.47 Y30.94 F1500
G1 X125.73 Y29.80 F1500
G1 X126.98 Y30.98 F1500
G1 X127.40 Y30.79 F1500
G1 X128.03 Y29.96 F1500
G1 X128.45 Y29.78 F1500
G1 X129.50 Y30.89 F1500
G1 X129.92 Y30.86 F1500
G1 X130.97 Y29.84 F1500
G1 X131.39 Y30.02 F1500
G1 X132.01 Y30.81 F1500
G1 X132.43 Y30.95 F1500
G1 X133.27 Y30.00 F1500
G1 X133.69 Y29.75 F1500
G1 X134.95 Y31.14 F1500
G1 X135.16 Y31.07 F1500
G1 X135.79 Y30.05 F1500
G1 X136.20 Y29.66 F1500
G1 X136.62 Y29.91 F1500
G1 X137.46 Y30.92 F1500
G1 X137.67 Y30.92 F1500
G1 X138.51 Y30.11 F1500
G1 X138.93 Y29.93 F1500
G1 X140.19 Y30.83 F1500
G1 X140.61 Y30.66 F1500
G1 X141.23 Y30.04 F1500
G1 X141.65 Y29.93 F1500
G1 X142.49 Y30.69 F1500
G1 X142.91 Y30.86 F1500
G1 X144.17 Y29.88 F1500
G1 X144.59 Y30.11 F1500
G1 X145.22 Y30.79 F1500
G1 X145.63 Y30.90 F1500
G1 X146.47 Y29.98 F1500
G1 X146.89 Y29.81 F1500
G1 X147.73 Y30.74 F1500
G1 X148.15 Y30.97 F1500
G1 X149.41 Y29.86 F1500
G1 X150.66 Y30.87 F1500
G1 X151.08 Y30.74 F1500
G1 X151.92 Y29.90 F1500
G1 X152.34 Y30.00 F1500
G1 X153.39 Y30.81 F1500
G1 X154.44 Y30.02 F1500
G1 X154.85 Y29.92 F1500
G1 X155.69 Y30.79 F1500
G1 X156.11 Y30.95 F1500
G1 X156.95 Y30.03 F1500
G1 X157.37 Y29.79 F1500
G1 X158.63 Y30.99 F1500
G1 X159.05 Y30.75 F1500
G1 X159.88 Y29.77 F1500
G1 X160.30 Y29.96 F1500
G1 X160.93 Y30.77 F1500
G1 X161.35 Y30.95 F1500
G1 X162.61 Y29.77 F1500
G1 X163.86 Y30.97 F1500
G1 X164.28 Y30.78 F1500
G1 X165.12 Y29.80 F1500
G1 X165.54 Y29.95 F1500
G1 X166.17 Y30.74 F1500
G1 X166.59 Y30.97 F1500
G1 X167.85 Y29.80 F1500
G1 X168.27 Y30.04 F1500
G1 X169.10 Y30.98 F1500
G1 X169.52 Y30.81 F1500
G1 X170.15 Y29.97 F1500
G1 X170.57 Y29.78 F1500
G1 X171.83 Y31.00 F1500
G1 X173.08 Y29.76 F1500
G1 X173.50 Y29.99 F1500
G1 X174.13 Y30.84 F1500
G1 X174.55 Y31.00 F1500
G1 X175.39 Y29.99 F1500
G1 X175.81 Y29.76 F1500
G1 X177.07 Y30.98 F1500
G1 X177.28 Y30.94 F1500
G1 X178.32 Y29.83 F1500
G1 X178.74 Y29.99 F1500
G1 X179.37 Y30.76 F1500
G1 X180.00 Y31.20 F1500
G1 X180.00 Y31.41 F1500
G1 X180.00 Y31.62 F1500
G1 X180.00 Y31.83 F1500
G1 X180.00 Y32.04 F1500
G1 X180.00 Y32.25 F1500
G1 X180.00 Y32.25 F1500
G1 X179.79 Y31.93 F1500
G1 X179.37 Y31.84 F1500
G1 X178.74 Y31.01 F1500
G1 X178.32 Y30.87 F1500
G1 X177.07 Y32.05 F1500
G1 X175.81 Y30.80 F1500
G1 X175.39 Y31.04 F1500
G1 X174.55 Y32.04 F1500
G1 X174.13 Y31.88 F1500
G1 X173.50 Y31.03 F1500
G1 X173.08 Y30.81 F1500
G1 X171.83 Y32.06 F1500
G1 X170.57 Y30.82 F1500
G1 X170.15 Y31.02 F1500
G1 X169.31 Y32.02 F1500
G1 X168.89 Y31.90 F1500
G1 X168.27 Y31.08 F1500
G1 X167.85 Y30.83 F1500
G1 X166.59 Y32.02 F1500
G1 X166.17 Y31.79 F1500
G1 X165.33 Y30.85 F1500
G1 X164.91 Y31.00 F1500
G1 X164.28 Y31.82 F1500
G1 X163.86 Y32.03 F1500
G1 X162.61 Y30.86 F1500
G1 X161.35 Y32.00 F1500
G1 X160.93 Y31.81 F1500
G1 X160.09 Y30.87 F1500
G1 X159.67 Y31.00 F1500
G1 X159.05 Y31.77 F1500
G1 X158.63 Y32.01 F1500
G1 X157.37 Y30.87 F1500
G1 X156.95 Y31.09 F1500
G1 X156.11 Y31.99 F1500
G1 X155.69 Y31.85 F1500
G1 X154.85 Y30.90 F1500
G1 X154.44 Y31.02 F1500
G1 X153.81 Y31.67 F1500
G1 X153.39 Y31.88 F1500
G1 X152.34 Y31.06 F1500
G1 X151.92 Y30.96 F1500
G1 X151.08 Y31.80 F1500
G1 X150.66 Y31.95 F1500
G1 X149.41 Y30.88 F1500
G1 X148.15 Y32.04 F1500
G1 X147.73 Y31.80 F1500
G1 X146.89 Y30.83 F1500
G1 X146.47 Y30.99 F1500
G1 X145.63 Y31.98 F1500
G1 X145.22 Y31.86 F1500
G1 X144.59 Y31.14 F1500
G1 X144.17 Y30.91 F1500
G1 X142.91 Y31.93 F1500
G1 X142.49 Y31.75 F1500
G1 X141.65 Y30.97 F1500
G1 X141.23 Y31.08 F1500
G1 X140.61 Y31.71 F1500
G1 X140.19 Y31.87 F1500
G1 X138.93 Y30.98 F1500
G1 X138.51 Y31.16 F1500
G1 X137.88 Y31.80 F1500
G1 X137.46 Y31.94 F1500
G1 X136.20 Y30.73 F1500
G1 X135.79 Y31.11 F1500
G1 X135.16 Y32.17 F1500
G1 X134.95 Y32.27 F1500
G1 X133.69 Y30.67 F1500
G1 X133.27 Y30.97 F1500
G1 X132.43 Y32.11 F1500
G1 X132.01 Y31.93 F1500
G1 X131.39 Y31.02 F1500
G1 X130.97 Y30.75 F1500
G1 X129.71 Y32.13 F1500
G1 X128.45 Y30.82 F1500
G1 X128.03 Y31.00 F1500
G1 X127.40 Y31.84 F1500
G1 X126.98 Y32.00 F1500
G1 X126.15 Y31.13 F1500
G1 X125.73 Y30.90 F1500
G1 X124.47 Y31.93 F1500
G1 X124.05 Y31.75 F1500
G1 X123.21 Y30.96 F1500
G1 X122.79 Y31.07 F1500
G1 X122.17 Y31.73 F1500
G1 X121.75 Y31.91 F1500
G1 X120.49 Y30.98 F1500
G1 X119.23 Y31.86 F1500
G1 X118.81 Y31.73 F1500
G1 X118.18 Y31.13 F1500
G1 X117.76 Y31.00 F1500
G1 X116.51 Y31.88 F1500
G1 X115.25 Y30.98 F1500
G1 X114.83 Y31.15 F1500
G1 X113.99 Y31.89 F1500
G1 X113.57 Y31.77 F1500
G1 X112.95 Y31.15 F1500
G1 X112.53 Y31.01 F1500
G1 X111.48 Y31.79 F1500
G1 X111.06 Y31.85 F1500
G1 X110.01 Y30.80 F1500
G1 X109.59 Y31.01 F1500
G1 X108.54 Y32.34 F1500
G1 X108.34 Y32.25 F1500
G1 X107.71 Y30.83 F1500
G1 X107.29 Y30.38 F1500
G1 X107.08 Y30.53 F1500
G1 X106.03 Y32.47 F1500
G1 X105.61 Y32.08 F1500
G1 X104.77 Y30.42 F1500
G1 X104.56 Y30.42 F1500
G1 X104.35 Y30.67 F1500
G1 X103.73 Y32.10 F1500
G1 X103.31 Y32.47 F1500
G1 X102.26 Y30.53 F1500
G1 X102.05 Y30.38 F1500
G1 X101.63 Y30.84 F1500
G1 X100.79 Y32.46 F1500
G1 X100.37 Y32.14 F1500
G1 X99.74 Y30.97 F1500
G1 X99.32 Y31.28 F1500
G1 X99.12 Y30.87 F1500
G1 X98.28 Y32.37 F1500
G1 X98.07 Y32.48 F1500
G1 X97.86 Y32.33 F1500
G1 X97.23 Y30.95 F1500
G1 X96.81 Y30.39 F1500
G1 X96.39 Y30.79 F1500
G1 X95.55 Y32.45 F1500
G1 X95.34 Y32.43 F1500
G1 X95.13 Y32.15 F1500
G1 X94.71 Y31.26 F1500
G1 X94.30 Y30.77 F1500
G1 X93.04 Y31.70 F1500
G1 X92.20 Y31.43 F1500
G1 X90.10 Y31.50 F1500
G1 X88.85 Y31.34 F1500
G1 X87.59 Y31.50 F1500
G1 X86.12 Y31.23 F1500
G1 X84.87 Y31.63 F1500
G1 X83.82 Y31.28 F1500
G1 X83.19 Y31.31 F1500
G1 X81.93 Y31.79 F1500
G1 X81.30 Y31.00 F1500
G1 X80.88 Y30.73 F1500
G1 X80.47 Y31.13 F1500
G1 X79.84 Y32.27 F1500
G1 X79.42 Y32.15 F1500
G1 X78.79 Y31.03 F1500
G1 X78.37 Y30.59 F1500
G1 X77.95 Y30.91 F1500
G1 X77.11 Y32.33 F1500
G1 X76.27 Y31.39 F1500
G1 X75.44 Y31.33 F1500
G1 X74.18 Y31.69 F1500
G1 X73.13 Y31.11 F1500
G1 X71.66 Y31.70 F1500
G1 X70.62 Y31.15 F1500
G1 X70.20 Y30.63 F1500
G1 X69.15 Y32.37 F1500
G1 X68.94 Y32.38 F1500
G1 X67.89 Y30.41 F1500
G1 X67.68 Y30.43 F1500
G1 X67.47 Y30.70 F1500
G1 X66.85 Y32.12 F1500
G1 X66.43 Y32.38 F1500
G1 X66.22 Y32.27 F1500
G1 X65.59 Y30.86 F1500
G1 X65.17 Y30.38 F1500
G1 X64.96 Y30.52 F1500
G1 X63.91 Y32.47 F1500
G1 X63.49 Y32.11 F1500
G1 X62.86 Y30.68 F1500
G1 X62.65 Y30.42 F1500
G1 X62.44 Y30.41 F1500
G1 X61.61 Y32.07 F1500
G1 X61.19 Y32.48 F1500
G1 X59.93 Y30.39 F1500
G1 X59.51 Y30.82 F1500
G1 X58.67 Y32.46 F1500
G1 X58.25 Y32.16 F1500
G1 X57.63 Y30.73 F1500
G1 X57.21 Y30.40 F1500
G1 X56.16 Y32.36 F1500
G1 X55.95 Y32.44 F1500
G1 X55.53 Y31.97 F1500
G1 X54.69 Y30.39 F1500
G1 X53.43 Y32.20 F1500
G1 X53.02 Y31.97 F1500
G1 X52.18 Y30.72 F1500
G1 X51.55 Y31.14 F1500
G1 X50.71 Y32.48 F1500
G1 X50.29 Y32.04 F1500
G1 X49.45 Y30.40 F1500
G1 X48.61 Y31.58 F1500
G1 X48.41 Y31.76 F1500
G1 X48.20 Y31.49 F1500
G1 X47.99 Y31.50 F1500
G1 X47.78 Y31.95 F1500
G1 X46.94 Y30.76 F1500
G1 X46.73 Y30.70 F1500
G1 X45.47 Y32.18 F1500
G1 X45.05 Y31.93 F1500
G1 X44.42 Y30.86 F1500
G1 X44.00 Y30.67 F1500
G1 X43.17 Y31.95 F1500
G1 X42.75 Y32.31 F1500
G1 X41.49 Y30.55 F1500
G1 X41.07 Y30.92 F1500
G1 X40.23 Y32.31 F1500
G1 X39.81 Y32.04 F1500
G1 X39.19 Y30.82 F1500
G1 X38.77 Y30.54 F1500
G1 X37.72 Y32.28 F1500
G1 X37.51 Y32.38 F1500
G1 X37.09 Y31.93 F1500
G1 X36.25 Y30.42 F1500
G1 X35.83 Y30.78 F1500
G1 X34.99 Y32.40 F1500
G1 X34.78 Y32.35 F1500
G1 X33.74 Y30.88 F1500
G1 X33.32 Y31.03 F1500
G1 X32.69 Y31.62 F1500
G1 X32.27 Y31.74 F1500
G1 X31.01 Y31.14 F1500
G1 X29.55 Y31.75 F1500
G1 X28.29 Y30.99 F1500
G1 X27.87 Y31.18 F1500
G1 X27.03 Y32.17 F1500
G1 X26.82 Y32.16 F1500
G1 X25.77 Y30.55 F1500
G1 X25.36 Y30.78 F1500
G1 X24.73 Y31.99 F1500
G1 X24.31 Y32.30 F1500
G1 X23.26 Y30.66 F1500
G1 X23.05 Y30.54 F1500
G1 X22.63 Y30.93 F1500
G1 X21.79 Y32.30 F1500
G1 X21.37 Y32.02 F1500
G1 X20.75 Y30.82 F1500
G1 X20.33 Y30.57 F1500
G1 X19.49 Y31.94 F1500
G1 X19.07 Y32.29 F1500
G1 X17.81 Y30.57 F1500
G1 X17.39 Y30.91 F1500
G1 X16.55 Y32.26 F1500
G1 X16.14 Y32.02 F1500
G1 X15.51 Y30.89 F1500
G1 X15.09 Y30.59 F1500
G1 X14.04 Y32.15 F1500
G1 X13.83 Y32.26 F1500
G1 X13.62 Y32.17 F1500
G1 X12.57 Y30.62 F1500
G1 X12.15 Y30.89 F1500
G1 X11.32 Y32.10 F1500
G1 X10.90 Y31.94 F1500
G1 X10.27 Y31.06 F1500
G1 X9.85 Y30.84 F1500
G1 X8.59 Y31.99 F1500
G1 X8.17 Y31.78 F1500
G1 X7.33 Y30.87 F1500
G1 X6.92 Y31.02 F1500
G1 X6.29 Y31.81 F1500
G1 X5.87 Y32.01 F1500
G1 X4.61 Y30.85 F1500
G1 X3.35 Y32.03 F1500
G1 X2.93 Y31.82 F1500
G1 X2.10 Y30.90 F1500
G1 X1.68 Y31.06 F1500
G1 X0.84 Y31.79 F1500
G1 X0.42 Y31.77 F1500
G1 X0.00 Y31.43 F1500
G1 X0.00 Y31.64 F1500
G1 X0.00 Y31.85 F1500
G1 X0.00 Y32.06 F1500
G1 X0.00 Y32.27 F1500
G1 X0.00 Y32.48 F1500
G1 X0.00 Y32.48 F1500
G1 X0.42 Y32.88 F1500
G1 X0.84 Y32.93 F1500
G1 X1.68 Y32.03 F1500
G1 X2.10 Y31.92 F1500
G1 X2.93 Y32.86 F1500
G1 X3.35 Y33.06 F1500
G1 X4.61 Y31.90 F1500
G1 X5.87 Y33.05 F1500
G1 X6.29 Y32.85 F1500
G1 X6.92 Y32.07 F1500
G1 X7.33 Y31.92 F1500
G1 X8.17 Y32.83 F1500
G1 X8.59 Y33.05 F1500
G1 X9.85 Y31.90 F1500
G1 X10.27 Y32.13 F1500
G1 X10.90 Y32.95 F1500
G1 X11.32 Y33.16 F1500
G1 X12.36 Y31.74 F1500
G1 X12.57 Y31.70 F1500
G1 X13.62 Y33.21 F1500
G1 X13.83 Y33.30 F1500
G1 X15.09 Y31.66 F1500
G1 X15.51 Y31.93 F1500
G1 X16.14 Y33.08 F1500
G1 X16.55 Y33.30 F1500
G1 X17.39 Y31.96 F1500
G1 X17.81 Y31.63 F1500
G1 X19.07 Y33.32 F1500
G1 X19.49 Y32.98 F1500
G1 X20.33 Y31.63 F1500
G1 X20.75 Y31.88 F1500
G1 X21.37 Y33.06 F1500
G1 X21.79 Y33.35 F1500
G1 X22.84 Y31.68 F1500
G1 X23.05 Y31.59 F1500
G1 X23.26 Y31.71 F1500
G1 X24.31 Y33.36 F1500
G1 X24.73 Y33.04 F1500
G1 X25.36 Y31.82 F1500
G1 X25.77 Y31.58 F1500
G1 X26.82 Y33.21 F1500
G1 X27.03 Y33.22 F1500
G1 X27.87 Y32.22 F1500
G1 X28.29 Y32.04 F1500
G1 X29.55 Y32.79 F1500
G1 X31.01 Y32.20 F1500
G1 X32.27 Y32.81 F1500
G1 X33.74 Y31.94 F1500
G1 X34.16 Y32.35 F1500
G1 X34.78 Y33.39 F1500
G1 X34.99 Y33.45 F1500
G1 X35.83 Y31.82 F1500
G1 X36.25 Y31.47 F1500
G1 X37.09 Y32.98 F1500
G1 X37.51 Y33.44 F1500
G1 X37.93 Y33.02 F1500
G1 X38.77 Y31.58 F1500
G1 X39.19 Y31.86 F1500
G1 X40.02 Y33.33 F1500
G1 X40.44 Y33.17 F1500
G1 X41.07 Y31.97 F1500
G1 X41.49 Y31.59 F1500
G1 X42.75 Y33.34 F1500
G1 X43.17 Y33.01 F1500
G1 X44.00 Y31.67 F1500
G1 X44.42 Y31.89 F1500
G1 X45.26 Y33.18 F1500
G1 X45.68 Y33.10 F1500
G1 X46.31 Y32.09 F1500
G1 X46.73 Y31.74 F1500
G1 X47.99 Y33.17 F1500
G1 X48.20 Y33.12 F1500
G1 X49.24 Y31.48 F1500
G1 X49.45 Y31.45 F1500
G1 X50.29 Y33.09 F1500
G1 X50.71 Y33.53 F1500
G1 X50.92 Y33.37 F1500
G1 X51.76 Y31.61 F1500
G1 X52.18 Y31.58 F1500
G1 X53.02 Y33.23 F1500
G1 X53.43 Y33.45 F1500
G1 X54.27 Y31.81 F1500
G1 X54.69 Y31.44 F1500
G1 X55.74 Y33.39 F1500
G1 X55.95 Y33.53 F1500
G1 X56.16 Y33.41 F1500
G1 X57.21 Y31.47 F1500
G1 X57.42 Y31.49 F1500
G1 X57.63 Y31.78 F1500
G1 X58.46 Y33.48 F1500
G1 X58.67 Y33.51 F1500
G1 X59.51 Y31.86 F1500
G1 X59.93 Y31.43 F1500
G1 X61.19 Y33.52 F1500
G1 X61.61 Y33.12 F1500
G1 X62.44 Y31.46 F1500
G1 X62.65 Y31.47 F1500
G1 X62.86 Y31.73 F1500
G1 X63.49 Y33.16 F1500
G1 X63.91 Y33.52 F1500
G1 X64.96 Y31.56 F1500
G1 X65.17 Y31.43 F1500
G1 X66.43 Y33.52 F1500
G1 X66.85 Y33.17 F1500
G1 X67.47 Y31.74 F1500
G1 X67.68 Y31.48 F1500
G1 X67.89 Y31.45 F1500
G1 X68.52 Y32.59 F1500
G1 X69.36 Y33.17 F1500
G1 X69.78 Y32.48 F1500
G1 X70.20 Y32.18 F1500
G1 X70.62 Y32.20 F1500
G1 X71.66 Y32.66 F1500
G1 X72.50 Y32.44 F1500
G1 X72.92 Y32.09 F1500
G1 X74.18 Y32.65 F1500
G1 X75.02 Y32.50 F1500
G1 X75.65 Y31.83 F1500
G1 X76.07 Y32.06 F1500
G1 X76.90 Y33.06 F1500
G1 X77.32 Y32.91 F1500
G1 X78.37 Y31.82 F1500
G1 X78.58 Y31.85 F1500
G1 X79.42 Y32.83 F1500
G1 X79.84 Y33.00 F1500
G1 X80.68 Y31.94 F1500
G1 X81.09 Y31.71 F1500
G1 X81.93 Y33.10 F1500
G1 X82.35 Y33.41 F1500
G1 X83.40 Y31.75 F1500
G1 X84.87 Y32.80 F1500
G1 X86.12 Y32.23 F1500
G1 X87.38 Y32.59 F1500
G1 X88.85 Y32.38 F1500
G1 X90.52 Y32.70 F1500
G1 X91.57 Y31.65 F1500
G1 X91.78 Y31.72 F1500
G1 X92.62 Y33.24 F1500
G1 X93.04 Y33.21 F1500
G1 X93.67 Y32.17 F1500
G1 X94.30 Y31.78 F1500
G1 X95.34 Y33.34 F1500
G1 X95.55 Y33.37 F1500
G1 X96.39 Y31.83 F1500
G1 X96.81 Y31.44 F1500
G1 X97.23 Y32.00 F1500
G1 X97.86 Y33.37 F1500
G1 X98.07 Y33.53 F1500
G1 X98.49 Y33.09 F1500
G1 X99.12 Y31.71 F1500
G1 X99.32 Y32.21 F1500
G1 X99.53 Y32.24 F1500
G1 X99.74 Y32.04 F1500
G1 X100.37 Y33.15 F1500
G1 X100.79 Y33.51 F1500
G1 X101.63 Y31.89 F1500
G1 X102.05 Y31.43 F1500
G1 X102.26 Y31.57 F1500
G1 X103.31 Y33.52 F1500
G1 X103.73 Y33.14 F1500
G1 X104.35 Y31.72 F1500
G1 X104.56 Y31.47 F1500
G1 X104.77 Y31.46 F1500
G1 X105.61 Y33.13 F1500
G1 X106.03 Y33.52 F1500
G1 X107.08 Y31.58 F1500
G1 X107.29 Y31.43 F1500
G1 X107.71 Y31.88 F1500
G1 X108.13 Y32.84 F1500
G1 X108.54 Y33.15 F1500
G1 X108.96 Y32.90 F1500
G1 X109.80 Y31.86 F1500
G1 X110.01 Y31.85 F1500
G1 X110.85 Y32.73 F1500
G1 X111.27 Y32.92 F1500
G1 X112.53 Y32.02 F1500
G1 X112.95 Y32.19 F1500
G1 X113.78 Y32.93 F1500
G1 X114.20 Y32.81 F1500
G1 X114.83 Y32.18 F1500
G1 X115.25 Y32.01 F1500
G1 X116.51 Y32.95 F1500
G1 X117.76 Y32.03 F1500
G1 X118.18 Y32.17 F1500
G1 X118.81 Y32.78 F1500
G1 X119.23 Y32.92 F1500
G1 X120.49 Y32.03 F1500
G1 X121.75 Y32.95 F1500
G1 X122.17 Y32.77 F1500
G1 X122.79 Y32.13 F1500
G1 X123.21 Y32.01 F1500
G1 X124.05 Y32.79 F1500
G1 X124.47 Y32.96 F1500
G1 X125.73 Y31.99 F1500
G1 X126.98 Y33.00 F1500
G1 X127.40 Y32.82 F1500
G1 X128.03 Y32.10 F1500
G1 X128.45 Y31.91 F1500
G1 X129.71 Y33.13 F1500
G1 X130.13 Y32.82 F1500
G1 X130.76 Y31.84 F1500
G1 X130.97 Y31.74 F1500
G1 X131.39 Y32.06 F1500
G1 X132.01 Y33.04 F1500
G1 X132.43 Y33.25 F1500
G1 X133.27 Y31.94 F1500
G1 X133.69 Y31.62 F1500
G1 X133.90 Y31.76 F1500
G1 X134.74 Y33.27 F1500
G1 X134.95 Y33.37 F1500
G1 X136.20 Y31.81 F1500
G1 X137.46 Y32.95 F1500
G1 X137.88 Y32.84 F1500
G1 X138.51 Y32.20 F1500
G1 X138.93 Y32.01 F1500
G1 X139.98 Y32.86 F1500
G1 X140.40 Y32.90 F1500
G1 X141.44 Y32.00 F1500
G1 X141.86 Y32.12 F1500
G1 X142.49 Y32.82 F1500
G1 X142.91 Y33.00 F1500
G1 X144.17 Y31.95 F1500
G1 X145.42 Y33.04 F1500
G1 X145.84 Y32.86 F1500
G1 X146.47 Y32.04 F1500
G1 X146.89 Y31.89 F1500
G1 X147.73 Y32.84 F1500
G1 X148.15 Y33.07 F1500
G1 X149.41 Y31.94 F1500
G1 X149.83 Y32.15 F1500
G1 X150.66 Y32.99 F1500
G1 X151.08 Y32.84 F1500
G1 X151.92 Y32.02 F1500
G1 X152.34 Y32.11 F1500
G1 X153.39 Y32.96 F1500
G1 X153.81 Y32.74 F1500
G1 X154.44 Y32.06 F1500
G1 X154.85 Y31.97 F1500
G1 X155.69 Y32.88 F1500
G1 X156.11 Y33.03 F1500
G1 X156.95 Y32.14 F1500
G1 X157.37 Y31.94 F1500
G1 X158.63 Y33.03 F1500
G1 X159.05 Y32.81 F1500
G1 X159.88 Y31.94 F1500
G1 X160.30 Y32.09 F1500
G1 X160.93 Y32.85 F1500
G1 X161.35 Y33.02 F1500
G1 X162.61 Y31.91 F1500
G1 X163.86 Y33.05 F1500
G1 X164.28 Y32.85 F1500
G1 X164.91 Y32.06 F1500
G1 X165.33 Y31.92 F1500
G1 X166.17 Y32.84 F1500
G1 X166.59 Y33.06 F1500
G1 X167.85 Y31.87 F1500
G1 X168.27 Y32.13 F1500
G1 X169.10 Y33.08 F1500
G1 X169.52 Y32.90 F1500
G1 X170.15 Y32.07 F1500
G1 X170.57 Y31.86 F1500
G1 X171.83 Y33.10 F1500
G1 X173.08 Y31.85 F1500
G1 X173.50 Y32.08 F1500
G1 X174.34 Y33.08 F1500
G1 X174.76 Y32.94 F1500
G1 X175.39 Y32.10 F1500
G1 X175.81 Y31.87 F1500
G1 X177.07 Y33.06 F1500
G1 X178.32 Y31.93 F1500
G1 X178.74 Y32.10 F1500
G1 X179.37 Y32.86 F1500
G1 X180.00 Y33.30 F1500
G1 X180.00 Y33.51 F1500
G1 X180.00 Y33.72 F1500
G1 X180.00 Y33.93 F1500
G1 X180.00 Y34.14 F1500
G1 X180.00 Y34.35 F1500
G1 X180.00 Y34.35 F1500
G1 X179.79 Y34.06 F1500
G1 X179.37 Y33.91 F1500
G1 X178.74 Y33.15 F1500
G1 X178.32 Y32.98 F1500
G1 X177.07 Y34.10 F1500
G1 X176.65 Y33.82 F1500
G1 X176.02 Y33.03 F1500
G1 X175.60 Y32.98 F1500
G1 X174.55 Y34.13 F1500
G1 X174.13 Y33.99 F1500
G1 X173.50 Y33.12 F1500
G1 X173.08 Y32.91 F1500
G1 X171.83 Y34.14 F1500
G1 X170.57 Y32.94 F1500
G1 X170.15 Y33.13 F1500
G1 X169.52 Y33.94 F1500
G1 X169.10 Y34.11 F1500
G1 X168.27 Y33.18 F1500
G1 X167.85 Y32.94 F1500
G1 X166.59 Y34.12 F1500
G1 X166.17 Y33.89 F1500
G1 X165.33 Y32.97 F1500
G1 X164.91 Y33.12 F1500
G1 X164.28 Y33.89 F1500
G1 X163.86 Y34.09 F1500
G1 X162.61 Y32.98 F1500
G1 X161.35 Y34.06 F1500
G1 X160.93 Y33.89 F1500
G1 X160.30 Y33.16 F1500
G1 X159.88 Y33.01 F1500
G1 X159.05 Y33.84 F1500
G1 X158.63 Y34.05 F1500
G1 X157.37 Y33.00 F1500
G1 X156.95 Y33.21 F1500
G1 X156.32 Y33.92 F1500
G1 X155.90 Y34.05 F1500
G1 X155.06 Y33.17 F1500
G1 X154.64 Y32.99 F1500
G1 X153.60 Y33.99 F1500
G1 X153.18 Y33.97 F1500
G1 X152.13 Y33.06 F1500
G1 X151.71 Y33.20 F1500
G1 X151.08 Y33.89 F1500
G1 X150.66 Y34.04 F1500
G1 X149.41 Y32.96 F1500
G1 X148.15 Y34.10 F1500
G1 X147.73 Y33.88 F1500
G1 X146.89 Y32.95 F1500
G1 X146.47 Y33.11 F1500
G1 X145.63 Y34.06 F1500
G1 X145.22 Y33.97 F1500
G1 X144.59 Y33.23 F1500
G1 X144.17 Y32.98 F1500
G1 X142.91 Y34.06 F1500
G1 X142.49 Y33.89 F1500
G1 X141.86 Y33.16 F1500
G1 X141.44 Y33.04 F1500
G1 X140.40 Y33.96 F1500
G1 X139.98 Y33.94 F1500
G1 X138.93 Y33.05 F1500
G1 X138.51 Y33.24 F1500
G1 X137.88 Y33.90 F1500
G1 X137.46 Y34.01 F1500
G1 X136.20 Y32.84 F1500
G1 X134.95 Y34.42 F1500
G1 X134.74 Y34.31 F1500
G1 X133.69 Y32.66 F1500
G1 X133.27 Y32.98 F1500
G1 X132.43 Y34.30 F1500
G1 X132.01 Y34.10 F1500
G1 X131.39 Y33.08 F1500
G1 X130.97 Y32.83 F1500
G1 X129.71 Y34.18 F1500
G1 X128.45 Y32.95 F1500
G1 X128.03 Y33.14 F1500
G1 X127.40 Y33.91 F1500
G1 X126.98 Y34.07 F1500
G1 X125.73 Y33.01 F1500
G1 X124.47 Y34.02 F1500
G1 X124.05 Y33.84 F1500
G1 X123.21 Y33.06 F1500
G1 X122.79 Y33.18 F1500
G1 X122.17 Y33.82 F1500
G1 X121.75 Y33.99 F1500
G1 X120.49 Y33.08 F1500
G1 X119.23 Y33.97 F1500
G1 X118.81 Y33.84 F1500
G1 X118.18 Y33.22 F1500
G1 X117.76 Y33.09 F1500
G1 X116.51 Y34.00 F1500
G1 X115.25 Y33.06 F1500
G1 X114.83 Y33.24 F1500
G1 X113.99 Y33.98 F1500
G1 X113.57 Y33.87 F1500
G1 X112.95 Y33.24 F1500
G1 X112.53 Y33.08 F1500
G1 X111.27 Y33.95 F1500
G1 X109.80 Y32.97 F1500
G1 X108.96 Y33.93 F1500
G1 X108.54 Y34.12 F1500
G1 X108.13 Y33.78 F1500
G1 X107.50 Y32.59 F1500
G1 X107.29 Y32.48 F1500
G1 X107.08 Y32.63 F1500
G1 X106.03 Y34.57 F1500
G1 X105.61 Y34.18 F1500
G1 X104.77 Y32.51 F1500
G1 X104.56 Y32.51 F1500
G1 X104.35 Y32.77 F1500
G1 X103.73 Y34.19 F1500
G1 X103.31 Y34.57 F1500
G1 X102.26 Y32.62 F1500
G1 X102.05 Y32.48 F1500
G1 X101.63 Y32.94 F1500
G1 X100.79 Y34.55 F1500
G1 X100.37 Y34.16 F1500
G1 X99.95 Y33.34 F1500
G1 X99.74 Y33.17 F1500
G1 X99.53 Y33.36 F1500
G1 X99.12 Y32.74 F1500
G1 X98.49 Y34.14 F1500
G1 X98.07 Y34.57 F1500
G1 X97.86 Y34.42 F1500
G1 X97.23 Y33.05 F1500
G1 X96.81 Y32.48 F1500
G1 X96.39 Y32.88 F1500
G1 X95.55 Y34.55 F1500
G1 X95.34 Y34.54 F1500
G1 X95.13 Y34.28 F1500
G1 X94.51 Y32.86 F1500
G1 X94.09 Y32.49 F1500
G1 X93.04 Y34.44 F1500
G1 X92.83 Y34.57 F1500
G1 X92.62 Y34.46 F1500
G1 X91.78 Y32.70 F1500
G1 X91.57 Y32.54 F1500
G1 X91.36 Y32.65 F1500
G1 X90.52 Y33.97 F1500
G1 X90.31 Y34.05 F1500
G1 X89.27 Y33.45 F1500
G1 X87.17 Y33.61 F1500
G1 X86.12 Y33.21 F1500
G1 X84.87 Y33.99 F1500
G1 X83.61 Y32.89 F1500
G1 X83.19 Y33.17 F1500
G1 X82.56 Y33.99 F1500
G1 X82.14 Y34.13 F1500
G1 X81.09 Y32.59 F1500
G1 X80.88 Y32.51 F1500
G1 X80.05 Y34.15 F1500
G1 X79.63 Y34.57 F1500
G1 X78.37 Y32.48 F1500
G1 X77.95 Y32.90 F1500
G1 X77.11 Y34.55 F1500
G1 X76.90 Y34.53 F1500
G1 X76.69 Y34.26 F1500
G1 X76.07 Y32.91 F1500
G1 X75.65 Y32.60 F1500
G1 X74.81 Y34.02 F1500
G1 X74.39 Y34.42 F1500
G1 X73.76 Y33.54 F1500
G1 X72.92 Y33.22 F1500
G1 X72.08 Y33.72 F1500
G1 X70.41 Y33.27 F1500
G1 X69.99 Y33.38 F1500
G1 X69.57 Y33.71 F1500
G1 X68.94 Y33.71 F1500
G1 X68.73 Y33.90 F1500
G1 X68.31 Y33.29 F1500
G1 X67.89 Y32.99 F1500
G1 X67.68 Y32.52 F1500
G1 X66.85 Y34.22 F1500
G1 X66.43 Y34.56 F1500
G1 X65.38 Y32.60 F1500
G1 X65.17 Y32.48 F1500
G1 X64.96 Y32.61 F1500
G1 X63.91 Y34.57 F1500
G1 X63.49 Y34.21 F1500
G1 X62.65 Y32.53 F1500
G1 X62.24 Y32.74 F1500
G1 X61.61 Y34.17 F1500
G1 X61.19 Y34.57 F1500
G1 X59.93 Y32.48 F1500
G1 X59.51 Y32.91 F1500
G1 X58.88 Y34.33 F1500
G1 X58.46 Y34.53 F1500
G1 X57.63 Y32.83 F1500
G1 X57.21 Y32.49 F1500
G1 X56.37 Y34.11 F1500
G1 X55.95 Y34.54 F1500
G1 X55.74 Y34.43 F1500
G1 X54.69 Y32.51 F1500
G1 X54.48 Y32.58 F1500
G1 X53.64 Y34.28 F1500
G1 X53.43 Y34.54 F1500
G1 X53.22 Y34.55 F1500
G1 X52.39 Y32.88 F1500
G1 X52.18 Y32.57 F1500
G1 X51.97 Y32.52 F1500
G1 X50.92 Y34.24 F1500
G1 X50.50 Y34.15 F1500
G1 X49.87 Y33.35 F1500
G1 X49.45 Y33.12 F1500
G1 X48.61 Y33.61 F1500
G1 X48.20 Y34.10 F1500
G1 X47.78 Y33.97 F1500
G1 X47.15 Y33.24 F1500
G1 X46.73 Y33.03 F1500
G1 X46.31 Y33.24 F1500
G1 X45.68 Y34.08 F1500
G1 X45.26 Y34.22 F1500
G1 X44.21 Y32.72 F1500
G1 X43.80 Y32.90 F1500
G1 X43.17 Y34.06 F1500
G1 X42.75 Y34.40 F1500
G1 X41.49 Y32.64 F1500
G1 X41.07 Y33.02 F1500
G1 X40.23 Y34.41 F1500
G1 X39.81 Y34.13 F1500
G1 X39.19 Y32.92 F1500
G1 X38.77 Y32.63 F1500
G1 X37.93 Y34.07 F1500
G1 X37.51 Y34.49 F1500
G1 X37.09 Y34.03 F1500
G1 X36.25 Y32.51 F1500
G1 X35.83 Y32.87 F1500
G1 X34.99 Y34.48 F1500
G1 X34.78 Y34.41 F1500
G1 X33.74 Y33.00 F1500
G1 X33.32 Y33.12 F1500
G1 X32.69 Y33.72 F1500
G1 X32.27 Y33.86 F1500
G1 X31.01 Y33.22 F1500
G1 X29.55 Y33.83 F1500
G1 X28.50 Y33.16 F1500
G1 X28.08 Y33.12 F1500
G1 X27.24 Y34.07 F1500
G1 X26.82 Y34.28 F1500
G1 X25.77 Y32.62 F1500
G1 X25.36 Y32.86 F1500
G1 X24.73 Y34.10 F1500
G1 X24.31 Y34.42 F1500
G1 X23.26 Y32.75 F1500
G1 X23.05 Y32.63 F1500
G1 X22.63 Y33.03 F1500
G1 X21.79 Y34.40 F1500
G1 X21.37 Y34.12 F1500
G1 X20.75 Y32.93 F1500
G1 X20.33 Y32.68 F1500
G1 X19.49 Y34.03 F1500
G1 X19.07 Y34.38 F1500
G1 X17.81 Y32.68 F1500
G1 X17.39 Y33.01 F1500
G1 X16.55 Y34.36 F1500
G1 X16.14 Y34.13 F1500
G1 X15.51 Y32.98 F1500
G1 X15.09 Y32.69 F1500
G1 X14.25 Y33.95 F1500
G1 X13.83 Y34.33 F1500
G1 X13.41 Y33.98 F1500
G1 X12.57 Y32.76 F1500
G1 X12.15 Y33.00 F1500
G1 X11.32 Y34.20 F1500
G1 X10.90 Y34.03 F1500
G1 X10.27 Y33.18 F1500
G1 X9.85 Y32.95 F1500
G1 X8.59 Y34.09 F1500
G1 X8.17 Y33.87 F1500
G1 X7.33 Y32.97 F1500
G1 X6.92 Y33.12 F1500
G1 X6.29 Y33.90 F1500
G1 X5.87 Y34.10 F1500
G1 X4.61 Y32.95 F1500
G1 X3.35 Y34.10 F1500
G1 X2.93 Y33.91 F1500
G1 X2.10 Y32.97 F1500
G1 X1.68 Y33.08 F1500
G1 X0.84 Y34.06 F1500
G1 X0.42 Y34.01 F1500
G1 X0.00 Y33.53 F1500
G1 X0.00 Y33.74 F1500
G1 X0.00 Y33.95 F1500
G1 X0.00 Y34.16 F1500
G1 X0.00 Y34.37 F1500
G1 X0.00 Y34.58 F1500
G1 X0.00 Y34.58 F1500
G1 X0.42 Y35.06 F1500
G1 X0.84 Y35.13 F1500
G1 X1.68 Y34.12 F1500
G1 X2.10 Y34.02 F1500
G1 X2.93 Y34.95 F1500
G1 X3.35 Y35.15 F1500
G1 X4.61 Y34.00 F1500
G1 X5.87 Y35.16 F1500
G1 X6.29 Y34.96 F1500
G1 X6.92 Y34.16 F1500
G1 X7.33 Y34.00 F1500
G1 X8.17 Y34.93 F1500
G1 X8.59 Y35.16 F1500
G1 X9.85 Y33.98 F1500
G1 X10.27 Y34.22 F1500
G1 X10.90 Y35.09 F1500
G1 X11.32 Y35.26 F1500
G1 X12.15 Y34.06 F1500
G1 X12.57 Y33.80 F1500
G1 X13.83 Y35.40 F1500
G1 X14.04 Y35.30 F1500
G1 X15.09 Y33.74 F1500
G1 X15.51 Y34.03 F1500
G1 X16.14 Y35.17 F1500
G1 X16.55 Y35.39 F1500
G1 X17.39 Y34.06 F1500
G1 X17.81 Y33.73 F1500
G1 X19.07 Y35.41 F1500
G1 X19.49 Y35.07 F1500
G1 X20.33 Y33.72 F1500
G1 X20.75 Y33.97 F1500
G1 X21.37 Y35.17 F1500
G1 X21.79 Y35.47 F1500
G1 X22.84 Y33.76 F1500
G1 X23.05 Y33.65 F1500
G1 X23.26 Y33.78 F1500
G1 X24.31 Y35.48 F1500
G1 X24.73 Y35.16 F1500
G1 X25.36 Y33.88 F1500
G1 X25.77 Y33.61 F1500
G1 X26.82 Y35.38 F1500
G1 X27.03 Y35.38 F1500
G1 X27.87 Y34.32 F1500
G1 X28.29 Y34.13 F1500
G1 X29.55 Y34.87 F1500
G1 X31.01 Y34.28 F1500
G1 X32.27 Y34.90 F1500
G1 X32.69 Y34.77 F1500
G1 X33.32 Y34.18 F1500
G1 X33.74 Y34.06 F1500
G1 X34.16 Y34.45 F1500
G1 X34.78 Y35.47 F1500
G1 X34.99 Y35.54 F1500
G1 X35.83 Y33.92 F1500
G1 X36.25 Y33.57 F1500
G1 X37.09 Y35.08 F1500
G1 X37.51 Y35.52 F1500
G1 X37.72 Y35.43 F1500
G1 X38.77 Y33.68 F1500
G1 X39.19 Y33.96 F1500
G1 X39.81 Y35.20 F1500
G1 X40.23 Y35.47 F1500
G1 X41.07 Y34.05 F1500
G1 X41.49 Y33.66 F1500
G1 X42.75 Y35.47 F1500
G1 X43.17 Y35.13 F1500
G1 X43.80 Y34.02 F1500
G1 X44.21 Y34.43 F1500
G1 X44.63 Y34.47 F1500
G1 X45.47 Y35.07 F1500
G1 X45.68 Y35.09 F1500
G1 X46.31 Y34.30 F1500
G1 X46.73 Y34.03 F1500
G1 X47.78 Y34.95 F1500
G1 X48.41 Y35.02 F1500
G1 X49.24 Y33.58 F1500
G1 X49.45 Y33.55 F1500
G1 X50.29 Y35.18 F1500
G1 X50.71 Y35.62 F1500
G1 X50.92 Y35.47 F1500
G1 X51.55 Y34.09 F1500
G1 X51.97 Y33.53 F1500
G1 X52.18 Y33.61 F1500
G1 X53.02 Y35.35 F1500
G1 X53.43 Y35.59 F1500
G1 X54.27 Y33.90 F1500
G1 X54.48 Y33.60 F1500
G1 X54.69 Y33.57 F1500
G1 X55.11 Y34.12 F1500
G1 X55.74 Y35.49 F1500
G1 X55.95 Y35.58 F1500
G1 X56.16 Y35.50 F1500
G1 X57.21 Y33.54 F1500
G1 X57.63 Y33.88 F1500
G1 X58.25 Y35.30 F1500
G1 X58.67 Y35.60 F1500
G1 X59.72 Y33.64 F1500
G1 X59.93 Y33.53 F1500
G1 X61.19 Y35.62 F1500
G1 X61.61 Y35.21 F1500
G1 X62.44 Y33.55 F1500
G1 X62.65 Y33.57 F1500
G1 X62.86 Y33.83 F1500
G1 X63.49 Y35.16 F1500
G1 X63.91 Y35.45 F1500
G1 X64.12 Y35.36 F1500
G1 X64.75 Y34.02 F1500
G1 X65.17 Y33.53 F1500
G1 X65.38 Y33.65 F1500
G1 X66.43 Y35.61 F1500
G1 X66.64 Y35.56 F1500
G1 X67.68 Y33.82 F1500
G1 X67.89 Y33.69 F1500
G1 X68.10 Y34.33 F1500
G1 X69.15 Y34.94 F1500
G1 X70.41 Y34.36 F1500
G1 X71.46 Y34.76 F1500
G1 X72.08 Y34.70 F1500
G1 X72.71 Y34.37 F1500
G1 X73.13 Y33.74 F1500
G1 X73.34 Y33.82 F1500
G1 X73.97 Y35.14 F1500
G1 X74.39 Y35.62 F1500
G1 X74.60 Y35.49 F1500
G1 X75.65 Y33.54 F1500
G1 X76.07 Y33.89 F1500
G1 X76.69 Y35.32 F1500
G1 X76.90 Y35.58 F1500
G1 X77.11 Y35.60 F1500
G1 X78.16 Y33.62 F1500
G1 X78.37 Y33.53 F1500
G1 X78.58 Y33.70 F1500
G1 X79.00 Y34.58 F1500
G1 X79.63 Y34.95 F1500
G1 X80.05 Y35.00 F1500
G1 X80.88 Y33.55 F1500
G1 X81.09 Y33.57 F1500
G1 X81.30 Y33.84 F1500
G1 X82.14 Y35.56 F1500
G1 X82.35 Y35.55 F1500
G1 X83.19 Y34.22 F1500
G1 X83.61 Y33.93 F1500
G1 X84.87 Y35.10 F1500
G1 X86.12 Y34.21 F1500
G1 X86.96 Y34.61 F1500
G1 X87.38 Y34.64 F1500
G1 X88.64 Y34.55 F1500
G1 X89.27 Y34.17 F1500
G1 X90.10 Y35.60 F1500
G1 X90.52 Y35.30 F1500
G1 X91.36 Y33.59 F1500
G1 X91.57 Y33.54 F1500
G1 X91.78 Y33.76 F1500
G1 X92.62 Y35.29 F1500
G1 X93.25 Y35.00 F1500
G1 X94.09 Y33.54 F1500
G1 X94.51 Y33.90 F1500
G1 X95.13 Y35.33 F1500
G1 X95.34 Y35.59 F1500
G1 X95.55 Y35.59 F1500
G1 X96.39 Y33.93 F1500
G1 X96.81 Y33.53 F1500
G1 X97.23 Y34.09 F1500
G1 X97.86 Y35.47 F1500
G1 X98.07 Y35.62 F1500
G1 X98.49 Y35.18 F1500
G1 X99.12 Y33.78 F1500
G1 X99.53 Y34.32 F1500
G1 X99.95 Y34.40 F1500
G1 X100.37 Y35.27 F1500
G1 X100.79 Y35.56 F1500
G1 X101.00 Y35.40 F1500
G1 X101.84 Y33.64 F1500
G1 X102.05 Y33.53 F1500
G1 X102.26 Y33.67 F1500
G1 X103.31 Y35.62 F1500
G1 X103.73 Y35.24 F1500
G1 X104.35 Y33.81 F1500
G1 X104.56 Y33.56 F1500
G1 X104.77 Y33.56 F1500
G1 X105.61 Y35.23 F1500
G1 X106.03 Y35.62 F1500
G1 X107.08 Y33.68 F1500
G1 X107.29 Y33.53 F1500
G1 X108.13 Y34.79 F1500
G1 X108.54 Y35.14 F1500
G1 X108.96 Y34.98 F1500
G1 X109.80 Y34.16 F1500
G1 X110.22 Y34.23 F1500
G1 X111.27 Y35.01 F1500
G1 X112.53 Y34.11 F1500
G1 X112.95 Y34.28 F1500
G1 X113.57 Y34.92 F1500
G1 X113.99 Y35.04 F1500
G1 X114.83 Y34.27 F1500
G1 X115.25 Y34.10 F1500
G1 X116.51 Y35.05 F1500
G1 X117.76 Y34.11 F1500
G1 X118.18 Y34.25 F1500
G1 X118.81 Y34.90 F1500
G1 X119.23 Y35.04 F1500
G1 X120.49 Y34.10 F1500
G1 X121.75 Y35.06 F1500
G1 X122.17 Y34.87 F1500
G1 X122.79 Y34.20 F1500
G1 X123.21 Y34.08 F1500
G1 X124.05 Y34.90 F1500
G1 X124.47 Y35.08 F1500
G1 X125.73 Y34.02 F1500
G1 X126.15 Y34.26 F1500
G1 X126.98 Y35.19 F1500
G1 X127.40 Y34.99 F1500
G1 X128.03 Y34.14 F1500
G1 X128.45 Y33.93 F1500
G1 X129.29 Y34.96 F1500
G1 X129.71 Y35.26 F1500
G1 X130.13 Y34.93 F1500
G1 X130.76 Y33.95 F1500
G1 X130.97 Y33.88 F1500
G1 X132.22 Y35.06 F1500
G1 X133.48 Y34.22 F1500
G1 X134.95 Y34.90 F1500
G1 X136.20 Y34.31 F1500
G1 X137.67 Y34.82 F1500
G1 X138.93 Y34.32 F1500
G1 X140.40 Y34.88 F1500
G1 X141.65 Y34.09 F1500
G1 X142.49 Y34.99 F1500
G1 X142.91 Y35.20 F1500
G1 X144.17 Y34.02 F1500
G1 X145.42 Y35.14 F1500
G1 X145.84 Y34.95 F1500
G1 X146.68 Y34.00 F1500
G1 X147.10 Y34.13 F1500
G1 X147.73 Y34.92 F1500
G1 X148.15 Y35.15 F1500
G1 X149.41 Y34.03 F1500
G1 X150.66 Y35.07 F1500
G1 X151.08 Y34.93 F1500
G1 X151.71 Y34.25 F1500
G1 X152.13 Y34.08 F1500
G1 X153.39 Y35.09 F1500
G1 X154.64 Y34.05 F1500
G1 X155.06 Y34.24 F1500
G1 X155.90 Y35.07 F1500
G1 X156.32 Y34.96 F1500
G1 X156.95 Y34.26 F1500
G1 X157.37 Y34.06 F1500
G1 X158.63 Y35.09 F1500
G1 X159.88 Y34.08 F1500
G1 X160.30 Y34.22 F1500
G1 X160.93 Y34.92 F1500
G1 X161.35 Y35.09 F1500
G1 X162.61 Y34.05 F1500
G1 X163.86 Y35.12 F1500
G1 X164.28 Y34.93 F1500
G1 X164.91 Y34.18 F1500
G1 X165.33 Y34.04 F1500
G1 X166.17 Y34.92 F1500
G1 X166.59 Y35.14 F1500
G1 X167.85 Y33.98 F1500
G1 X168.27 Y34.22 F1500
G1 X169.10 Y35.16 F1500
G1 X169.52 Y34.99 F1500
G1 X170.15 Y34.18 F1500
G1 X170.57 Y33.99 F1500
G1 X171.83 Y35.19 F1500
G1 X173.08 Y33.95 F1500
G1 X173.50 Y34.18 F1500
G1 X174.34 Y35.18 F1500
G1 X174.76 Y35.03 F1500
G1 X175.60 Y34.02 F1500
G1 X176.02 Y34.09 F1500
G1 X176.65 Y34.87 F1500
G1 X177.07 Y35.15 F1500
G1 X177.49 Y34.90 F1500
G1 X178.11 Y34.15 F1500
G1 X178.53 Y34.06 F1500
G1 X180.00 Y35.39 F1500
G1 X180.00 Y35.60 F1500
G1 X180.00 Y35.81 F1500
G1 X180.00 Y36.02 F1500
G1 X180.00 Y36.23 F1500
G1 X180.00 Y36.44 F1500
G1 X180.00 Y36.44 F1500
G1 X178.53 Y35.10 F1500
G1 X178.11 Y35.20 F1500
G1 X177.49 Y35.95 F1500
G1 X177.07 Y36.19 F1500
G1 X176.02 Y35.15 F1500
G1 X175.60 Y35.09 F1500
G1 X174.55 Y36.21 F1500
G1 X174.13 Y36.05 F1500
G1 X173.50 Y35.23 F1500
G1 X173.08 Y35.03 F1500
G1 X171.83 Y36.21 F1500
G1 X170.57 Y35.06 F1500
G1 X170.15 Y35.24 F1500
G1 X169.52 Y36.00 F1500
G1 X169.10 Y36.15 F1500
G1 X167.85 Y35.08 F1500
G1 X166.59 Y36.15 F1500
G1 X166.17 Y35.94 F1500
G1 X165.33 Y35.11 F1500
G1 X164.91 Y35.25 F1500
G1 X164.28 Y35.96 F1500
G1 X163.86 Y36.14 F1500
G1 X162.61 Y35.11 F1500
G1 X161.35 Y36.12 F1500
G1 X160.93 Y35.96 F1500
G1 X160.30 Y35.27 F1500
G1 X159.88 Y35.12 F1500
G1 X158.63 Y36.14 F1500
G1 X157.37 Y35.11 F1500
G1 X156.95 Y35.31 F1500
G1 X156.11 Y36.12 F1500
G1 X155.69 Y35.99 F1500
G1 X155.06 Y35.29 F1500
G1 X154.64 Y35.11 F1500
G1 X153.39 Y36.17 F1500
G1 X152.13 Y35.10 F1500
G1 X151.71 Y35.28 F1500
G1 X151.08 Y35.98 F1500
G1 X150.66 Y36.13 F1500
G1 X149.41 Y35.08 F1500
G1 X148.15 Y36.19 F1500
G1 X147.73 Y35.96 F1500
G1 X146.89 Y35.07 F1500
G1 X146.47 Y35.21 F1500
G1 X145.84 Y36.00 F1500
G1 X145.42 Y36.18 F1500
G1 X144.17 Y35.03 F1500
G1 X143.33 Y35.82 F1500
G1 X142.91 Y35.96 F1500
G1 X141.65 Y35.43 F1500
G1 X140.19 Y35.75 F1500
G1 X138.93 Y35.51 F1500
G1 X137.67 Y35.74 F1500
G1 X136.41 Y35.52 F1500
G1 X134.95 Y35.74 F1500
G1 X133.69 Y35.52 F1500
G1 X132.22 Y35.75 F1500
G1 X130.97 Y35.37 F1500
G1 X130.55 Y35.47 F1500
G1 X129.71 Y36.06 F1500
G1 X129.29 Y35.92 F1500
G1 X128.45 Y35.03 F1500
G1 X128.03 Y35.18 F1500
G1 X127.40 Y36.06 F1500
G1 X126.98 Y36.27 F1500
G1 X126.15 Y35.29 F1500
G1 X125.73 Y35.03 F1500
G1 X124.47 Y36.16 F1500
G1 X124.05 Y35.97 F1500
G1 X123.42 Y35.24 F1500
G1 X123.00 Y35.11 F1500
G1 X122.17 Y35.95 F1500
G1 X121.75 Y36.14 F1500
G1 X120.49 Y35.13 F1500
G1 X119.23 Y36.09 F1500
G1 X118.81 Y35.95 F1500
G1 X118.18 Y35.30 F1500
G1 X117.76 Y35.15 F1500
G1 X116.51 Y36.11 F1500
G1 X115.25 Y35.14 F1500
G1 X114.83 Y35.32 F1500
G1 X113.99 Y36.09 F1500
G1 X113.57 Y35.97 F1500
G1 X112.95 Y35.32 F1500
G1 X112.53 Y35.15 F1500
G1 X111.27 Y36.07 F1500
G1 X110.85 Y35.88 F1500
G1 X110.22 Y35.27 F1500
G1 X109.80 Y35.19 F1500
G1 X108.96 Y36.04 F1500
G1 X108.54 Y36.20 F1500
G1 X107.08 Y34.74 F1500
G1 X106.03 Y36.67 F1500
G1 X105.61 Y36.28 F1500
G1 X104.77 Y34.61 F1500
G1 X104.56 Y34.61 F1500
G1 X104.35 Y34.86 F1500
G1 X103.73 Y36.29 F1500
G1 X103.31 Y36.66 F1500
G1 X102.26 Y34.72 F1500
G1 X102.05 Y34.58 F1500
G1 X101.84 Y34.69 F1500
G1 X101.00 Y36.43 F1500
G1 X100.79 Y36.58 F1500
G1 X100.58 Y36.53 F1500
G1 X99.95 Y35.49 F1500
G1 X99.53 Y35.33 F1500
G1 X99.32 Y34.90 F1500
G1 X99.12 Y34.81 F1500
G1 X98.49 Y36.23 F1500
G1 X98.07 Y36.67 F1500
G1 X97.86 Y36.52 F1500
G1 X97.23 Y35.14 F1500
G1 X96.81 Y34.58 F1500
G1 X96.39 Y34.98 F1500
G1 X95.55 Y36.64 F1500
G1 X95.34 Y36.63 F1500
G1 X95.13 Y36.38 F1500
G1 X94.51 Y34.95 F1500
G1 X94.09 Y34.59 F1500
G1 X93.25 Y35.93 F1500
G1 X92.83 Y36.12 F1500
G1 X92.41 Y36.10 F1500
G1 X91.78 Y34.82 F1500
G1 X91.57 Y34.68 F1500
G1 X91.36 Y34.76 F1500
G1 X90.52 Y36.35 F1500
G1 X90.10 Y36.62 F1500
G1 X89.06 Y34.86 F1500
G1 X88.85 Y34.85 F1500
G1 X88.22 Y35.62 F1500
G1 X86.96 Y35.64 F1500
G1 X86.12 Y35.25 F1500
G1 X84.87 Y36.20 F1500
G1 X83.61 Y34.86 F1500
G1 X83.19 Y35.22 F1500
G1 X82.56 Y36.25 F1500
G1 X82.35 Y36.30 F1500
G1 X81.93 Y36.15 F1500
G1 X81.30 Y35.01 F1500
G1 X80.47 Y35.62 F1500
G1 X79.21 Y35.67 F1500
G1 X79.00 Y35.63 F1500
G1 X78.79 Y35.12 F1500
G1 X78.37 Y34.69 F1500
G1 X78.16 Y34.67 F1500
G1 X77.32 Y36.34 F1500
G1 X76.90 Y36.57 F1500
G1 X76.07 Y35.06 F1500
G1 X75.65 Y34.59 F1500
G1 X74.60 Y36.54 F1500
G1 X74.39 Y36.67 F1500
G1 X74.18 Y36.54 F1500
G1 X73.34 Y34.91 F1500
G1 X73.13 Y34.82 F1500
G1 X72.71 Y35.05 F1500
G1 X72.08 Y36.15 F1500
G1 X71.87 Y36.14 F1500
G1 X71.46 Y35.73 F1500
G1 X70.83 Y35.56 F1500
G1 X69.78 Y35.62 F1500
G1 X69.36 Y35.91 F1500
G1 X68.73 Y35.87 F1500
G1 X68.10 Y35.30 F1500
G1 X67.89 Y35.31 F1500
G1 X67.68 Y35.58 F1500
G1 X67.26 Y35.34 F1500
G1 X66.85 Y36.08 F1500
G1 X66.64 Y36.12 F1500
G1 X66.43 Y36.66 F1500
G1 X65.38 Y34.70 F1500
G1 X65.17 Y34.58 F1500
G1 X64.96 Y34.71 F1500
G1 X63.91 Y36.66 F1500
G1 X63.49 Y36.30 F1500
G1 X62.86 Y34.87 F1500
G1 X62.65 Y34.61 F1500
G1 X62.44 Y34.60 F1500
G1 X61.61 Y36.26 F1500
G1 X61.19 Y36.67 F1500
G1 X59.93 Y34.58 F1500
G1 X59.51 Y35.01 F1500
G1 X58.67 Y36.65 F1500
G1 X58.25 Y36.35 F1500
G1 X57.63 Y34.92 F1500
G1 X57.21 Y34.59 F1500
G1 X56.16 Y36.53 F1500
G1 X55.95 Y36.67 F1500
G1 X55.74 Y36.53 F1500
G1 X54.69 Y34.58 F1500
G1 X54.27 Y34.95 F1500
G1 X53.64 Y36.38 F1500
G1 X53.43 Y36.63 F1500
G1 X53.22 Y36.64 F1500
G1 X52.39 Y34.98 F1500
G1 X51.97 Y34.58 F1500
G1 X50.71 Y36.67 F1500
G1 X50.29 Y36.23 F1500
G1 X49.45 Y34.59 F1500
G1 X49.24 Y34.62 F1500
G1 X48.82 Y35.44 F1500
G1 X47.99 Y36.46 F1500
G1 X46.94 Y35.10 F1500
G1 X46.31 Y35.37 F1500
G1 X45.47 Y36.18 F1500
G1 X45.26 Y35.86 F1500
G1 X44.42 Y35.36 F1500
G1 X44.00 Y35.36 F1500
G1 X43.80 Y35.01 F1500
G1 X43.17 Y36.22 F1500
G1 X42.75 Y36.55 F1500
G1 X41.49 Y34.69 F1500
G1 X41.28 Y34.79 F1500
G1 X40.23 Y36.51 F1500
G1 X39.81 Y36.24 F1500
G1 X39.19 Y35.01 F1500
G1 X38.77 Y34.73 F1500
G1 X37.72 Y36.46 F1500
G1 X37.51 Y36.56 F1500
G1 X37.09 Y36.12 F1500
G1 X36.25 Y34.62 F1500
G1 X35.83 Y34.97 F1500
G1 X34.99 Y36.59 F1500
G1 X34.78 Y36.52 F1500
G1 X34.16 Y35.50 F1500
G1 X33.74 Y35.10 F1500
G1 X33.32 Y35.21 F1500
G1 X32.69 Y35.82 F1500
G1 X32.27 Y35.93 F1500
G1 X31.22 Y35.40 F1500
G1 X30.80 Y35.33 F1500
G1 X29.97 Y35.83 F1500
G1 X29.55 Y35.91 F1500
G1 X28.29 Y35.18 F1500
G1 X27.87 Y35.36 F1500
G1 X27.24 Y36.26 F1500
G1 X26.82 Y36.47 F1500
G1 X25.77 Y34.64 F1500
G1 X25.56 Y34.65 F1500
G1 X25.36 Y34.92 F1500
G1 X24.73 Y36.24 F1500
G1 X24.31 Y36.56 F1500
G1 X23.26 Y34.83 F1500
G1 X23.05 Y34.69 F1500
G1 X22.84 Y34.78 F1500
G1 X21.79 Y36.52 F1500
G1 X21.37 Y36.23 F1500
G1 X20.75 Y35.00 F1500
G1 X20.33 Y34.75 F1500
G1 X19.49 Y36.15 F1500
G1 X19.07 Y36.50 F1500
G1 X17.81 Y34.77 F1500
G1 X17.39 Y35.09 F1500
G1 X16.55 Y36.45 F1500
G1 X16.14 Y36.24 F1500
G1 X15.51 Y35.09 F1500
G1 X15.09 Y34.79 F1500
G1 X14.04 Y36.35 F1500
G1 X13.83 Y36.45 F1500
G1 X13.41 Y36.07 F1500
G1 X12.57 Y34.80 F1500
G1 X12.15 Y35.06 F1500
G1 X11.32 Y36.37 F1500
G1 X10.90 Y36.18 F1500
G1 X10.27 Y35.25 F1500
G1 X9.85 Y35.02 F1500
G1 X8.59 Y36.21 F1500
G1 X8.17 Y35.98 F1500
G1 X7.33 Y35.05 F1500
G1 X6.92 Y35.20 F1500
G1 X6.29 Y36.02 F1500
G1 X5.87 Y36.23 F1500
G1 X4.61 Y35.00 F1500
G1 X3.35 Y36.23 F1500
G1 X2.93 Y36.02 F1500
G1 X2.10 Y35.04 F1500
G1 X1.68 Y35.16 F1500
G1 X0.84 Y36.18 F1500
G1 X0.42 Y36.16 F1500
G1 X0.00 Y35.62 F1500
G1 X0.00 Y35.83 F1500
G1 X0.00 Y36.04 F1500
G1 X0.00 Y36.25 F1500
G1 X0.00 Y36.46 F1500
G1 X0.00 Y36.67 F1500
G1 X0.00 Y36.67 F1500
G1 X0.42 Y37.20 F1500
G1 X0.63 Y37.22 F1500
G1 X1.05 Y36.99 F1500
G1 X1.68 Y36.25 F1500
G1 X2.10 Y36.13 F1500
G1 X2.93 Y37.04 F1500
G1 X3.35 Y37.22 F1500
G1 X4.61 Y36.10 F1500
G1 X5.87 Y37.25 F1500
G1 X6.29 Y37.03 F1500
G1 X6.92 Y36.28 F1500
G1 X7.33 Y36.14 F1500
G1 X8.17 Y37.01 F1500
G1 X8.59 Y37.24 F1500
G1 X9.85 Y36.06 F1500
G1 X10.27 Y36.30 F1500
G1 X11.11 Y37.34 F1500
G1 X11.32 Y37.34 F1500
G1 X12.15 Y36.18 F1500
G1 X12.57 Y35.92 F1500
G1 X13.62 Y37.37 F1500
G1 X13.83 Y37.47 F1500
G1 X14.04 Y37.36 F1500
G1 X15.09 Y35.86 F1500
G1 X15.51 Y36.14 F1500
G1 X16.14 Y37.27 F1500
G1 X16.55 Y37.49 F1500
G1 X17.39 Y36.15 F1500
G1 X17.81 Y35.84 F1500
G1 X19.07 Y37.51 F1500
G1 X19.49 Y37.17 F1500
G1 X20.12 Y36.03 F1500
G1 X20.54 Y35.85 F1500
G1 X21.37 Y37.25 F1500
G1 X21.79 Y37.54 F1500
G1 X22.63 Y36.17 F1500
G1 X23.05 Y35.78 F1500
G1 X23.26 Y35.87 F1500
G1 X24.31 Y37.63 F1500
G1 X24.73 Y37.28 F1500
G1 X25.36 Y35.97 F1500
G1 X25.77 Y35.69 F1500
G1 X26.82 Y37.49 F1500
G1 X27.24 Y37.27 F1500
G1 X27.87 Y36.41 F1500
G1 X28.29 Y36.23 F1500
G1 X29.55 Y36.95 F1500
G1 X31.01 Y36.41 F1500
G1 X32.27 Y36.94 F1500
G1 X33.74 Y36.18 F1500
G1 X34.16 Y36.55 F1500
G1 X34.78 Y37.54 F1500
G1 X34.99 Y37.59 F1500
G1 X35.83 Y36.03 F1500
G1 X36.25 Y35.71 F1500
G1 X37.09 Y37.14 F1500
G1 X37.51 Y37.54 F1500
G1 X37.93 Y37.17 F1500
G1 X38.77 Y35.83 F1500
G1 X39.19 Y36.09 F1500
G1 X39.81 Y37.25 F1500
G1 X40.23 Y37.49 F1500
G1 X41.07 Y36.19 F1500
G1 X41.49 Y35.87 F1500
G1 X41.91 Y36.21 F1500
G1 X42.75 Y37.71 F1500
G1 X43.17 Y37.32 F1500
G1 X43.80 Y35.90 F1500
G1 X44.00 Y35.97 F1500
G1 X44.21 Y36.41 F1500
G1 X44.63 Y36.46 F1500
G1 X45.26 Y37.17 F1500
G1 X45.68 Y36.67 F1500
G1 X46.52 Y36.67 F1500
G1 X46.94 Y36.02 F1500
G1 X47.99 Y37.70 F1500
G1 X48.41 Y37.38 F1500
G1 X49.03 Y35.95 F1500
G1 X49.45 Y35.64 F1500
G1 X50.50 Y37.61 F1500
G1 X50.71 Y37.72 F1500
G1 X50.92 Y37.56 F1500
G1 X51.55 Y36.19 F1500
G1 X51.97 Y35.63 F1500
G1 X52.39 Y36.03 F1500
G1 X53.22 Y37.69 F1500
G1 X53.43 Y37.68 F1500
G1 X53.64 Y37.41 F1500
G1 X54.27 Y36.02 F1500
G1 X54.69 Y35.63 F1500
G1 X55.95 Y37.72 F1500
G1 X57.21 Y35.64 F1500
G1 X57.63 Y35.97 F1500
G1 X58.25 Y37.40 F1500
G1 X58.67 Y37.70 F1500
G1 X59.51 Y36.05 F1500
G1 X59.93 Y35.62 F1500
G1 X61.19 Y37.71 F1500
G1 X61.61 Y37.31 F1500
G1 X62.44 Y35.65 F1500
G1 X62.65 Y35.66 F1500
G1 X62.86 Y35.92 F1500
G1 X63.49 Y37.35 F1500
G1 X63.91 Y37.71 F1500
G1 X64.96 Y35.76 F1500
G1 X65.17 Y35.62 F1500
G1 X65.38 Y35.75 F1500
G1 X66.43 Y37.60 F1500
G1 X66.64 Y37.46 F1500
G1 X66.85 Y36.89 F1500
G1 X67.68 Y36.33 F1500
G1 X68.94 Y36.79 F1500
G1 X70.41 Y36.52 F1500
G1 X70.62 Y36.30 F1500
G1 X70.83 Y36.31 F1500
G1 X71.66 Y37.38 F1500
G1 X72.08 Y37.15 F1500
G1 X72.71 Y36.25 F1500
G1 X73.13 Y36.08 F1500
G1 X74.39 Y37.25 F1500
G1 X74.81 Y37.04 F1500
G1 X75.65 Y35.73 F1500
G1 X75.86 Y35.81 F1500
G1 X76.48 Y36.86 F1500
G1 X76.90 Y37.25 F1500
G1 X77.32 Y37.08 F1500
G1 X78.16 Y36.33 F1500
G1 X78.79 Y36.62 F1500
G1 X79.84 Y36.73 F1500
G1 X80.47 Y36.60 F1500
G1 X81.09 Y36.21 F1500
G1 X81.51 Y36.51 F1500
G1 X81.93 Y37.15 F1500
G1 X82.35 Y37.26 F1500
G1 X83.61 Y36.01 F1500
G1 X84.87 Y37.27 F1500
G1 X86.12 Y36.30 F1500
G1 X86.75 Y36.65 F1500
G1 X88.22 Y36.67 F1500
G1 X88.85 Y35.80 F1500
G1 X89.06 Y35.83 F1500
G1 X90.10 Y37.44 F1500
G1 X91.36 Y36.26 F1500
G1 X91.78 Y36.34 F1500
G1 X92.62 Y37.09 F1500
G1 X93.04 Y37.18 F1500
G1 X94.09 Y35.63 F1500
G1 X94.51 Y36.00 F1500
G1 X95.13 Y37.43 F1500
G1 X95.34 Y37.68 F1500
G1 X95.55 Y37.69 F1500
G1 X96.39 Y36.03 F1500
G1 X96.81 Y35.63 F1500
G1 X97.23 Y36.19 F1500
G1 X97.86 Y37.56 F1500
G1 X98.07 Y37.72 F1500
G1 X98.49 Y37.28 F1500
G1 X99.12 Y35.86 F1500
G1 X99.32 Y35.79 F1500
G1 X99.53 Y36.25 F1500
G1 X100.16 Y36.79 F1500
G1 X100.58 Y37.65 F1500
G1 X100.79 Y37.70 F1500
G1 X101.63 Y36.08 F1500
G1 X102.05 Y35.62 F1500
G1 X102.26 Y35.76 F1500
G1 X103.31 Y37.71 F1500
G1 X103.73 Y37.33 F1500
G1 X104.35 Y35.91 F1500
G1 X104.56 Y35.66 F1500
G1 X104.77 Y35.65 F1500
G1 X105.61 Y37.32 F1500
G1 X106.03 Y37.71 F1500
G1 X106.87 Y36.22 F1500
G1 X107.29 Y36.01 F1500
G1 X108.54 Y37.23 F1500
G1 X108.75 Y37.19 F1500
G1 X109.80 Y36.24 F1500
G1 X110.22 Y36.32 F1500
G1 X110.85 Y36.92 F1500
G1 X111.27 Y37.11 F1500
G1 X112.32 Y36.29 F1500
G1 X112.74 Y36.23 F1500
G1 X113.57 Y37.01 F1500
G1 X113.99 Y37.12 F1500
G1 X114.83 Y36.37 F1500
G1 X115.25 Y36.20 F1500
G1 X116.51 Y37.15 F1500
G1 X116.93 Y36.94 F1500
G1 X117.56 Y36.30 F1500
G1 X117.97 Y36.21 F1500
G1 X118.81 Y37.01 F1500
G1 X119.23 Y37.16 F1500
G1 X120.49 Y36.18 F1500
G1 X121.75 Y37.23 F1500
G1 X122.17 Y37.01 F1500
G1 X122.79 Y36.27 F1500
G1 X123.21 Y36.13 F1500
G1 X124.05 Y37.04 F1500
G1 X124.47 Y37.26 F1500
G1 X125.52 Y36.15 F1500
G1 X125.73 Y36.10 F1500
G1 X126.78 Y37.05 F1500
G1 X126.98 Y37.08 F1500
G1 X128.24 Y36.42 F1500
G1 X129.50 Y36.78 F1500
G1 X130.97 Y36.56 F1500
G1 X132.22 Y36.76 F1500
G1 X133.69 Y36.56 F1500
G1 X135.16 Y36.79 F1500
G1 X136.00 Y36.57 F1500
G1 X137.67 Y36.78 F1500
G1 X138.93 Y36.56 F1500
G1 X139.98 Y36.77 F1500
G1 X141.65 Y36.58 F1500
G1 X143.12 Y36.79 F1500
G1 X144.38 Y36.42 F1500
G1 X145.42 Y37.21 F1500
G1 X145.84 Y37.06 F1500
G1 X146.68 Y36.10 F1500
G1 X147.10 Y36.25 F1500
G1 X147.73 Y37.01 F1500
G1 X148.15 Y37.24 F1500
G1 X149.41 Y36.12 F1500
G1 X150.66 Y37.18 F1500
G1 X151.08 Y37.04 F1500
G1 X151.71 Y36.32 F1500
G1 X152.13 Y36.14 F1500
G1 X153.39 Y37.20 F1500
G1 X154.64 Y36.12 F1500
G1 X155.06 Y36.31 F1500
G1 X155.90 Y37.17 F1500
G1 X156.32 Y37.07 F1500
G1 X156.95 Y36.36 F1500
G1 X157.37 Y36.15 F1500
G1 X158.63 Y37.20 F1500
G1 X159.05 Y36.99 F1500
G1 X159.88 Y36.15 F1500
G1 X160.30 Y36.30 F1500
G1 X160.93 Y37.01 F1500
G1 X161.35 Y37.17 F1500
G1 X162.61 Y36.17 F1500
G1 X163.86 Y37.18 F1500
G1 X164.28 Y36.99 F1500
G1 X164.91 Y36.31 F1500
G1 X165.33 Y36.18 F1500
G1 X166.17 Y36.97 F1500
G1 X166.59 Y37.16 F1500
G1 X167.85 Y36.15 F1500
G1 X168.27 Y36.36 F1500
G1 X168.89 Y37.09 F1500
G1 X169.31 Y37.20 F1500
G1 X170.15 Y36.30 F1500
G1 X170.57 Y36.13 F1500
G1 X171.83 Y37.24 F1500
G1 X173.08 Y36.09 F1500
G1 X173.50 Y36.29 F1500
G1 X174.13 Y37.10 F1500
G1 X174.55 Y37.23 F1500
G1 X175.60 Y36.17 F1500
G1 X176.02 Y36.22 F1500
G1 X177.07 Y37.21 F1500
G1 X177.49 Y36.98 F1500
G1 X178.32 Y36.13 F1500
G1 X178.74 Y36.29 F1500
G1 X179.37 Y37.07 F1500
G1 X179.79 Y37.18 F1500
G1 X180.00 Y37.49 F1500
G1 X180.00 Y37.70 F1500
G1 X180.00 Y37.91 F1500
G1 X180.00 Y38.12 F1500
G1 X180.00 Y38.33 F1500
G1 X180.00 Y38.54 F1500
G1 X180.00 Y38.54 F1500
G1 X179.79 Y38.24 F1500
G1 X179.37 Y38.12 F1500
G1 X178.74 Y37.35 F1500
G1 X178.32 Y37.18 F1500
G1 X177.49 Y38.03 F1500
G1 X177.07 Y38.25 F1500
G1 X175.81 Y37.19 F1500
G1 X175.39 Y37.39 F1500
G1 X174.76 Y38.11 F1500
G1 X174.34 Y38.24 F1500
G1 X173.50 Y37.36 F1500
G1 X173.08 Y37.16 F1500
G1 X171.83 Y38.28 F1500
G1 X170.57 Y37.20 F1500
G1 X170.15 Y37.37 F1500
G1 X169.52 Y38.08 F1500
G1 X169.10 Y38.23 F1500
G1 X167.85 Y37.20 F1500
G1 X166.59 Y38.20 F1500
G1 X166.17 Y38.02 F1500
G1 X165.33 Y37.23 F1500
G1 X164.91 Y37.36 F1500
G1 X164.28 Y38.04 F1500
G1 X163.86 Y38.22 F1500
G1 X162.61 Y37.22 F1500
G1 X161.35 Y38.22 F1500
G1 X160.93 Y38.06 F1500
G1 X160.30 Y37.35 F1500
G1 X159.88 Y37.20 F1500
G1 X159.05 Y38.04 F1500
G1 X158.63 Y38.26 F1500
G1 X157.37 Y37.20 F1500
G1 X156.95 Y37.40 F1500
G1 X156.32 Y38.13 F1500
G1 X155.90 Y38.25 F1500
G1 X155.06 Y37.34 F1500
G1 X154.64 Y37.14 F1500
G1 X153.39 Y38.33 F1500
G1 X152.13 Y37.14 F1500
G1 X151.71 Y37.33 F1500
G1 X150.87 Y38.26 F1500
G1 X150.45 Y38.13 F1500
G1 X149.83 Y37.39 F1500
G1 X149.41 Y37.17 F1500
G1 X148.15 Y38.34 F1500
G1 X147.73 Y38.10 F1500
G1 X147.10 Y37.30 F1500
G1 X146.89 Y37.25 F1500
G1 X145.84 Y37.81 F1500
G1 X137.25 Y37.76 F1500
G1 X136.41 Y37.63 F1500
G1 X134.95 Y37.87 F1500
G1 X133.69 Y37.58 F1500
G1 X132.43 Y37.82 F1500
G1 X130.97 Y37.61 F1500
G1 X129.71 Y37.86 F1500
G1 X128.45 Y37.59 F1500
G1 X126.98 Y37.86 F1500
G1 X125.73 Y37.45 F1500
G1 X125.31 Y37.55 F1500
G1 X124.68 Y38.11 F1500
G1 X124.26 Y38.23 F1500
G1 X123.42 Y37.28 F1500
G1 X123.00 Y37.14 F1500
G1 X122.17 Y38.07 F1500
G1 X121.75 Y38.28 F1500
G1 X120.49 Y37.18 F1500
G1 X119.23 Y38.21 F1500
G1 X118.81 Y38.06 F1500
G1 X118.18 Y37.40 F1500
G1 X117.76 Y37.25 F1500
G1 X116.72 Y38.17 F1500
G1 X116.30 Y38.14 F1500
G1 X115.25 Y37.24 F1500
G1 X114.83 Y37.41 F1500
G1 X114.20 Y38.07 F1500
G1 X113.78 Y38.18 F1500
G1 X112.95 Y37.41 F1500
G1 X112.53 Y37.24 F1500
G1 X111.27 Y38.19 F1500
G1 X110.01 Y37.27 F1500
G1 X109.59 Y37.42 F1500
G1 X108.54 Y38.21 F1500
G1 X107.29 Y37.06 F1500
G1 X106.87 Y37.39 F1500
G1 X106.03 Y38.76 F1500
G1 X105.61 Y38.37 F1500
G1 X104.77 Y36.70 F1500
G1 X104.56 Y36.70 F1500
G1 X104.35 Y36.96 F1500
G1 X103.73 Y38.38 F1500
G1 X103.31 Y38.76 F1500
G1 X102.26 Y36.81 F1500
G1 X102.05 Y36.67 F1500
G1 X101.84 Y36.79 F1500
G1 X101.00 Y38.54 F1500
G1 X100.79 Y38.68 F1500
G1 X99.32 Y36.77 F1500
G1 X99.12 Y36.91 F1500
G1 X98.28 Y38.66 F1500
G1 X98.07 Y38.76 F1500
G1 X97.86 Y38.61 F1500
G1 X97.23 Y37.24 F1500
G1 X96.81 Y36.68 F1500
G1 X96.39 Y37.07 F1500
G1 X95.55 Y38.74 F1500
G1 X95.34 Y38.73 F1500
G1 X95.13 Y38.47 F1500
G1 X94.51 Y37.12 F1500
G1 X94.09 Y36.76 F1500
G1 X93.88 Y36.90 F1500
G1 X93.25 Y38.23 F1500
G1 X92.83 Y38.57 F1500
G1 X92.62 Y38.46 F1500
G1 X91.78 Y37.17 F1500
G1 X91.57 Y37.09 F1500
G1 X91.15 Y37.29 F1500
G1 X90.31 Y38.31 F1500
G1 X89.90 Y38.18 F1500
G1 X89.27 Y37.37 F1500
G1 X88.85 Y37.22 F1500
G1 X88.22 Y37.72 F1500
G1 X86.96 Y37.72 F1500
G1 X86.12 Y37.29 F1500
G1 X84.87 Y38.30 F1500
G1 X83.61 Y37.09 F1500
G1 X83.19 Y37.37 F1500
G1 X82.56 Y38.21 F1500
G1 X82.14 Y38.17 F1500
G1 X81.30 Y37.44 F1500
G1 X80.88 Y37.31 F1500
G1 X79.84 Y38.23 F1500
G1 X79.42 Y38.40 F1500
G1 X78.79 Y37.41 F1500
G1 X78.16 Y37.06 F1500
G1 X77.53 Y37.97 F1500
G1 X76.90 Y38.41 F1500
G1 X76.27 Y37.61 F1500
G1 X75.65 Y37.25 F1500
G1 X75.44 Y37.30 F1500
G1 X74.81 Y38.02 F1500
G1 X74.39 Y38.19 F1500
G1 X73.97 Y37.99 F1500
G1 X73.13 Y37.19 F1500
G1 X72.71 Y37.36 F1500
G1 X71.87 Y38.31 F1500
G1 X71.66 Y38.32 F1500
G1 X70.41 Y36.85 F1500
G1 X69.57 Y37.90 F1500
G1 X67.47 Y37.52 F1500
G1 X66.64 Y38.00 F1500
G1 X66.43 Y37.91 F1500
G1 X66.01 Y38.11 F1500
G1 X65.80 Y37.64 F1500
G1 X65.38 Y37.36 F1500
G1 X65.17 Y36.86 F1500
G1 X64.96 Y36.80 F1500
G1 X63.91 Y38.76 F1500
G1 X63.49 Y38.40 F1500
G1 X62.86 Y36.97 F1500
G1 X62.65 Y36.71 F1500
G1 X62.44 Y36.70 F1500
G1 X61.61 Y38.36 F1500
G1 X61.19 Y38.76 F1500
G1 X59.93 Y36.67 F1500
G1 X59.51 Y37.10 F1500
G1 X58.67 Y38.75 F1500
G1 X58.25 Y38.45 F1500
G1 X57.63 Y37.06 F1500
G1 X57.21 Y36.72 F1500
G1 X56.16 Y38.45 F1500
G1 X55.95 Y38.53 F1500
G1 X55.53 Y38.09 F1500
G1 X54.90 Y36.97 F1500
G1 X54.69 Y36.76 F1500
G1 X54.48 Y36.79 F1500
G1 X53.64 Y38.46 F1500
G1 X53.22 Y38.74 F1500
G1 X52.39 Y37.10 F1500
G1 X51.97 Y36.68 F1500
G1 X51.55 Y37.24 F1500
G1 X50.92 Y38.61 F1500
G1 X50.71 Y38.76 F1500
G1 X50.29 Y38.33 F1500
G1 X49.45 Y36.69 F1500
G1 X49.24 Y36.72 F1500
G1 X49.03 Y37.04 F1500
G1 X48.41 Y38.42 F1500
G1 X47.78 Y38.54 F1500
G1 X47.15 Y37.13 F1500
G1 X46.73 Y36.67 F1500
G1 X46.31 Y37.18 F1500
G1 X45.68 Y38.51 F1500
G1 X45.47 Y38.62 F1500
G1 X45.05 Y37.84 F1500
G1 X44.00 Y37.04 F1500
G1 X43.17 Y38.11 F1500
G1 X42.75 Y38.26 F1500
G1 X42.33 Y38.03 F1500
G1 X41.49 Y36.69 F1500
G1 X41.07 Y37.12 F1500
G1 X40.44 Y38.43 F1500
G1 X40.23 Y38.15 F1500
G1 X40.02 Y38.44 F1500
G1 X39.81 Y38.30 F1500
G1 X39.19 Y37.14 F1500
G1 X38.77 Y36.89 F1500
G1 X37.93 Y38.21 F1500
G1 X37.51 Y38.56 F1500
G1 X37.09 Y38.18 F1500
G1 X36.46 Y36.93 F1500
G1 X36.25 Y36.76 F1500
G1 X36.04 Y36.82 F1500
G1 X34.99 Y38.63 F1500
G1 X34.78 Y38.56 F1500
G1 X34.16 Y37.60 F1500
G1 X33.74 Y37.24 F1500
G1 X32.48 Y37.94 F1500
G1 X32.06 Y37.95 F1500
G1 X31.22 Y37.52 F1500
G1 X30.80 Y37.47 F1500
G1 X29.55 Y38.00 F1500
G1 X28.29 Y37.27 F1500
G1 X27.87 Y37.45 F1500
G1 X27.03 Y38.55 F1500
G1 X26.82 Y38.57 F1500
G1 X25.77 Y36.74 F1500
G1 X25.56 Y36.75 F1500
G1 X25.36 Y37.01 F1500
G1 X24.73 Y38.34 F1500
G1 X24.31 Y38.67 F1500
G1 X23.26 Y36.93 F1500
G1 X23.05 Y36.82 F1500
G1 X22.84 Y36.93 F1500
G1 X21.79 Y38.59 F1500
G1 X21.37 Y38.30 F1500
G1 X20.75 Y37.13 F1500
G1 X20.33 Y36.90 F1500
G1 X19.49 Y38.19 F1500
G1 X19.07 Y38.52 F1500
G1 X17.81 Y36.93 F1500
G1 X17.39 Y37.24 F1500
G1 X16.55 Y38.47 F1500
G1 X16.14 Y38.27 F1500
G1 X15.51 Y37.22 F1500
G1 X15.09 Y36.95 F1500
G1 X13.83 Y38.47 F1500
G1 X12.57 Y36.99 F1500
G1 X12.15 Y37.25 F1500
G1 X11.32 Y38.34 F1500
G1 X10.90 Y38.19 F1500
G1 X10.27 Y37.39 F1500
G1 X9.85 Y37.22 F1500
G1 X8.59 Y38.21 F1500
G1 X8.17 Y38.02 F1500
G1 X7.33 Y37.24 F1500
G1 X6.92 Y37.36 F1500
G1 X6.29 Y38.03 F1500
G1 X5.87 Y38.19 F1500
G1 X4.61 Y37.24 F1500
G1 X3.35 Y38.21 F1500
G1 X2.93 Y38.04 F1500
G1 X2.10 Y37.27 F1500
G1 X1.68 Y37.36 F1500
G1 X0.84 Y38.17 F1500
G1 X0.42 Y38.20 F1500
G1 X0.00 Y37.72 F1500
G1 X0.00 Y37.93 F1500
G1 X0.00 Y38.14 F1500
G1 X0.00 Y38.35 F1500
G1 X0.00 Y38.56 F1500
G1 X0.00 Y38.77 F1500
G1 X0.00 Y38.77 F1500
G1 X0.42 Y39.22 F1500
G1 X0.84 Y39.19 F1500
G1 X1.68 Y38.42 F1500
G1 X2.10 Y38.32 F1500
G1 X2.93 Y39.07 F1500
G1 X3.35 Y39.24 F1500
G1 X4.61 Y38.28 F1500
G1 X5.87 Y39.25 F1500
G1 X6.29 Y39.08 F1500
G1 X6.92 Y38.42 F1500
G1 X7.33 Y38.30 F1500
G1 X8.17 Y39.05 F1500
G1 X8.59 Y39.23 F1500
G1 X9.85 Y38.23 F1500
G1 X10.27 Y38.45 F1500
G1 X10.90 Y39.22 F1500
G1 X11.32 Y39.36 F1500
G1 X12.15 Y38.31 F1500
G1 X12.57 Y38.06 F1500
G1 X13.62 Y39.41 F1500
G1 X13.83 Y39.49 F1500
G1 X14.04 Y39.40 F1500
G1 X15.09 Y38.02 F1500
G1 X15.51 Y38.28 F1500
G1 X16.14 Y39.30 F1500
G1 X16.55 Y39.49 F1500
G1 X17.39 Y38.29 F1500
G1 X17.81 Y38.00 F1500
G1 X19.07 Y39.56 F1500
G1 X19.49 Y39.25 F1500
G1 X20.33 Y37.94 F1500
G1 X20.75 Y38.17 F1500
G1 X21.37 Y39.36 F1500
G1 X21.79 Y39.63 F1500
G1 X22.84 Y37.93 F1500
G1 X23.05 Y37.85 F1500
G1 X23.47 Y38.27 F1500
G1 X24.31 Y39.75 F1500
G1 X24.73 Y39.40 F1500
G1 X25.36 Y38.04 F1500
G1 X25.56 Y37.78 F1500
G1 X25.77 Y37.77 F1500
G1 X26.82 Y39.65 F1500
G1 X27.03 Y39.62 F1500
G1 X28.08 Y38.35 F1500
G1 X28.50 Y38.39 F1500
G1 X29.55 Y39.06 F1500
G1 X31.01 Y38.51 F1500
G1 X32.06 Y38.99 F1500
G1 X32.48 Y38.99 F1500
G1 X33.74 Y38.29 F1500
G1 X34.16 Y38.65 F1500
G1 X34.78 Y39.59 F1500
G1 X34.99 Y39.66 F1500
G1 X35.83 Y38.15 F1500
G1 X36.25 Y37.82 F1500
G1 X37.09 Y39.22 F1500
G1 X37.51 Y39.62 F1500
G1 X37.72 Y39.54 F1500
G1 X38.77 Y37.95 F1500
G1 X39.19 Y38.21 F1500
G1 X40.02 Y39.52 F1500
G1 X40.44 Y39.27 F1500
G1 X41.28 Y38.33 F1500
G1 X41.49 Y38.31 F1500
G1 X42.12 Y38.75 F1500
G1 X42.54 Y39.37 F1500
G1 X42.96 Y39.40 F1500
G1 X43.38 Y38.91 F1500
G1 X43.80 Y37.99 F1500
G1 X44.00 Y37.75 F1500
G1 X44.21 Y37.75 F1500
G1 X45.05 Y39.40 F1500
G1 X45.47 Y39.81 F1500
G1 X46.52 Y37.86 F1500
G1 X46.73 Y37.72 F1500
G1 X47.15 Y38.18 F1500
G1 X47.99 Y39.80 F1500
G1 X48.41 Y39.47 F1500
G1 X48.82 Y38.59 F1500
G1 X49.45 Y38.11 F1500
G1 X49.87 Y38.49 F1500
G1 X50.71 Y39.78 F1500
G1 X50.92 Y39.66 F1500
G1 X51.55 Y38.28 F1500
G1 X51.97 Y37.72 F1500
G1 X52.39 Y38.12 F1500
G1 X53.22 Y39.79 F1500
G1 X53.43 Y39.78 F1500
G1 X53.64 Y39.49 F1500
G1 X54.48 Y37.80 F1500
G1 X54.69 Y37.73 F1500
G1 X54.90 Y37.95 F1500
G1 X55.74 Y39.57 F1500
G1 X56.37 Y39.13 F1500
G1 X57.21 Y37.73 F1500
G1 X57.63 Y38.07 F1500
G1 X58.25 Y39.50 F1500
G1 X58.67 Y39.79 F1500
G1 X59.51 Y38.15 F1500
G1 X59.93 Y37.72 F1500
G1 X61.19 Y39.81 F1500
G1 X61.61 Y39.40 F1500
G1 X62.44 Y37.74 F1500
G1 X62.65 Y37.76 F1500
G1 X62.86 Y38.02 F1500
G1 X63.49 Y39.44 F1500
G1 X63.91 Y39.80 F1500
G1 X64.54 Y38.72 F1500
G1 X65.38 Y37.89 F1500
G1 X65.59 Y38.50 F1500
G1 X66.01 Y38.92 F1500
G1 X66.43 Y39.03 F1500
G1 X67.26 Y38.70 F1500
G1 X68.31 Y38.72 F1500
G1 X68.52 Y38.80 F1500
G1 X69.15 Y39.68 F1500
G1 X69.36 Y39.61 F1500
G1 X69.99 Y38.39 F1500
G1 X70.41 Y38.05 F1500
G1 X71.66 Y39.28 F1500
G1 X73.13 Y38.34 F1500
G1 X74.18 Y39.13 F1500
G1 X74.60 Y39.09 F1500
G1 X75.65 Y38.38 F1500
G1 X76.07 Y38.53 F1500
G1 X76.90 Y39.18 F1500
G1 X77.32 Y39.10 F1500
G1 X78.37 Y38.36 F1500
G1 X79.63 Y39.13 F1500
G1 X80.68 Y38.52 F1500
G1 X81.09 Y38.44 F1500
G1 X82.35 Y39.27 F1500
G1 X82.56 Y39.23 F1500
G1 X83.19 Y38.47 F1500
G1 X83.61 Y38.22 F1500
G1 X84.87 Y39.33 F1500
G1 X85.29 Y39.13 F1500
G1 X86.12 Y38.35 F1500
G1 X86.96 Y38.78 F1500
G1 X89.27 Y38.67 F1500
G1 X90.31 Y39.20 F1500
G1 X91.57 Y38.22 F1500
G1 X92.83 Y39.48 F1500
G1 X93.25 Y39.16 F1500
G1 X94.09 Y37.97 F1500
G1 X94.51 Y38.21 F1500
G1 X95.13 Y39.46 F1500
G1 X95.34 Y39.76 F1500
G1 X95.55 Y39.79 F1500
G1 X96.39 Y38.12 F1500
G1 X96.81 Y37.72 F1500
G1 X97.23 Y38.28 F1500
G1 X97.86 Y39.66 F1500
G1 X98.07 Y39.81 F1500
G1 X98.49 Y39.37 F1500
G1 X99.32 Y37.74 F1500
G1 X99.74 Y38.48 F1500
G1 X100.79 Y39.56 F1500
G1 X101.00 Y39.52 F1500
G1 X101.63 Y38.18 F1500
G1 X102.05 Y37.72 F1500
G1 X102.26 Y37.86 F1500
G1 X103.31 Y39.81 F1500
G1 X103.73 Y39.43 F1500
G1 X104.35 Y38.00 F1500
G1 X104.56 Y37.75 F1500
G1 X104.77 Y37.75 F1500
G1 X105.61 Y39.42 F1500
G1 X105.82 Y39.73 F1500
G1 X106.03 Y39.77 F1500
G1 X106.87 Y38.45 F1500
G1 X107.29 Y38.16 F1500
G1 X108.54 Y39.20 F1500
G1 X110.01 Y38.33 F1500
G1 X111.27 Y39.24 F1500
G1 X112.53 Y38.28 F1500
G1 X112.95 Y38.46 F1500
G1 X113.57 Y39.12 F1500
G1 X113.99 Y39.23 F1500
G1 X114.83 Y38.47 F1500
G1 X115.25 Y38.29 F1500
G1 X116.51 Y39.28 F1500
G1 X117.76 Y38.25 F1500
G1 X118.18 Y38.40 F1500
G1 X118.81 Y39.13 F1500
G1 X119.23 Y39.29 F1500
G1 X120.49 Y38.20 F1500
G1 X121.75 Y39.35 F1500
G1 X122.17 Y39.13 F1500
G1 X123.00 Y38.18 F1500
G1 X124.26 Y38.99 F1500
G1 X125.10 Y38.76 F1500
G1 X127.19 Y38.84 F1500
G1 X128.45 Y38.66 F1500
G1 X129.71 Y38.87 F1500
G1 X131.18 Y38.68 F1500
G1 X132.22 Y38.85 F1500
G1 X133.48 Y38.73 F1500
G1 X147.31 Y38.76 F1500
G1 X148.36 Y39.01 F1500
G1 X149.41 Y38.20 F1500
G1 X149.62 Y38.24 F1500
G1 X150.66 Y39.36 F1500
G1 X151.08 Y39.20 F1500
G1 X151.71 Y38.36 F1500
G1 X152.13 Y38.15 F1500
G1 X153.39 Y39.38 F1500
G1 X154.64 Y38.15 F1500
G1 X155.06 Y38.34 F1500
G1 X155.69 Y39.23 F1500
G1 X156.11 Y39.40 F1500
G1 X156.95 Y38.38 F1500
G1 X157.37 Y38.13 F1500
G1 X158.63 Y39.33 F1500
G1 X159.88 Y38.23 F1500
G1 X160.30 Y38.39 F1500
G1 X160.93 Y39.12 F1500
G1 X161.35 Y39.29 F1500
G1 X162.61 Y38.22 F1500
G1 X163.86 Y39.30 F1500
G1 X164.28 Y39.12 F1500
G1 X165.12 Y38.26 F1500
G1 X165.54 Y38.39 F1500
G1 X166.17 Y39.07 F1500
G1 X166.59 Y39.26 F1500
G1 X167.64 Y38.33 F1500
G1 X168.06 Y38.30 F1500
G1 X169.10 Y39.27 F1500
G1 X169.52 Y39.12 F1500
G1 X170.15 Y38.41 F1500
G1 X170.57 Y38.23 F1500
G1 X171.83 Y39.32 F1500
G1 X173.08 Y38.22 F1500
G1 X173.50 Y38.42 F1500
G1 X174.34 Y39.29 F1500
G1 X174.76 Y39.15 F1500
G1 X175.39 Y38.43 F1500
G1 X175.81 Y38.26 F1500
G1 X176.86 Y39.19 F1500
G1 X177.28 Y39.25 F1500
G1 X178.32 Y38.23 F1500
G1 X178.74 Y38.39 F1500
G1 X179.37 Y39.13 F1500
G1 X179.79 Y39.31 F1500
G1 X180.00 Y39.59 F1500
G1 X180.00 Y39.80 F1500
G1 X180.00 Y40.00 F1500
G1 X180.00 Y40.21 F1500
G1 X180.00 Y40.42 F1500
G1 X180.00 Y40.63 F1500
G1 X180.00 Y40.63 F1500
G1 X178.53 Y39.31 F1500
G1 X178.11 Y39.41 F1500
G1 X177.49 Y40.10 F1500
G1 X177.07 Y40.32 F1500
G1 X176.02 Y39.41 F1500
G1 X175.60 Y39.35 F1500
G1 X174.55 Y40.33 F1500
G1 X174.34 Y40.34 F1500
G1 X173.50 Y39.46 F1500
G1 X173.08 Y39.28 F1500
G1 X171.83 Y40.36 F1500
G1 X170.57 Y39.26 F1500
G1 X170.15 Y39.44 F1500
G1 X169.52 Y40.19 F1500
G1 X169.10 Y40.35 F1500
G1 X168.06 Y39.32 F1500
G1 X167.64 Y39.35 F1500
G1 X166.59 Y40.35 F1500
G1 X166.17 Y40.14 F1500
G1 X165.54 Y39.42 F1500
G1 X165.12 Y39.30 F1500
G1 X164.28 Y40.16 F1500
G1 X163.86 Y40.36 F1500
G1 X162.61 Y39.25 F1500
G1 X161.35 Y40.37 F1500
G1 X160.93 Y40.19 F1500
G1 X160.30 Y39.41 F1500
G1 X159.88 Y39.24 F1500
G1 X158.63 Y40.46 F1500
G1 X157.37 Y39.15 F1500
G1 X156.95 Y39.41 F1500
G1 X156.32 Y40.33 F1500
G1 X155.90 Y40.48 F1500
G1 X155.06 Y39.37 F1500
G1 X154.64 Y39.15 F1500
G1 X153.39 Y40.47 F1500
G1 X153.18 Y40.40 F1500
G1 X152.13 Y39.17 F1500
G1 X151.71 Y39.40 F1500
G1 X150.87 Y40.39 F1500
G1 X150.45 Y40.26 F1500
G1 X149.83 Y39.56 F1500
G1 X148.57 Y39.83 F1500
G1 X129.50 Y39.88 F1500
G1 X128.45 Y39.71 F1500
G1 X126.98 Y39.91 F1500
G1 X125.73 Y39.76 F1500
G1 X124.05 Y39.86 F1500
G1 X123.00 Y39.53 F1500
G1 X122.58 Y39.69 F1500
G1 X121.96 Y40.36 F1500
G1 X121.75 Y40.39 F1500
G1 X120.49 Y39.25 F1500
G1 X120.07 Y39.48 F1500
G1 X119.23 Y40.35 F1500
G1 X118.81 Y40.18 F1500
G1 X118.18 Y39.45 F1500
G1 X117.76 Y39.28 F1500
G1 X116.51 Y40.36 F1500
G1 X115.25 Y39.32 F1500
G1 X114.83 Y39.50 F1500
G1 X113.99 Y40.28 F1500
G1 X113.57 Y40.16 F1500
G1 X112.95 Y39.50 F1500
G1 X112.53 Y39.32 F1500
G1 X111.27 Y40.28 F1500
G1 X110.01 Y39.37 F1500
G1 X108.54 Y40.25 F1500
G1 X107.29 Y39.16 F1500
G1 X107.08 Y39.24 F1500
G1 X106.24 Y40.39 F1500
G1 X105.82 Y40.61 F1500
G1 X105.61 Y40.47 F1500
G1 X104.77 Y38.80 F1500
G1 X104.56 Y38.80 F1500
G1 X104.35 Y39.05 F1500
G1 X103.73 Y40.48 F1500
G1 X103.31 Y40.85 F1500
G1 X102.26 Y38.91 F1500
G1 X102.05 Y38.77 F1500
G1 X101.63 Y39.22 F1500
G1 X101.00 Y40.54 F1500
G1 X99.74 Y39.51 F1500
G1 X99.32 Y38.78 F1500
G1 X98.49 Y40.42 F1500
G1 X98.07 Y40.86 F1500
G1 X97.86 Y40.71 F1500
G1 X97.23 Y39.33 F1500
G1 X96.81 Y38.77 F1500
G1 X96.39 Y39.17 F1500
G1 X95.55 Y40.82 F1500
G1 X95.13 Y40.47 F1500
G1 X94.51 Y39.32 F1500
G1 X94.09 Y39.10 F1500
G1 X93.25 Y40.17 F1500
G1 X92.83 Y40.45 F1500
G1 X91.57 Y39.29 F1500
G1 X90.31 Y40.16 F1500
G1 X89.06 Y39.64 F1500
G1 X88.43 Y39.81 F1500
G1 X86.96 Y39.83 F1500
G1 X86.12 Y39.33 F1500
G1 X85.29 Y40.18 F1500
G1 X84.87 Y40.37 F1500
G1 X83.61 Y39.25 F1500
G1 X82.35 Y40.29 F1500
G1 X81.09 Y39.47 F1500
G1 X79.84 Y40.07 F1500
G1 X79.42 Y40.05 F1500
G1 X78.37 Y39.54 F1500
G1 X77.11 Y40.07 F1500
G1 X75.65 Y39.56 F1500
G1 X74.39 Y40.08 F1500
G1 X73.97 Y39.99 F1500
G1 X73.13 Y39.42 F1500
G1 X72.71 Y39.53 F1500
G1 X72.08 Y40.16 F1500
G1 X71.66 Y40.30 F1500
G1 X70.41 Y39.19 F1500
G1 X69.99 Y39.49 F1500
G1 X69.36 Y40.48 F1500
G1 X68.94 Y40.66 F1500
G1 X68.10 Y39.09 F1500
G1 X67.89 Y39.01 F1500
G1 X67.47 Y39.76 F1500
G1 X66.64 Y39.95 F1500
G1 X66.01 Y39.91 F1500
G1 X65.38 Y39.44 F1500
G1 X65.17 Y39.54 F1500
G1 X64.75 Y39.26 F1500
G1 X64.54 Y39.77 F1500
G1 X63.70 Y40.74 F1500
G1 X62.86 Y39.06 F1500
G1 X62.65 Y38.81 F1500
G1 X62.44 Y38.79 F1500
G1 X61.61 Y40.45 F1500
G1 X61.19 Y40.86 F1500
G1 X59.93 Y38.77 F1500
G1 X59.51 Y39.20 F1500
G1 X58.67 Y40.84 F1500
G1 X58.25 Y40.54 F1500
G1 X57.42 Y38.83 F1500
G1 X57.21 Y38.86 F1500
G1 X56.16 Y40.74 F1500
G1 X55.95 Y40.78 F1500
G1 X54.69 Y38.78 F1500
G1 X54.27 Y39.14 F1500
G1 X53.43 Y40.82 F1500
G1 X52.81 Y40.15 F1500
G1 X52.18 Y38.85 F1500
G1 X51.97 Y38.77 F1500
G1 X51.55 Y39.33 F1500
G1 X50.92 Y40.71 F1500
G1 X50.71 Y40.86 F1500
G1 X50.29 Y40.41 F1500
G1 X49.45 Y38.78 F1500
G1 X49.03 Y39.09 F1500
G1 X48.41 Y40.37 F1500
G1 X47.99 Y40.71 F1500
G1 X47.57 Y40.22 F1500
G1 X46.94 Y38.88 F1500
G1 X46.73 Y38.77 F1500
G1 X46.52 Y38.91 F1500
G1 X45.47 Y40.85 F1500
G1 X45.05 Y40.48 F1500
G1 X44.42 Y39.05 F1500
G1 X44.21 Y38.97 F1500
G1 X43.59 Y39.60 F1500
G1 X42.96 Y40.66 F1500
G1 X42.75 Y40.75 F1500
G1 X41.70 Y39.00 F1500
G1 X41.49 Y38.95 F1500
G1 X40.23 Y40.64 F1500
G1 X39.81 Y40.35 F1500
G1 X39.19 Y39.24 F1500
G1 X38.77 Y38.99 F1500
G1 X37.93 Y40.30 F1500
G1 X37.51 Y40.67 F1500
G1 X37.09 Y40.27 F1500
G1 X36.25 Y38.87 F1500
G1 X35.83 Y39.20 F1500
G1 X34.99 Y40.71 F1500
G1 X34.78 Y40.67 F1500
G1 X34.16 Y39.70 F1500
G1 X33.74 Y39.33 F1500
G1 X32.48 Y40.05 F1500
G1 X32.06 Y40.06 F1500
G1 X31.01 Y39.56 F1500
G1 X29.55 Y40.10 F1500
G1 X28.29 Y39.35 F1500
G1 X27.87 Y39.53 F1500
G1 X27.24 Y40.47 F1500
G1 X26.82 Y40.74 F1500
G1 X25.77 Y38.80 F1500
G1 X25.56 Y38.80 F1500
G1 X25.36 Y39.07 F1500
G1 X24.73 Y40.46 F1500
G1 X24.31 Y40.82 F1500
G1 X23.47 Y39.31 F1500
G1 X23.05 Y38.88 F1500
G1 X22.84 Y38.99 F1500
G1 X21.79 Y40.75 F1500
G1 X21.37 Y40.43 F1500
G1 X20.75 Y39.20 F1500
G1 X20.33 Y38.95 F1500
G1 X19.49 Y40.30 F1500
G1 X19.07 Y40.63 F1500
G1 X17.81 Y39.04 F1500
G1 X17.39 Y39.35 F1500
G1 X16.55 Y40.55 F1500
G1 X16.14 Y40.36 F1500
G1 X15.51 Y39.33 F1500
G1 X15.09 Y39.07 F1500
G1 X14.04 Y40.47 F1500
G1 X13.83 Y40.56 F1500
G1 X13.62 Y40.47 F1500
G1 X12.57 Y39.07 F1500
G1 X12.15 Y39.34 F1500
G1 X11.53 Y40.28 F1500
G1 X11.11 Y40.43 F1500
G1 X10.27 Y39.48 F1500
G1 X9.85 Y39.26 F1500
G1 X8.59 Y40.31 F1500
G1 X7.33 Y39.36 F1500
G1 X6.92 Y39.49 F1500
G1 X6.29 Y40.12 F1500
G1 X5.87 Y40.28 F1500
G1 X4.61 Y39.34 F1500
G1 X3.35 Y40.29 F1500
G1 X2.93 Y40.12 F1500
G1 X2.10 Y39.33 F1500
G1 X1.68 Y39.47 F1500
G1 X0.84 Y40.25 F1500
G1 X0.42 Y40.26 F1500
G1 X0.00 Y39.81 F1500
G1 X0.00 Y40.02 F1500
G1 X0.00 Y40.23 F1500
G1 X0.00 Y40.44 F1500
G1 X0.00 Y40.65 F1500
G1 X0.00 Y40.86 F1500
G1 X0.00 Y40.86 F1500
G1 X0.42 Y41.30 F1500
G1 X0.84 Y41.31 F1500
G1 X1.68 Y40.49 F1500
G1 X2.10 Y40.40 F1500
G1 X2.93 Y41.18 F1500
G1 X3.35 Y41.34 F1500
G1 X4.61 Y40.37 F1500
G1 X5.87 Y41.35 F1500
G1 X6.29 Y41.18 F1500
G1 X6.92 Y40.51 F1500
G1 X7.33 Y40.40 F1500
G1 X8.59 Y41.36 F1500
G1 X9.85 Y40.34 F1500
G1 X10.27 Y40.53 F1500
G1 X11.11 Y41.54 F1500
G1 X11.32 Y41.53 F1500
G1 X12.15 Y40.37 F1500
G1 X12.57 Y40.09 F1500
G1 X13.41 Y41.28 F1500
G1 X13.83 Y41.61 F1500
G1 X14.25 Y41.27 F1500
G1 X15.09 Y40.10 F1500
G1 X15.51 Y40.36 F1500
G1 X16.14 Y41.43 F1500
G1 X16.55 Y41.65 F1500
G1 X17.39 Y40.35 F1500
G1 X17.81 Y40.01 F1500
G1 X19.07 Y41.73 F1500
G1 X19.49 Y41.39 F1500
G1 X20.33 Y39.92 F1500
G1 X20.75 Y40.19 F1500
G1 X21.37 Y41.52 F1500
G1 X21.79 Y41.83 F1500
G1 X22.84 Y39.96 F1500
G1 X23.05 Y39.85 F1500
G1 X23.26 Y39.99 F1500
G1 X24.31 Y41.89 F1500
G1 X24.73 Y41.52 F1500
G1 X25.36 Y40.11 F1500
G1 X25.56 Y39.85 F1500
G1 X25.77 Y39.84 F1500
G1 X26.82 Y41.78 F1500
G1 X27.03 Y41.77 F1500
G1 X28.08 Y40.43 F1500
G1 X28.50 Y40.48 F1500
G1 X29.34 Y41.10 F1500
G1 X29.76 Y41.11 F1500
G1 X31.01 Y40.61 F1500
G1 X32.27 Y41.14 F1500
G1 X33.74 Y40.34 F1500
G1 X34.78 Y41.70 F1500
G1 X34.99 Y41.78 F1500
G1 X35.83 Y40.22 F1500
G1 X36.25 Y39.90 F1500
G1 X37.09 Y41.33 F1500
G1 X37.51 Y41.72 F1500
G1 X38.77 Y40.21 F1500
G1 X39.19 Y40.39 F1500
G1 X40.02 Y41.52 F1500
G1 X40.44 Y41.36 F1500
G1 X41.28 Y40.28 F1500
G1 X41.70 Y40.16 F1500
G1 X42.75 Y41.90 F1500
G1 X43.17 Y41.51 F1500
G1 X43.80 Y40.09 F1500
G1 X44.00 Y39.84 F1500
G1 X44.21 Y39.85 F1500
G1 X45.05 Y41.53 F1500
G1 X45.47 Y41.90 F1500
G1 X46.31 Y40.32 F1500
G1 X46.73 Y39.82 F1500
G1 X46.94 Y39.93 F1500
G1 X47.99 Y41.84 F1500
G1 X48.20 Y41.80 F1500
G1 X49.24 Y39.94 F1500
G1 X49.45 Y39.85 F1500
G1 X50.29 Y41.47 F1500
G1 X50.71 Y41.91 F1500
G1 X50.92 Y41.76 F1500
G1 X51.55 Y40.38 F1500
G1 X51.97 Y39.82 F1500
G1 X52.39 Y40.22 F1500
G1 X53.22 Y41.88 F1500
G1 X53.43 Y41.87 F1500
G1 X53.64 Y41.62 F1500
G1 X54.27 Y40.21 F1500
G1 X54.69 Y39.83 F1500
G1 X55.74 Y41.77 F1500
G1 X55.95 Y41.91 F1500
G1 X56.37 Y41.44 F1500
G1 X57.21 Y39.83 F1500
G1 X58.46 Y41.85 F1500
G1 X58.88 Y41.66 F1500
G1 X59.51 Y40.25 F1500
G1 X59.93 Y39.82 F1500
G1 X61.19 Y41.91 F1500
G1 X61.61 Y41.50 F1500
G1 X62.44 Y39.84 F1500
G1 X62.65 Y39.85 F1500
G1 X62.86 Y40.11 F1500
G1 X63.28 Y41.05 F1500
G1 X64.12 Y41.62 F1500
G1 X64.54 Y40.83 F1500
G1 X64.96 Y40.54 F1500
G1 X66.01 Y40.93 F1500
G1 X67.05 Y41.03 F1500
G1 X67.47 Y40.13 F1500
G1 X67.68 Y39.86 F1500
G1 X67.89 Y39.84 F1500
G1 X68.94 Y41.63 F1500
G1 X69.36 Y41.46 F1500
G1 X69.99 Y40.55 F1500
G1 X70.41 Y40.28 F1500
G1 X70.83 Y40.49 F1500
G1 X71.66 Y41.37 F1500
G1 X72.08 Y41.22 F1500
G1 X72.71 Y40.59 F1500
G1 X73.13 Y40.45 F1500
G1 X74.18 Y41.14 F1500
G1 X75.65 Y40.63 F1500
G1 X77.11 Y41.05 F1500
G1 X78.37 Y40.62 F1500
G1 X79.63 Y41.09 F1500
G1 X81.09 Y40.52 F1500
G1 X82.35 Y41.30 F1500
G1 X83.61 Y40.36 F1500
G1 X84.87 Y41.41 F1500
G1 X85.29 Y41.22 F1500
G1 X86.12 Y40.37 F1500
G1 X86.96 Y40.90 F1500
G1 X89.27 Y40.71 F1500
G1 X90.31 Y41.26 F1500
G1 X91.57 Y40.37 F1500
G1 X92.83 Y41.44 F1500
G1 X93.25 Y41.18 F1500
G1 X94.09 Y40.18 F1500
G1 X94.51 Y40.38 F1500
G1 X95.34 Y41.84 F1500
G1 X95.55 Y41.88 F1500
G1 X96.39 Y40.22 F1500
G1 X96.81 Y39.82 F1500
G1 X97.23 Y40.38 F1500
G1 X97.86 Y41.76 F1500
G1 X98.07 Y41.91 F1500
G1 X98.49 Y41.47 F1500
G1 X99.32 Y39.83 F1500
G1 X99.53 Y39.86 F1500
G1 X99.74 Y40.47 F1500
G1 X100.58 Y41.55 F1500
G1 X100.79 Y41.30 F1500
G1 X101.21 Y41.23 F1500
G1 X101.63 Y40.27 F1500
G1 X102.05 Y39.81 F1500
G1 X102.26 Y39.96 F1500
G1 X103.31 Y41.90 F1500
G1 X103.73 Y41.52 F1500
G1 X104.35 Y40.10 F1500
G1 X104.56 Y39.85 F1500
G1 X104.77 Y39.84 F1500
G1 X105.40 Y41.03 F1500
G1 X105.82 Y41.49 F1500
G1 X106.24 Y41.35 F1500
G1 X107.08 Y40.33 F1500
G1 X107.50 Y40.43 F1500
G1 X108.54 Y41.28 F1500
G1 X108.96 Y41.16 F1500
G1 X109.59 Y40.57 F1500
G1 X110.01 Y40.41 F1500
G1 X111.27 Y41.33 F1500
G1 X112.53 Y40.38 F1500
G1 X112.95 Y40.56 F1500
G1 X113.57 Y41.23 F1500
G1 X113.99 Y41.35 F1500
G1 X114.83 Y40.54 F1500
G1 X115.25 Y40.35 F1500
G1 X116.51 Y41.39 F1500
G1 X116.72 Y41.35 F1500
G1 X117.76 Y40.33 F1500
G1 X118.18 Y40.48 F1500
G1 X118.81 Y41.25 F1500
G1 X119.23 Y41.43 F1500
G1 X120.49 Y40.24 F1500
G1 X121.54 Y41.23 F1500
G1 X123.00 Y40.78 F1500
G1 X124.47 Y40.91 F1500
G1 X149.83 Y40.84 F1500
G1 X150.24 Y40.92 F1500
G1 X150.87 Y41.37 F1500
G1 X151.08 Y41.35 F1500
G1 X151.71 Y40.42 F1500
G1 X152.13 Y40.22 F1500
G1 X153.39 Y41.49 F1500
G1 X154.64 Y40.19 F1500
G1 X155.06 Y40.44 F1500
G1 X155.69 Y41.34 F1500
G1 X156.11 Y41.51 F1500
G1 X156.95 Y40.45 F1500
G1 X157.37 Y40.19 F1500
G1 X158.63 Y41.53 F1500
G1 X159.05 Y41.26 F1500
G1 X159.88 Y40.23 F1500
G1 X160.30 Y40.42 F1500
G1 X160.93 Y41.27 F1500
G1 X161.35 Y41.46 F1500
G1 X162.61 Y40.24 F1500
G1 X163.86 Y41.48 F1500
G1 X164.28 Y41.24 F1500
G1 X164.91 Y40.45 F1500
G1 X165.33 Y40.32 F1500
G1 X166.17 Y41.22 F1500
G1 X166.59 Y41.45 F1500
G1 X167.85 Y40.28 F1500
G1 X169.10 Y41.42 F1500
G1 X169.52 Y41.25 F1500
G1 X170.36 Y40.31 F1500
G1 X170.78 Y40.41 F1500
G1 X171.41 Y41.17 F1500
G1 X171.83 Y41.42 F1500
G1 X173.08 Y40.32 F1500
G1 X173.50 Y40.52 F1500
G1 X174.34 Y41.38 F1500
G1 X174.76 Y41.23 F1500
G1 X175.39 Y40.55 F1500
G1 X175.81 Y40.33 F1500
G1 X177.07 Y41.37 F1500
G1 X177.49 Y41.16 F1500
G1 X178.11 Y40.47 F1500
G1 X178.53 Y40.36 F1500
G1 X179.37 Y41.24 F1500
G1 X179.79 Y41.36 F1500
G1 X180.00 Y41.68 F1500
G1 X180.00 Y41.89 F1500
G1 X180.00 Y42.10 F1500
G1 X180.00 Y42.31 F1500
G1 X180.00 Y42.52 F1500
G1 X180.00 Y42.73 F1500
G1 X180.00 Y42.73 F1500
G1 X179.79 Y42.42 F1500
G1 X179.37 Y42.30 F1500
G1 X178.53 Y41.39 F1500
G1 X178.11 Y41.51 F1500
G1 X177.49 Y42.21 F1500
G1 X177.07 Y42.43 F1500
G1 X176.02 Y41.48 F1500
G1 X175.60 Y41.43 F1500
G1 X174.55 Y42.42 F1500
G1 X174.13 Y42.28 F1500
G1 X173.50 Y41.57 F1500
G1 X173.08 Y41.37 F1500
G1 X171.83 Y42.48 F1500
G1 X171.41 Y42.23 F1500
G1 X170.78 Y41.45 F1500
G1 X170.36 Y41.34 F1500
G1 X169.52 Y42.35 F1500
G1 X169.10 Y42.55 F1500
G1 X167.85 Y41.24 F1500
G1 X166.59 Y42.58 F1500
G1 X166.17 Y42.32 F1500
G1 X165.33 Y41.27 F1500
G1 X164.91 Y41.44 F1500
G1 X164.28 Y42.33 F1500
G1 X163.86 Y42.56 F1500
G1 X162.61 Y41.22 F1500
G1 X161.35 Y42.57 F1500
G1 X160.93 Y42.34 F1500
G1 X160.30 Y41.45 F1500
G1 X159.88 Y41.26 F1500
G1 X158.63 Y42.60 F1500
G1 X157.37 Y41.23 F1500
G1 X156.95 Y41.51 F1500
G1 X156.11 Y42.54 F1500
G1 X155.69 Y42.37 F1500
G1 X155.06 Y41.48 F1500
G1 X154.64 Y41.27 F1500
G1 X153.39 Y42.57 F1500
G1 X152.13 Y41.30 F1500
G1 X151.50 Y41.84 F1500
G1 X151.08 Y41.98 F1500
G1 X123.00 Y41.86 F1500
G1 X121.54 Y42.05 F1500
G1 X121.12 Y41.90 F1500
G1 X120.49 Y41.32 F1500
G1 X120.07 Y41.56 F1500
G1 X119.23 Y42.49 F1500
G1 X118.81 Y42.30 F1500
G1 X118.18 Y41.54 F1500
G1 X117.76 Y41.37 F1500
G1 X116.51 Y42.47 F1500
G1 X115.25 Y41.37 F1500
G1 X114.83 Y41.57 F1500
G1 X113.99 Y42.40 F1500
G1 X113.57 Y42.28 F1500
G1 X112.95 Y41.60 F1500
G1 X112.53 Y41.42 F1500
G1 X111.27 Y42.39 F1500
G1 X110.01 Y41.45 F1500
G1 X109.59 Y41.60 F1500
G1 X108.96 Y42.22 F1500
G1 X108.54 Y42.35 F1500
G1 X107.29 Y41.41 F1500
G1 X106.87 Y41.63 F1500
G1 X106.03 Y42.52 F1500
G1 X105.61 Y42.30 F1500
G1 X104.77 Y40.89 F1500
G1 X104.56 Y40.90 F1500
G1 X104.35 Y41.15 F1500
G1 X103.73 Y42.57 F1500
G1 X103.31 Y42.95 F1500
G1 X102.26 Y41.00 F1500
G1 X102.05 Y40.86 F1500
G1 X101.84 Y40.98 F1500
G1 X101.42 Y41.81 F1500
G1 X100.79 Y42.58 F1500
G1 X99.95 Y41.82 F1500
G1 X99.53 Y40.91 F1500
G1 X99.32 Y40.88 F1500
G1 X98.49 Y42.52 F1500
G1 X98.07 Y42.96 F1500
G1 X97.86 Y42.80 F1500
G1 X97.23 Y41.43 F1500
G1 X96.81 Y40.87 F1500
G1 X96.39 Y41.26 F1500
G1 X95.55 Y42.93 F1500
G1 X95.34 Y42.92 F1500
G1 X94.30 Y41.22 F1500
G1 X93.88 Y41.36 F1500
G1 X93.25 Y42.24 F1500
G1 X92.83 Y42.50 F1500
G1 X91.57 Y41.42 F1500
G1 X91.36 Y41.44 F1500
G1 X90.31 Y42.29 F1500
G1 X89.90 Y42.19 F1500
G1 X89.27 Y41.74 F1500
G1 X88.85 Y41.91 F1500
G1 X87.17 Y42.04 F1500
G1 X86.12 Y41.43 F1500
G1 X85.29 Y42.28 F1500
G1 X84.87 Y42.47 F1500
G1 X84.03 Y41.61 F1500
G1 X83.61 Y41.42 F1500
G1 X82.35 Y42.39 F1500
G1 X81.09 Y41.56 F1500
G1 X79.84 Y42.15 F1500
G1 X78.37 Y41.71 F1500
G1 X77.11 Y42.13 F1500
G1 X75.65 Y41.62 F1500
G1 X74.39 Y42.26 F1500
G1 X73.97 Y42.12 F1500
G1 X73.13 Y41.47 F1500
G1 X72.71 Y41.61 F1500
G1 X72.08 Y42.29 F1500
G1 X71.66 Y42.41 F1500
G1 X70.41 Y41.31 F1500
G1 X69.99 Y41.60 F1500
G1 X69.36 Y42.52 F1500
G1 X68.94 Y42.67 F1500
G1 X67.89 Y40.88 F1500
G1 X67.68 Y40.91 F1500
G1 X67.47 Y41.17 F1500
G1 X66.85 Y42.60 F1500
G1 X66.64 Y42.89 F1500
G1 X66.43 Y42.92 F1500
G1 X66.01 Y42.00 F1500
G1 X65.17 Y41.70 F1500
G1 X64.12 Y42.15 F1500
G1 X63.70 Y42.75 F1500
G1 X62.65 Y40.91 F1500
G1 X62.44 Y40.89 F1500
G1 X61.61 Y42.55 F1500
G1 X61.19 Y42.95 F1500
G1 X59.93 Y40.86 F1500
G1 X59.51 Y41.29 F1500
G1 X58.88 Y42.66 F1500
G1 X58.67 Y42.68 F1500
G1 X58.25 Y42.48 F1500
G1 X57.21 Y40.87 F1500
G1 X56.37 Y42.49 F1500
G1 X55.95 Y42.96 F1500
G1 X55.74 Y42.82 F1500
G1 X54.69 Y40.87 F1500
G1 X54.27 Y41.24 F1500
G1 X53.64 Y42.66 F1500
G1 X53.43 Y42.92 F1500
G1 X53.22 Y42.93 F1500
G1 X52.39 Y41.26 F1500
G1 X51.97 Y40.87 F1500
G1 X51.55 Y41.43 F1500
G1 X50.92 Y42.80 F1500
G1 X50.71 Y42.96 F1500
G1 X50.29 Y42.52 F1500
G1 X49.45 Y40.88 F1500
G1 X49.24 Y40.91 F1500
G1 X49.03 Y41.20 F1500
G1 X48.41 Y42.61 F1500
G1 X47.99 Y42.82 F1500
G1 X47.78 Y42.72 F1500
G1 X46.94 Y40.98 F1500
G1 X46.73 Y40.86 F1500
G1 X46.31 Y41.37 F1500
G1 X45.68 Y42.74 F1500
G1 X45.47 Y42.88 F1500
G1 X45.05 Y42.57 F1500
G1 X44.42 Y41.15 F1500
G1 X44.21 Y40.90 F1500
G1 X44.00 Y40.89 F1500
G1 X43.17 Y42.56 F1500
G1 X42.75 Y42.95 F1500
G1 X41.70 Y41.01 F1500
G1 X41.49 Y40.86 F1500
G1 X41.07 Y41.31 F1500
G1 X40.44 Y42.56 F1500
G1 X40.02 Y42.64 F1500
G1 X39.19 Y41.37 F1500
G1 X38.77 Y41.09 F1500
G1 X37.51 Y42.83 F1500
G1 X37.30 Y42.71 F1500
G1 X36.25 Y40.92 F1500
G1 X35.83 Y41.27 F1500
G1 X35.20 Y42.64 F1500
G1 X34.99 Y42.81 F1500
G1 X34.78 Y42.74 F1500
G1 X33.74 Y41.42 F1500
G1 X33.32 Y41.55 F1500
G1 X32.48 Y42.17 F1500
G1 X32.06 Y42.16 F1500
G1 X31.22 Y41.70 F1500
G1 X30.80 Y41.64 F1500
G1 X29.55 Y42.23 F1500
G1 X28.29 Y41.44 F1500
G1 X27.87 Y41.62 F1500
G1 X27.24 Y42.59 F1500
G1 X26.82 Y42.85 F1500
G1 X25.77 Y40.89 F1500
G1 X25.56 Y40.90 F1500
G1 X25.36 Y41.15 F1500
G1 X24.73 Y42.58 F1500
G1 X24.31 Y42.95 F1500
G1 X23.26 Y41.00 F1500
G1 X23.05 Y40.86 F1500
G1 X22.84 Y40.98 F1500
G1 X21.79 Y42.92 F1500
G1 X21.37 Y42.59 F1500
G1 X20.75 Y41.21 F1500
G1 X20.33 Y40.93 F1500
G1 X19.49 Y42.47 F1500
G1 X19.07 Y42.82 F1500
G1 X17.81 Y41.03 F1500
G1 X17.39 Y41.37 F1500
G1 X16.55 Y42.71 F1500
G1 X16.14 Y42.49 F1500
G1 X15.51 Y41.39 F1500
G1 X15.09 Y41.11 F1500
G1 X13.83 Y42.71 F1500
G1 X13.62 Y42.64 F1500
G1 X12.57 Y41.11 F1500
G1 X12.15 Y41.39 F1500
G1 X11.32 Y42.59 F1500
G1 X10.90 Y42.43 F1500
G1 X10.27 Y41.58 F1500
G1 X9.85 Y41.33 F1500
G1 X8.59 Y42.43 F1500
G1 X7.33 Y41.43 F1500
G1 X6.92 Y41.55 F1500
G1 X6.29 Y42.24 F1500
G1 X5.87 Y42.40 F1500
G1 X4.61 Y41.42 F1500
G1 X3.35 Y42.39 F1500
G1 X2.93 Y42.23 F1500
G1 X2.10 Y41.44 F1500
G1 X1.68 Y41.54 F1500
G1 X0.84 Y42.35 F1500
G1 X0.42 Y42.35 F1500
G1 X0.00 Y41.91 F1500
G1 X0.00 Y42.12 F1500
G1 X0.00 Y42.33 F1500
G1 X0.00 Y42.54 F1500
G1 X0.00 Y42.75 F1500
G1 X0.00 Y42.96 F1500
G1 X0.00 Y42.96 F1500
G1 X0.42 Y43.42 F1500
G1 X0.63 Y43.46 F1500
G1 X1.05 Y43.25 F1500
G1 X1.68 Y42.58 F1500
G1 X2.10 Y42.48 F1500
G1 X2.93 Y43.29 F1500
G1 X3.35 Y43.44 F1500
G1 X4.61 Y42.46 F1500
G1 X5.87 Y43.45 F1500
G1 X6.29 Y43.28 F1500
G1 X6.92 Y42.60 F1500
G1 X7.33 Y42.47 F1500
G1 X8.59 Y43.51 F1500
G1 X9.85 Y42.35 F1500
G1 X10.27 Y42.60 F1500
G1 X11.11 Y43.67 F1500
G1 X11.32 Y43.66 F1500
G1 X12.15 Y42.44 F1500
G1 X12.57 Y42.15 F1500
G1 X13.62 Y43.68 F1500
G1 X13.83 Y43.75 F1500
G1 X15.09 Y42.14 F1500
G1 X15.51 Y42.43 F1500
G1 X16.14 Y43.56 F1500
G1 X16.55 Y43.81 F1500
G1 X17.60 Y42.10 F1500
G1 X17.81 Y42.01 F1500
G1 X18.02 Y42.14 F1500
G1 X18.86 Y43.82 F1500
G1 X19.07 Y43.97 F1500
G1 X19.49 Y43.56 F1500
G1 X20.33 Y41.95 F1500
G1 X20.75 Y42.25 F1500
G1 X21.37 Y43.66 F1500
G1 X21.79 Y43.99 F1500
G1 X22.63 Y42.37 F1500
G1 X23.05 Y41.91 F1500
G1 X23.26 Y42.05 F1500
G1 X24.31 Y44.00 F1500
G1 X24.73 Y43.62 F1500
G1 X25.36 Y42.20 F1500
G1 X25.56 Y41.94 F1500
G1 X25.77 Y41.94 F1500
G1 X26.82 Y43.92 F1500
G1 X27.03 Y43.90 F1500
G1 X27.87 Y42.67 F1500
G1 X28.29 Y42.48 F1500
G1 X29.55 Y43.27 F1500
G1 X31.01 Y42.61 F1500
G1 X32.27 Y43.27 F1500
G1 X33.74 Y42.46 F1500
G1 X34.78 Y43.80 F1500
G1 X34.99 Y43.88 F1500
G1 X35.83 Y42.30 F1500
G1 X36.04 Y41.99 F1500
G1 X36.25 Y41.97 F1500
G1 X37.30 Y43.80 F1500
G1 X37.51 Y43.85 F1500
G1 X38.77 Y42.16 F1500
G1 X39.19 Y42.39 F1500
G1 X40.02 Y43.57 F1500
G1 X40.65 Y43.19 F1500
G1 X41.49 Y41.91 F1500
G1 X41.70 Y42.06 F1500
G1 X42.54 Y43.77 F1500
G1 X42.96 Y43.76 F1500
G1 X43.17 Y43.55 F1500
G1 X44.00 Y42.01 F1500
G1 X44.42 Y42.21 F1500
G1 X45.05 Y43.62 F1500
G1 X45.47 Y44.00 F1500
G1 X46.52 Y42.05 F1500
G1 X46.73 Y41.91 F1500
G1 X47.15 Y42.37 F1500
G1 X47.99 Y43.99 F1500
G1 X48.20 Y43.95 F1500
G1 X49.03 Y42.23 F1500
G1 X49.45 Y41.93 F1500
G1 X50.29 Y43.57 F1500
G1 X50.71 Y44.00 F1500
G1 X50.92 Y43.85 F1500
G1 X51.55 Y42.48 F1500
G1 X51.97 Y41.91 F1500
G1 X52.39 Y42.31 F1500
G1 X53.22 Y43.98 F1500
G1 X53.43 Y43.97 F1500
G1 X53.64 Y43.71 F1500
G1 X54.27 Y42.29 F1500
G1 X54.69 Y41.92 F1500
G1 X55.74 Y43.87 F1500
G1 X55.95 Y44.00 F1500
G1 X56.37 Y43.54 F1500
G1 X57.00 Y42.13 F1500
G1 X57.21 Y42.04 F1500
G1 X58.46 Y43.82 F1500
G1 X58.67 Y43.82 F1500
G1 X59.93 Y42.09 F1500
G1 X60.14 Y42.07 F1500
G1 X60.77 Y43.45 F1500
G1 X61.19 Y44.00 F1500
G1 X61.61 Y43.60 F1500
G1 X62.24 Y42.28 F1500
G1 X62.86 Y42.43 F1500
G1 X63.49 Y43.35 F1500
G1 X64.33 Y42.98 F1500
G1 X65.17 Y42.84 F1500
G1 X65.38 Y42.54 F1500
G1 X65.59 Y42.52 F1500
G1 X66.43 Y43.99 F1500
G1 X66.85 Y43.65 F1500
G1 X67.47 Y42.22 F1500
G1 X67.68 Y41.95 F1500
G1 X67.89 Y41.93 F1500
G1 X68.94 Y43.74 F1500
G1 X69.36 Y43.57 F1500
G1 X69.99 Y42.65 F1500
G1 X70.41 Y42.37 F1500
G1 X71.66 Y43.45 F1500
G1 X72.08 Y43.31 F1500
G1 X72.71 Y42.63 F1500
G1 X73.13 Y42.50 F1500
G1 X74.39 Y43.32 F1500
G1 X75.65 Y42.65 F1500
G1 X76.90 Y43.19 F1500
G1 X78.37 Y42.71 F1500
G1 X79.84 Y43.23 F1500
G1 X81.09 Y42.55 F1500
G1 X82.14 Y43.46 F1500
G1 X82.35 Y43.49 F1500
G1 X83.61 Y42.38 F1500
G1 X84.03 Y42.63 F1500
G1 X84.87 Y43.55 F1500
G1 X85.29 Y43.37 F1500
G1 X86.12 Y42.43 F1500
G1 X86.54 Y42.57 F1500
G1 X87.17 Y43.11 F1500
G1 X87.80 Y42.96 F1500
G1 X89.06 Y42.95 F1500
G1 X89.27 Y42.81 F1500
G1 X90.31 Y43.35 F1500
G1 X91.36 Y42.48 F1500
G1 X91.57 Y42.46 F1500
G1 X92.83 Y43.57 F1500
G1 X93.25 Y43.29 F1500
G1 X94.09 Y42.23 F1500
G1 X94.51 Y42.43 F1500
G1 X95.13 Y43.69 F1500
G1 X95.34 Y43.97 F1500
G1 X95.55 Y43.98 F1500
G1 X96.39 Y42.31 F1500
G1 X96.81 Y41.91 F1500
G1 X97.23 Y42.48 F1500
G1 X97.86 Y43.85 F1500
G1 X98.07 Y43.93 F1500
G1 X98.28 Y43.89 F1500
G1 X98.49 Y43.57 F1500
G1 X99.32 Y41.93 F1500
G1 X99.53 Y41.96 F1500
G1 X99.95 Y42.80 F1500
G1 X100.79 Y43.67 F1500
G1 X101.42 Y42.89 F1500
G1 X101.84 Y42.02 F1500
G1 X102.05 Y41.91 F1500
G1 X102.26 Y42.05 F1500
G1 X103.31 Y44.00 F1500
G1 X103.73 Y43.62 F1500
G1 X104.35 Y42.20 F1500
G1 X104.56 Y41.94 F1500
G1 X104.77 Y41.94 F1500
G1 X105.61 Y43.35 F1500
G1 X106.03 Y43.55 F1500
G1 X106.87 Y42.71 F1500
G1 X107.29 Y42.53 F1500
G1 X108.54 Y43.39 F1500
G1 X108.96 Y43.26 F1500
G1 X109.59 Y42.65 F1500
G1 X110.01 Y42.50 F1500
G1 X111.27 Y43.43 F1500
G1 X112.53 Y42.47 F1500
G1 X112.95 Y42.64 F1500
G1 X113.57 Y43.34 F1500
G1 X113.99 Y43.46 F1500
G1 X114.83 Y42.62 F1500
G1 X115.25 Y42.43 F1500
G1 X116.51 Y43.50 F1500
G1 X116.72 Y43.47 F1500
G1 X117.76 Y42.38 F1500
G1 X117.97 Y42.39 F1500
G1 X118.81 Y43.36 F1500
G1 X119.23 Y43.54 F1500
G1 X120.28 Y42.62 F1500
G1 X121.12 Y42.95 F1500
G1 X121.96 Y43.00 F1500
G1 X123.00 Y42.89 F1500
G1 X124.26 Y43.00 F1500
G1 X152.34 Y42.86 F1500
G1 X152.76 Y42.98 F1500
G1 X153.39 Y43.61 F1500
G1 X153.60 Y43.55 F1500
G1 X154.64 Y42.30 F1500
G1 X155.06 Y42.52 F1500
G1 X155.69 Y43.44 F1500
G1 X156.11 Y43.61 F1500
G1 X156.95 Y42.55 F1500
G1 X157.37 Y42.29 F1500
G1 X158.63 Y43.65 F1500
G1 X159.05 Y43.37 F1500
G1 X159.88 Y42.31 F1500
G1 X160.30 Y42.51 F1500
G1 X160.93 Y43.37 F1500
G1 X161.35 Y43.57 F1500
G1 X162.61 Y42.27 F1500
G1 X163.86 Y43.64 F1500
G1 X164.28 Y43.41 F1500
G1 X164.91 Y42.46 F1500
G1 X165.33 Y42.27 F1500
G1 X166.17 Y43.40 F1500
G1 X166.59 Y43.69 F1500
G1 X167.85 Y42.22 F1500
G1 X168.06 Y42.30 F1500
G1 X169.10 Y43.63 F1500
G1 X169.52 Y43.45 F1500
G1 X170.15 Y42.49 F1500
G1 X170.57 Y42.28 F1500
G1 X171.41 Y43.32 F1500
G1 X171.83 Y43.56 F1500
G1 X173.08 Y42.43 F1500
G1 X173.50 Y42.64 F1500
G1 X174.13 Y43.36 F1500
G1 X174.55 Y43.48 F1500
G1 X175.39 Y42.62 F1500
G1 X175.81 Y42.42 F1500
G1 X177.07 Y43.49 F1500
G1 X177.49 Y43.27 F1500
G1 X178.11 Y42.54 F1500
G1 X178.53 Y42.43 F1500
G1 X179.37 Y43.36 F1500
G1 X179.79 Y43.48 F1500
G1 X180.00 Y43.78 F1500
G1 X180.00 Y43.99 F1500
G1 X180.00 Y44.20 F1500
G1 X180.00 Y44.41 F1500
G1 X180.00 Y44.61 F1500
G1 X180.00 Y44.82 F1500
G1 X180.00 Y44.82 F1500
G1 X179.37 Y44.38 F1500
G1 X178.74 Y43.63 F1500
G1 X178.32 Y43.48 F1500
G1 X177.07 Y44.54 F1500
G1 X176.02 Y43.56 F1500
G1 X175.60 Y43.47 F1500
G1 X174.55 Y44.59 F1500
G1 X174.13 Y44.44 F1500
G1 X173.50 Y43.62 F1500
G1 X173.08 Y43.40 F1500
G1 X171.83 Y44.64 F1500
G1 X171.41 Y44.37 F1500
G1 X170.57 Y43.32 F1500
G1 X170.15 Y43.53 F1500
G1 X169.52 Y44.51 F1500
G1 X169.10 Y44.73 F1500
G1 X168.27 Y43.58 F1500
G1 X167.85 Y43.25 F1500
G1 X166.59 Y44.73 F1500
G1 X166.17 Y44.43 F1500
G1 X165.33 Y43.32 F1500
G1 X164.91 Y43.51 F1500
G1 X164.28 Y44.48 F1500
G1 X163.86 Y44.70 F1500
G1 X162.61 Y43.30 F1500
G1 X161.35 Y44.68 F1500
G1 X160.93 Y44.46 F1500
G1 X160.30 Y43.52 F1500
G1 X159.88 Y43.31 F1500
G1 X159.05 Y44.41 F1500
G1 X158.63 Y44.70 F1500
G1 X157.37 Y43.31 F1500
G1 X156.95 Y43.59 F1500
G1 X156.11 Y44.67 F1500
G1 X155.69 Y44.49 F1500
G1 X155.06 Y43.56 F1500
G1 X154.64 Y43.32 F1500
G1 X153.81 Y44.24 F1500
G1 X152.76 Y44.00 F1500
G1 X122.79 Y43.94 F1500
G1 X121.75 Y44.09 F1500
G1 X120.28 Y43.85 F1500
G1 X119.86 Y43.97 F1500
G1 X119.23 Y44.56 F1500
G1 X119.02 Y44.58 F1500
G1 X117.97 Y43.44 F1500
G1 X117.56 Y43.55 F1500
G1 X116.93 Y44.32 F1500
G1 X116.51 Y44.56 F1500
G1 X115.25 Y43.47 F1500
G1 X114.83 Y43.67 F1500
G1 X113.99 Y44.52 F1500
G1 X113.57 Y44.38 F1500
G1 X112.95 Y43.70 F1500
G1 X112.53 Y43.51 F1500
G1 X111.27 Y44.50 F1500
G1 X110.01 Y43.54 F1500
G1 X109.59 Y43.69 F1500
G1 X108.96 Y44.31 F1500
G1 X108.54 Y44.44 F1500
G1 X107.29 Y43.54 F1500
G1 X106.03 Y44.61 F1500
G1 X105.61 Y44.38 F1500
G1 X104.56 Y43.04 F1500
G1 X103.73 Y44.67 F1500
G1 X103.31 Y45.05 F1500
G1 X102.26 Y43.10 F1500
G1 X102.05 Y42.96 F1500
G1 X101.00 Y44.54 F1500
G1 X100.16 Y44.14 F1500
G1 X99.74 Y43.28 F1500
G1 X99.32 Y42.98 F1500
G1 X98.49 Y44.61 F1500
G1 X98.07 Y45.05 F1500
G1 X97.86 Y44.90 F1500
G1 X97.23 Y43.52 F1500
G1 X96.81 Y42.96 F1500
G1 X96.39 Y43.36 F1500
G1 X95.55 Y45.02 F1500
G1 X95.34 Y45.02 F1500
G1 X95.13 Y44.76 F1500
G1 X94.51 Y43.40 F1500
G1 X94.09 Y43.17 F1500
G1 X93.25 Y44.37 F1500
G1 X92.83 Y44.67 F1500
G1 X91.57 Y43.50 F1500
G1 X91.15 Y43.67 F1500
G1 X90.31 Y44.42 F1500
G1 X89.48 Y43.96 F1500
G1 X88.01 Y44.00 F1500
G1 X87.38 Y44.31 F1500
G1 X86.33 Y43.42 F1500
G1 X86.12 Y43.41 F1500
G1 X85.29 Y44.42 F1500
G1 X84.87 Y44.64 F1500
G1 X83.61 Y43.40 F1500
G1 X83.40 Y43.45 F1500
G1 X82.35 Y44.57 F1500
G1 X82.14 Y44.54 F1500
G1 X81.09 Y43.58 F1500
G1 X79.63 Y44.33 F1500
G1 X78.37 Y43.69 F1500
G1 X76.90 Y44.32 F1500
G1 X75.65 Y43.65 F1500
G1 X74.39 Y44.39 F1500
G1 X73.97 Y44.24 F1500
G1 X73.13 Y43.52 F1500
G1 X72.71 Y43.67 F1500
G1 X72.08 Y44.37 F1500
G1 X71.66 Y44.55 F1500
G1 X70.41 Y43.39 F1500
G1 X69.99 Y43.70 F1500
G1 X69.15 Y44.80 F1500
G1 X68.73 Y44.54 F1500
G1 X67.89 Y42.98 F1500
G1 X67.68 Y43.00 F1500
G1 X67.47 Y43.28 F1500
G1 X66.85 Y44.70 F1500
G1 X66.43 Y45.04 F1500
G1 X65.38 Y43.08 F1500
G1 X65.17 Y42.96 F1500
G1 X64.54 Y43.98 F1500
G1 X63.91 Y44.22 F1500
G1 X63.28 Y44.06 F1500
G1 X62.65 Y43.25 F1500
G1 X62.44 Y43.29 F1500
G1 X61.40 Y44.95 F1500
G1 X61.19 Y45.05 F1500
G1 X60.77 Y44.49 F1500
G1 X60.14 Y43.12 F1500
G1 X59.93 Y43.07 F1500
G1 X59.51 Y43.51 F1500
G1 X58.67 Y45.03 F1500
G1 X58.04 Y44.06 F1500
G1 X57.63 Y44.00 F1500
G1 X57.21 Y43.19 F1500
G1 X56.16 Y44.93 F1500
G1 X55.95 Y45.05 F1500
G1 X55.53 Y44.56 F1500
G1 X54.90 Y43.24 F1500
G1 X54.69 Y43.18 F1500
G1 X54.27 Y43.44 F1500
G1 X53.64 Y44.76 F1500
G1 X53.43 Y45.02 F1500
G1 X53.22 Y45.02 F1500
G1 X52.39 Y43.36 F1500
G1 X51.97 Y42.96 F1500
G1 X51.55 Y43.52 F1500
G1 X50.92 Y44.90 F1500
G1 X50.71 Y45.05 F1500
G1 X50.29 Y44.61 F1500
G1 X49.45 Y42.98 F1500
G1 X49.24 Y43.07 F1500
G1 X48.20 Y44.92 F1500
G1 X47.99 Y44.51 F1500
G1 X47.78 Y44.68 F1500
G1 X47.15 Y43.45 F1500
G1 X46.73 Y43.04 F1500
G1 X46.52 Y43.10 F1500
G1 X45.47 Y45.05 F1500
G1 X45.05 Y44.62 F1500
G1 X44.21 Y42.99 F1500
G1 X44.00 Y42.99 F1500
G1 X43.80 Y43.23 F1500
G1 X43.17 Y44.61 F1500
G1 X42.75 Y45.02 F1500
G1 X41.91 Y43.64 F1500
G1 X41.49 Y43.11 F1500
G1 X41.28 Y43.07 F1500
G1 X40.44 Y44.82 F1500
G1 X40.23 Y44.89 F1500
G1 X38.98 Y43.30 F1500
G1 X38.56 Y43.54 F1500
G1 X37.72 Y44.63 F1500
G1 X37.09 Y44.26 F1500
G1 X36.25 Y42.98 F1500
G1 X35.83 Y43.35 F1500
G1 X34.99 Y44.94 F1500
G1 X34.78 Y44.86 F1500
G1 X33.74 Y43.51 F1500
G1 X32.27 Y44.32 F1500
G1 X31.01 Y43.69 F1500
G1 X29.55 Y44.31 F1500
G1 X28.29 Y43.53 F1500
G1 X27.87 Y43.71 F1500
G1 X27.03 Y44.96 F1500
G1 X26.82 Y44.97 F1500
G1 X25.77 Y42.99 F1500
G1 X25.56 Y42.99 F1500
G1 X25.36 Y43.25 F1500
G1 X24.73 Y44.67 F1500
G1 X24.31 Y45.04 F1500
G1 X23.26 Y43.10 F1500
G1 X23.05 Y42.96 F1500
G1 X22.63 Y43.42 F1500
G1 X21.79 Y45.04 F1500
G1 X21.37 Y44.70 F1500
G1 X20.75 Y43.29 F1500
G1 X20.54 Y43.02 F1500
G1 X20.33 Y43.00 F1500
G1 X19.49 Y44.60 F1500
G1 X19.07 Y45.00 F1500
G1 X18.65 Y44.48 F1500
G1 X18.02 Y43.22 F1500
G1 X17.81 Y43.09 F1500
G1 X17.39 Y43.45 F1500
G1 X16.55 Y44.84 F1500
G1 X16.14 Y44.60 F1500
G1 X15.51 Y43.49 F1500
G1 X15.09 Y43.21 F1500
G1 X14.04 Y44.69 F1500
G1 X13.83 Y44.79 F1500
G1 X13.41 Y44.44 F1500
G1 X12.57 Y43.22 F1500
G1 X12.15 Y43.49 F1500
G1 X11.32 Y44.70 F1500
G1 X10.90 Y44.53 F1500
G1 X10.27 Y43.64 F1500
G1 X9.85 Y43.41 F1500
G1 X8.59 Y44.55 F1500
G1 X8.17 Y44.33 F1500
G1 X7.33 Y43.45 F1500
G1 X6.92 Y43.62 F1500
G1 X6.29 Y44.36 F1500
G1 X5.87 Y44.53 F1500
G1 X4.61 Y43.50 F1500
G1 X3.35 Y44.49 F1500
G1 X2.93 Y44.33 F1500
G1 X2.10 Y43.52 F1500
G1 X1.68 Y43.63 F1500
G1 X1.05 Y44.30 F1500
G1 X0.63 Y44.50 F1500
G1 X0.42 Y44.47 F1500
G1 X0.00 Y44.00 F1500
G1 X0.00 Y44.21 F1500
G1 X0.00 Y44.42 F1500
G1 X0.00 Y44.63 F1500
G1 X0.00 Y44.84 F1500
G1 X0.00 Y45.05 F1500
G1 X0.00 Y45.05 F1500
G1 X0.63 Y45.58 F1500
G1 X1.05 Y45.36 F1500
G1 X1.68 Y44.67 F1500
G1 X2.10 Y44.57 F1500
G1 X2.93 Y45.39 F1500
G1 X3.35 Y45.56 F1500
G1 X4.61 Y44.51 F1500
G1 X4.82 Y44.56 F1500
G1 X5.87 Y45.59 F1500
G1 X6.29 Y45.42 F1500
G1 X6.92 Y44.65 F1500
G1 X7.33 Y44.51 F1500
G1 X8.38 Y45.60 F1500
G1 X8.59 Y45.65 F1500
G1 X9.85 Y44.49 F1500
G1 X10.27 Y44.68 F1500
G1 X10.90 Y45.56 F1500
G1 X11.32 Y45.70 F1500
G1 X12.15 Y44.53 F1500
G1 X12.57 Y44.28 F1500
G1 X13.83 Y45.86 F1500
G1 X15.09 Y44.26 F1500
G1 X15.51 Y44.54 F1500
G1 X16.14 Y45.65 F1500
G1 X16.55 Y45.88 F1500
G1 X17.39 Y44.48 F1500
G1 X17.81 Y44.11 F1500
G1 X19.07 Y46.05 F1500
G1 X19.49 Y45.64 F1500
G1 X20.33 Y44.06 F1500
G1 X20.75 Y44.35 F1500
G1 X21.37 Y45.75 F1500
G1 X21.79 Y46.08 F1500
G1 X22.63 Y44.47 F1500
G1 X23.05 Y44.00 F1500
G1 X23.26 Y44.14 F1500
G1 X24.31 Y46.09 F1500
G1 X24.73 Y45.72 F1500
G1 X25.36 Y44.29 F1500
G1 X25.56 Y44.04 F1500
G1 X25.77 Y44.03 F1500
G1 X26.82 Y46.02 F1500
G1 X27.03 Y46.02 F1500
G1 X27.87 Y44.75 F1500
G1 X28.29 Y44.56 F1500
G1 X29.55 Y45.36 F1500
G1 X30.80 Y44.78 F1500
G1 X31.22 Y44.83 F1500
G1 X32.06 Y45.30 F1500
G1 X32.48 Y45.29 F1500
G1 X33.32 Y44.70 F1500
G1 X33.74 Y44.58 F1500
G1 X34.16 Y44.94 F1500
G1 X34.78 Y45.90 F1500
G1 X34.99 Y45.98 F1500
G1 X35.83 Y44.40 F1500
G1 X36.25 Y44.02 F1500
G1 X37.51 Y46.10 F1500
G1 X38.77 Y44.30 F1500
G1 X39.19 Y44.54 F1500
G1 X40.23 Y46.01 F1500
G1 X40.44 Y45.87 F1500
G1 X41.28 Y44.11 F1500
G1 X41.49 Y44.06 F1500
G1 X41.91 Y44.52 F1500
G1 X42.54 Y45.82 F1500
G1 X42.96 Y46.01 F1500
G1 X43.80 Y44.28 F1500
G1 X44.00 Y44.04 F1500
G1 X44.21 Y44.04 F1500
G1 X45.26 Y46.02 F1500
G1 X45.89 Y45.51 F1500
G1 X46.52 Y44.15 F1500
G1 X46.73 Y44.07 F1500
G1 X47.15 Y44.46 F1500
G1 X47.78 Y45.83 F1500
G1 X48.20 Y45.63 F1500
G1 X48.41 Y45.69 F1500
G1 X49.03 Y44.33 F1500
G1 X49.45 Y44.02 F1500
G1 X50.29 Y45.66 F1500
G1 X50.71 Y46.10 F1500
G1 X50.92 Y45.95 F1500
G1 X51.55 Y44.57 F1500
G1 X51.97 Y44.01 F1500
G1 X52.39 Y44.41 F1500
G1 X53.22 Y46.07 F1500
G1 X53.43 Y46.06 F1500
G1 X53.64 Y45.81 F1500
G1 X54.48 Y44.08 F1500
G1 X54.69 Y44.01 F1500
G1 X54.90 Y44.20 F1500
G1 X55.53 Y45.47 F1500
G1 X55.74 Y45.57 F1500
G1 X56.37 Y45.50 F1500
G1 X57.21 Y44.05 F1500
G1 X58.25 Y45.78 F1500
G1 X58.67 Y46.08 F1500
G1 X59.51 Y44.44 F1500
G1 X59.93 Y44.01 F1500
G1 X60.14 Y44.16 F1500
G1 X60.98 Y45.86 F1500
G1 X61.19 Y45.90 F1500
G1 X61.61 Y45.53 F1500
G1 X62.24 Y44.55 F1500
G1 X63.07 Y44.98 F1500
G1 X63.70 Y45.63 F1500
G1 X64.12 Y45.68 F1500
G1 X64.96 Y44.14 F1500
G1 X65.17 Y44.00 F1500
G1 X65.38 Y44.13 F1500
G1 X66.43 Y46.09 F1500
G1 X66.85 Y45.74 F1500
G1 X67.68 Y44.06 F1500
G1 X67.89 Y44.04 F1500
G1 X68.73 Y45.59 F1500
G1 X69.15 Y45.87 F1500
G1 X69.99 Y44.73 F1500
G1 X70.41 Y44.41 F1500
G1 X71.66 Y45.61 F1500
G1 X72.08 Y45.44 F1500
G1 X72.92 Y44.55 F1500
G1 X73.34 Y44.67 F1500
G1 X73.97 Y45.30 F1500
G1 X74.39 Y45.49 F1500
G1 X75.65 Y44.67 F1500
G1 X76.90 Y45.41 F1500
G1 X77.32 Y45.32 F1500
G1 X78.37 Y44.71 F1500
G1 X79.63 Y45.41 F1500
G1 X81.09 Y44.58 F1500
G1 X82.14 Y45.69 F1500
G1 X82.35 Y45.73 F1500
G1 X83.19 Y44.72 F1500
G1 X83.61 Y44.49 F1500
G1 X84.87 Y45.61 F1500
G1 X85.29 Y45.42 F1500
G1 X86.12 Y44.46 F1500
G1 X86.54 Y44.63 F1500
G1 X87.17 Y45.35 F1500
G1 X87.38 Y45.40 F1500
G1 X88.22 Y45.05 F1500
G1 X89.48 Y45.02 F1500
G1 X89.90 Y45.40 F1500
G1 X90.31 Y45.52 F1500
G1 X91.15 Y44.72 F1500
G1 X91.57 Y44.53 F1500
G1 X92.83 Y45.73 F1500
G1 X93.25 Y45.42 F1500
G1 X94.09 Y44.11 F1500
G1 X94.30 Y44.10 F1500
G1 X95.13 Y45.81 F1500
G1 X95.34 Y46.06 F1500
G1 X95.55 Y46.07 F1500
G1 X96.39 Y44.41 F1500
G1 X96.81 Y44.01 F1500
G1 X97.23 Y44.57 F1500
G1 X97.86 Y45.95 F1500
G1 X98.07 Y46.10 F1500
G1 X98.49 Y45.66 F1500
G1 X99.32 Y44.02 F1500
G1 X99.74 Y44.33 F1500
G1 X100.16 Y45.26 F1500
G1 X100.58 Y45.43 F1500
G1 X101.21 Y45.31 F1500
G1 X102.05 Y44.13 F1500
G1 X102.26 Y44.15 F1500
G1 X103.31 Y46.09 F1500
G1 X103.73 Y45.72 F1500
G1 X104.35 Y44.48 F1500
G1 X104.77 Y44.45 F1500
G1 X105.82 Y45.58 F1500
G1 X106.24 Y45.42 F1500
G1 X107.29 Y44.58 F1500
G1 X108.54 Y45.52 F1500
G1 X108.96 Y45.38 F1500
G1 X109.59 Y44.73 F1500
G1 X110.01 Y44.58 F1500
G1 X111.27 Y45.55 F1500
G1 X112.53 Y44.55 F1500
G1 X112.95 Y44.73 F1500
G1 X113.57 Y45.43 F1500
G1 X113.99 Y45.55 F1500
G1 X114.83 Y44.73 F1500
G1 X115.25 Y44.54 F1500
G1 X116.51 Y45.60 F1500
G1 X116.93 Y45.37 F1500
G1 X117.76 Y44.48 F1500
G1 X118.18 Y44.65 F1500
G1 X118.81 Y45.44 F1500
G1 X119.02 Y45.50 F1500
G1 X120.07 Y45.00 F1500
G1 X153.81 Y45.11 F1500
G1 X154.23 Y44.88 F1500
G1 X154.64 Y44.34 F1500
G1 X154.85 Y44.35 F1500
G1 X155.69 Y45.55 F1500
G1 X156.11 Y45.73 F1500
G1 X156.95 Y44.63 F1500
G1 X157.37 Y44.36 F1500
G1 X158.63 Y45.77 F1500
G1 X159.05 Y45.48 F1500
G1 X159.88 Y44.35 F1500
G1 X160.30 Y44.56 F1500
G1 X161.14 Y45.74 F1500
G1 X161.56 Y45.56 F1500
G1 X162.40 Y44.56 F1500
G1 X163.86 Y45.36 F1500
G1 X165.12 Y44.82 F1500
G1 X166.38 Y45.23 F1500
G1 X167.85 Y44.86 F1500
G1 X169.52 Y45.25 F1500
G1 X170.57 Y44.45 F1500
G1 X170.78 Y44.53 F1500
G1 X171.62 Y45.64 F1500
G1 X171.83 Y45.69 F1500
G1 X173.08 Y44.43 F1500
G1 X173.50 Y44.65 F1500
G1 X174.13 Y45.52 F1500
G1 X174.55 Y45.66 F1500
G1 X175.39 Y44.65 F1500
G1 X175.81 Y44.45 F1500
G1 X177.07 Y45.66 F1500
G1 X177.49 Y45.40 F1500
G1 X178.11 Y44.63 F1500
G1 X178.53 Y44.53 F1500
G1 X180.00 Y45.87 F1500
G1 X180.00 Y46.08 F1500
G1 X180.00 Y46.29 F1500
G1 X180.00 Y46.50 F1500
G1 X180.00 Y46.71 F1500
G1 X180.00 Y46.92 F1500
G1 X180.00 Y46.92 F1500
G1 X179.79 Y46.67 F1500
G1 X179.58 Y46.72 F1500
G1 X179.37 Y46.56 F1500
G1 X178.74 Y45.67 F1500
G1 X178.32 Y45.49 F1500
G1 X177.28 Y46.67 F1500
G1 X177.07 Y46.73 F1500
G1 X176.65 Y46.42 F1500
G1 X176.02 Y45.57 F1500
G1 X175.60 Y45.52 F1500
G1 X174.55 Y46.72 F1500
G1 X174.13 Y46.57 F1500
G1 X173.50 Y45.70 F1500
G1 X173.08 Y45.50 F1500
G1 X172.25 Y46.43 F1500
G1 X171.83 Y46.62 F1500
G1 X170.78 Y45.89 F1500
G1 X169.94 Y46.09 F1500
G1 X163.86 Y46.17 F1500
G1 X162.61 Y45.99 F1500
G1 X161.14 Y46.29 F1500
G1 X160.09 Y45.85 F1500
G1 X159.46 Y45.97 F1500
G1 X158.63 Y46.61 F1500
G1 X158.21 Y46.36 F1500
G1 X157.37 Y45.41 F1500
G1 X156.95 Y45.69 F1500
G1 X156.11 Y46.81 F1500
G1 X155.69 Y46.62 F1500
G1 X155.06 Y45.81 F1500
G1 X154.02 Y46.10 F1500
G1 X150.87 Y46.12 F1500
G1 X121.75 Y46.17 F1500
G1 X120.49 Y46.05 F1500
G1 X119.65 Y46.13 F1500
G1 X119.02 Y46.38 F1500
G1 X118.60 Y46.23 F1500
G1 X117.97 Y45.53 F1500
G1 X117.56 Y45.66 F1500
G1 X116.93 Y46.42 F1500
G1 X116.51 Y46.66 F1500
G1 X115.25 Y45.53 F1500
G1 X114.83 Y45.75 F1500
G1 X113.99 Y46.62 F1500
G1 X113.57 Y46.48 F1500
G1 X112.95 Y45.78 F1500
G1 X112.53 Y45.59 F1500
G1 X111.27 Y46.59 F1500
G1 X110.01 Y45.63 F1500
G1 X109.59 Y45.78 F1500
G1 X108.75 Y46.56 F1500
G1 X108.34 Y46.47 F1500
G1 X107.71 Y45.84 F1500
G1 X107.29 Y45.64 F1500
G1 X106.24 Y46.49 F1500
G1 X105.82 Y46.57 F1500
G1 X104.98 Y45.73 F1500
G1 X104.56 Y45.58 F1500
G1 X104.14 Y45.88 F1500
G1 X103.73 Y46.76 F1500
G1 X103.31 Y47.14 F1500
G1 X102.26 Y45.19 F1500
G1 X101.21 Y46.31 F1500
G1 X100.37 Y46.60 F1500
G1 X99.74 Y45.38 F1500
G1 X99.32 Y45.07 F1500
G1 X98.49 Y46.71 F1500
G1 X98.07 Y47.15 F1500
G1 X97.86 Y46.99 F1500
G1 X97.23 Y45.62 F1500
G1 X96.81 Y45.06 F1500
G1 X96.39 Y45.45 F1500
G1 X95.55 Y47.12 F1500
G1 X95.34 Y47.11 F1500
G1 X95.13 Y46.86 F1500
G1 X94.51 Y45.43 F1500
G1 X94.09 Y45.06 F1500
G1 X93.25 Y46.54 F1500
G1 X92.83 Y46.82 F1500
G1 X91.57 Y45.54 F1500
G1 X91.15 Y45.73 F1500
G1 X90.31 Y46.57 F1500
G1 X89.90 Y46.46 F1500
G1 X89.27 Y45.86 F1500
G1 X89.06 Y45.84 F1500
G1 X87.38 Y46.57 F1500
G1 X86.33 Y45.41 F1500
G1 X85.91 Y45.65 F1500
G1 X85.29 Y46.54 F1500
G1 X84.87 Y46.83 F1500
G1 X84.66 Y46.72 F1500
G1 X84.03 Y45.72 F1500
G1 X83.61 Y45.48 F1500
G1 X82.35 Y46.77 F1500
G1 X82.14 Y46.73 F1500
G1 X81.09 Y45.63 F1500
G1 X79.63 Y46.49 F1500
G1 X78.37 Y45.74 F1500
G1 X77.95 Y45.88 F1500
G1 X77.32 Y46.39 F1500
G1 X76.90 Y46.47 F1500
G1 X75.65 Y45.69 F1500
G1 X74.39 Y46.57 F1500
G1 X73.97 Y46.36 F1500
G1 X73.34 Y45.70 F1500
G1 X72.92 Y45.60 F1500
G1 X72.08 Y46.50 F1500
G1 X71.66 Y46.65 F1500
G1 X70.41 Y45.47 F1500
G1 X69.99 Y45.79 F1500
G1 X69.15 Y46.94 F1500
G1 X68.73 Y46.64 F1500
G1 X68.10 Y45.36 F1500
G1 X67.89 Y45.12 F1500
G1 X67.68 Y45.12 F1500
G1 X66.85 Y46.79 F1500
G1 X66.43 Y47.14 F1500
G1 X65.38 Y45.18 F1500
G1 X65.17 Y45.05 F1500
G1 X64.96 Y45.19 F1500
G1 X64.12 Y46.94 F1500
G1 X63.91 Y47.11 F1500
G1 X63.28 Y46.20 F1500
G1 X62.65 Y45.70 F1500
G1 X62.03 Y45.96 F1500
G1 X61.40 Y46.49 F1500
G1 X60.98 Y46.39 F1500
G1 X60.35 Y45.94 F1500
G1 X59.93 Y45.05 F1500
G1 X59.51 Y45.48 F1500
G1 X58.67 Y47.13 F1500
G1 X58.25 Y46.83 F1500
G1 X57.63 Y45.40 F1500
G1 X57.42 Y45.11 F1500
G1 X57.21 Y45.09 F1500
G1 X56.16 Y47.03 F1500
G1 X55.95 Y47.15 F1500
G1 X55.74 Y47.01 F1500
G1 X54.69 Y45.06 F1500
G1 X54.27 Y45.43 F1500
G1 X53.64 Y46.86 F1500
G1 X53.43 Y47.11 F1500
G1 X53.22 Y47.12 F1500
G1 X52.39 Y45.45 F1500
G1 X51.97 Y45.06 F1500
G1 X51.55 Y45.62 F1500
G1 X50.92 Y46.99 F1500
G1 X50.71 Y47.15 F1500
G1 X50.29 Y46.71 F1500
G1 X49.45 Y45.08 F1500
G1 X49.24 Y45.10 F1500
G1 X49.03 Y45.38 F1500
G1 X48.61 Y46.33 F1500
G1 X47.99 Y47.05 F1500
G1 X46.73 Y45.05 F1500
G1 X46.52 Y45.19 F1500
G1 X45.47 Y47.14 F1500
G1 X45.26 Y47.07 F1500
G1 X44.21 Y45.09 F1500
G1 X44.00 Y45.08 F1500
G1 X43.80 Y45.33 F1500
G1 X43.17 Y46.75 F1500
G1 X42.75 Y47.14 F1500
G1 X41.70 Y45.20 F1500
G1 X41.49 Y45.07 F1500
G1 X41.07 Y45.50 F1500
G1 X40.23 Y47.12 F1500
G1 X39.19 Y45.56 F1500
G1 X38.77 Y45.30 F1500
G1 X37.51 Y47.05 F1500
G1 X37.30 Y46.93 F1500
G1 X36.67 Y45.73 F1500
G1 X36.25 Y45.44 F1500
G1 X35.83 Y45.63 F1500
G1 X34.99 Y46.98 F1500
G1 X33.74 Y45.64 F1500
G1 X32.27 Y46.38 F1500
G1 X31.01 Y45.82 F1500
G1 X29.55 Y46.39 F1500
G1 X28.29 Y45.59 F1500
G1 X27.87 Y45.79 F1500
G1 X27.03 Y47.07 F1500
G1 X26.82 Y47.06 F1500
G1 X25.77 Y45.08 F1500
G1 X25.56 Y45.09 F1500
G1 X25.36 Y45.34 F1500
G1 X24.73 Y46.77 F1500
G1 X24.31 Y47.14 F1500
G1 X23.26 Y45.19 F1500
G1 X23.05 Y45.05 F1500
G1 X22.84 Y45.17 F1500
G1 X21.79 Y47.12 F1500
G1 X21.37 Y46.79 F1500
G1 X20.75 Y45.39 F1500
G1 X20.33 Y45.12 F1500
G1 X19.49 Y46.68 F1500
G1 X19.07 Y47.08 F1500
G1 X17.81 Y45.15 F1500
G1 X17.39 Y45.53 F1500
G1 X16.55 Y46.93 F1500
G1 X16.14 Y46.70 F1500
G1 X15.51 Y45.59 F1500
G1 X15.09 Y45.31 F1500
G1 X14.04 Y46.79 F1500
G1 X13.83 Y46.89 F1500
G1 X13.62 Y46.80 F1500
G1 X12.57 Y45.32 F1500
G1 X12.15 Y45.59 F1500
G1 X11.32 Y46.78 F1500
G1 X10.90 Y46.63 F1500
G1 X10.27 Y45.74 F1500
G1 X9.85 Y45.51 F1500
G1 X8.59 Y46.66 F1500
G1 X8.17 Y46.45 F1500
G1 X7.33 Y45.55 F1500
G1 X6.92 Y45.67 F1500
G1 X6.29 Y46.47 F1500
G1 X5.87 Y46.66 F1500
G1 X4.61 Y45.54 F1500
G1 X3.35 Y46.64 F1500
G1 X2.93 Y46.46 F1500
G1 X2.10 Y45.56 F1500
G1 X1.68 Y45.68 F1500
G1 X1.05 Y46.41 F1500
G1 X0.63 Y46.65 F1500
G1 X0.00 Y46.10 F1500
G1 X0.00 Y46.31 F1500
G1 X0.00 Y46.52 F1500
G1 X0.00 Y46.73 F1500
G1 X0.00 Y46.94 F1500
G1 X0.00 Y47.15 F1500
G1 X0.00 Y47.15 F1500
G1 X0.63 Y47.71 F1500
G1 X1.05 Y47.48 F1500
G1 X1.68 Y46.72 F1500
G1 X2.10 Y46.61 F1500
G1 X2.93 Y47.52 F1500
G1 X3.35 Y47.71 F1500
G1 X4.61 Y46.58 F1500
G1 X5.87 Y47.70 F1500
G1 X6.29 Y47.52 F1500
G1 X6.92 Y46.74 F1500
G1 X7.33 Y46.59 F1500
G1 X8.17 Y47.50 F1500
G1 X8.59 Y47.74 F1500
G1 X9.85 Y46.54 F1500
G1 X10.27 Y46.78 F1500
G1 X10.90 Y47.69 F1500
G1 X11.32 Y47.85 F1500
G1 X12.15 Y46.63 F1500
G1 X12.57 Y46.37 F1500
G1 X13.62 Y47.85 F1500
G1 X13.83 Y47.94 F1500
G1 X14.04 Y47.84 F1500
G1 X15.09 Y46.36 F1500
G1 X15.51 Y46.63 F1500
G1 X16.14 Y47.74 F1500
G1 X16.55 Y47.99 F1500
G1 X17.39 Y46.58 F1500
G1 X17.81 Y46.20 F1500
G1 X18.02 Y46.33 F1500
G1 X18.65 Y47.64 F1500
G1 X19.07 Y48.14 F1500
G1 X19.49 Y47.73 F1500
G1 X20.33 Y46.15 F1500
G1 X20.75 Y46.44 F1500
G1 X21.37 Y47.84 F1500
G1 X21.79 Y48.17 F1500
G1 X22.84 Y46.22 F1500
G1 X23.05 Y46.10 F1500
G1 X23.26 Y46.24 F1500
G1 X24.31 Y48.19 F1500
G1 X24.73 Y47.81 F1500
G1 X25.36 Y46.39 F1500
G1 X25.56 Y46.14 F1500
G1 X25.77 Y46.13 F1500
G1 X26.82 Y48.05 F1500
G1 X27.24 Y47.79 F1500
G1 X27.87 Y46.85 F1500
G1 X28.29 Y46.67 F1500
G1 X29.55 Y47.50 F1500
G1 X31.01 Y46.82 F1500
G1 X32.06 Y47.43 F1500
G1 X32.48 Y47.40 F1500
G1 X33.32 Y46.80 F1500
G1 X33.74 Y46.68 F1500
G1 X34.99 Y48.02 F1500
G1 X35.20 Y47.86 F1500
G1 X35.83 Y46.52 F1500
G1 X36.25 Y46.13 F1500
G1 X37.09 Y47.64 F1500
G1 X37.51 Y48.07 F1500
G1 X37.72 Y47.96 F1500
G1 X38.56 Y46.47 F1500
G1 X38.77 Y46.34 F1500
G1 X39.19 Y46.55 F1500
G1 X39.81 Y47.80 F1500
G1 X40.23 Y48.09 F1500
G1 X40.65 Y47.53 F1500
G1 X41.07 Y46.55 F1500
G1 X41.49 Y46.19 F1500
G1 X41.70 Y46.25 F1500
G1 X42.75 Y48.19 F1500
G1 X43.17 Y47.80 F1500
G1 X43.80 Y46.38 F1500
G1 X44.00 Y46.13 F1500
G1 X44.21 Y46.13 F1500
G1 X45.05 Y47.81 F1500
G1 X45.47 Y48.19 F1500
G1 X46.52 Y46.24 F1500
G1 X46.73 Y46.10 F1500
G1 X47.57 Y47.56 F1500
G1 X48.20 Y48.13 F1500
G1 X49.03 Y46.43 F1500
G1 X49.45 Y46.12 F1500
G1 X50.29 Y47.76 F1500
G1 X50.71 Y48.19 F1500
G1 X50.92 Y48.04 F1500
G1 X51.55 Y46.67 F1500
G1 X51.97 Y46.10 F1500
G1 X52.39 Y46.50 F1500
G1 X53.22 Y48.17 F1500
G1 X53.43 Y48.16 F1500
G1 X53.64 Y47.90 F1500
G1 X54.27 Y46.48 F1500
G1 X54.69 Y46.11 F1500
G1 X55.74 Y47.98 F1500
G1 X56.16 Y48.07 F1500
G1 X57.21 Y46.11 F1500
G1 X57.63 Y46.45 F1500
G1 X58.46 Y48.15 F1500
G1 X58.67 Y48.17 F1500
G1 X58.88 Y47.95 F1500
G1 X59.51 Y46.53 F1500
G1 X59.72 Y46.36 F1500
G1 X60.98 Y47.48 F1500
G1 X61.19 Y47.34 F1500
G1 X61.61 Y47.41 F1500
G1 X62.65 Y46.34 F1500
G1 X62.86 Y46.45 F1500
G1 X63.49 Y47.83 F1500
G1 X63.91 Y48.19 F1500
G1 X64.96 Y46.23 F1500
G1 X65.17 Y46.10 F1500
G1 X65.38 Y46.22 F1500
G1 X66.43 Y48.18 F1500
G1 X66.64 Y48.13 F1500
G1 X67.26 Y46.92 F1500
G1 X67.89 Y46.22 F1500
G1 X68.73 Y47.65 F1500
G1 X69.15 Y47.91 F1500
G1 X70.41 Y46.50 F1500
G1 X71.66 Y47.71 F1500
G1 X72.08 Y47.55 F1500
G1 X72.71 Y46.79 F1500
G1 X73.13 Y46.62 F1500
G1 X73.97 Y47.41 F1500
G1 X74.39 Y47.61 F1500
G1 X75.65 Y46.73 F1500
G1 X76.90 Y47.53 F1500
G1 X77.32 Y47.44 F1500
G1 X78.37 Y46.77 F1500
G1 X79.63 Y47.53 F1500
G1 X81.09 Y46.70 F1500
G1 X82.35 Y47.70 F1500
G1 X83.61 Y46.50 F1500
G1 X84.87 Y47.76 F1500
G1 X85.29 Y47.51 F1500
G1 X86.12 Y46.44 F1500
G1 X86.33 Y46.37 F1500
G1 X87.17 Y47.55 F1500
G1 X87.38 Y47.64 F1500
G1 X88.01 Y47.22 F1500
G1 X89.06 Y46.84 F1500
G1 X89.90 Y47.50 F1500
G1 X90.31 Y47.63 F1500
G1 X91.15 Y46.77 F1500
G1 X91.57 Y46.55 F1500
G1 X91.78 Y46.62 F1500
G1 X92.83 Y47.94 F1500
G1 X93.25 Y47.67 F1500
G1 X94.09 Y46.11 F1500
G1 X94.51 Y46.48 F1500
G1 X95.13 Y47.90 F1500
G1 X95.34 Y48.16 F1500
G1 X95.55 Y48.17 F1500
G1 X96.39 Y46.50 F1500
G1 X96.81 Y46.10 F1500
G1 X97.23 Y46.67 F1500
G1 X97.86 Y48.04 F1500
G1 X98.07 Y48.19 F1500
G1 X98.49 Y47.76 F1500
G1 X99.32 Y46.12 F1500
G1 X99.74 Y46.43 F1500
G1 X100.37 Y47.85 F1500
G1 X101.21 Y47.33 F1500
G1 X101.84 Y46.60 F1500
G1 X102.26 Y46.54 F1500
G1 X102.47 Y46.62 F1500
G1 X103.31 Y48.19 F1500
G1 X104.56 Y46.59 F1500
G1 X104.98 Y46.78 F1500
G1 X105.61 Y47.47 F1500
G1 X106.03 Y47.59 F1500
G1 X107.08 Y46.75 F1500
G1 X107.50 Y46.72 F1500
G1 X108.54 Y47.62 F1500
G1 X108.96 Y47.48 F1500
G1 X109.59 Y46.82 F1500
G1 X110.01 Y46.66 F1500
G1 X111.27 Y47.65 F1500
G1 X112.53 Y46.65 F1500
G1 X112.95 Y46.82 F1500
G1 X113.57 Y47.53 F1500
G1 X113.99 Y47.67 F1500
G1 X114.83 Y46.80 F1500
G1 X115.25 Y46.59 F1500
G1 X116.51 Y47.71 F1500
G1 X116.93 Y47.47 F1500
G1 X117.76 Y46.56 F1500
G1 X117.97 Y46.57 F1500
G1 X118.81 Y47.36 F1500
G1 X120.49 Y47.11 F1500
G1 X153.60 Y47.21 F1500
G1 X155.06 Y47.06 F1500
G1 X156.11 Y47.40 F1500
G1 X157.37 Y46.96 F1500
G1 X158.63 Y47.32 F1500
G1 X159.88 Y47.00 F1500
G1 X161.14 Y47.24 F1500
G1 X162.40 Y47.11 F1500
G1 X169.31 Y47.18 F1500
G1 X170.57 Y47.07 F1500
G1 X171.41 Y47.20 F1500
G1 X172.04 Y47.50 F1500
G1 X173.08 Y46.50 F1500
G1 X173.50 Y46.72 F1500
G1 X174.13 Y47.62 F1500
G1 X174.55 Y47.77 F1500
G1 X175.39 Y46.76 F1500
G1 X175.81 Y46.53 F1500
G1 X177.07 Y47.81 F1500
G1 X177.28 Y47.75 F1500
G1 X178.32 Y46.53 F1500
G1 X178.74 Y46.69 F1500
G1 X179.37 Y47.60 F1500
G1 X180.00 Y47.97 F1500
G1 X180.00 Y48.18 F1500
G1 X180.00 Y48.39 F1500
G1 X180.00 Y48.60 F1500
G1 X180.00 Y48.81 F1500
G1 X180.00 Y49.02 F1500
G1 X180.00 Y49.02 F1500
G1 X179.37 Y48.67 F1500
G1 X178.74 Y47.74 F1500
G1 X178.32 Y47.55 F1500
G1 X177.49 Y48.57 F1500
G1 X177.07 Y48.83 F1500
G1 X175.81 Y47.58 F1500
G1 X175.39 Y47.81 F1500
G1 X174.55 Y48.82 F1500
G1 X174.13 Y48.67 F1500
G1 X173.29 Y47.62 F1500
G1 X172.88 Y47.76 F1500
G1 X172.25 Y48.31 F1500
G1 X170.57 Y48.11 F1500
G1 X166.59 Y48.29 F1500
G1 X165.12 Y48.10 F1500
G1 X164.07 Y48.28 F1500
G1 X159.88 Y48.11 F1500
G1 X158.63 Y48.34 F1500
G1 X157.37 Y48.00 F1500
G1 X156.11 Y48.39 F1500
G1 X154.64 Y48.02 F1500
G1 X153.39 Y48.34 F1500
G1 X152.13 Y48.08 F1500
G1 X150.66 Y48.32 F1500
G1 X149.41 Y48.11 F1500
G1 X148.15 Y48.27 F1500
G1 X146.89 Y48.12 F1500
G1 X145.42 Y48.25 F1500
G1 X144.17 Y48.12 F1500
G1 X142.91 Y48.24 F1500
G1 X120.28 Y48.16 F1500
G1 X118.81 Y48.33 F1500
G1 X117.76 Y47.57 F1500
G1 X116.51 Y48.80 F1500
G1 X115.25 Y47.65 F1500
G1 X114.83 Y47.85 F1500
G1 X113.99 Y48.70 F1500
G1 X113.57 Y48.58 F1500
G1 X112.95 Y47.88 F1500
G1 X112.53 Y47.70 F1500
G1 X111.27 Y48.70 F1500
G1 X110.01 Y47.70 F1500
G1 X109.59 Y47.85 F1500
G1 X108.96 Y48.54 F1500
G1 X108.54 Y48.69 F1500
G1 X107.50 Y47.77 F1500
G1 X107.08 Y47.79 F1500
G1 X106.03 Y48.66 F1500
G1 X105.61 Y48.49 F1500
G1 X104.98 Y47.81 F1500
G1 X104.56 Y47.70 F1500
G1 X103.31 Y49.10 F1500
G1 X103.10 Y49.03 F1500
G1 X102.47 Y47.76 F1500
G1 X101.84 Y47.46 F1500
G1 X100.58 Y49.19 F1500
G1 X99.74 Y47.47 F1500
G1 X99.32 Y47.17 F1500
G1 X98.49 Y48.80 F1500
G1 X98.07 Y49.24 F1500
G1 X97.86 Y49.09 F1500
G1 X97.23 Y47.72 F1500
G1 X96.81 Y47.16 F1500
G1 X96.39 Y47.55 F1500
G1 X95.55 Y49.21 F1500
G1 X95.34 Y49.21 F1500
G1 X95.13 Y48.95 F1500
G1 X94.51 Y47.52 F1500
G1 X94.09 Y47.16 F1500
G1 X93.04 Y49.11 F1500
G1 X92.83 Y49.24 F1500
G1 X91.99 Y47.92 F1500
G1 X91.57 Y47.55 F1500
G1 X91.36 Y47.60 F1500
G1 X90.31 Y48.68 F1500
G1 X89.90 Y48.57 F1500
G1 X89.06 Y47.88 F1500
G1 X88.01 Y48.26 F1500
G1 X87.38 Y48.31 F1500
G1 X86.12 Y47.77 F1500
G1 X84.87 Y48.63 F1500
G1 X83.61 Y47.73 F1500
G1 X82.35 Y48.63 F1500
G1 X81.93 Y48.47 F1500
G1 X81.30 Y47.91 F1500
G1 X80.88 Y47.81 F1500
G1 X79.84 Y48.54 F1500
G1 X79.42 Y48.51 F1500
G1 X78.37 Y47.82 F1500
G1 X77.32 Y48.49 F1500
G1 X76.90 Y48.57 F1500
G1 X76.07 Y47.90 F1500
G1 X75.65 Y47.76 F1500
G1 X74.39 Y48.67 F1500
G1 X73.13 Y47.67 F1500
G1 X72.71 Y47.84 F1500
G1 X72.08 Y48.60 F1500
G1 X71.66 Y48.77 F1500
G1 X70.41 Y47.52 F1500
G1 X69.15 Y48.95 F1500
G1 X68.73 Y48.70 F1500
G1 X67.89 Y47.30 F1500
G1 X67.26 Y47.95 F1500
G1 X66.64 Y49.18 F1500
G1 X66.43 Y49.23 F1500
G1 X65.38 Y47.27 F1500
G1 X65.17 Y47.15 F1500
G1 X64.96 Y47.28 F1500
G1 X63.91 Y49.23 F1500
G1 X63.49 Y48.87 F1500
G1 X62.86 Y47.45 F1500
G1 X62.65 Y47.19 F1500
G1 X62.44 Y47.17 F1500
G1 X61.61 Y48.58 F1500
G1 X61.19 Y48.20 F1500
G1 X60.98 Y48.56 F1500
G1 X60.77 Y48.59 F1500
G1 X59.93 Y47.33 F1500
G1 X59.51 Y47.66 F1500
G1 X59.09 Y48.43 F1500
G1 X58.46 Y48.63 F1500
G1 X58.04 Y48.34 F1500
G1 X57.42 Y47.39 F1500
G1 X57.21 Y47.32 F1500
G1 X56.79 Y47.78 F1500
G1 X56.16 Y49.12 F1500
G1 X55.95 Y49.24 F1500
G1 X55.74 Y49.11 F1500
G1 X54.69 Y47.16 F1500
G1 X54.27 Y47.52 F1500
G1 X53.64 Y48.95 F1500
G1 X53.43 Y49.06 F1500
G1 X53.02 Y48.77 F1500
G1 X52.18 Y47.23 F1500
G1 X51.97 Y47.15 F1500
G1 X51.55 Y47.71 F1500
G1 X50.92 Y49.09 F1500
G1 X50.71 Y49.24 F1500
G1 X50.50 Y49.14 F1500
G1 X49.66 Y47.44 F1500
G1 X49.45 Y47.36 F1500
G1 X49.03 Y47.68 F1500
G1 X48.41 Y48.90 F1500
G1 X48.20 Y49.03 F1500
G1 X47.78 Y48.94 F1500
G1 X46.94 Y47.29 F1500
G1 X46.73 Y47.19 F1500
G1 X45.47 Y49.24 F1500
G1 X45.05 Y48.82 F1500
G1 X44.21 Y47.18 F1500
G1 X44.00 Y47.18 F1500
G1 X43.17 Y48.85 F1500
G1 X42.75 Y49.24 F1500
G1 X41.70 Y47.30 F1500
G1 X41.49 Y47.16 F1500
G1 X41.07 Y47.59 F1500
G1 X40.23 Y49.23 F1500
G1 X40.02 Y49.19 F1500
G1 X39.19 Y47.59 F1500
G1 X38.98 Y47.47 F1500
G1 X38.56 Y47.59 F1500
G1 X37.93 Y48.72 F1500
G1 X37.51 Y49.12 F1500
G1 X37.09 Y48.69 F1500
G1 X36.25 Y47.17 F1500
G1 X35.83 Y47.54 F1500
G1 X35.20 Y48.92 F1500
G1 X34.99 Y49.08 F1500
G1 X33.74 Y47.72 F1500
G1 X32.48 Y48.43 F1500
G1 X32.06 Y48.46 F1500
G1 X31.22 Y47.96 F1500
G1 X30.80 Y47.90 F1500
G1 X29.55 Y48.56 F1500
G1 X28.29 Y47.76 F1500
G1 X27.87 Y47.95 F1500
G1 X27.03 Y48.98 F1500
G1 X26.82 Y49.01 F1500
G1 X25.77 Y47.18 F1500
G1 X25.56 Y47.18 F1500
G1 X25.36 Y47.44 F1500
G1 X24.73 Y48.86 F1500
G1 X24.31 Y49.24 F1500
G1 X23.26 Y47.30 F1500
G1 X23.05 Y47.16 F1500
G1 X22.63 Y47.62 F1500
G1 X21.79 Y49.22 F1500
G1 X21.58 Y49.18 F1500
G1 X21.37 Y48.90 F1500
G1 X20.75 Y47.48 F1500
G1 X20.33 Y47.19 F1500
G1 X19.49 Y48.80 F1500
G1 X19.07 Y49.22 F1500
G1 X17.81 Y47.21 F1500
G1 X17.39 Y47.62 F1500
G1 X16.55 Y49.05 F1500
G1 X16.14 Y48.82 F1500
G1 X15.51 Y47.65 F1500
G1 X15.09 Y47.37 F1500
G1 X14.25 Y48.62 F1500
G1 X13.83 Y48.98 F1500
G1 X13.62 Y48.89 F1500
G1 X12.57 Y47.42 F1500
G1 X12.15 Y47.68 F1500
G1 X11.32 Y48.90 F1500
G1 X10.90 Y48.75 F1500
G1 X10.27 Y47.79 F1500
G1 X9.85 Y47.58 F1500
G1 X8.59 Y48.79 F1500
G1 X8.17 Y48.55 F1500
G1 X7.33 Y47.63 F1500
G1 X6.92 Y47.79 F1500
G1 X6.29 Y48.56 F1500
G1 X5.87 Y48.75 F1500
G1 X4.61 Y47.61 F1500
G1 X3.35 Y48.76 F1500
G1 X2.93 Y48.56 F1500
G1 X2.10 Y47.65 F1500
G1 X1.68 Y47.77 F1500
G1 X0.84 Y48.70 F1500
G1 X0.42 Y48.71 F1500
G1 X0.00 Y48.20 F1500
G1 X0.00 Y48.41 F1500
G1 X0.00 Y48.61 F1500
G1 X0.00 Y48.82 F1500
G1 X0.00 Y49.03 F1500
G1 X0.00 Y49.24 F1500
G1 X0.00 Y49.24 F1500
G1 X0.42 Y49.78 F1500
G1 X0.84 Y49.77 F1500
G1 X1.68 Y48.82 F1500
G1 X2.10 Y48.72 F1500
G1 X2.93 Y49.59 F1500
G1 X3.35 Y49.76 F1500
G1 X4.61 Y48.68 F1500
G1 X5.87 Y49.77 F1500
G1 X6.29 Y49.61 F1500
G1 X6.92 Y48.84 F1500
G1 X7.33 Y48.69 F1500
G1 X8.17 Y49.58 F1500
G1 X8.59 Y49.82 F1500
G1 X9.85 Y48.61 F1500
G1 X10.27 Y48.83 F1500
G1 X11.11 Y49.98 F1500
G1 X11.53 Y49.77 F1500
G1 X12.15 Y48.73 F1500
G1 X12.57 Y48.44 F1500
G1 X13.83 Y50.11 F1500
G1 X14.04 Y49.99 F1500
G1 X15.09 Y48.36 F1500
G1 X15.51 Y48.67 F1500
G1 X16.14 Y49.89 F1500
G1 X16.55 Y50.16 F1500
G1 X17.39 Y48.63 F1500
G1 X17.81 Y48.23 F1500
G1 X19.07 Y50.29 F1500
G1 X19.49 Y49.85 F1500
G1 X20.33 Y48.23 F1500
G1 X20.75 Y48.53 F1500
G1 X21.37 Y49.95 F1500
G1 X21.79 Y50.28 F1500
G1 X22.63 Y48.66 F1500
G1 X23.05 Y48.20 F1500
G1 X23.26 Y48.34 F1500
G1 X24.31 Y50.28 F1500
G1 X24.73 Y49.91 F1500
G1 X25.36 Y48.48 F1500
G1 X25.56 Y48.23 F1500
G1 X25.77 Y48.23 F1500
G1 X26.82 Y50.03 F1500
G1 X27.87 Y48.99 F1500
G1 X28.29 Y48.80 F1500
G1 X29.55 Y49.61 F1500
G1 X30.80 Y48.95 F1500
G1 X31.22 Y49.01 F1500
G1 X32.06 Y49.49 F1500
G1 X32.48 Y49.48 F1500
G1 X33.74 Y48.78 F1500
G1 X34.99 Y50.11 F1500
G1 X35.20 Y49.95 F1500
G1 X35.83 Y48.59 F1500
G1 X36.25 Y48.20 F1500
G1 X37.09 Y49.73 F1500
G1 X37.51 Y50.18 F1500
G1 X38.35 Y48.93 F1500
G1 X38.56 Y48.77 F1500
G1 X39.19 Y48.70 F1500
G1 X40.02 Y50.24 F1500
G1 X40.23 Y50.27 F1500
G1 X41.28 Y48.30 F1500
G1 X41.49 Y48.20 F1500
G1 X42.75 Y50.27 F1500
G1 X43.17 Y49.90 F1500
G1 X43.80 Y48.47 F1500
G1 X44.00 Y48.23 F1500
G1 X44.21 Y48.23 F1500
G1 X45.05 Y49.91 F1500
G1 X45.47 Y50.28 F1500
G1 X46.52 Y48.34 F1500
G1 X46.73 Y48.20 F1500
G1 X47.15 Y48.65 F1500
G1 X47.57 Y49.65 F1500
G1 X47.99 Y50.09 F1500
G1 X48.61 Y49.49 F1500
G1 X48.82 Y48.98 F1500
G1 X49.45 Y48.21 F1500
G1 X50.29 Y49.69 F1500
G1 X50.92 Y50.00 F1500
G1 X51.76 Y48.43 F1500
G1 X52.18 Y48.38 F1500
G1 X53.22 Y50.26 F1500
G1 X53.43 Y50.25 F1500
G1 X53.64 Y50.00 F1500
G1 X54.27 Y48.57 F1500
G1 X54.69 Y48.20 F1500
G1 X55.74 Y50.05 F1500
G1 X56.79 Y49.03 F1500
G1 X57.21 Y48.83 F1500
G1 X58.25 Y49.33 F1500
G1 X58.46 Y49.99 F1500
G1 X58.67 Y50.11 F1500
G1 X59.72 Y48.43 F1500
G1 X60.14 Y48.39 F1500
G1 X60.35 Y49.08 F1500
G1 X61.19 Y50.28 F1500
G1 X61.61 Y49.88 F1500
G1 X62.44 Y48.22 F1500
G1 X62.65 Y48.23 F1500
G1 X62.86 Y48.49 F1500
G1 X63.49 Y49.92 F1500
G1 X63.91 Y50.28 F1500
G1 X64.96 Y48.33 F1500
G1 X65.17 Y48.20 F1500
G1 X65.38 Y48.32 F1500
G1 X66.43 Y50.28 F1500
G1 X66.85 Y49.94 F1500
G1 X67.47 Y48.65 F1500
G1 X67.89 Y48.42 F1500
G1 X68.73 Y49.74 F1500
G1 X69.15 Y49.98 F1500
G1 X70.41 Y48.60 F1500
G1 X71.66 Y49.81 F1500
G1 X72.08 Y49.65 F1500
G1 X72.71 Y48.89 F1500
G1 X73.13 Y48.71 F1500
G1 X74.39 Y49.74 F1500
G1 X75.65 Y48.76 F1500
G1 X76.07 Y48.92 F1500
G1 X76.90 Y49.70 F1500
G1 X77.32 Y49.58 F1500
G1 X77.95 Y48.99 F1500
G1 X78.37 Y48.85 F1500
G1 X79.42 Y49.60 F1500
G1 X79.84 Y49.63 F1500
G1 X80.88 Y48.83 F1500
G1 X81.30 Y48.94 F1500
G1 X81.93 Y49.54 F1500
G1 X82.35 Y49.68 F1500
G1 X83.61 Y48.82 F1500
G1 X84.45 Y49.41 F1500
G1 X84.87 Y49.52 F1500
G1 X85.08 Y49.26 F1500
G1 X86.12 Y49.09 F1500
G1 X88.01 Y49.29 F1500
G1 X89.06 Y48.90 F1500
G1 X89.90 Y49.63 F1500
G1 X90.31 Y49.74 F1500
G1 X91.15 Y48.80 F1500
G1 X91.57 Y48.60 F1500
G1 X91.99 Y48.88 F1500
G1 X92.41 Y49.82 F1500
G1 X92.83 Y50.29 F1500
G1 X93.04 Y50.15 F1500
G1 X94.09 Y48.20 F1500
G1 X94.51 Y48.57 F1500
G1 X95.13 Y50.00 F1500
G1 X95.34 Y50.25 F1500
G1 X95.55 Y50.26 F1500
G1 X96.39 Y48.60 F1500
G1 X96.81 Y48.20 F1500
G1 X97.02 Y48.37 F1500
G1 X97.86 Y50.14 F1500
G1 X98.07 Y50.29 F1500
G1 X98.49 Y49.85 F1500
G1 X99.32 Y48.21 F1500
G1 X99.74 Y48.52 F1500
G1 X100.58 Y50.23 F1500
G1 X100.79 Y50.22 F1500
G1 X101.21 Y49.44 F1500
G1 X102.05 Y48.45 F1500
G1 X103.10 Y49.90 F1500
G1 X103.52 Y49.78 F1500
G1 X104.56 Y48.74 F1500
G1 X104.98 Y48.88 F1500
G1 X105.61 Y49.54 F1500
G1 X106.03 Y49.71 F1500
G1 X107.08 Y48.84 F1500
G1 X107.50 Y48.82 F1500
G1 X108.54 Y49.74 F1500
G1 X108.96 Y49.59 F1500
G1 X109.59 Y48.89 F1500
G1 X110.01 Y48.73 F1500
G1 X111.27 Y49.76 F1500
G1 X112.53 Y48.71 F1500
G1 X112.95 Y48.91 F1500
G1 X113.78 Y49.77 F1500
G1 X114.20 Y49.63 F1500
G1 X114.83 Y48.90 F1500
G1 X115.25 Y48.70 F1500
G1 X116.30 Y49.73 F1500
G1 X116.72 Y49.82 F1500
G1 X117.56 Y48.75 F1500
G1 X117.76 Y48.68 F1500
G1 X118.81 Y49.33 F1500
G1 X141.86 Y49.20 F1500
G1 X142.91 Y49.37 F1500
G1 X144.17 Y49.13 F1500
G1 X145.63 Y49.37 F1500
G1 X146.89 Y49.10 F1500
G1 X148.15 Y49.42 F1500
G1 X149.41 Y49.03 F1500
G1 X150.87 Y49.49 F1500
G1 X151.92 Y49.06 F1500
G1 X153.39 Y49.42 F1500
G1 X154.64 Y49.06 F1500
G1 X155.90 Y49.42 F1500
G1 X157.37 Y49.05 F1500
G1 X158.63 Y49.42 F1500
G1 X159.88 Y49.07 F1500
G1 X161.35 Y49.42 F1500
G1 X162.61 Y49.05 F1500
G1 X164.07 Y49.47 F1500
G1 X165.12 Y49.01 F1500
G1 X166.38 Y49.36 F1500
G1 X167.85 Y49.18 F1500
G1 X169.31 Y49.33 F1500
G1 X170.57 Y49.11 F1500
G1 X172.04 Y49.33 F1500
G1 X172.46 Y49.25 F1500
G1 X173.08 Y48.68 F1500
G1 X173.29 Y48.66 F1500
G1 X174.13 Y49.71 F1500
G1 X174.55 Y49.87 F1500
G1 X175.39 Y48.87 F1500
G1 X175.81 Y48.61 F1500
G1 X177.07 Y49.88 F1500
G1 X177.49 Y49.61 F1500
G1 X178.11 Y48.75 F1500
G1 X178.53 Y48.64 F1500
G1 X179.37 Y49.69 F1500
G1 X180.00 Y50.06 F1500
G1 X180.00 Y50.27 F1500
G1 X180.00 Y50.48 F1500
G1 X180.00 Y50.69 F1500
G1 X180.00 Y50.90 F1500
G1 X180.00 Y51.11 F1500
G1 X180.00 Y51.11 F1500
G1 X179.37 Y50.74 F1500
G1 X178.74 Y49.86 F1500
G1 X178.32 Y49.65 F1500
G1 X177.49 Y50.65 F1500
G1 X177.07 Y50.92 F1500
G1 X175.81 Y49.69 F1500
G1 X175.39 Y49.89 F1500
G1 X174.55 Y50.90 F1500
G1 X174.13 Y50.75 F1500
G1 X173.29 Y49.73 F1500
G1 X173.08 Y49.74 F1500
G1 X172.46 Y50.30 F1500
G1 X171.83 Y50.48 F1500
G1 X170.57 Y50.15 F1500
G1 X169.31 Y50.39 F1500
G1 X167.64 Y50.18 F1500
G1 X166.38 Y50.52 F1500
G1 X165.12 Y49.85 F1500
G1 X164.07 Y50.78 F1500
G1 X163.86 Y50.81 F1500
G1 X162.61 Y49.81 F1500
G1 X161.35 Y50.77 F1500
G1 X160.93 Y50.62 F1500
G1 X160.09 Y49.88 F1500
G1 X159.67 Y50.00 F1500
G1 X158.84 Y50.63 F1500
G1 X158.42 Y50.58 F1500
G1 X157.37 Y49.99 F1500
G1 X156.95 Y50.08 F1500
G1 X156.11 Y50.68 F1500
G1 X155.69 Y50.57 F1500
G1 X154.85 Y50.00 F1500
G1 X153.39 Y50.51 F1500
G1 X151.92 Y50.07 F1500
G1 X150.66 Y50.61 F1500
G1 X149.62 Y49.99 F1500
G1 X149.20 Y50.02 F1500
G1 X148.15 Y50.59 F1500
G1 X146.68 Y49.98 F1500
G1 X145.42 Y50.63 F1500
G1 X144.17 Y49.93 F1500
G1 X142.91 Y50.60 F1500
G1 X141.65 Y50.12 F1500
G1 X140.40 Y50.39 F1500
G1 X118.81 Y50.36 F1500
G1 X117.76 Y49.76 F1500
G1 X117.56 Y49.82 F1500
G1 X116.72 Y50.83 F1500
G1 X116.51 Y50.87 F1500
G1 X115.25 Y49.75 F1500
G1 X114.83 Y49.95 F1500
G1 X114.20 Y50.68 F1500
G1 X113.78 Y50.82 F1500
G1 X112.95 Y49.96 F1500
G1 X112.53 Y49.77 F1500
G1 X111.27 Y50.82 F1500
G1 X110.01 Y49.78 F1500
G1 X109.59 Y49.94 F1500
G1 X108.96 Y50.65 F1500
G1 X108.54 Y50.79 F1500
G1 X107.50 Y49.86 F1500
G1 X107.08 Y49.89 F1500
G1 X106.03 Y50.76 F1500
G1 X105.61 Y50.58 F1500
G1 X104.98 Y49.94 F1500
G1 X104.56 Y49.81 F1500
G1 X103.52 Y50.85 F1500
G1 X103.31 Y50.90 F1500
G1 X102.89 Y50.59 F1500
G1 X102.26 Y49.68 F1500
G1 X101.84 Y49.77 F1500
G1 X101.21 Y50.47 F1500
G1 X100.79 Y51.32 F1500
G1 X100.37 Y51.00 F1500
G1 X99.74 Y49.57 F1500
G1 X99.32 Y49.26 F1500
G1 X98.49 Y50.90 F1500
G1 X98.07 Y51.34 F1500
G1 X97.86 Y51.18 F1500
G1 X97.23 Y49.81 F1500
G1 X96.81 Y49.25 F1500
G1 X96.39 Y49.65 F1500
G1 X95.55 Y51.31 F1500
G1 X95.34 Y51.30 F1500
G1 X95.13 Y51.05 F1500
G1 X94.51 Y49.62 F1500
G1 X94.09 Y49.25 F1500
G1 X93.04 Y51.20 F1500
G1 X92.83 Y51.34 F1500
G1 X92.41 Y50.87 F1500
G1 X91.78 Y49.46 F1500
G1 X91.57 Y49.36 F1500
G1 X90.31 Y50.86 F1500
G1 X89.90 Y50.73 F1500
G1 X89.06 Y49.84 F1500
G1 X88.01 Y50.33 F1500
G1 X85.08 Y50.29 F1500
G1 X84.66 Y50.56 F1500
G1 X83.61 Y49.86 F1500
G1 X82.35 Y50.74 F1500
G1 X81.93 Y50.59 F1500
G1 X81.30 Y49.96 F1500
G1 X80.88 Y49.82 F1500
G1 X79.63 Y50.79 F1500
G1 X78.37 Y49.80 F1500
G1 X77.95 Y49.99 F1500
G1 X77.11 Y50.78 F1500
G1 X76.69 Y50.65 F1500
G1 X76.07 Y49.96 F1500
G1 X75.65 Y49.79 F1500
G1 X74.39 Y50.82 F1500
G1 X73.13 Y49.75 F1500
G1 X72.71 Y49.93 F1500
G1 X72.08 Y50.70 F1500
G1 X71.66 Y50.86 F1500
G1 X70.41 Y49.65 F1500
G1 X69.99 Y49.97 F1500
G1 X69.15 Y51.11 F1500
G1 X68.73 Y50.83 F1500
G1 X67.89 Y49.39 F1500
G1 X67.68 Y49.39 F1500
G1 X66.85 Y50.98 F1500
G1 X66.43 Y51.33 F1500
G1 X65.38 Y49.37 F1500
G1 X65.17 Y49.24 F1500
G1 X64.96 Y49.38 F1500
G1 X63.91 Y51.33 F1500
G1 X63.49 Y50.97 F1500
G1 X62.86 Y49.54 F1500
G1 X62.65 Y49.28 F1500
G1 X62.44 Y49.27 F1500
G1 X61.61 Y50.93 F1500
G1 X61.19 Y51.34 F1500
G1 X60.14 Y49.51 F1500
G1 X59.72 Y49.96 F1500
G1 X59.51 Y49.90 F1500
G1 X58.67 Y51.20 F1500
G1 X58.46 Y51.21 F1500
G1 X57.63 Y49.92 F1500
G1 X57.42 Y50.17 F1500
G1 X56.79 Y50.14 F1500
G1 X55.95 Y51.12 F1500
G1 X55.53 Y50.71 F1500
G1 X54.90 Y49.50 F1500
G1 X54.27 Y49.62 F1500
G1 X53.43 Y51.26 F1500
G1 X53.22 Y51.31 F1500
G1 X53.02 Y51.07 F1500
G1 X52.39 Y49.66 F1500
G1 X51.97 Y49.78 F1500
G1 X51.76 Y49.66 F1500
G1 X50.92 Y51.01 F1500
G1 X50.71 Y51.26 F1500
G1 X50.50 Y51.23 F1500
G1 X49.45 Y49.29 F1500
G1 X49.03 Y49.57 F1500
G1 X48.41 Y50.98 F1500
G1 X48.20 Y51.28 F1500
G1 X47.99 Y51.32 F1500
G1 X47.15 Y49.70 F1500
G1 X46.73 Y49.24 F1500
G1 X46.52 Y49.39 F1500
G1 X45.47 Y51.33 F1500
G1 X45.05 Y50.95 F1500
G1 X44.21 Y49.28 F1500
G1 X44.00 Y49.27 F1500
G1 X43.80 Y49.52 F1500
G1 X43.17 Y50.94 F1500
G1 X42.75 Y51.33 F1500
G1 X41.91 Y49.84 F1500
G1 X41.49 Y49.39 F1500
G1 X41.28 Y49.38 F1500
G1 X40.23 Y51.32 F1500
G1 X40.02 Y51.29 F1500
G1 X39.19 Y49.83 F1500
G1 X38.77 Y49.45 F1500
G1 X37.72 Y51.02 F1500
G1 X37.30 Y51.03 F1500
G1 X36.25 Y49.28 F1500
G1 X35.83 Y49.65 F1500
G1 X35.20 Y51.00 F1500
G1 X34.99 Y51.15 F1500
G1 X33.74 Y49.85 F1500
G1 X32.48 Y50.52 F1500
G1 X32.06 Y50.54 F1500
G1 X31.01 Y49.99 F1500
G1 X29.55 Y50.64 F1500
G1 X28.29 Y49.86 F1500
G1 X27.87 Y50.03 F1500
G1 X27.24 Y50.80 F1500
G1 X26.82 Y51.05 F1500
G1 X25.77 Y49.27 F1500
G1 X25.56 Y49.28 F1500
G1 X25.36 Y49.53 F1500
G1 X24.73 Y50.96 F1500
G1 X24.31 Y51.33 F1500
G1 X23.26 Y49.38 F1500
G1 X23.05 Y49.24 F1500
G1 X22.63 Y49.71 F1500
G1 X21.79 Y51.32 F1500
G1 X21.37 Y50.99 F1500
G1 X20.75 Y49.57 F1500
G1 X20.33 Y49.26 F1500
G1 X19.49 Y50.90 F1500
G1 X19.07 Y51.34 F1500
G1 X17.81 Y49.25 F1500
G1 X17.39 Y49.65 F1500
G1 X16.55 Y51.28 F1500
G1 X16.34 Y51.27 F1500
G1 X16.14 Y51.00 F1500
G1 X15.51 Y49.65 F1500
G1 X15.09 Y49.34 F1500
G1 X14.04 Y51.13 F1500
G1 X13.83 Y51.24 F1500
G1 X12.57 Y49.46 F1500
G1 X12.15 Y49.72 F1500
G1 X11.32 Y51.02 F1500
G1 X10.90 Y50.85 F1500
G1 X10.27 Y49.91 F1500
G1 X9.85 Y49.67 F1500
G1 X8.59 Y50.86 F1500
G1 X8.17 Y50.63 F1500
G1 X7.33 Y49.75 F1500
G1 X6.92 Y49.89 F1500
G1 X6.29 Y50.66 F1500
G1 X5.87 Y50.85 F1500
G1 X4.61 Y49.72 F1500
G1 X3.35 Y50.81 F1500
G1 X2.93 Y50.64 F1500
G1 X2.10 Y49.79 F1500
G1 X1.68 Y49.88 F1500
G1 X1.05 Y50.62 F1500
G1 X0.63 Y50.86 F1500
G1 X0.00 Y50.29 F1500
G1 X0.00 Y50.50 F1500
G1 X0.00 Y50.71 F1500
G1 X0.00 Y50.92 F1500
G1 X0.00 Y51.13 F1500
G1 X0.00 Y51.34 F1500
G1 X0.00 Y51.34 F1500
G1 X0.63 Y51.90 F1500
G1 X1.05 Y51.66 F1500
G1 X1.68 Y50.94 F1500
G1 X2.10 Y50.83 F1500
G1 X2.93 Y51.68 F1500
G1 X3.35 Y51.86 F1500
G1 X4.61 Y50.76 F1500
G1 X5.87 Y51.90 F1500
G1 X6.29 Y51.71 F1500
G1 X6.92 Y50.94 F1500
G1 X7.33 Y50.79 F1500
G1 X8.17 Y51.68 F1500
G1 X8.59 Y51.90 F1500
G1 X9.85 Y50.75 F1500
G1 X10.27 Y50.96 F1500
G1 X10.90 Y51.90 F1500
G1 X11.32 Y52.08 F1500
G1 X12.36 Y50.43 F1500
G1 X12.57 Y50.36 F1500
G1 X13.62 Y52.22 F1500
G1 X13.83 Y52.35 F1500
G1 X14.04 Y52.23 F1500
G1 X15.09 Y50.33 F1500
G1 X15.51 Y50.68 F1500
G1 X16.14 Y52.09 F1500
G1 X16.34 Y52.35 F1500
G1 X16.55 Y52.36 F1500
G1 X17.39 Y50.70 F1500
G1 X17.81 Y50.30 F1500
G1 X19.07 Y52.39 F1500
G1 X19.49 Y51.95 F1500
G1 X20.33 Y50.31 F1500
G1 X20.75 Y50.61 F1500
G1 X21.37 Y52.04 F1500
G1 X21.79 Y52.37 F1500
G1 X22.63 Y50.75 F1500
G1 X23.05 Y50.29 F1500
G1 X23.26 Y50.43 F1500
G1 X24.31 Y52.38 F1500
G1 X24.73 Y52.01 F1500
G1 X25.56 Y50.33 F1500
G1 X25.77 Y50.33 F1500
G1 X25.98 Y50.59 F1500
G1 X26.82 Y52.13 F1500
G1 X27.24 Y51.88 F1500
G1 X27.87 Y51.09 F1500
G1 X28.29 Y50.92 F1500
G1 X29.55 Y51.65 F1500
G1 X31.01 Y51.03 F1500
G1 X32.27 Y51.61 F1500
G1 X33.74 Y50.91 F1500
G1 X34.99 Y52.20 F1500
G1 X35.20 Y52.04 F1500
G1 X36.04 Y50.37 F1500
G1 X36.25 Y50.31 F1500
G1 X37.51 Y52.32 F1500
G1 X37.72 Y52.21 F1500
G1 X38.77 Y50.54 F1500
G1 X39.39 Y51.14 F1500
G1 X40.02 Y52.33 F1500
G1 X40.23 Y52.37 F1500
G1 X41.28 Y50.40 F1500
G1 X41.91 Y50.92 F1500
G1 X42.75 Y52.38 F1500
G1 X43.17 Y51.99 F1500
G1 X43.80 Y50.57 F1500
G1 X44.00 Y50.32 F1500
G1 X44.21 Y50.33 F1500
G1 X45.26 Y52.31 F1500
G1 X45.47 Y52.38 F1500
G1 X45.68 Y52.18 F1500
G1 X46.52 Y50.43 F1500
G1 X46.73 Y50.39 F1500
G1 X47.15 Y50.75 F1500
G1 X47.78 Y52.16 F1500
G1 X47.99 Y52.34 F1500
G1 X48.41 Y52.04 F1500
G1 X49.03 Y50.71 F1500
G1 X49.45 Y50.31 F1500
G1 X50.50 Y52.28 F1500
G1 X50.71 Y52.30 F1500
G1 X50.92 Y52.05 F1500
G1 X51.97 Y50.46 F1500
G1 X52.39 Y50.69 F1500
G1 X53.22 Y52.35 F1500
G1 X53.64 Y52.04 F1500
G1 X54.27 Y50.91 F1500
G1 X54.48 Y50.81 F1500
G1 X54.90 Y51.30 F1500
G1 X56.37 Y51.49 F1500
G1 X57.21 Y50.45 F1500
G1 X57.42 Y50.45 F1500
G1 X58.46 Y52.28 F1500
G1 X59.30 Y51.22 F1500
G1 X59.72 Y50.39 F1500
G1 X59.93 Y50.29 F1500
G1 X61.19 Y52.38 F1500
G1 X61.40 Y52.30 F1500
G1 X62.44 Y50.32 F1500
G1 X62.65 Y50.33 F1500
G1 X62.86 Y50.59 F1500
G1 X63.49 Y52.02 F1500
G1 X63.91 Y52.38 F1500
G1 X64.96 Y50.42 F1500
G1 X65.17 Y50.29 F1500
G1 X65.38 Y50.41 F1500
G1 X66.43 Y52.37 F1500
G1 X66.85 Y52.03 F1500
G1 X67.68 Y50.41 F1500
G1 X67.89 Y50.40 F1500
G1 X68.10 Y50.66 F1500
G1 X68.73 Y51.92 F1500
G1 X68.94 Y52.22 F1500
G1 X69.15 Y52.25 F1500
G1 X69.99 Y50.97 F1500
G1 X70.41 Y50.68 F1500
G1 X71.66 Y51.89 F1500
G1 X72.08 Y51.74 F1500
G1 X72.71 Y50.97 F1500
G1 X73.13 Y50.78 F1500
G1 X74.39 Y51.89 F1500
G1 X75.65 Y50.83 F1500
G1 X76.07 Y51.01 F1500
G1 X76.69 Y51.71 F1500
G1 X77.11 Y51.86 F1500
G1 X78.16 Y50.70 F1500
G1 X78.37 Y50.68 F1500
G1 X79.63 Y51.96 F1500
G1 X80.05 Y51.71 F1500
G1 X80.88 Y50.75 F1500
G1 X81.30 Y50.91 F1500
G1 X81.93 Y51.74 F1500
G1 X82.35 Y51.99 F1500
G1 X83.40 Y50.72 F1500
G1 X83.61 Y50.64 F1500
G1 X83.82 Y50.71 F1500
G1 X84.87 Y52.01 F1500
G1 X85.29 Y51.73 F1500
G1 X85.91 Y50.95 F1500
G1 X86.33 Y50.82 F1500
G1 X87.38 Y51.94 F1500
G1 X87.59 Y51.99 F1500
G1 X88.01 Y51.64 F1500
G1 X88.85 Y50.44 F1500
G1 X89.90 Y51.84 F1500
G1 X90.31 Y51.96 F1500
G1 X90.73 Y51.53 F1500
G1 X91.36 Y50.35 F1500
G1 X91.57 Y50.30 F1500
G1 X92.41 Y51.92 F1500
G1 X92.83 Y52.39 F1500
G1 X93.04 Y52.25 F1500
G1 X94.09 Y50.30 F1500
G1 X94.51 Y50.67 F1500
G1 X95.13 Y52.09 F1500
G1 X95.34 Y52.35 F1500
G1 X95.55 Y52.36 F1500
G1 X96.39 Y50.69 F1500
G1 X96.81 Y50.30 F1500
G1 X97.23 Y50.86 F1500
G1 X97.86 Y52.23 F1500
G1 X98.07 Y52.39 F1500
G1 X98.49 Y51.95 F1500
G1 X99.32 Y50.31 F1500
G1 X99.74 Y50.62 F1500
G1 X100.37 Y52.04 F1500
G1 X100.79 Y52.37 F1500
G1 X101.42 Y51.30 F1500
G1 X102.05 Y50.62 F1500
G1 X102.89 Y51.58 F1500
G1 X103.31 Y51.83 F1500
G1 X103.73 Y51.65 F1500
G1 X104.56 Y50.87 F1500
G1 X104.98 Y50.99 F1500
G1 X105.61 Y51.63 F1500
G1 X106.03 Y51.80 F1500
G1 X107.29 Y50.86 F1500
G1 X107.71 Y51.06 F1500
G1 X108.34 Y51.73 F1500
G1 X108.75 Y51.83 F1500
G1 X109.59 Y51.00 F1500
G1 X110.01 Y50.84 F1500
G1 X111.27 Y51.86 F1500
G1 X112.53 Y50.80 F1500
G1 X112.95 Y51.00 F1500
G1 X113.57 Y51.74 F1500
G1 X113.99 Y51.86 F1500
G1 X114.83 Y51.01 F1500
G1 X115.25 Y50.82 F1500
G1 X116.51 Y51.93 F1500
G1 X116.93 Y51.70 F1500
G1 X117.56 Y50.88 F1500
G1 X117.76 Y50.88 F1500
G1 X118.60 Y51.37 F1500
G1 X135.37 Y51.35 F1500
G1 X136.41 Y51.24 F1500
G1 X137.67 Y51.52 F1500
G1 X138.93 Y51.04 F1500
G1 X140.19 Y51.73 F1500
G1 X141.44 Y50.96 F1500
G1 X141.86 Y51.08 F1500
G1 X142.70 Y51.69 F1500
G1 X143.12 Y51.62 F1500
G1 X144.17 Y50.98 F1500
G1 X145.63 Y51.72 F1500
G1 X146.47 Y51.03 F1500
G1 X146.89 Y50.87 F1500
G1 X148.15 Y51.86 F1500
G1 X149.41 Y50.86 F1500
G1 X150.66 Y51.82 F1500
G1 X151.08 Y51.68 F1500
G1 X151.71 Y51.01 F1500
G1 X152.13 Y50.85 F1500
G1 X153.39 Y51.86 F1500
G1 X153.81 Y51.63 F1500
G1 X154.64 Y50.77 F1500
G1 X155.06 Y50.96 F1500
G1 X155.69 Y51.77 F1500
G1 X156.11 Y51.94 F1500
G1 X156.95 Y50.96 F1500
G1 X157.37 Y50.72 F1500
G1 X158.63 Y51.95 F1500
G1 X159.05 Y51.69 F1500
G1 X159.88 Y50.78 F1500
G1 X160.30 Y50.94 F1500
G1 X161.14 Y51.82 F1500
G1 X161.56 Y51.72 F1500
G1 X162.19 Y51.13 F1500
G1 X162.61 Y50.95 F1500
G1 X163.86 Y51.72 F1500
G1 X165.12 Y51.00 F1500
G1 X166.59 Y51.66 F1500
G1 X167.85 Y51.05 F1500
G1 X169.10 Y51.52 F1500
G1 X170.57 Y51.16 F1500
G1 X172.04 Y51.50 F1500
G1 X172.46 Y51.35 F1500
G1 X173.08 Y50.78 F1500
G1 X173.29 Y50.79 F1500
G1 X174.13 Y51.79 F1500
G1 X174.55 Y51.95 F1500
G1 X175.39 Y50.94 F1500
G1 X175.81 Y50.70 F1500
G1 X177.07 Y51.96 F1500
G1 X177.49 Y51.71 F1500
G1 X178.32 Y50.70 F1500
G1 X178.74 Y50.88 F1500
G1 X179.37 Y51.75 F1500
G1 X180.00 Y52.16 F1500
G1 X180.00 Y52.37 F1500
G1 X180.00 Y52.58 F1500
G1 X180.00 Y52.79 F1500
G1 X180.00 Y53.00 F1500
G1 X180.00 Y53.21 F1500
G1 X180.00 Y53.21 F1500
G1 X179.79 Y52.99 F1500
G1 X179.58 Y53.01 F1500
G1 X178.74 Y51.95 F1500
G1 X178.32 Y51.74 F1500
G1 X177.49 Y52.78 F1500
G1 X177.07 Y53.00 F1500
G1 X175.81 Y51.78 F1500
G1 X175.39 Y52.00 F1500
G1 X174.55 Y52.99 F1500
G1 X174.13 Y52.82 F1500
G1 X173.50 Y51.98 F1500
G1 X173.08 Y51.77 F1500
G1 X172.46 Y52.40 F1500
G1 X172.04 Y52.58 F1500
G1 X170.57 Y52.22 F1500
G1 X168.89 Y52.50 F1500
G1 X167.85 Y52.17 F1500
G1 X166.59 Y52.59 F1500
G1 X165.12 Y52.20 F1500
G1 X163.86 Y52.64 F1500
G1 X162.61 Y52.09 F1500
G1 X161.35 Y52.70 F1500
G1 X159.88 Y52.06 F1500
G1 X158.63 Y52.83 F1500
G1 X158.21 Y52.62 F1500
G1 X157.37 Y51.80 F1500
G1 X156.95 Y52.01 F1500
G1 X156.32 Y52.92 F1500
G1 X155.90 Y53.10 F1500
G1 X155.06 Y51.83 F1500
G1 X154.64 Y51.54 F1500
G1 X153.39 Y53.30 F1500
G1 X152.97 Y52.91 F1500
G1 X152.13 Y51.39 F1500
G1 X151.92 Y51.41 F1500
G1 X151.71 Y51.70 F1500
G1 X151.08 Y53.13 F1500
G1 X150.87 Y53.39 F1500
G1 X150.66 Y53.41 F1500
G1 X149.83 Y51.76 F1500
G1 X149.41 Y51.34 F1500
G1 X148.15 Y53.43 F1500
G1 X147.73 Y53.01 F1500
G1 X146.89 Y51.36 F1500
G1 X146.68 Y51.38 F1500
G1 X146.47 Y51.65 F1500
G1 X145.84 Y53.07 F1500
G1 X145.63 Y53.37 F1500
G1 X145.42 Y53.40 F1500
G1 X144.59 Y51.84 F1500
G1 X144.38 Y51.53 F1500
G1 X144.17 Y51.53 F1500
G1 X143.33 Y52.67 F1500
G1 X142.91 Y52.95 F1500
G1 X141.65 Y52.00 F1500
G1 X140.19 Y52.71 F1500
G1 X139.14 Y52.08 F1500
G1 X138.72 Y52.06 F1500
G1 X137.67 Y52.76 F1500
G1 X136.20 Y52.05 F1500
G1 X134.95 Y52.72 F1500
G1 X133.90 Y52.29 F1500
G1 X118.60 Y52.40 F1500
G1 X117.56 Y51.95 F1500
G1 X116.93 Y52.74 F1500
G1 X116.51 Y52.99 F1500
G1 X115.25 Y51.85 F1500
G1 X114.83 Y52.04 F1500
G1 X113.99 Y52.89 F1500
G1 X113.57 Y52.77 F1500
G1 X112.95 Y52.05 F1500
G1 X112.53 Y51.86 F1500
G1 X111.27 Y52.92 F1500
G1 X110.01 Y51.88 F1500
G1 X109.59 Y52.05 F1500
G1 X108.75 Y52.85 F1500
G1 X108.34 Y52.77 F1500
G1 X107.71 Y52.10 F1500
G1 X107.29 Y51.89 F1500
G1 X106.03 Y52.84 F1500
G1 X105.61 Y52.67 F1500
G1 X104.98 Y52.05 F1500
G1 X104.56 Y51.93 F1500
G1 X103.73 Y52.69 F1500
G1 X103.31 Y52.87 F1500
G1 X102.05 Y51.81 F1500
G1 X101.42 Y52.34 F1500
G1 X100.79 Y53.42 F1500
G1 X100.37 Y53.09 F1500
G1 X99.74 Y51.66 F1500
G1 X99.53 Y51.39 F1500
G1 X99.32 Y51.36 F1500
G1 X98.49 Y52.99 F1500
G1 X98.07 Y53.43 F1500
G1 X96.81 Y51.34 F1500
G1 X96.39 Y51.74 F1500
G1 X95.55 Y53.41 F1500
G1 X95.34 Y53.40 F1500
G1 X95.13 Y53.14 F1500
G1 X94.51 Y51.72 F1500
G1 X94.09 Y51.35 F1500
G1 X93.04 Y53.30 F1500
G1 X92.83 Y53.43 F1500
G1 X92.41 Y52.97 F1500
G1 X91.57 Y51.35 F1500
G1 X91.15 Y51.69 F1500
G1 X90.52 Y53.10 F1500
G1 X90.10 Y53.07 F1500
G1 X89.27 Y52.04 F1500
G1 X88.85 Y51.80 F1500
G1 X87.59 Y52.93 F1500
G1 X86.96 Y52.42 F1500
G1 X86.33 Y52.24 F1500
G1 X85.70 Y52.33 F1500
G1 X84.87 Y52.89 F1500
G1 X83.61 Y51.78 F1500
G1 X82.35 Y52.96 F1500
G1 X81.93 Y52.78 F1500
G1 X81.30 Y51.91 F1500
G1 X80.88 Y51.71 F1500
G1 X80.05 Y52.80 F1500
G1 X79.63 Y53.08 F1500
G1 X78.37 Y51.83 F1500
G1 X77.95 Y52.03 F1500
G1 X77.11 Y52.88 F1500
G1 X76.69 Y52.74 F1500
G1 X76.07 Y52.06 F1500
G1 X75.65 Y51.87 F1500
G1 X74.39 Y52.96 F1500
G1 X73.97 Y52.71 F1500
G1 X73.13 Y51.77 F1500
G1 X72.71 Y51.98 F1500
G1 X72.08 Y52.86 F1500
G1 X71.66 Y53.00 F1500
G1 X70.41 Y51.66 F1500
G1 X69.99 Y52.00 F1500
G1 X69.15 Y53.35 F1500
G1 X68.73 Y52.96 F1500
G1 X67.89 Y51.40 F1500
G1 X67.68 Y51.42 F1500
G1 X67.47 Y51.69 F1500
G1 X66.85 Y53.08 F1500
G1 X66.43 Y53.42 F1500
G1 X65.38 Y51.46 F1500
G1 X65.17 Y51.34 F1500
G1 X64.96 Y51.47 F1500
G1 X63.91 Y53.42 F1500
G1 X63.49 Y53.06 F1500
G1 X62.86 Y51.64 F1500
G1 X62.65 Y51.38 F1500
G1 X62.44 Y51.37 F1500
G1 X61.61 Y53.02 F1500
G1 X61.19 Y53.43 F1500
G1 X59.93 Y51.34 F1500
G1 X59.51 Y51.77 F1500
G1 X58.88 Y53.19 F1500
G1 X58.67 Y53.37 F1500
G1 X57.42 Y51.55 F1500
G1 X57.00 Y51.69 F1500
G1 X56.16 Y53.09 F1500
G1 X55.74 Y52.47 F1500
G1 X54.69 Y52.39 F1500
G1 X54.27 Y52.00 F1500
G1 X53.64 Y52.99 F1500
G1 X53.02 Y52.86 F1500
G1 X52.18 Y51.42 F1500
G1 X51.97 Y51.34 F1500
G1 X50.92 Y53.24 F1500
G1 X50.29 Y52.92 F1500
G1 X49.45 Y51.36 F1500
G1 X49.03 Y51.66 F1500
G1 X48.61 Y52.61 F1500
G1 X48.20 Y53.26 F1500
G1 X47.99 Y53.34 F1500
G1 X47.78 Y53.21 F1500
G1 X46.94 Y51.52 F1500
G1 X46.73 Y51.43 F1500
G1 X45.47 Y53.43 F1500
G1 X45.05 Y53.05 F1500
G1 X44.21 Y51.37 F1500
G1 X44.00 Y51.37 F1500
G1 X43.80 Y51.62 F1500
G1 X43.17 Y53.04 F1500
G1 X42.75 Y53.43 F1500
G1 X41.70 Y51.49 F1500
G1 X41.49 Y51.34 F1500
G1 X41.07 Y51.79 F1500
G1 X40.23 Y53.42 F1500
G1 X39.81 Y53.10 F1500
G1 X39.39 Y52.19 F1500
G1 X38.98 Y51.72 F1500
G1 X38.56 Y51.92 F1500
G1 X37.51 Y53.31 F1500
G1 X37.30 Y53.23 F1500
G1 X36.67 Y51.99 F1500
G1 X36.46 Y51.79 F1500
G1 X36.04 Y51.73 F1500
G1 X35.83 Y51.83 F1500
G1 X34.99 Y53.23 F1500
G1 X33.74 Y51.98 F1500
G1 X32.27 Y52.67 F1500
G1 X31.01 Y52.10 F1500
G1 X29.55 Y52.69 F1500
G1 X28.29 Y51.95 F1500
G1 X27.87 Y52.15 F1500
G1 X27.03 Y53.12 F1500
G1 X26.82 Y53.15 F1500
G1 X25.77 Y51.37 F1500
G1 X25.56 Y51.37 F1500
G1 X25.36 Y51.63 F1500
G1 X24.73 Y53.05 F1500
G1 X24.31 Y53.43 F1500
G1 X23.26 Y51.48 F1500
G1 X23.05 Y51.34 F1500
G1 X22.63 Y51.80 F1500
G1 X21.79 Y53.42 F1500
G1 X21.37 Y53.09 F1500
G1 X20.75 Y51.66 F1500
G1 X20.33 Y51.36 F1500
G1 X19.49 Y53.00 F1500
G1 X19.07 Y53.43 F1500
G1 X17.81 Y51.34 F1500
G1 X17.39 Y51.74 F1500
G1 X16.55 Y53.41 F1500
G1 X16.34 Y53.40 F1500
G1 X16.14 Y53.14 F1500
G1 X15.51 Y51.71 F1500
G1 X15.09 Y51.35 F1500
G1 X14.04 Y53.27 F1500
G1 X13.83 Y53.41 F1500
G1 X13.62 Y53.29 F1500
G1 X12.57 Y51.39 F1500
G1 X12.15 Y51.74 F1500
G1 X11.32 Y53.20 F1500
G1 X10.90 Y52.99 F1500
G1 X10.06 Y51.76 F1500
G1 X9.64 Y51.87 F1500
G1 X9.01 Y52.67 F1500
G1 X8.59 Y52.95 F1500
G1 X8.17 Y52.73 F1500
G1 X7.33 Y51.83 F1500
G1 X6.92 Y51.97 F1500
G1 X6.29 Y52.76 F1500
G1 X5.87 Y52.96 F1500
G1 X4.61 Y51.79 F1500
G1 X3.35 Y52.93 F1500
G1 X2.93 Y52.75 F1500
G1 X2.10 Y51.88 F1500
G1 X1.68 Y51.98 F1500
G1 X0.84 Y52.89 F1500
G1 X0.42 Y52.88 F1500
G1 X0.00 Y52.39 F1500
G1 X0.00 Y52.60 F1500
G1 X0.00 Y52.81 F1500
G1 X0.00 Y53.02 F1500
G1 X0.00 Y53.22 F1500
G1 X0.00 Y53.43 F1500
G1 X0.00 Y53.43 F1500
G1 X0.63 Y54.02 F1500
G1 X1.05 Y53.76 F1500
G1 X1.68 Y53.03 F1500
G1 X2.10 Y52.93 F1500
G1 X2.93 Y53.80 F1500
G1 X3.35 Y53.99 F1500
G1 X4.61 Y52.82 F1500
G1 X5.87 Y54.00 F1500
G1 X6.29 Y53.79 F1500
G1 X6.92 Y53.04 F1500
G1 X7.33 Y52.89 F1500
G1 X8.59 Y54.05 F1500
G1 X9.85 Y52.70 F1500
G1 X10.27 Y52.97 F1500
G1 X11.11 Y54.32 F1500
G1 X11.53 Y54.08 F1500
G1 X12.15 Y52.76 F1500
G1 X12.57 Y52.42 F1500
G1 X13.62 Y54.34 F1500
G1 X13.83 Y54.45 F1500
G1 X14.04 Y54.32 F1500
G1 X15.09 Y52.43 F1500
G1 X15.51 Y52.76 F1500
G1 X16.14 Y54.19 F1500
G1 X16.34 Y54.44 F1500
G1 X16.55 Y54.45 F1500
G1 X17.39 Y52.79 F1500
G1 X17.81 Y52.39 F1500
G1 X19.07 Y54.48 F1500
G1 X19.49 Y54.05 F1500
G1 X20.33 Y52.41 F1500
G1 X20.75 Y52.71 F1500
G1 X21.37 Y54.14 F1500
G1 X21.79 Y54.47 F1500
G1 X22.63 Y52.85 F1500
G1 X23.05 Y52.39 F1500
G1 X23.26 Y52.53 F1500
G1 X24.31 Y54.47 F1500
G1 X24.73 Y54.10 F1500
G1 X25.56 Y52.44 F1500
G1 X25.77 Y52.45 F1500
G1 X25.98 Y52.72 F1500
G1 X26.82 Y54.21 F1500
G1 X27.24 Y53.98 F1500
G1 X27.87 Y53.18 F1500
G1 X28.29 Y52.98 F1500
G1 X29.55 Y53.73 F1500
G1 X31.01 Y53.17 F1500
G1 X32.06 Y53.68 F1500
G1 X32.48 Y53.69 F1500
G1 X33.32 Y53.10 F1500
G1 X33.95 Y53.09 F1500
G1 X34.58 Y53.90 F1500
G1 X34.99 Y54.02 F1500
G1 X35.41 Y53.63 F1500
G1 X36.04 Y52.47 F1500
G1 X36.25 Y52.39 F1500
G1 X37.30 Y54.23 F1500
G1 X37.51 Y54.28 F1500
G1 X38.77 Y52.62 F1500
G1 X39.19 Y52.87 F1500
G1 X39.81 Y54.15 F1500
G1 X40.23 Y54.46 F1500
G1 X41.28 Y52.50 F1500
G1 X41.49 Y52.39 F1500
G1 X41.70 Y52.54 F1500
G1 X42.75 Y54.48 F1500
G1 X43.17 Y54.09 F1500
G1 X43.80 Y52.66 F1500
G1 X44.00 Y52.42 F1500
G1 X44.21 Y52.42 F1500
G1 X45.05 Y54.10 F1500
G1 X45.47 Y54.48 F1500
G1 X46.73 Y52.39 F1500
G1 X47.15 Y52.84 F1500
G1 X47.78 Y54.25 F1500
G1 X48.20 Y54.34 F1500
G1 X49.03 Y52.73 F1500
G1 X49.24 Y52.44 F1500
G1 X49.45 Y52.41 F1500
G1 X50.29 Y54.04 F1500
G1 X50.71 Y54.48 F1500
G1 X50.92 Y54.33 F1500
G1 X51.55 Y53.03 F1500
G1 X51.97 Y52.71 F1500
G1 X52.39 Y52.94 F1500
G1 X53.22 Y54.02 F1500
G1 X53.64 Y53.91 F1500
G1 X54.27 Y52.97 F1500
G1 X54.69 Y53.40 F1500
G1 X54.90 Y53.04 F1500
G1 X55.95 Y54.44 F1500
G1 X56.79 Y53.16 F1500
G1 X57.63 Y53.11 F1500
G1 X57.83 Y53.24 F1500
G1 X58.46 Y54.43 F1500
G1 X58.67 Y54.46 F1500
G1 X59.51 Y52.82 F1500
G1 X59.93 Y52.39 F1500
G1 X61.19 Y54.48 F1500
G1 X61.61 Y54.07 F1500
G1 X62.44 Y52.41 F1500
G1 X62.65 Y52.43 F1500
G1 X62.86 Y52.69 F1500
G1 X63.49 Y54.11 F1500
G1 X63.91 Y54.47 F1500
G1 X64.96 Y52.52 F1500
G1 X65.17 Y52.39 F1500
G1 X65.38 Y52.51 F1500
G1 X66.43 Y54.47 F1500
G1 X66.85 Y54.13 F1500
G1 X67.47 Y52.70 F1500
G1 X67.68 Y52.44 F1500
G1 X67.89 Y52.43 F1500
G1 X68.73 Y54.05 F1500
G1 X69.15 Y54.48 F1500
G1 X69.99 Y53.00 F1500
G1 X70.41 Y52.59 F1500
G1 X70.62 Y52.69 F1500
G1 X71.66 Y54.14 F1500
G1 X72.08 Y53.91 F1500
G1 X72.71 Y52.99 F1500
G1 X73.13 Y52.78 F1500
G1 X73.97 Y53.77 F1500
G1 X74.39 Y54.04 F1500
G1 X75.65 Y52.87 F1500
G1 X76.07 Y53.07 F1500
G1 X76.90 Y53.92 F1500
G1 X77.32 Y53.81 F1500
G1 X77.95 Y53.13 F1500
G1 X78.37 Y52.92 F1500
G1 X79.63 Y54.08 F1500
G1 X80.05 Y53.83 F1500
G1 X80.88 Y52.82 F1500
G1 X81.30 Y53.00 F1500
G1 X81.93 Y53.82 F1500
G1 X82.35 Y53.99 F1500
G1 X83.19 Y53.20 F1500
G1 X83.61 Y53.00 F1500
G1 X84.87 Y53.85 F1500
G1 X85.29 Y53.71 F1500
G1 X85.91 Y53.18 F1500
G1 X86.33 Y53.07 F1500
G1 X87.59 Y53.95 F1500
G1 X88.64 Y53.00 F1500
G1 X89.06 Y52.83 F1500
G1 X90.10 Y54.46 F1500
G1 X90.52 Y54.16 F1500
G1 X91.15 Y52.74 F1500
G1 X91.57 Y52.40 F1500
G1 X92.41 Y54.02 F1500
G1 X92.83 Y54.48 F1500
G1 X93.04 Y54.34 F1500
G1 X94.09 Y52.39 F1500
G1 X94.51 Y52.76 F1500
G1 X95.13 Y54.19 F1500
G1 X95.34 Y54.45 F1500
G1 X95.55 Y54.45 F1500
G1 X96.39 Y52.83 F1500
G1 X96.81 Y52.39 F1500
G1 X98.07 Y54.48 F1500
G1 X98.49 Y54.04 F1500
G1 X99.32 Y52.41 F1500
G1 X99.74 Y52.71 F1500
G1 X100.37 Y54.14 F1500
G1 X100.79 Y54.47 F1500
G1 X101.42 Y53.37 F1500
G1 X102.05 Y52.91 F1500
G1 X103.31 Y53.88 F1500
G1 X103.73 Y53.72 F1500
G1 X104.35 Y53.10 F1500
G1 X104.77 Y52.98 F1500
G1 X105.61 Y53.73 F1500
G1 X106.03 Y53.90 F1500
G1 X107.08 Y52.99 F1500
G1 X107.50 Y53.01 F1500
G1 X108.54 Y53.91 F1500
G1 X108.96 Y53.77 F1500
G1 X109.59 Y53.10 F1500
G1 X110.01 Y52.96 F1500
G1 X111.27 Y53.96 F1500
G1 X112.53 Y52.90 F1500
G1 X112.95 Y53.10 F1500
G1 X113.78 Y53.96 F1500
G1 X114.20 Y53.83 F1500
G1 X114.83 Y53.09 F1500
G1 X115.25 Y52.90 F1500
G1 X116.51 Y54.06 F1500
G1 X116.93 Y53.79 F1500
G1 X117.56 Y53.02 F1500
G1 X118.60 Y53.43 F1500
G1 X133.90 Y53.38 F1500
G1 X134.95 Y53.73 F1500
G1 X136.41 Y53.10 F1500
G1 X137.25 Y53.68 F1500
G1 X137.67 Y53.80 F1500
G1 X138.93 Y52.94 F1500
G1 X139.35 Y53.14 F1500
G1 X140.19 Y54.36 F1500
G1 X140.40 Y54.36 F1500
G1 X140.61 Y54.06 F1500
G1 X141.44 Y52.41 F1500
G1 X141.65 Y52.43 F1500
G1 X141.86 Y52.69 F1500
G1 X142.49 Y54.12 F1500
G1 X142.91 Y54.47 F1500
G1 X143.96 Y52.52 F1500
G1 X144.17 Y52.39 F1500
G1 X144.38 Y52.51 F1500
G1 X145.42 Y54.47 F1500
G1 X145.84 Y54.12 F1500
G1 X146.47 Y52.69 F1500
G1 X146.68 Y52.43 F1500
G1 X146.89 Y52.41 F1500
G1 X147.73 Y54.06 F1500
G1 X148.15 Y54.48 F1500
G1 X149.41 Y52.39 F1500
G1 X149.83 Y52.81 F1500
G1 X150.66 Y54.46 F1500
G1 X150.87 Y54.44 F1500
G1 X151.08 Y54.17 F1500
G1 X151.71 Y52.75 F1500
G1 X152.13 Y52.40 F1500
G1 X153.18 Y54.36 F1500
G1 X153.39 Y54.48 F1500
G1 X153.60 Y54.35 F1500
G1 X154.64 Y52.40 F1500
G1 X155.06 Y52.75 F1500
G1 X155.90 Y54.44 F1500
G1 X156.11 Y54.43 F1500
G1 X156.95 Y52.92 F1500
G1 X157.37 Y52.61 F1500
G1 X158.21 Y53.74 F1500
G1 X158.63 Y54.03 F1500
G1 X159.88 Y53.02 F1500
G1 X161.14 Y53.67 F1500
G1 X162.40 Y53.27 F1500
G1 X163.86 Y53.55 F1500
G1 X165.33 Y53.30 F1500
G1 X166.59 Y53.60 F1500
G1 X167.85 Y53.26 F1500
G1 X169.10 Y53.57 F1500
G1 X170.57 Y53.28 F1500
G1 X171.83 Y53.69 F1500
G1 X172.25 Y53.61 F1500
G1 X173.08 Y52.85 F1500
G1 X173.50 Y53.03 F1500
G1 X174.13 Y53.90 F1500
G1 X174.55 Y54.07 F1500
G1 X175.39 Y53.02 F1500
G1 X175.81 Y52.77 F1500
G1 X177.07 Y54.12 F1500
G1 X177.49 Y53.83 F1500
G1 X178.32 Y52.77 F1500
G1 X178.74 Y52.98 F1500
G1 X179.37 Y53.87 F1500
G1 X180.00 Y54.25 F1500
G1 X180.00 Y54.46 F1500
G1 X180.00 Y54.67 F1500
G1 X180.00 Y54.88 F1500
G1 X180.00 Y55.09 F1500
G1 X180.00 Y55.30 F1500
G1 X180.00 Y55.30 F1500
G1 X179.37 Y54.95 F1500
G1 X178.74 Y54.01 F1500
G1 X178.32 Y53.80 F1500
G1 X177.49 Y54.89 F1500
G1 X177.07 Y55.20 F1500
G1 X175.81 Y53.75 F1500
G1 X175.39 Y54.03 F1500
G1 X174.76 Y54.99 F1500
G1 X174.34 Y55.15 F1500
G1 X173.50 Y54.06 F1500
G1 X173.08 Y53.84 F1500
G1 X172.04 Y54.87 F1500
G1 X170.57 Y54.33 F1500
G1 X169.31 Y54.62 F1500
G1 X167.85 Y54.33 F1500
G1 X166.59 Y54.63 F1500
G1 X165.33 Y54.35 F1500
G1 X163.66 Y54.59 F1500
G1 X162.40 Y54.28 F1500
G1 X161.14 Y54.92 F1500
G1 X159.88 Y53.64 F1500
G1 X159.46 Y54.13 F1500
G1 X158.84 Y55.43 F1500
G1 X158.63 Y55.53 F1500
G1 X157.37 Y53.44 F1500
G1 X156.95 Y53.85 F1500
G1 X156.11 Y55.50 F1500
G1 X155.90 Y55.49 F1500
G1 X155.69 Y55.23 F1500
G1 X155.06 Y53.80 F1500
G1 X154.64 Y53.44 F1500
G1 X153.60 Y55.40 F1500
G1 X153.39 Y55.53 F1500
G1 X153.18 Y55.40 F1500
G1 X152.13 Y53.45 F1500
G1 X151.71 Y53.79 F1500
G1 X151.08 Y55.22 F1500
G1 X150.87 Y55.49 F1500
G1 X150.66 Y55.51 F1500
G1 X149.83 Y53.85 F1500
G1 X149.41 Y53.44 F1500
G1 X148.15 Y55.53 F1500
G1 X147.73 Y55.11 F1500
G1 X146.89 Y53.46 F1500
G1 X146.68 Y53.48 F1500
G1 X146.47 Y53.74 F1500
G1 X145.84 Y55.17 F1500
G1 X145.42 Y55.52 F1500
G1 X144.38 Y53.56 F1500
G1 X144.17 Y53.43 F1500
G1 X143.96 Y53.56 F1500
G1 X142.91 Y55.52 F1500
G1 X142.49 Y55.16 F1500
G1 X141.86 Y53.74 F1500
G1 X141.65 Y53.47 F1500
G1 X141.44 Y53.46 F1500
G1 X140.61 Y55.12 F1500
G1 X140.19 Y55.53 F1500
G1 X138.93 Y53.44 F1500
G1 X138.51 Y53.86 F1500
G1 X137.67 Y55.50 F1500
G1 X137.46 Y55.43 F1500
G1 X136.41 Y53.80 F1500
G1 X136.20 Y53.83 F1500
G1 X135.16 Y54.79 F1500
G1 X133.90 Y54.41 F1500
G1 X118.39 Y54.48 F1500
G1 X117.56 Y54.02 F1500
G1 X116.93 Y54.87 F1500
G1 X116.51 Y55.16 F1500
G1 X115.25 Y53.89 F1500
G1 X114.83 Y54.11 F1500
G1 X113.99 Y55.02 F1500
G1 X113.57 Y54.89 F1500
G1 X112.95 Y54.14 F1500
G1 X112.53 Y53.94 F1500
G1 X111.27 Y55.00 F1500
G1 X110.01 Y54.00 F1500
G1 X109.59 Y54.15 F1500
G1 X108.96 Y54.81 F1500
G1 X108.54 Y54.95 F1500
G1 X107.29 Y54.00 F1500
G1 X106.03 Y54.96 F1500
G1 X105.61 Y54.78 F1500
G1 X104.77 Y54.03 F1500
G1 X104.35 Y54.14 F1500
G1 X103.73 Y54.77 F1500
G1 X103.31 Y54.96 F1500
G1 X102.05 Y54.00 F1500
G1 X101.42 Y54.41 F1500
G1 X100.79 Y55.51 F1500
G1 X100.37 Y55.19 F1500
G1 X99.74 Y53.76 F1500
G1 X99.32 Y53.45 F1500
G1 X98.49 Y55.09 F1500
G1 X98.07 Y55.52 F1500
G1 X96.81 Y53.44 F1500
G1 X96.39 Y53.88 F1500
G1 X95.55 Y55.50 F1500
G1 X95.34 Y55.49 F1500
G1 X95.13 Y55.24 F1500
G1 X94.51 Y53.81 F1500
G1 X94.09 Y53.44 F1500
G1 X93.04 Y55.39 F1500
G1 X92.83 Y55.53 F1500
G1 X92.41 Y55.06 F1500
G1 X91.57 Y53.45 F1500
G1 X91.15 Y53.78 F1500
G1 X90.52 Y55.21 F1500
G1 X90.10 Y55.51 F1500
G1 X89.06 Y53.64 F1500
G1 X88.85 Y53.67 F1500
G1 X88.01 Y54.74 F1500
G1 X87.59 Y55.04 F1500
G1 X86.54 Y54.11 F1500
G1 X86.12 Y53.92 F1500
G1 X85.70 Y54.25 F1500
G1 X85.29 Y55.01 F1500
G1 X84.87 Y55.23 F1500
G1 X84.03 Y54.11 F1500
G1 X83.61 Y53.78 F1500
G1 X83.40 Y53.84 F1500
G1 X82.35 Y55.15 F1500
G1 X81.93 Y54.90 F1500
G1 X81.09 Y53.92 F1500
G1 X80.68 Y54.04 F1500
G1 X80.05 Y54.82 F1500
G1 X79.63 Y55.04 F1500
G1 X78.37 Y53.97 F1500
G1 X77.95 Y54.17 F1500
G1 X77.32 Y54.88 F1500
G1 X76.90 Y55.00 F1500
G1 X76.07 Y54.12 F1500
G1 X75.65 Y53.90 F1500
G1 X74.39 Y55.15 F1500
G1 X73.97 Y54.85 F1500
G1 X73.34 Y53.91 F1500
G1 X72.92 Y53.77 F1500
G1 X72.08 Y55.03 F1500
G1 X71.66 Y55.30 F1500
G1 X70.62 Y53.67 F1500
G1 X70.41 Y53.56 F1500
G1 X70.20 Y53.68 F1500
G1 X69.36 Y55.37 F1500
G1 X69.15 Y55.53 F1500
G1 X68.73 Y55.08 F1500
G1 X67.89 Y53.46 F1500
G1 X67.68 Y53.48 F1500
G1 X67.47 Y53.75 F1500
G1 X66.85 Y55.17 F1500
G1 X66.43 Y55.52 F1500
G1 X65.38 Y53.56 F1500
G1 X65.17 Y53.43 F1500
G1 X64.96 Y53.57 F1500
G1 X63.91 Y55.52 F1500
G1 X63.49 Y55.16 F1500
G1 X62.86 Y53.73 F1500
G1 X62.65 Y53.47 F1500
G1 X62.44 Y53.46 F1500
G1 X61.61 Y55.12 F1500
G1 X61.19 Y55.53 F1500
G1 X59.93 Y53.44 F1500
G1 X59.51 Y53.87 F1500
G1 X58.67 Y55.51 F1500
G1 X58.25 Y55.21 F1500
G1 X57.42 Y53.49 F1500
G1 X57.21 Y53.49 F1500
G1 X56.58 Y54.52 F1500
G1 X55.74 Y54.96 F1500
G1 X55.11 Y54.36 F1500
G1 X54.90 Y53.89 F1500
G1 X54.69 Y53.91 F1500
G1 X54.48 Y54.26 F1500
G1 X54.06 Y54.31 F1500
G1 X53.85 Y54.73 F1500
G1 X53.22 Y55.35 F1500
G1 X51.97 Y53.53 F1500
G1 X51.76 Y53.62 F1500
G1 X50.92 Y55.10 F1500
G1 X50.50 Y55.20 F1500
G1 X50.29 Y55.04 F1500
G1 X49.45 Y53.45 F1500
G1 X49.03 Y53.76 F1500
G1 X48.20 Y55.38 F1500
G1 X47.78 Y55.30 F1500
G1 X47.15 Y53.97 F1500
G1 X46.94 Y53.93 F1500
G1 X46.73 Y53.62 F1500
G1 X46.52 Y53.66 F1500
G1 X46.10 Y54.44 F1500
G1 X45.26 Y55.45 F1500
G1 X44.42 Y53.72 F1500
G1 X44.21 Y53.47 F1500
G1 X44.00 Y53.47 F1500
G1 X43.17 Y55.13 F1500
G1 X42.75 Y55.52 F1500
G1 X41.70 Y53.58 F1500
G1 X41.49 Y53.44 F1500
G1 X41.07 Y53.88 F1500
G1 X40.23 Y55.51 F1500
G1 X39.81 Y55.20 F1500
G1 X39.19 Y53.78 F1500
G1 X38.77 Y53.67 F1500
G1 X38.56 Y53.78 F1500
G1 X37.72 Y55.28 F1500
G1 X37.09 Y54.80 F1500
G1 X36.25 Y53.47 F1500
G1 X36.04 Y53.51 F1500
G1 X35.83 Y53.83 F1500
G1 X34.99 Y55.47 F1500
G1 X33.95 Y54.17 F1500
G1 X33.53 Y53.99 F1500
G1 X32.48 Y54.71 F1500
G1 X32.06 Y54.72 F1500
G1 X31.01 Y54.22 F1500
G1 X29.55 Y54.77 F1500
G1 X28.29 Y54.01 F1500
G1 X27.87 Y54.23 F1500
G1 X27.03 Y55.26 F1500
G1 X26.82 Y55.28 F1500
G1 X25.98 Y53.78 F1500
G1 X25.77 Y53.51 F1500
G1 X25.56 Y53.49 F1500
G1 X24.73 Y55.15 F1500
G1 X24.31 Y55.52 F1500
G1 X23.26 Y53.57 F1500
G1 X23.05 Y53.43 F1500
G1 X22.63 Y53.90 F1500
G1 X21.79 Y55.52 F1500
G1 X21.37 Y55.18 F1500
G1 X20.75 Y53.76 F1500
G1 X20.33 Y53.45 F1500
G1 X19.49 Y55.09 F1500
G1 X19.07 Y55.53 F1500
G1 X17.81 Y53.44 F1500
G1 X17.39 Y53.84 F1500
G1 X16.55 Y55.47 F1500
G1 X16.34 Y55.47 F1500
G1 X16.14 Y55.23 F1500
G1 X15.51 Y53.84 F1500
G1 X15.09 Y53.52 F1500
G1 X14.04 Y55.32 F1500
G1 X13.83 Y55.44 F1500
G1 X13.62 Y55.31 F1500
G1 X12.57 Y53.56 F1500
G1 X12.15 Y53.86 F1500
G1 X11.53 Y55.11 F1500
G1 X11.11 Y55.41 F1500
G1 X10.27 Y53.88 F1500
G1 X9.85 Y53.51 F1500
G1 X8.80 Y55.20 F1500
G1 X8.59 Y55.29 F1500
G1 X7.33 Y53.85 F1500
G1 X6.92 Y54.05 F1500
G1 X6.29 Y54.86 F1500
G1 X5.87 Y55.05 F1500
G1 X4.61 Y53.87 F1500
G1 X3.35 Y55.11 F1500
G1 X2.93 Y54.89 F1500
G1 X2.10 Y53.90 F1500
G1 X1.68 Y54.02 F1500
G1 X0.84 Y55.06 F1500
G1 X0.42 Y55.06 F1500
G1 X0.00 Y54.48 F1500
G1 X0.00 Y54.69 F1500
G1 X0.00 Y54.90 F1500
G1 X0.00 Y55.11 F1500
G1 X0.00 Y55.32 F1500
G1 X0.00 Y55.53 F1500
G1 X0.00 Y55.53 F1500
G1 X0.42 Y56.13 F1500
G1 X0.63 Y56.19 F1500
G1 X1.05 Y55.91 F1500
G1 X1.68 Y55.08 F1500
G1 X2.10 Y54.98 F1500
G1 X2.93 Y55.93 F1500
G1 X3.35 Y56.15 F1500
G1 X4.61 Y54.92 F1500
G1 X5.87 Y56.10 F1500
G1 X6.29 Y55.91 F1500
G1 X7.12 Y54.91 F1500
G1 X7.33 Y54.89 F1500
G1 X8.59 Y56.40 F1500
G1 X9.01 Y55.99 F1500
G1 X9.43 Y55.02 F1500
G1 X9.85 Y54.48 F1500
G1 X10.27 Y54.91 F1500
G1 X11.11 Y56.54 F1500
G1 X11.53 Y56.21 F1500
G1 X12.15 Y54.90 F1500
G1 X12.57 Y54.62 F1500
G1 X13.83 Y56.56 F1500
G1 X14.04 Y56.44 F1500
G1 X15.09 Y54.49 F1500
G1 X15.51 Y54.87 F1500
G1 X16.14 Y56.21 F1500
G1 X16.55 Y56.40 F1500
G1 X17.39 Y54.94 F1500
G1 X17.81 Y54.51 F1500
G1 X19.07 Y56.58 F1500
G1 X19.49 Y56.14 F1500
G1 X20.33 Y54.50 F1500
G1 X20.75 Y54.80 F1500
G1 X21.37 Y56.23 F1500
G1 X21.79 Y56.56 F1500
G1 X22.63 Y54.94 F1500
G1 X23.05 Y54.48 F1500
G1 X23.26 Y54.62 F1500
G1 X24.31 Y56.57 F1500
G1 X24.73 Y56.20 F1500
G1 X25.56 Y54.56 F1500
G1 X25.98 Y54.85 F1500
G1 X26.82 Y56.33 F1500
G1 X27.24 Y56.14 F1500
G1 X27.87 Y55.25 F1500
G1 X28.29 Y55.03 F1500
G1 X29.55 Y55.84 F1500
G1 X30.80 Y55.27 F1500
G1 X31.22 Y55.32 F1500
G1 X32.06 Y55.76 F1500
G1 X32.48 Y55.76 F1500
G1 X33.74 Y55.08 F1500
G1 X34.99 Y56.41 F1500
G1 X35.20 Y56.27 F1500
G1 X35.83 Y54.87 F1500
G1 X36.25 Y54.49 F1500
G1 X37.30 Y56.34 F1500
G1 X37.51 Y56.44 F1500
G1 X37.93 Y56.05 F1500
G1 X38.77 Y54.50 F1500
G1 X39.19 Y54.82 F1500
G1 X39.81 Y56.25 F1500
G1 X40.23 Y56.56 F1500
G1 X41.07 Y54.93 F1500
G1 X41.49 Y54.48 F1500
G1 X41.70 Y54.63 F1500
G1 X42.75 Y56.57 F1500
G1 X43.17 Y56.10 F1500
G1 X44.00 Y54.51 F1500
G1 X44.21 Y54.52 F1500
G1 X44.42 Y54.77 F1500
G1 X45.05 Y56.19 F1500
G1 X45.26 Y56.23 F1500
G1 X45.47 Y55.91 F1500
G1 X45.68 Y56.10 F1500
G1 X46.73 Y54.53 F1500
G1 X48.20 Y56.45 F1500
G1 X49.03 Y54.81 F1500
G1 X49.45 Y54.50 F1500
G1 X50.50 Y56.35 F1500
G1 X50.71 Y56.39 F1500
G1 X50.92 Y56.39 F1500
G1 X51.76 Y54.73 F1500
G1 X52.18 Y54.57 F1500
G1 X53.22 Y56.54 F1500
G1 X53.64 Y56.16 F1500
G1 X54.06 Y55.41 F1500
G1 X54.69 Y55.05 F1500
G1 X55.53 Y55.69 F1500
G1 X56.16 Y56.45 F1500
G1 X57.21 Y54.50 F1500
G1 X57.63 Y54.83 F1500
G1 X58.25 Y56.26 F1500
G1 X58.67 Y56.56 F1500
G1 X59.51 Y54.91 F1500
G1 X59.93 Y54.48 F1500
G1 X61.19 Y56.57 F1500
G1 X61.61 Y56.17 F1500
G1 X62.44 Y54.51 F1500
G1 X62.65 Y54.52 F1500
G1 X62.86 Y54.78 F1500
G1 X63.49 Y56.21 F1500
G1 X63.91 Y56.57 F1500
G1 X64.96 Y54.61 F1500
G1 X65.17 Y54.48 F1500
G1 X65.38 Y54.61 F1500
G1 X66.43 Y56.57 F1500
G1 X66.85 Y56.22 F1500
G1 X67.47 Y54.79 F1500
G1 X67.68 Y54.53 F1500
G1 X67.89 Y54.50 F1500
G1 X68.73 Y56.15 F1500
G1 X69.15 Y56.58 F1500
G1 X69.57 Y56.04 F1500
G1 X69.99 Y55.03 F1500
G1 X70.41 Y54.58 F1500
G1 X70.83 Y54.94 F1500
G1 X71.66 Y56.52 F1500
G1 X71.87 Y56.44 F1500
G1 X72.92 Y54.78 F1500
G1 X73.34 Y54.92 F1500
G1 X73.97 Y55.91 F1500
G1 X74.39 Y56.17 F1500
G1 X75.65 Y54.94 F1500
G1 X76.07 Y55.15 F1500
G1 X76.90 Y56.08 F1500
G1 X77.32 Y55.96 F1500
G1 X77.95 Y55.18 F1500
G1 X78.37 Y54.99 F1500
G1 X79.63 Y56.07 F1500
G1 X80.05 Y55.85 F1500
G1 X80.88 Y55.02 F1500
G1 X81.30 Y55.17 F1500
G1 X82.14 Y55.98 F1500
G1 X82.56 Y55.87 F1500
G1 X83.19 Y55.31 F1500
G1 X83.61 Y55.15 F1500
G1 X84.66 Y55.89 F1500
G1 X85.08 Y55.95 F1500
G1 X85.91 Y55.19 F1500
G1 X86.33 Y55.07 F1500
G1 X87.59 Y56.08 F1500
G1 X88.01 Y55.83 F1500
G1 X88.85 Y54.48 F1500
G1 X89.27 Y54.91 F1500
G1 X90.10 Y56.56 F1500
G1 X90.52 Y56.26 F1500
G1 X91.15 Y54.83 F1500
G1 X91.57 Y54.50 F1500
G1 X92.41 Y56.11 F1500
G1 X92.83 Y56.58 F1500
G1 X93.04 Y56.44 F1500
G1 X94.09 Y54.49 F1500
G1 X94.51 Y54.86 F1500
G1 X95.13 Y56.29 F1500
G1 X95.34 Y56.54 F1500
G1 X95.55 Y56.55 F1500
G1 X96.39 Y54.93 F1500
G1 X96.81 Y54.49 F1500
G1 X98.07 Y56.56 F1500
G1 X98.49 Y56.14 F1500
G1 X99.32 Y54.50 F1500
G1 X99.74 Y54.81 F1500
G1 X100.37 Y56.24 F1500
G1 X100.79 Y56.56 F1500
G1 X101.42 Y55.46 F1500
G1 X101.84 Y55.13 F1500
G1 X102.47 Y55.33 F1500
G1 X103.31 Y56.05 F1500
G1 X103.52 Y56.02 F1500
G1 X104.35 Y55.20 F1500
G1 X104.77 Y55.08 F1500
G1 X105.61 Y55.83 F1500
G1 X106.03 Y56.02 F1500
G1 X107.29 Y55.04 F1500
G1 X108.54 Y56.03 F1500
G1 X108.96 Y55.88 F1500
G1 X109.59 Y55.19 F1500
G1 X110.01 Y55.04 F1500
G1 X111.27 Y56.04 F1500
G1 X112.53 Y55.00 F1500
G1 X112.95 Y55.18 F1500
G1 X113.57 Y55.96 F1500
G1 X113.99 Y56.10 F1500
G1 X114.83 Y55.14 F1500
G1 X115.25 Y54.91 F1500
G1 X116.51 Y56.24 F1500
G1 X116.93 Y55.94 F1500
G1 X117.56 Y55.03 F1500
G1 X118.39 Y55.53 F1500
G1 X131.59 Y55.53 F1500
G1 X132.43 Y55.66 F1500
G1 X132.85 Y55.60 F1500
G1 X133.69 Y54.98 F1500
G1 X134.11 Y55.21 F1500
G1 X134.95 Y56.58 F1500
G1 X135.16 Y56.46 F1500
G1 X136.20 Y54.49 F1500
G1 X136.62 Y54.83 F1500
G1 X137.25 Y56.26 F1500
G1 X137.46 Y56.53 F1500
G1 X137.67 Y56.56 F1500
G1 X138.51 Y54.91 F1500
G1 X138.93 Y54.48 F1500
G1 X140.19 Y56.57 F1500
G1 X140.61 Y56.16 F1500
G1 X141.44 Y54.51 F1500
G1 X141.65 Y54.52 F1500
G1 X141.86 Y54.78 F1500
G1 X142.49 Y56.21 F1500
G1 X142.91 Y56.57 F1500
G1 X143.96 Y54.61 F1500
G1 X144.17 Y54.48 F1500
G1 X144.38 Y54.61 F1500
G1 X145.42 Y56.57 F1500
G1 X145.84 Y56.22 F1500
G1 X146.47 Y54.79 F1500
G1 X146.68 Y54.52 F1500
G1 X146.89 Y54.51 F1500
G1 X147.73 Y56.16 F1500
G1 X148.15 Y56.57 F1500
G1 X149.41 Y54.48 F1500
G1 X149.83 Y54.90 F1500
G1 X150.66 Y56.55 F1500
G1 X150.87 Y56.53 F1500
G1 X151.08 Y56.27 F1500
G1 X151.71 Y54.84 F1500
G1 X152.13 Y54.49 F1500
G1 X153.18 Y56.45 F1500
G1 X153.39 Y56.58 F1500
G1 X153.60 Y56.45 F1500
G1 X154.64 Y54.49 F1500
G1 X155.06 Y54.85 F1500
G1 X155.69 Y56.28 F1500
G1 X155.90 Y56.54 F1500
G1 X156.11 Y56.55 F1500
G1 X156.95 Y54.90 F1500
G1 X157.37 Y54.49 F1500
G1 X158.63 Y56.58 F1500
G1 X159.05 Y56.15 F1500
G1 X159.88 Y54.50 F1500
G1 X160.09 Y54.53 F1500
G1 X160.30 Y54.80 F1500
G1 X160.93 Y56.23 F1500
G1 X161.35 Y56.56 F1500
G1 X162.19 Y55.07 F1500
G1 X162.61 Y54.79 F1500
G1 X163.66 Y55.83 F1500
G1 X165.12 Y55.40 F1500
G1 X166.59 Y55.66 F1500
G1 X167.85 Y55.40 F1500
G1 X169.10 Y55.67 F1500
G1 X170.57 Y55.38 F1500
G1 X171.20 Y55.55 F1500
G1 X171.83 Y56.04 F1500
G1 X172.25 Y55.86 F1500
G1 X173.08 Y54.84 F1500
G1 X173.50 Y55.08 F1500
G1 X174.34 Y56.21 F1500
G1 X174.76 Y56.04 F1500
G1 X175.39 Y55.09 F1500
G1 X175.81 Y54.83 F1500
G1 X177.07 Y56.24 F1500
G1 X177.49 Y55.94 F1500
G1 X178.32 Y54.84 F1500
G1 X178.74 Y55.06 F1500
G1 X179.37 Y56.01 F1500
G1 X180.00 Y56.35 F1500
G1 X180.00 Y56.56 F1500
G1 X180.00 Y56.77 F1500
G1 X180.00 Y56.98 F1500
G1 X180.00 Y57.19 F1500
G1 X180.00 Y57.40 F1500
G1 X180.00 Y57.40 F1500
G1 X179.37 Y57.06 F1500
G1 X178.74 Y56.10 F1500
G1 X178.32 Y55.88 F1500
G1 X177.49 Y56.99 F1500
G1 X177.07 Y57.28 F1500
G1 X175.81 Y55.87 F1500
G1 X175.39 Y56.14 F1500
G1 X174.55 Y57.28 F1500
G1 X174.13 Y57.11 F1500
G1 X173.50 Y56.11 F1500
G1 X173.08 Y55.85 F1500
G1 X172.25 Y56.93 F1500
G1 X171.83 Y57.21 F1500
G1 X170.99 Y56.43 F1500
G1 X170.57 Y56.33 F1500
G1 X169.31 Y56.70 F1500
G1 X167.85 Y56.46 F1500
G1 X166.38 Y56.69 F1500
G1 X164.91 Y56.44 F1500
G1 X164.07 Y57.05 F1500
G1 X163.66 Y57.16 F1500
G1 X162.82 Y55.68 F1500
G1 X162.61 Y55.55 F1500
G1 X162.19 Y56.01 F1500
G1 X161.35 Y57.61 F1500
G1 X160.93 Y57.26 F1500
G1 X160.30 Y55.84 F1500
G1 X160.09 Y55.58 F1500
G1 X159.88 Y55.55 F1500
G1 X159.05 Y57.20 F1500
G1 X158.63 Y57.62 F1500
G1 X157.37 Y55.53 F1500
G1 X156.95 Y55.94 F1500
G1 X156.11 Y57.60 F1500
G1 X155.90 Y57.58 F1500
G1 X155.69 Y57.32 F1500
G1 X155.06 Y55.90 F1500
G1 X154.64 Y55.54 F1500
G1 X153.60 Y57.49 F1500
G1 X153.39 Y57.63 F1500
G1 X153.18 Y57.50 F1500
G1 X152.13 Y55.54 F1500
G1 X151.71 Y55.89 F1500
G1 X151.08 Y57.32 F1500
G1 X150.87 Y57.58 F1500
G1 X150.66 Y57.60 F1500
G1 X149.83 Y55.95 F1500
G1 X149.41 Y55.53 F1500
G1 X148.15 Y57.62 F1500
G1 X147.73 Y57.20 F1500
G1 X146.89 Y55.55 F1500
G1 X146.68 Y55.57 F1500
G1 X146.47 Y55.84 F1500
G1 X145.84 Y57.27 F1500
G1 X145.42 Y57.61 F1500
G1 X144.38 Y55.66 F1500
G1 X144.17 Y55.53 F1500
G1 X143.96 Y55.66 F1500
G1 X142.91 Y57.62 F1500
G1 X142.49 Y57.26 F1500
G1 X141.86 Y55.83 F1500
G1 X141.65 Y55.57 F1500
G1 X141.44 Y55.56 F1500
G1 X140.61 Y57.21 F1500
G1 X140.19 Y57.62 F1500
G1 X138.93 Y55.53 F1500
G1 X138.51 Y55.96 F1500
G1 X137.67 Y57.60 F1500
G1 X137.46 Y57.58 F1500
G1 X137.25 Y57.31 F1500
G1 X136.62 Y55.88 F1500
G1 X136.20 Y55.54 F1500
G1 X135.16 Y57.50 F1500
G1 X134.95 Y57.63 F1500
G1 X134.74 Y57.49 F1500
G1 X133.69 Y55.54 F1500
G1 X133.27 Y55.90 F1500
G1 X132.64 Y57.27 F1500
G1 X132.43 Y57.42 F1500
G1 X131.18 Y56.25 F1500
G1 X130.13 Y56.60 F1500
G1 X118.18 Y56.58 F1500
G1 X117.56 Y56.13 F1500
G1 X116.72 Y57.23 F1500
G1 X116.51 Y57.31 F1500
G1 X115.25 Y55.96 F1500
G1 X114.83 Y56.18 F1500
G1 X113.99 Y57.17 F1500
G1 X113.57 Y57.02 F1500
G1 X112.95 Y56.21 F1500
G1 X112.53 Y56.02 F1500
G1 X111.27 Y57.11 F1500
G1 X110.01 Y56.07 F1500
G1 X109.59 Y56.22 F1500
G1 X108.96 Y56.94 F1500
G1 X108.54 Y57.10 F1500
G1 X107.29 Y56.04 F1500
G1 X106.03 Y57.08 F1500
G1 X105.61 Y56.88 F1500
G1 X104.98 Y56.23 F1500
G1 X104.56 Y56.11 F1500
G1 X103.31 Y57.15 F1500
G1 X102.05 Y56.10 F1500
G1 X101.42 Y56.50 F1500
G1 X100.79 Y57.61 F1500
G1 X100.37 Y57.28 F1500
G1 X99.74 Y55.85 F1500
G1 X99.32 Y55.55 F1500
G1 X98.49 Y57.19 F1500
G1 X98.07 Y57.60 F1500
G1 X96.81 Y55.53 F1500
G1 X96.60 Y55.63 F1500
G1 X95.55 Y57.60 F1500
G1 X95.34 Y57.59 F1500
G1 X95.13 Y57.33 F1500
G1 X94.51 Y55.91 F1500
G1 X94.09 Y55.54 F1500
G1 X93.04 Y57.49 F1500
G1 X92.83 Y57.62 F1500
G1 X92.41 Y57.16 F1500
G1 X91.57 Y55.54 F1500
G1 X91.15 Y55.88 F1500
G1 X90.52 Y57.31 F1500
G1 X90.10 Y57.60 F1500
G1 X89.27 Y55.96 F1500
G1 X88.85 Y55.53 F1500
G1 X87.80 Y57.23 F1500
G1 X87.38 Y57.08 F1500
G1 X86.33 Y56.12 F1500
G1 X84.87 Y56.92 F1500
G1 X83.61 Y56.26 F1500
G1 X82.56 Y56.83 F1500
G1 X82.14 Y56.89 F1500
G1 X80.88 Y56.22 F1500
G1 X79.63 Y57.04 F1500
G1 X78.37 Y56.06 F1500
G1 X77.95 Y56.25 F1500
G1 X77.32 Y56.99 F1500
G1 X76.90 Y57.11 F1500
G1 X76.07 Y56.19 F1500
G1 X75.65 Y55.98 F1500
G1 X74.39 Y57.34 F1500
G1 X73.97 Y57.00 F1500
G1 X73.34 Y55.89 F1500
G1 X72.92 Y55.72 F1500
G1 X72.08 Y57.27 F1500
G1 X71.87 Y57.57 F1500
G1 X71.66 Y57.60 F1500
G1 X70.83 Y55.95 F1500
G1 X70.41 Y55.53 F1500
G1 X69.15 Y57.62 F1500
G1 X68.73 Y57.20 F1500
G1 X67.89 Y55.55 F1500
G1 X67.68 Y55.57 F1500
G1 X67.47 Y55.84 F1500
G1 X66.85 Y57.27 F1500
G1 X66.43 Y57.61 F1500
G1 X65.38 Y55.65 F1500
G1 X65.17 Y55.53 F1500
G1 X64.96 Y55.66 F1500
G1 X63.91 Y57.62 F1500
G1 X63.49 Y57.26 F1500
G1 X62.86 Y55.83 F1500
G1 X62.65 Y55.57 F1500
G1 X62.44 Y55.56 F1500
G1 X61.61 Y57.22 F1500
G1 X61.19 Y57.62 F1500
G1 X59.93 Y55.53 F1500
G1 X59.51 Y55.96 F1500
G1 X58.67 Y57.60 F1500
G1 X58.25 Y57.31 F1500
G1 X57.63 Y55.88 F1500
G1 X57.21 Y55.54 F1500
G1 X56.37 Y57.16 F1500
G1 X55.95 Y57.62 F1500
G1 X55.53 Y57.13 F1500
G1 X55.11 Y56.12 F1500
G1 X54.69 Y55.97 F1500
G1 X54.48 Y55.71 F1500
G1 X53.43 Y57.59 F1500
G1 X53.22 Y57.60 F1500
G1 X52.60 Y56.44 F1500
G1 X52.18 Y56.31 F1500
G1 X51.76 Y55.91 F1500
G1 X50.71 Y57.62 F1500
G1 X50.50 Y57.52 F1500
G1 X49.66 Y55.87 F1500
G1 X49.24 Y55.74 F1500
G1 X48.41 Y57.13 F1500
G1 X47.99 Y57.42 F1500
G1 X47.78 Y57.36 F1500
G1 X47.15 Y56.11 F1500
G1 X46.73 Y55.73 F1500
G1 X46.52 Y55.75 F1500
G1 X45.89 Y57.03 F1500
G1 X45.68 Y57.30 F1500
G1 X45.26 Y57.45 F1500
G1 X44.21 Y55.56 F1500
G1 X44.00 Y55.56 F1500
G1 X43.80 Y55.81 F1500
G1 X43.17 Y57.23 F1500
G1 X42.75 Y57.62 F1500
G1 X41.70 Y55.68 F1500
G1 X41.49 Y55.53 F1500
G1 X41.07 Y55.98 F1500
G1 X40.23 Y57.61 F1500
G1 X39.81 Y57.29 F1500
G1 X39.19 Y55.86 F1500
G1 X38.77 Y55.55 F1500
G1 X37.72 Y57.41 F1500
G1 X37.51 Y57.47 F1500
G1 X36.25 Y55.54 F1500
G1 X35.83 Y55.92 F1500
G1 X35.20 Y57.29 F1500
G1 X34.99 Y57.45 F1500
G1 X33.74 Y56.14 F1500
G1 X32.48 Y56.81 F1500
G1 X32.06 Y56.82 F1500
G1 X31.01 Y56.31 F1500
G1 X29.55 Y56.89 F1500
G1 X28.29 Y56.07 F1500
G1 X27.87 Y56.29 F1500
G1 X27.24 Y57.13 F1500
G1 X26.82 Y57.31 F1500
G1 X25.98 Y55.98 F1500
G1 X25.56 Y55.69 F1500
G1 X24.73 Y57.24 F1500
G1 X24.31 Y57.62 F1500
G1 X23.26 Y55.67 F1500
G1 X23.05 Y55.53 F1500
G1 X22.63 Y55.99 F1500
G1 X21.79 Y57.61 F1500
G1 X21.37 Y57.28 F1500
G1 X20.75 Y55.85 F1500
G1 X20.33 Y55.55 F1500
G1 X19.49 Y57.19 F1500
G1 X19.07 Y57.62 F1500
G1 X17.81 Y55.58 F1500
G1 X17.39 Y56.00 F1500
G1 X16.76 Y57.17 F1500
G1 X16.55 Y57.23 F1500
G1 X15.30 Y56.03 F1500
G1 X14.88 Y55.93 F1500
G1 X14.04 Y57.47 F1500
G1 X13.83 Y57.56 F1500
G1 X13.62 Y57.43 F1500
G1 X12.57 Y55.70 F1500
G1 X12.15 Y55.96 F1500
G1 X11.53 Y57.27 F1500
G1 X11.11 Y57.60 F1500
G1 X10.27 Y55.96 F1500
G1 X9.85 Y55.53 F1500
G1 X9.64 Y55.69 F1500
G1 X9.01 Y57.04 F1500
G1 X8.59 Y57.42 F1500
G1 X7.33 Y55.98 F1500
G1 X6.92 Y56.17 F1500
G1 X6.29 Y56.95 F1500
G1 X5.87 Y57.16 F1500
G1 X4.61 Y55.97 F1500
G1 X3.35 Y57.19 F1500
G1 X2.93 Y56.98 F1500
G1 X2.10 Y56.03 F1500
G1 X1.68 Y56.15 F1500
G1 X1.05 Y56.93 F1500
G1 X0.63 Y57.21 F1500
G1 X0.42 Y57.17 F1500
G1 X0.00 Y56.58 F1500
G1 X0.00 Y56.79 F1500
G1 X0.00 Y57.00 F1500
G1 X0.00 Y57.21 F1500
G1 X0.00 Y57.42 F1500
G1 X0.00 Y57.63 F1500
G1 X0.00 Y57.63 F1500
G1 X0.42 Y58.21 F1500
G1 X0.63 Y58.25 F1500
G1 X1.05 Y58.01 F1500
G1 X1.68 Y57.20 F1500
G1 X2.10 Y57.05 F1500
G1 X2.93 Y58.02 F1500
G1 X3.35 Y58.23 F1500
G1 X4.61 Y57.03 F1500
G1 X5.87 Y58.19 F1500
G1 X6.29 Y57.99 F1500
G1 X6.92 Y57.22 F1500
G1 X7.33 Y57.06 F1500
G1 X8.59 Y58.40 F1500
G1 X9.01 Y58.06 F1500
G1 X9.85 Y56.58 F1500
G1 X10.27 Y57.01 F1500
G1 X11.11 Y58.65 F1500
G1 X11.32 Y58.62 F1500
G1 X11.53 Y58.33 F1500
G1 X12.36 Y56.78 F1500
G1 X12.57 Y56.75 F1500
G1 X12.78 Y56.93 F1500
G1 X13.62 Y58.40 F1500
G1 X13.83 Y58.43 F1500
G1 X14.67 Y57.41 F1500
G1 X15.09 Y57.19 F1500
G1 X16.34 Y58.04 F1500
G1 X16.76 Y57.97 F1500
G1 X17.81 Y56.68 F1500
G1 X18.02 Y56.80 F1500
G1 X18.65 Y58.14 F1500
G1 X19.07 Y58.67 F1500
G1 X19.49 Y58.24 F1500
G1 X20.33 Y56.60 F1500
G1 X20.75 Y56.90 F1500
G1 X21.37 Y58.33 F1500
G1 X21.79 Y58.66 F1500
G1 X22.63 Y57.04 F1500
G1 X23.05 Y56.58 F1500
G1 X23.26 Y56.72 F1500
G1 X24.31 Y58.67 F1500
G1 X24.73 Y58.29 F1500
G1 X25.56 Y56.72 F1500
G1 X25.98 Y56.96 F1500
G1 X26.82 Y58.35 F1500
G1 X27.24 Y58.18 F1500
G1 X27.87 Y57.34 F1500
G1 X28.29 Y57.12 F1500
G1 X29.55 Y57.99 F1500
G1 X31.01 Y57.33 F1500
G1 X32.27 Y57.92 F1500
G1 X33.74 Y57.19 F1500
G1 X34.99 Y58.49 F1500
G1 X35.20 Y58.34 F1500
G1 X35.83 Y56.97 F1500
G1 X36.25 Y56.58 F1500
G1 X37.30 Y58.47 F1500
G1 X37.51 Y58.59 F1500
G1 X37.93 Y58.20 F1500
G1 X38.77 Y56.59 F1500
G1 X39.19 Y56.91 F1500
G1 X40.02 Y58.62 F1500
G1 X40.23 Y58.38 F1500
G1 X40.44 Y58.44 F1500
G1 X41.07 Y57.02 F1500
G1 X41.49 Y56.58 F1500
G1 X41.70 Y56.73 F1500
G1 X42.75 Y58.67 F1500
G1 X43.17 Y58.28 F1500
G1 X44.00 Y56.61 F1500
G1 X44.21 Y56.61 F1500
G1 X44.42 Y56.86 F1500
G1 X45.05 Y58.29 F1500
G1 X45.47 Y58.47 F1500
G1 X45.89 Y58.04 F1500
G1 X46.31 Y57.08 F1500
G1 X46.73 Y56.58 F1500
G1 X46.94 Y56.69 F1500
G1 X47.78 Y58.45 F1500
G1 X47.99 Y58.57 F1500
G1 X48.20 Y58.50 F1500
G1 X49.03 Y57.08 F1500
G1 X49.45 Y56.77 F1500
G1 X49.66 Y56.90 F1500
G1 X50.71 Y58.59 F1500
G1 X51.55 Y57.32 F1500
G1 X52.18 Y56.93 F1500
G1 X53.22 Y58.62 F1500
G1 X53.43 Y58.64 F1500
G1 X54.27 Y57.00 F1500
G1 X54.69 Y56.59 F1500
G1 X55.74 Y58.54 F1500
G1 X55.95 Y58.67 F1500
G1 X56.37 Y58.21 F1500
G1 X57.21 Y56.59 F1500
G1 X57.63 Y56.93 F1500
G1 X58.25 Y58.35 F1500
G1 X58.67 Y58.65 F1500
G1 X59.51 Y57.01 F1500
G1 X59.93 Y56.58 F1500
G1 X61.19 Y58.67 F1500
G1 X61.61 Y58.26 F1500
G1 X62.44 Y56.60 F1500
G1 X62.65 Y56.62 F1500
G1 X62.86 Y56.88 F1500
G1 X63.49 Y58.30 F1500
G1 X63.91 Y58.66 F1500
G1 X64.96 Y56.71 F1500
G1 X65.17 Y56.58 F1500
G1 X65.38 Y56.70 F1500
G1 X66.43 Y58.66 F1500
G1 X66.85 Y58.32 F1500
G1 X67.47 Y56.89 F1500
G1 X67.68 Y56.62 F1500
G1 X67.89 Y56.60 F1500
G1 X68.73 Y58.25 F1500
G1 X69.15 Y58.67 F1500
G1 X70.41 Y56.58 F1500
G1 X70.83 Y57.01 F1500
G1 X71.66 Y58.65 F1500
G1 X71.87 Y58.63 F1500
G1 X72.08 Y58.37 F1500
G1 X72.71 Y56.94 F1500
G1 X73.13 Y56.59 F1500
G1 X73.97 Y58.13 F1500
G1 X74.39 Y58.53 F1500
G1 X75.65 Y56.92 F1500
G1 X76.07 Y57.19 F1500
G1 X76.90 Y58.22 F1500
G1 X77.32 Y58.06 F1500
G1 X78.16 Y57.12 F1500
G1 X78.58 Y57.20 F1500
G1 X79.63 Y58.12 F1500
G1 X80.88 Y57.26 F1500
G1 X82.14 Y57.93 F1500
G1 X82.56 Y57.86 F1500
G1 X83.40 Y57.34 F1500
G1 X83.82 Y57.32 F1500
G1 X84.87 Y57.97 F1500
G1 X85.29 Y57.85 F1500
G1 X86.33 Y57.12 F1500
G1 X86.75 Y57.44 F1500
G1 X87.38 Y58.30 F1500
G1 X87.80 Y58.50 F1500
G1 X88.43 Y57.11 F1500
G1 X88.85 Y56.58 F1500
G1 X89.27 Y57.01 F1500
G1 X90.10 Y58.65 F1500
G1 X90.52 Y58.35 F1500
G1 X91.15 Y56.93 F1500
G1 X91.57 Y56.59 F1500
G1 X92.41 Y58.21 F1500
G1 X92.83 Y58.67 F1500
G1 X93.04 Y58.54 F1500
G1 X94.09 Y56.59 F1500
G1 X94.51 Y56.95 F1500
G1 X95.13 Y58.38 F1500
G1 X95.34 Y58.64 F1500
G1 X95.55 Y58.64 F1500
G1 X96.39 Y57.03 F1500
G1 X96.81 Y56.58 F1500
G1 X98.07 Y58.65 F1500
G1 X98.49 Y58.23 F1500
G1 X99.32 Y56.61 F1500
G1 X99.53 Y56.63 F1500
G1 X99.74 Y56.90 F1500
G1 X100.37 Y58.33 F1500
G1 X100.79 Y58.66 F1500
G1 X101.42 Y57.53 F1500
G1 X102.05 Y57.17 F1500
G1 X103.31 Y58.19 F1500
G1 X103.52 Y58.14 F1500
G1 X104.56 Y57.08 F1500
G1 X104.98 Y57.24 F1500
G1 X105.61 Y57.95 F1500
G1 X106.03 Y58.16 F1500
G1 X107.29 Y57.07 F1500
G1 X108.54 Y58.13 F1500
G1 X108.96 Y57.98 F1500
G1 X109.59 Y57.28 F1500
G1 X110.01 Y57.12 F1500
G1 X111.27 Y58.18 F1500
G1 X112.53 Y57.05 F1500
G1 X112.95 Y57.26 F1500
G1 X113.57 Y58.07 F1500
G1 X113.99 Y58.22 F1500
G1 X114.83 Y57.22 F1500
G1 X115.25 Y56.96 F1500
G1 X116.51 Y58.36 F1500
G1 X116.72 Y58.28 F1500
G1 X117.35 Y57.41 F1500
G1 X117.56 Y57.37 F1500
G1 X118.18 Y57.63 F1500
G1 X126.36 Y57.62 F1500
G1 X127.19 Y57.74 F1500
G1 X128.45 Y57.25 F1500
G1 X128.87 Y57.44 F1500
G1 X129.71 Y58.41 F1500
G1 X130.13 Y58.10 F1500
G1 X130.76 Y56.75 F1500
G1 X130.97 Y56.58 F1500
G1 X131.39 Y56.98 F1500
G1 X132.22 Y58.65 F1500
G1 X132.43 Y58.63 F1500
G1 X132.64 Y58.38 F1500
G1 X133.27 Y56.95 F1500
G1 X133.69 Y56.59 F1500
G1 X134.74 Y58.54 F1500
G1 X134.95 Y58.67 F1500
G1 X135.16 Y58.55 F1500
G1 X136.20 Y56.59 F1500
G1 X136.62 Y56.93 F1500
G1 X137.25 Y58.36 F1500
G1 X137.46 Y58.63 F1500
G1 X137.67 Y58.65 F1500
G1 X138.51 Y57.01 F1500
G1 X138.93 Y56.58 F1500
G1 X140.19 Y58.67 F1500
G1 X140.61 Y58.26 F1500
G1 X141.44 Y56.60 F1500
G1 X141.65 Y56.62 F1500
G1 X141.86 Y56.88 F1500
G1 X142.49 Y58.31 F1500
G1 X142.91 Y58.66 F1500
G1 X143.96 Y56.71 F1500
G1 X144.17 Y56.58 F1500
G1 X144.38 Y56.70 F1500
G1 X145.42 Y58.66 F1500
G1 X145.84 Y58.31 F1500
G1 X146.68 Y56.62 F1500
G1 X146.89 Y56.60 F1500
G1 X147.10 Y56.85 F1500
G1 X147.73 Y58.21 F1500
G1 X148.15 Y58.58 F1500
G1 X149.41 Y56.59 F1500
G1 X149.83 Y57.00 F1500
G1 X150.66 Y58.65 F1500
G1 X150.87 Y58.63 F1500
G1 X151.08 Y58.36 F1500
G1 X151.71 Y56.94 F1500
G1 X152.13 Y56.59 F1500
G1 X153.18 Y58.55 F1500
G1 X153.39 Y58.67 F1500
G1 X153.60 Y58.54 F1500
G1 X154.64 Y56.59 F1500
G1 X155.06 Y56.94 F1500
G1 X155.69 Y58.37 F1500
G1 X155.90 Y58.63 F1500
G1 X156.11 Y58.65 F1500
G1 X156.95 Y56.99 F1500
G1 X157.37 Y56.58 F1500
G1 X158.63 Y58.67 F1500
G1 X159.05 Y58.24 F1500
G1 X159.88 Y56.60 F1500
G1 X160.09 Y56.62 F1500
G1 X160.30 Y56.89 F1500
G1 X160.93 Y58.31 F1500
G1 X161.35 Y58.59 F1500
G1 X162.40 Y56.75 F1500
G1 X162.61 Y56.62 F1500
G1 X163.03 Y57.10 F1500
G1 X163.66 Y58.42 F1500
G1 X163.86 Y58.51 F1500
G1 X164.91 Y57.35 F1500
G1 X166.38 Y57.72 F1500
G1 X167.85 Y57.53 F1500
G1 X169.31 Y57.77 F1500
G1 X170.78 Y57.29 F1500
G1 X171.83 Y58.29 F1500
G1 X172.25 Y57.99 F1500
G1 X173.08 Y56.90 F1500
G1 X173.50 Y57.15 F1500
G1 X174.34 Y58.33 F1500
G1 X174.76 Y58.16 F1500
G1 X175.39 Y57.18 F1500
G1 X175.81 Y56.92 F1500
G1 X176.86 Y58.22 F1500
G1 X177.28 Y58.25 F1500
G1 X178.32 Y56.95 F1500
G1 X178.74 Y57.16 F1500
G1 X179.37 Y58.09 F1500
G1 X180.00 Y58.44 F1500
G1 X180.00 Y58.65 F1500
G1 X180.00 Y58.86 F1500
G1 X180.00 Y59.07 F1500
G1 X180.00 Y59.28 F1500
G1 X180.00 Y59.49 F1500
G1 X180.00 Y59.49 F1500
G1 X179.37 Y59.12 F1500
G1 X178.74 Y58.23 F1500
G1 X178.32 Y58.04 F1500
G1 X177.28 Y59.29 F1500
G1 X177.07 Y59.35 F1500
G1 X175.81 Y57.97 F1500
G1 X175.39 Y58.22 F1500
G1 X174.76 Y59.21 F1500
G1 X174.34 Y59.37 F1500
G1 X173.50 Y58.21 F1500
G1 X173.08 Y57.95 F1500
G1 X172.25 Y59.03 F1500
G1 X171.83 Y59.34 F1500
G1 X171.41 Y59.04 F1500
G1 X170.78 Y58.19 F1500
G1 X170.57 Y58.14 F1500
G1 X169.73 Y58.76 F1500
G1 X169.31 Y58.88 F1500
G1 X168.06 Y58.60 F1500
G1 X166.17 Y58.76 F1500
G1 X165.33 Y58.30 F1500
G1 X164.91 Y58.28 F1500
G1 X164.07 Y59.40 F1500
G1 X163.86 Y59.48 F1500
G1 X163.66 Y59.37 F1500
G1 X163.03 Y58.19 F1500
G1 X162.61 Y57.76 F1500
G1 X162.19 Y58.17 F1500
G1 X161.56 Y59.43 F1500
G1 X161.14 Y59.64 F1500
G1 X160.30 Y57.94 F1500
G1 X160.09 Y57.67 F1500
G1 X159.88 Y57.65 F1500
G1 X159.05 Y59.29 F1500
G1 X158.63 Y59.72 F1500
G1 X157.37 Y57.63 F1500
G1 X156.95 Y58.04 F1500
G1 X156.11 Y59.70 F1500
G1 X155.90 Y59.68 F1500
G1 X155.69 Y59.42 F1500
G1 X155.06 Y57.99 F1500
G1 X154.64 Y57.63 F1500
G1 X153.60 Y59.59 F1500
G1 X153.39 Y59.72 F1500
G1 X153.18 Y59.59 F1500
G1 X152.13 Y57.64 F1500
G1 X151.71 Y57.98 F1500
G1 X151.08 Y59.41 F1500
G1 X150.87 Y59.68 F1500
G1 X150.66 Y59.70 F1500
G1 X149.83 Y58.05 F1500
G1 X149.41 Y57.63 F1500
G1 X149.20 Y57.79 F1500
G1 X148.36 Y59.48 F1500
G1 X148.15 Y59.61 F1500
G1 X147.73 Y59.21 F1500
G1 X146.89 Y57.68 F1500
G1 X146.68 Y57.67 F1500
G1 X145.84 Y59.36 F1500
G1 X145.42 Y59.71 F1500
G1 X144.38 Y57.75 F1500
G1 X144.17 Y57.63 F1500
G1 X143.96 Y57.76 F1500
G1 X143.33 Y59.01 F1500
G1 X142.91 Y59.36 F1500
G1 X142.49 Y59.12 F1500
G1 X141.65 Y57.77 F1500
G1 X141.44 Y57.72 F1500
G1 X140.61 Y59.31 F1500
G1 X140.19 Y59.72 F1500
G1 X138.93 Y57.63 F1500
G1 X138.51 Y58.05 F1500
G1 X137.67 Y59.70 F1500
G1 X137.46 Y59.67 F1500
G1 X137.25 Y59.41 F1500
G1 X136.62 Y57.98 F1500
G1 X136.20 Y57.64 F1500
G1 X135.16 Y59.60 F1500
G1 X134.95 Y59.72 F1500
G1 X134.74 Y59.59 F1500
G1 X133.69 Y57.63 F1500
G1 X133.27 Y58.00 F1500
G1 X132.64 Y59.43 F1500
G1 X132.43 Y59.68 F1500
G1 X132.22 Y59.69 F1500
G1 X131.39 Y58.03 F1500
G1 X130.97 Y57.63 F1500
G1 X129.71 Y59.72 F1500
G1 X129.29 Y59.28 F1500
G1 X128.45 Y57.64 F1500
G1 X128.03 Y57.95 F1500
G1 X127.40 Y59.32 F1500
G1 X127.19 Y59.48 F1500
G1 X125.94 Y58.39 F1500
G1 X124.68 Y58.73 F1500
G1 X117.76 Y58.67 F1500
G1 X117.35 Y58.56 F1500
G1 X116.72 Y59.35 F1500
G1 X116.51 Y59.41 F1500
G1 X115.25 Y57.98 F1500
G1 X114.83 Y58.25 F1500
G1 X113.99 Y59.30 F1500
G1 X113.57 Y59.14 F1500
G1 X112.95 Y58.29 F1500
G1 X112.53 Y58.07 F1500
G1 X111.27 Y59.25 F1500
G1 X110.01 Y58.11 F1500
G1 X109.59 Y58.29 F1500
G1 X108.96 Y59.08 F1500
G1 X108.54 Y59.25 F1500
G1 X107.29 Y58.01 F1500
G1 X106.03 Y59.37 F1500
G1 X105.61 Y59.13 F1500
G1 X104.98 Y58.10 F1500
G1 X104.56 Y57.90 F1500
G1 X103.52 Y59.40 F1500
G1 X103.31 Y59.42 F1500
G1 X102.47 Y58.43 F1500
G1 X102.05 Y58.16 F1500
G1 X101.42 Y58.58 F1500
G1 X100.79 Y59.71 F1500
G1 X100.37 Y59.38 F1500
G1 X99.53 Y57.67 F1500
G1 X99.12 Y57.89 F1500
G1 X98.49 Y59.28 F1500
G1 X98.07 Y59.68 F1500
G1 X97.65 Y59.20 F1500
G1 X97.02 Y57.81 F1500
G1 X96.81 Y57.63 F1500
G1 X96.39 Y58.09 F1500
G1 X95.55 Y59.69 F1500
G1 X95.34 Y59.68 F1500
G1 X95.13 Y59.43 F1500
G1 X94.51 Y58.00 F1500
G1 X94.09 Y57.63 F1500
G1 X93.04 Y59.58 F1500
G1 X92.83 Y59.72 F1500
G1 X92.41 Y59.25 F1500
G1 X91.57 Y57.64 F1500
G1 X91.15 Y57.97 F1500
G1 X90.52 Y59.40 F1500
G1 X90.10 Y59.70 F1500
G1 X89.27 Y58.06 F1500
G1 X88.85 Y57.63 F1500
G1 X88.43 Y58.16 F1500
G1 X87.80 Y59.55 F1500
G1 X87.59 Y59.57 F1500
G1 X86.33 Y58.01 F1500
G1 X85.91 Y58.23 F1500
G1 X85.08 Y59.18 F1500
G1 X84.66 Y59.03 F1500
G1 X83.82 Y58.27 F1500
G1 X83.40 Y58.35 F1500
G1 X82.56 Y58.95 F1500
G1 X82.14 Y59.07 F1500
G1 X81.30 Y58.35 F1500
G1 X80.88 Y58.22 F1500
G1 X79.63 Y59.31 F1500
G1 X79.21 Y59.01 F1500
G1 X78.37 Y57.89 F1500
G1 X77.95 Y58.15 F1500
G1 X77.11 Y59.67 F1500
G1 X76.90 Y59.67 F1500
G1 X76.07 Y57.99 F1500
G1 X75.65 Y57.64 F1500
G1 X74.60 Y59.59 F1500
G1 X74.39 Y59.72 F1500
G1 X74.18 Y59.59 F1500
G1 X73.13 Y57.64 F1500
G1 X72.71 Y57.99 F1500
G1 X72.08 Y59.42 F1500
G1 X71.87 Y59.68 F1500
G1 X71.66 Y59.70 F1500
G1 X70.83 Y58.04 F1500
G1 X70.41 Y57.63 F1500
G1 X69.15 Y59.72 F1500
G1 X68.73 Y59.30 F1500
G1 X67.89 Y57.65 F1500
G1 X67.68 Y57.67 F1500
G1 X67.47 Y57.94 F1500
G1 X66.85 Y59.36 F1500
G1 X66.43 Y59.71 F1500
G1 X65.38 Y57.75 F1500
G1 X65.17 Y57.63 F1500
G1 X64.96 Y57.76 F1500
G1 X63.91 Y59.71 F1500
G1 X63.49 Y59.35 F1500
G1 X62.86 Y57.92 F1500
G1 X62.65 Y57.66 F1500
G1 X62.44 Y57.65 F1500
G1 X61.61 Y59.31 F1500
G1 X61.19 Y59.72 F1500
G1 X59.93 Y57.63 F1500
G1 X59.51 Y58.06 F1500
G1 X58.67 Y59.70 F1500
G1 X58.25 Y59.40 F1500
G1 X57.63 Y57.97 F1500
G1 X57.21 Y57.64 F1500
G1 X56.37 Y59.25 F1500
G1 X55.95 Y59.72 F1500
G1 X55.53 Y59.22 F1500
G1 X55.11 Y58.25 F1500
G1 X54.48 Y57.79 F1500
G1 X53.43 Y59.68 F1500
G1 X53.02 Y58.86 F1500
G1 X52.81 Y58.88 F1500
G1 X51.97 Y57.85 F1500
G1 X51.76 Y57.96 F1500
G1 X51.13 Y59.10 F1500
G1 X50.50 Y59.40 F1500
G1 X49.45 Y57.74 F1500
G1 X49.03 Y57.98 F1500
G1 X48.41 Y59.38 F1500
G1 X47.99 Y59.71 F1500
G1 X47.15 Y58.08 F1500
G1 X46.73 Y57.63 F1500
G1 X45.89 Y59.01 F1500
G1 X45.26 Y59.55 F1500
G1 X44.42 Y57.91 F1500
G1 X44.21 Y57.66 F1500
G1 X44.00 Y57.66 F1500
G1 X43.17 Y59.33 F1500
G1 X42.75 Y59.72 F1500
G1 X41.70 Y57.77 F1500
G1 X41.49 Y57.63 F1500
G1 X41.07 Y58.07 F1500
G1 X40.23 Y59.70 F1500
G1 X40.02 Y59.67 F1500
G1 X39.81 Y59.34 F1500
G1 X39.19 Y57.96 F1500
G1 X38.77 Y57.64 F1500
G1 X37.93 Y59.27 F1500
G1 X37.51 Y59.72 F1500
G1 X37.30 Y59.57 F1500
G1 X36.25 Y57.63 F1500
G1 X35.83 Y58.02 F1500
G1 X35.20 Y59.40 F1500
G1 X34.99 Y59.53 F1500
G1 X33.74 Y58.24 F1500
G1 X32.27 Y58.97 F1500
G1 X31.01 Y58.37 F1500
G1 X29.55 Y59.00 F1500
G1 X28.29 Y58.17 F1500
G1 X27.87 Y58.39 F1500
G1 X27.24 Y59.23 F1500
G1 X26.82 Y59.35 F1500
G1 X25.98 Y58.01 F1500
G1 X25.77 Y57.75 F1500
G1 X25.56 Y57.73 F1500
G1 X24.73 Y59.34 F1500
G1 X24.31 Y59.71 F1500
G1 X23.26 Y57.76 F1500
G1 X23.05 Y57.63 F1500
G1 X22.63 Y58.09 F1500
G1 X21.79 Y59.71 F1500
G1 X21.37 Y59.38 F1500
G1 X20.75 Y57.95 F1500
G1 X20.33 Y57.64 F1500
G1 X19.49 Y59.28 F1500
G1 X19.07 Y59.72 F1500
G1 X18.86 Y59.56 F1500
G1 X18.23 Y58.26 F1500
G1 X17.81 Y57.94 F1500
G1 X17.18 Y58.61 F1500
G1 X16.55 Y58.90 F1500
G1 X15.30 Y58.39 F1500
G1 X14.88 Y58.41 F1500
G1 X13.83 Y59.39 F1500
G1 X13.41 Y59.11 F1500
G1 X12.78 Y58.03 F1500
G1 X12.36 Y57.88 F1500
G1 X11.53 Y59.36 F1500
G1 X11.11 Y59.69 F1500
G1 X10.27 Y58.05 F1500
G1 X9.85 Y57.63 F1500
G1 X9.64 Y57.79 F1500
G1 X9.01 Y59.11 F1500
G1 X8.59 Y59.46 F1500
G1 X7.33 Y58.10 F1500
G1 X6.92 Y58.26 F1500
G1 X6.29 Y59.05 F1500
G1 X5.87 Y59.23 F1500
G1 X4.61 Y58.06 F1500
G1 X4.19 Y58.32 F1500
G1 X3.35 Y59.38 F1500
G1 X2.93 Y59.15 F1500
G1 X2.10 Y57.97 F1500
G1 X1.68 Y58.14 F1500
G1 X0.84 Y59.30 F1500
G1 X0.42 Y59.29 F1500
G1 X0.00 Y58.67 F1500
G1 X0.00 Y58.88 F1500
G1 X0.00 Y59.09 F1500
G1 X0.00 Y59.30 F1500
G1 X0.00 Y59.51 F1500
G1 X0.00 Y59.72 F1500
G1 X0.00 Y59.72 F1500
G1 X0.42 Y60.43 F1500
G1 X0.63 Y60.48 F1500
G1 X1.05 Y60.18 F1500
G1 X1.68 Y59.14 F1500
G1 X2.10 Y58.98 F1500
G1 X2.93 Y60.21 F1500
G1 X3.35 Y60.44 F1500
G1 X4.19 Y59.39 F1500
G1 X4.61 Y59.16 F1500
G1 X5.87 Y60.23 F1500
G1 X6.29 Y60.05 F1500
G1 X6.92 Y59.32 F1500
G1 X7.33 Y59.12 F1500
G1 X8.59 Y60.61 F1500
G1 X9.01 Y60.20 F1500
G1 X9.43 Y59.21 F1500
G1 X9.85 Y58.67 F1500
G1 X10.27 Y59.10 F1500
G1 X11.11 Y60.68 F1500
G1 X11.53 Y60.36 F1500
G1 X12.15 Y59.16 F1500
G1 X12.57 Y58.93 F1500
G1 X13.41 Y60.14 F1500
G1 X13.83 Y60.39 F1500
G1 X14.88 Y59.46 F1500
G1 X16.55 Y59.88 F1500
G1 X16.97 Y59.80 F1500
G1 X17.81 Y59.19 F1500
G1 X18.02 Y59.21 F1500
G1 X19.07 Y60.73 F1500
G1 X19.49 Y60.33 F1500
G1 X20.33 Y58.69 F1500
G1 X20.75 Y58.99 F1500
G1 X21.37 Y60.42 F1500
G1 X21.79 Y60.75 F1500
G1 X22.63 Y59.14 F1500
G1 X23.05 Y58.67 F1500
G1 X23.26 Y58.81 F1500
G1 X24.31 Y60.76 F1500
G1 X24.73 Y60.39 F1500
G1 X25.36 Y58.96 F1500
G1 X25.56 Y58.71 F1500
G1 X25.77 Y58.71 F1500
G1 X26.82 Y60.60 F1500
G1 X27.03 Y60.60 F1500
G1 X27.87 Y59.42 F1500
G1 X28.29 Y59.21 F1500
G1 X29.55 Y60.04 F1500
G1 X30.80 Y59.42 F1500
G1 X31.22 Y59.49 F1500
G1 X32.27 Y60.03 F1500
G1 X33.74 Y59.29 F1500
G1 X34.16 Y59.60 F1500
G1 X34.78 Y60.50 F1500
G1 X34.99 Y60.52 F1500
G1 X35.20 Y60.42 F1500
G1 X35.83 Y59.38 F1500
G1 X36.25 Y59.63 F1500
G1 X36.46 Y59.36 F1500
G1 X36.67 Y59.34 F1500
G1 X37.30 Y60.62 F1500
G1 X37.51 Y60.77 F1500
G1 X38.77 Y58.69 F1500
G1 X39.19 Y59.01 F1500
G1 X39.81 Y60.44 F1500
G1 X40.23 Y60.75 F1500
G1 X41.07 Y59.12 F1500
G1 X41.49 Y58.67 F1500
G1 X41.70 Y58.82 F1500
G1 X42.75 Y60.76 F1500
G1 X43.17 Y60.37 F1500
G1 X43.80 Y58.95 F1500
G1 X44.00 Y58.70 F1500
G1 X44.21 Y58.71 F1500
G1 X45.26 Y60.69 F1500
G1 X45.47 Y60.71 F1500
G1 X46.52 Y59.05 F1500
G1 X46.73 Y58.99 F1500
G1 X47.15 Y59.18 F1500
G1 X47.99 Y60.73 F1500
G1 X48.20 Y60.71 F1500
G1 X48.41 Y60.43 F1500
G1 X49.24 Y58.73 F1500
G1 X49.66 Y58.99 F1500
G1 X50.50 Y60.62 F1500
G1 X50.92 Y60.32 F1500
G1 X51.76 Y58.86 F1500
G1 X51.97 Y58.88 F1500
G1 X52.39 Y59.29 F1500
G1 X53.43 Y60.70 F1500
G1 X54.48 Y58.78 F1500
G1 X54.69 Y58.81 F1500
G1 X55.95 Y60.67 F1500
G1 X56.16 Y60.65 F1500
G1 X57.21 Y58.69 F1500
G1 X57.63 Y59.02 F1500
G1 X58.25 Y60.45 F1500
G1 X58.67 Y60.75 F1500
G1 X59.51 Y59.10 F1500
G1 X59.93 Y58.67 F1500
G1 X61.19 Y60.76 F1500
G1 X61.61 Y60.36 F1500
G1 X62.44 Y58.70 F1500
G1 X62.65 Y58.71 F1500
G1 X62.86 Y58.97 F1500
G1 X63.49 Y60.40 F1500
G1 X63.91 Y60.76 F1500
G1 X64.96 Y58.81 F1500
G1 X65.17 Y58.67 F1500
G1 X65.38 Y58.80 F1500
G1 X66.43 Y60.76 F1500
G1 X66.85 Y60.41 F1500
G1 X67.47 Y58.98 F1500
G1 X67.68 Y58.72 F1500
G1 X67.89 Y58.70 F1500
G1 X68.73 Y60.34 F1500
G1 X69.15 Y60.77 F1500
G1 X70.41 Y58.68 F1500
G1 X70.83 Y59.09 F1500
G1 X71.66 Y60.72 F1500
G1 X72.08 Y60.41 F1500
G1 X72.92 Y58.81 F1500
G1 X73.13 Y58.82 F1500
G1 X73.97 Y60.13 F1500
G1 X74.39 Y60.42 F1500
G1 X75.65 Y59.09 F1500
G1 X76.07 Y59.31 F1500
G1 X76.90 Y60.27 F1500
G1 X77.32 Y60.15 F1500
G1 X77.95 Y59.36 F1500
G1 X78.37 Y59.14 F1500
G1 X79.63 Y60.28 F1500
G1 X80.88 Y59.32 F1500
G1 X81.30 Y59.44 F1500
G1 X82.14 Y60.11 F1500
G1 X82.56 Y60.06 F1500
G1 X83.61 Y59.30 F1500
G1 X84.87 Y60.09 F1500
G1 X86.12 Y59.52 F1500
G1 X87.80 Y59.84 F1500
G1 X88.22 Y59.72 F1500
G1 X89.06 Y59.11 F1500
G1 X89.27 Y59.18 F1500
G1 X90.10 Y60.75 F1500
G1 X90.52 Y60.45 F1500
G1 X91.15 Y59.02 F1500
G1 X91.57 Y58.69 F1500
G1 X92.41 Y60.30 F1500
G1 X92.83 Y60.77 F1500
G1 X93.04 Y60.63 F1500
G1 X94.09 Y58.68 F1500
G1 X94.51 Y59.05 F1500
G1 X95.13 Y60.48 F1500
G1 X95.34 Y60.73 F1500
G1 X95.55 Y60.74 F1500
G1 X96.39 Y59.16 F1500
G1 X96.81 Y58.68 F1500
G1 X97.02 Y58.85 F1500
G1 X97.65 Y60.24 F1500
G1 X98.07 Y60.70 F1500
G1 X98.28 Y60.66 F1500
G1 X98.49 Y60.33 F1500
G1 X99.12 Y58.96 F1500
G1 X99.53 Y58.72 F1500
G1 X100.37 Y60.43 F1500
G1 X100.79 Y60.75 F1500
G1 X101.42 Y59.65 F1500
G1 X102.05 Y59.18 F1500
G1 X102.26 Y59.23 F1500
G1 X103.31 Y60.48 F1500
G1 X103.73 Y60.23 F1500
G1 X104.35 Y59.17 F1500
G1 X104.77 Y58.89 F1500
G1 X105.61 Y60.26 F1500
G1 X106.03 Y60.57 F1500
G1 X107.08 Y59.02 F1500
G1 X107.29 Y58.92 F1500
G1 X107.71 Y59.26 F1500
G1 X108.54 Y60.54 F1500
G1 X108.96 Y60.28 F1500
G1 X109.80 Y58.96 F1500
G1 X110.22 Y59.14 F1500
G1 X110.85 Y60.12 F1500
G1 X111.27 Y60.43 F1500
G1 X112.53 Y59.06 F1500
G1 X112.95 Y59.31 F1500
G1 X113.57 Y60.20 F1500
G1 X113.99 Y60.37 F1500
G1 X115.04 Y59.07 F1500
G1 X115.25 Y59.03 F1500
G1 X116.51 Y60.47 F1500
G1 X117.14 Y59.74 F1500
G1 X117.35 Y59.70 F1500
G1 X123.42 Y59.65 F1500
G1 X124.68 Y59.92 F1500
G1 X125.94 Y58.99 F1500
G1 X126.98 Y60.75 F1500
G1 X127.40 Y60.42 F1500
G1 X128.03 Y58.99 F1500
G1 X128.45 Y58.69 F1500
G1 X129.29 Y60.33 F1500
G1 X129.71 Y60.77 F1500
G1 X130.97 Y58.68 F1500
G1 X131.39 Y59.08 F1500
G1 X132.22 Y60.70 F1500
G1 X132.43 Y60.70 F1500
G1 X132.64 Y60.46 F1500
G1 X133.27 Y59.05 F1500
G1 X133.69 Y58.68 F1500
G1 X134.74 Y60.63 F1500
G1 X134.95 Y60.77 F1500
G1 X135.16 Y60.65 F1500
G1 X136.20 Y58.69 F1500
G1 X136.62 Y59.03 F1500
G1 X137.25 Y60.45 F1500
G1 X137.46 Y60.72 F1500
G1 X137.67 Y60.75 F1500
G1 X138.51 Y59.10 F1500
G1 X138.93 Y58.67 F1500
G1 X140.19 Y60.77 F1500
G1 X141.44 Y59.06 F1500
G1 X141.86 Y59.21 F1500
G1 X142.49 Y60.29 F1500
G1 X142.91 Y60.63 F1500
G1 X143.33 Y60.15 F1500
G1 X143.96 Y58.80 F1500
G1 X144.17 Y58.67 F1500
G1 X144.38 Y58.80 F1500
G1 X145.42 Y60.76 F1500
G1 X145.84 Y60.41 F1500
G1 X146.68 Y58.75 F1500
G1 X147.10 Y59.06 F1500
G1 X147.94 Y60.55 F1500
G1 X148.15 Y60.70 F1500
G1 X148.36 Y60.59 F1500
G1 X148.99 Y59.22 F1500
G1 X149.41 Y58.68 F1500
G1 X149.83 Y59.09 F1500
G1 X150.66 Y60.74 F1500
G1 X150.87 Y60.73 F1500
G1 X151.08 Y60.46 F1500
G1 X151.71 Y59.03 F1500
G1 X152.13 Y58.68 F1500
G1 X153.18 Y60.64 F1500
G1 X153.39 Y60.77 F1500
G1 X153.60 Y60.64 F1500
G1 X154.64 Y58.68 F1500
G1 X155.06 Y59.04 F1500
G1 X155.69 Y60.47 F1500
G1 X155.90 Y60.73 F1500
G1 X156.11 Y60.74 F1500
G1 X156.95 Y59.09 F1500
G1 X157.37 Y58.68 F1500
G1 X158.63 Y60.77 F1500
G1 X159.05 Y60.34 F1500
G1 X159.88 Y58.69 F1500
G1 X160.09 Y58.72 F1500
G1 X160.30 Y58.99 F1500
G1 X160.93 Y60.42 F1500
G1 X161.35 Y60.75 F1500
G1 X162.19 Y59.23 F1500
G1 X162.61 Y58.81 F1500
G1 X163.86 Y60.57 F1500
G1 X164.07 Y60.49 F1500
G1 X164.91 Y59.29 F1500
G1 X165.12 Y59.25 F1500
G1 X166.17 Y59.81 F1500
G1 X168.27 Y59.64 F1500
G1 X169.31 Y60.12 F1500
G1 X169.73 Y59.86 F1500
G1 X170.15 Y59.31 F1500
G1 X170.57 Y59.12 F1500
G1 X171.83 Y60.37 F1500
G1 X173.08 Y59.04 F1500
G1 X173.50 Y59.26 F1500
G1 X174.13 Y60.26 F1500
G1 X174.55 Y60.45 F1500
G1 X175.39 Y59.27 F1500
G1 X175.81 Y59.00 F1500
G1 X177.07 Y60.42 F1500
G1 X177.49 Y60.12 F1500
G1 X178.32 Y59.06 F1500
G1 X178.74 Y59.26 F1500
G1 X179.37 Y60.18 F1500
G1 X180.00 Y60.54 F1500
G1 X180.00 Y60.75 F1500
G1 X180.00 Y60.96 F1500
G1 X180.00 Y61.17 F1500
G1 X180.00 Y61.38 F1500
G1 X180.00 Y61.59 F1500
G1 X180.00 Y61.59 F1500
G1 X179.37 Y61.25 F1500
G1 X178.74 Y60.31 F1500
G1 X178.32 Y60.11 F1500
G1 X177.28 Y61.40 F1500
G1 X177.07 Y61.47 F1500
G1 X175.81 Y60.05 F1500
G1 X175.39 Y60.32 F1500
G1 X174.55 Y61.49 F1500
G1 X174.13 Y61.30 F1500
G1 X173.50 Y60.31 F1500
G1 X173.08 Y60.09 F1500
G1 X171.83 Y61.40 F1500
G1 X170.57 Y60.15 F1500
G1 X170.15 Y60.35 F1500
G1 X169.31 Y61.36 F1500
G1 X168.27 Y60.59 F1500
G1 X166.38 Y60.87 F1500
G1 X165.75 Y60.71 F1500
G1 X165.12 Y60.32 F1500
G1 X164.70 Y60.58 F1500
G1 X164.07 Y61.56 F1500
G1 X163.86 Y61.62 F1500
G1 X162.82 Y60.03 F1500
G1 X162.61 Y59.92 F1500
G1 X162.19 Y60.27 F1500
G1 X161.35 Y61.80 F1500
G1 X160.93 Y61.46 F1500
G1 X160.30 Y60.04 F1500
G1 X160.09 Y59.77 F1500
G1 X159.88 Y59.74 F1500
G1 X159.05 Y61.39 F1500
G1 X158.63 Y61.81 F1500
G1 X157.37 Y59.74 F1500
G1 X156.95 Y60.15 F1500
G1 X156.11 Y61.79 F1500
G1 X155.90 Y61.78 F1500
G1 X155.69 Y61.51 F1500
G1 X155.06 Y60.09 F1500
G1 X154.64 Y59.73 F1500
G1 X153.60 Y61.69 F1500
G1 X153.39 Y61.82 F1500
G1 X153.18 Y61.69 F1500
G1 X152.13 Y59.73 F1500
G1 X151.71 Y60.08 F1500
G1 X151.08 Y61.51 F1500
G1 X150.87 Y61.77 F1500
G1 X150.66 Y61.79 F1500
G1 X149.83 Y60.14 F1500
G1 X149.41 Y59.72 F1500
G1 X148.99 Y60.27 F1500
G1 X148.36 Y61.65 F1500
G1 X148.15 Y61.78 F1500
G1 X147.73 Y61.30 F1500
G1 X147.10 Y60.12 F1500
G1 X146.68 Y59.88 F1500
G1 X145.84 Y61.46 F1500
G1 X145.42 Y61.80 F1500
G1 X144.38 Y59.85 F1500
G1 X144.17 Y59.72 F1500
G1 X143.96 Y59.85 F1500
G1 X142.91 Y61.81 F1500
G1 X142.49 Y61.45 F1500
G1 X141.86 Y60.10 F1500
G1 X141.65 Y59.96 F1500
G1 X141.23 Y60.24 F1500
G1 X140.19 Y61.72 F1500
G1 X139.98 Y61.64 F1500
G1 X139.35 Y60.26 F1500
G1 X138.93 Y59.72 F1500
G1 X138.51 Y60.15 F1500
G1 X137.67 Y61.79 F1500
G1 X137.46 Y61.77 F1500
G1 X137.25 Y61.50 F1500
G1 X136.62 Y60.07 F1500
G1 X136.20 Y59.73 F1500
G1 X135.16 Y61.69 F1500
G1 X134.95 Y61.82 F1500
G1 X134.74 Y61.68 F1500
G1 X133.69 Y59.73 F1500
G1 X133.27 Y60.11 F1500
G1 X132.64 Y61.48 F1500
G1 X132.22 Y61.71 F1500
G1 X131.39 Y60.13 F1500
G1 X130.97 Y59.75 F1500
G1 X130.76 Y59.90 F1500
G1 X129.92 Y61.66 F1500
G1 X129.71 Y61.79 F1500
G1 X129.29 Y61.36 F1500
G1 X128.45 Y59.74 F1500
G1 X128.03 Y60.04 F1500
G1 X127.40 Y61.47 F1500
G1 X126.98 Y61.80 F1500
G1 X126.15 Y60.18 F1500
G1 X125.73 Y59.72 F1500
G1 X125.52 Y59.86 F1500
G1 X124.89 Y61.16 F1500
G1 X124.47 Y61.45 F1500
G1 X123.42 Y60.60 F1500
G1 X122.37 Y60.77 F1500
G1 X117.35 Y60.71 F1500
G1 X116.51 Y61.60 F1500
G1 X116.30 Y61.51 F1500
G1 X115.25 Y59.92 F1500
G1 X114.83 Y60.24 F1500
G1 X114.20 Y61.40 F1500
G1 X113.78 Y61.63 F1500
G1 X112.95 Y60.20 F1500
G1 X112.53 Y59.87 F1500
G1 X111.27 Y61.68 F1500
G1 X110.85 Y61.29 F1500
G1 X110.01 Y59.87 F1500
G1 X109.59 Y60.15 F1500
G1 X108.75 Y61.61 F1500
G1 X108.34 Y61.43 F1500
G1 X107.71 Y60.30 F1500
G1 X107.29 Y59.92 F1500
G1 X106.03 Y61.50 F1500
G1 X105.82 Y61.43 F1500
G1 X104.77 Y60.17 F1500
G1 X104.35 Y60.27 F1500
G1 X103.73 Y61.17 F1500
G1 X103.31 Y61.44 F1500
G1 X103.10 Y61.39 F1500
G1 X102.05 Y60.14 F1500
G1 X101.42 Y60.72 F1500
G1 X100.79 Y61.80 F1500
G1 X100.37 Y61.47 F1500
G1 X99.53 Y59.77 F1500
G1 X99.32 Y59.77 F1500
G1 X99.12 Y60.01 F1500
G1 X98.49 Y61.38 F1500
G1 X98.28 Y61.71 F1500
G1 X98.07 Y61.74 F1500
G1 X97.65 Y61.29 F1500
G1 X97.23 Y60.29 F1500
G1 X96.81 Y59.73 F1500
G1 X96.39 Y60.21 F1500
G1 X95.55 Y61.79 F1500
G1 X95.34 Y61.78 F1500
G1 X95.13 Y61.52 F1500
G1 X94.51 Y60.10 F1500
G1 X94.09 Y59.73 F1500
G1 X93.04 Y61.68 F1500
G1 X92.83 Y61.82 F1500
G1 X92.41 Y61.35 F1500
G1 X91.78 Y60.00 F1500
G1 X91.57 Y60.00 F1500
G1 X90.94 Y60.70 F1500
G1 X90.52 Y60.88 F1500
G1 X89.06 Y60.73 F1500
G1 X87.17 Y60.80 F1500
G1 X86.12 Y60.63 F1500
G1 X84.87 Y61.10 F1500
G1 X83.61 Y60.28 F1500
G1 X82.35 Y61.23 F1500
G1 X81.93 Y61.08 F1500
G1 X81.30 Y60.42 F1500
G1 X80.88 Y60.29 F1500
G1 X79.63 Y61.30 F1500
G1 X78.37 Y60.22 F1500
G1 X77.95 Y60.42 F1500
G1 X77.11 Y61.37 F1500
G1 X76.69 Y61.21 F1500
G1 X76.07 Y60.36 F1500
G1 X75.65 Y60.15 F1500
G1 X74.60 Y61.37 F1500
G1 X74.39 Y61.44 F1500
G1 X73.97 Y61.13 F1500
G1 X73.34 Y60.13 F1500
G1 X72.92 Y59.96 F1500
G1 X72.08 Y61.48 F1500
G1 X71.66 Y61.79 F1500
G1 X70.83 Y60.14 F1500
G1 X70.41 Y59.72 F1500
G1 X69.15 Y61.81 F1500
G1 X68.73 Y61.39 F1500
G1 X67.89 Y59.74 F1500
G1 X67.68 Y59.76 F1500
G1 X67.47 Y60.03 F1500
G1 X66.85 Y61.46 F1500
G1 X66.43 Y61.80 F1500
G1 X65.38 Y59.84 F1500
G1 X65.17 Y59.72 F1500
G1 X64.96 Y59.85 F1500
G1 X63.91 Y61.81 F1500
G1 X63.49 Y61.45 F1500
G1 X62.86 Y60.02 F1500
G1 X62.65 Y59.76 F1500
G1 X62.44 Y59.75 F1500
G1 X61.61 Y61.41 F1500
G1 X61.19 Y61.81 F1500
G1 X59.93 Y59.72 F1500
G1 X59.51 Y60.15 F1500
G1 X58.67 Y61.80 F1500
G1 X58.25 Y61.50 F1500
G1 X57.63 Y60.07 F1500
G1 X57.21 Y59.73 F1500
G1 X56.16 Y61.62 F1500
G1 X55.32 Y60.81 F1500
G1 X54.90 Y59.92 F1500
G1 X54.69 Y59.79 F1500
G1 X53.64 Y61.38 F1500
G1 X53.22 Y61.62 F1500
G1 X52.18 Y59.88 F1500
G1 X51.76 Y60.06 F1500
G1 X51.13 Y61.29 F1500
G1 X50.92 Y61.44 F1500
G1 X50.29 Y61.22 F1500
G1 X49.45 Y59.82 F1500
G1 X49.24 Y59.80 F1500
G1 X48.20 Y61.70 F1500
G1 X47.57 Y61.03 F1500
G1 X46.94 Y59.99 F1500
G1 X46.73 Y59.99 F1500
G1 X46.31 Y60.39 F1500
G1 X45.47 Y61.81 F1500
G1 X45.05 Y61.43 F1500
G1 X44.21 Y59.75 F1500
G1 X44.00 Y59.75 F1500
G1 X43.80 Y60.00 F1500
G1 X43.17 Y61.42 F1500
G1 X42.75 Y61.81 F1500
G1 X41.70 Y59.87 F1500
G1 X41.49 Y59.72 F1500
G1 X41.07 Y60.17 F1500
G1 X40.23 Y61.80 F1500
G1 X39.81 Y61.48 F1500
G1 X39.19 Y60.06 F1500
G1 X38.77 Y59.74 F1500
G1 X37.72 Y61.69 F1500
G1 X37.51 Y61.54 F1500
G1 X37.30 Y61.67 F1500
G1 X36.25 Y59.73 F1500
G1 X36.04 Y59.82 F1500
G1 X35.20 Y61.26 F1500
G1 X34.99 Y61.00 F1500
G1 X34.37 Y60.90 F1500
G1 X33.74 Y60.34 F1500
G1 X33.32 Y60.44 F1500
G1 X32.27 Y61.09 F1500
G1 X31.01 Y60.45 F1500
G1 X29.55 Y61.09 F1500
G1 X29.13 Y60.92 F1500
G1 X28.29 Y60.19 F1500
G1 X27.87 Y60.46 F1500
G1 X27.03 Y61.76 F1500
G1 X26.61 Y61.42 F1500
G1 X25.77 Y59.75 F1500
G1 X25.56 Y59.76 F1500
G1 X25.36 Y60.01 F1500
G1 X24.73 Y61.44 F1500
G1 X24.31 Y61.81 F1500
G1 X23.26 Y59.86 F1500
G1 X23.05 Y59.72 F1500
G1 X22.63 Y60.18 F1500
G1 X21.79 Y61.80 F1500
G1 X21.37 Y61.47 F1500
G1 X20.75 Y60.04 F1500
G1 X20.33 Y59.74 F1500
G1 X19.49 Y61.32 F1500
G1 X19.07 Y61.65 F1500
G1 X18.02 Y60.32 F1500
G1 X16.55 Y60.90 F1500
G1 X14.88 Y60.50 F1500
G1 X14.04 Y61.33 F1500
G1 X13.62 Y61.39 F1500
G1 X12.57 Y60.00 F1500
G1 X12.15 Y60.21 F1500
G1 X11.53 Y61.39 F1500
G1 X11.11 Y61.70 F1500
G1 X10.27 Y60.15 F1500
G1 X9.85 Y59.72 F1500
G1 X9.43 Y60.26 F1500
G1 X8.80 Y61.63 F1500
G1 X8.59 Y61.77 F1500
G1 X8.38 Y61.65 F1500
G1 X7.33 Y59.99 F1500
G1 X6.92 Y60.25 F1500
G1 X6.29 Y61.17 F1500
G1 X5.87 Y61.35 F1500
G1 X4.61 Y60.19 F1500
G1 X4.19 Y60.43 F1500
G1 X3.35 Y61.49 F1500
G1 X2.93 Y61.28 F1500
G1 X2.10 Y60.03 F1500
G1 X1.68 Y60.18 F1500
G1 X1.05 Y61.23 F1500
G1 X0.63 Y61.53 F1500
G1 X0.42 Y61.47 F1500
G1 X0.00 Y60.77 F1500
G1 X0.00 Y60.98 F1500
G1 X0.00 Y61.19 F1500
G1 X0.00 Y61.40 F1500
G1 X0.00 Y61.61 F1500
G1 X0.00 Y61.82 F1500
G1 X0.00 Y61.82 F1500
G1 X0.42 Y62.49 F1500
G1 X0.84 Y62.50 F1500
G1 X1.68 Y61.21 F1500
G1 X2.10 Y61.04 F1500
G1 X2.93 Y62.34 F1500
G1 X3.35 Y62.58 F1500
G1 X4.40 Y61.14 F1500
G1 X4.61 Y61.08 F1500
G1 X5.87 Y62.52 F1500
G1 X6.29 Y62.27 F1500
G1 X7.12 Y61.05 F1500
G1 X7.33 Y61.03 F1500
G1 X8.38 Y62.72 F1500
G1 X8.59 Y62.84 F1500
G1 X8.80 Y62.69 F1500
G1 X9.43 Y61.31 F1500
G1 X9.85 Y60.77 F1500
G1 X10.06 Y60.87 F1500
G1 X11.11 Y62.72 F1500
G1 X11.53 Y62.41 F1500
G1 X12.15 Y61.28 F1500
G1 X12.57 Y61.07 F1500
G1 X13.62 Y62.42 F1500
G1 X14.04 Y62.36 F1500
G1 X14.88 Y61.48 F1500
G1 X16.55 Y61.91 F1500
G1 X18.02 Y61.47 F1500
G1 X19.07 Y62.53 F1500
G1 X19.49 Y62.25 F1500
G1 X20.12 Y61.25 F1500
G1 X20.54 Y61.07 F1500
G1 X21.37 Y62.38 F1500
G1 X21.79 Y62.72 F1500
G1 X22.21 Y62.21 F1500
G1 X22.84 Y60.89 F1500
G1 X23.05 Y60.77 F1500
G1 X23.26 Y60.91 F1500
G1 X24.31 Y62.86 F1500
G1 X24.73 Y62.48 F1500
G1 X25.36 Y61.06 F1500
G1 X25.56 Y60.80 F1500
G1 X25.77 Y60.80 F1500
G1 X26.61 Y62.47 F1500
G1 X27.03 Y62.86 F1500
G1 X27.87 Y61.42 F1500
G1 X28.29 Y61.17 F1500
G1 X29.13 Y61.97 F1500
G1 X29.55 Y62.14 F1500
G1 X31.01 Y61.50 F1500
G1 X32.27 Y62.14 F1500
G1 X33.74 Y61.39 F1500
G1 X34.99 Y62.68 F1500
G1 X35.41 Y62.15 F1500
G1 X35.83 Y61.16 F1500
G1 X36.25 Y60.80 F1500
G1 X36.46 Y60.97 F1500
G1 X37.30 Y62.72 F1500
G1 X37.51 Y62.86 F1500
G1 X37.93 Y62.41 F1500
G1 X38.77 Y60.78 F1500
G1 X39.19 Y61.10 F1500
G1 X39.81 Y62.53 F1500
G1 X40.23 Y62.85 F1500
G1 X41.28 Y60.90 F1500
G1 X41.49 Y60.77 F1500
G1 X41.70 Y60.92 F1500
G1 X42.75 Y62.86 F1500
G1 X43.17 Y62.47 F1500
G1 X43.80 Y61.08 F1500
G1 X44.00 Y60.80 F1500
G1 X44.21 Y60.80 F1500
G1 X45.05 Y62.48 F1500
G1 X45.47 Y62.86 F1500
G1 X46.52 Y60.91 F1500
G1 X46.73 Y60.77 F1500
G1 X47.99 Y62.81 F1500
G1 X48.20 Y62.81 F1500
G1 X48.41 Y62.52 F1500
G1 X49.24 Y60.82 F1500
G1 X49.45 Y60.84 F1500
G1 X50.50 Y62.76 F1500
G1 X50.71 Y62.78 F1500
G1 X51.13 Y62.32 F1500
G1 X51.76 Y61.09 F1500
G1 X52.18 Y60.85 F1500
G1 X53.02 Y62.40 F1500
G1 X53.22 Y62.63 F1500
G1 X53.64 Y62.57 F1500
G1 X54.27 Y61.24 F1500
G1 X54.69 Y60.78 F1500
G1 X55.95 Y62.84 F1500
G1 X56.37 Y62.38 F1500
G1 X56.79 Y61.40 F1500
G1 X57.21 Y60.86 F1500
G1 X57.63 Y61.53 F1500
G1 X57.83 Y61.59 F1500
G1 X58.25 Y62.55 F1500
G1 X58.67 Y62.84 F1500
G1 X59.51 Y61.20 F1500
G1 X59.93 Y60.77 F1500
G1 X61.19 Y62.86 F1500
G1 X61.61 Y62.45 F1500
G1 X62.44 Y60.79 F1500
G1 X62.65 Y60.81 F1500
G1 X62.86 Y61.07 F1500
G1 X63.49 Y62.49 F1500
G1 X63.91 Y62.85 F1500
G1 X64.96 Y60.90 F1500
G1 X65.17 Y60.77 F1500
G1 X65.38 Y60.89 F1500
G1 X66.43 Y62.85 F1500
G1 X66.85 Y62.51 F1500
G1 X67.47 Y61.08 F1500
G1 X67.68 Y60.81 F1500
G1 X67.89 Y60.79 F1500
G1 X68.73 Y62.44 F1500
G1 X69.15 Y62.86 F1500
G1 X70.41 Y60.77 F1500
G1 X70.83 Y61.19 F1500
G1 X71.66 Y62.84 F1500
G1 X71.87 Y62.82 F1500
G1 X72.08 Y62.56 F1500
G1 X72.92 Y61.01 F1500
G1 X73.34 Y61.18 F1500
G1 X73.97 Y62.22 F1500
G1 X74.39 Y62.48 F1500
G1 X75.65 Y61.18 F1500
G1 X76.07 Y61.41 F1500
G1 X76.90 Y62.41 F1500
G1 X77.32 Y62.26 F1500
G1 X77.95 Y61.46 F1500
G1 X78.37 Y61.26 F1500
G1 X79.63 Y62.36 F1500
G1 X80.88 Y61.33 F1500
G1 X81.30 Y61.47 F1500
G1 X81.93 Y62.14 F1500
G1 X82.35 Y62.29 F1500
G1 X83.61 Y61.39 F1500
G1 X84.87 Y62.11 F1500
G1 X86.12 Y61.69 F1500
G1 X87.38 Y61.88 F1500
G1 X91.15 Y61.81 F1500
G1 X93.25 Y61.94 F1500
G1 X93.46 Y61.85 F1500
G1 X94.09 Y60.78 F1500
G1 X94.51 Y61.15 F1500
G1 X95.13 Y62.57 F1500
G1 X95.34 Y62.83 F1500
G1 X95.55 Y62.84 F1500
G1 X96.39 Y61.23 F1500
G1 X96.81 Y60.77 F1500
G1 X97.02 Y60.95 F1500
G1 X97.86 Y62.69 F1500
G1 X98.07 Y62.82 F1500
G1 X98.28 Y62.76 F1500
G1 X98.49 Y62.42 F1500
G1 X99.32 Y60.80 F1500
G1 X99.53 Y60.82 F1500
G1 X99.74 Y61.09 F1500
G1 X100.37 Y62.52 F1500
G1 X100.79 Y62.85 F1500
G1 X101.84 Y61.27 F1500
G1 X102.47 Y61.50 F1500
G1 X102.89 Y62.07 F1500
G1 X103.31 Y62.35 F1500
G1 X103.73 Y62.17 F1500
G1 X104.56 Y61.23 F1500
G1 X104.77 Y61.21 F1500
G1 X105.61 Y62.18 F1500
G1 X106.03 Y62.43 F1500
G1 X107.29 Y61.15 F1500
G1 X107.71 Y61.43 F1500
G1 X108.54 Y62.49 F1500
G1 X108.96 Y62.31 F1500
G1 X109.59 Y61.27 F1500
G1 X110.01 Y61.02 F1500
G1 X111.27 Y62.74 F1500
G1 X111.48 Y62.63 F1500
G1 X112.53 Y60.85 F1500
G1 X112.95 Y61.20 F1500
G1 X113.78 Y62.77 F1500
G1 X113.99 Y62.70 F1500
G1 X114.83 Y61.32 F1500
G1 X115.25 Y61.03 F1500
G1 X115.67 Y61.42 F1500
G1 X116.51 Y62.84 F1500
G1 X117.14 Y61.85 F1500
G1 X117.35 Y61.75 F1500
G1 X122.17 Y61.93 F1500
G1 X123.21 Y61.22 F1500
G1 X123.63 Y61.56 F1500
G1 X124.26 Y62.79 F1500
G1 X124.47 Y62.86 F1500
G1 X125.52 Y60.91 F1500
G1 X125.73 Y60.77 F1500
G1 X126.15 Y61.23 F1500
G1 X126.98 Y62.85 F1500
G1 X127.40 Y62.52 F1500
G1 X128.24 Y60.85 F1500
G1 X128.45 Y60.83 F1500
G1 X128.66 Y61.05 F1500
G1 X129.29 Y62.40 F1500
G1 X129.71 Y62.83 F1500
G1 X130.13 Y62.32 F1500
G1 X130.76 Y60.98 F1500
G1 X130.97 Y60.84 F1500
G1 X131.39 Y61.25 F1500
G1 X132.01 Y62.51 F1500
G1 X132.43 Y62.75 F1500
G1 X133.27 Y61.14 F1500
G1 X133.69 Y60.78 F1500
G1 X134.74 Y62.73 F1500
G1 X134.95 Y62.86 F1500
G1 X135.16 Y62.74 F1500
G1 X136.20 Y60.78 F1500
G1 X136.62 Y61.12 F1500
G1 X137.25 Y62.55 F1500
G1 X137.46 Y62.82 F1500
G1 X137.67 Y62.84 F1500
G1 X138.51 Y61.20 F1500
G1 X138.93 Y60.77 F1500
G1 X139.35 Y61.31 F1500
G1 X139.77 Y62.28 F1500
G1 X139.98 Y62.57 F1500
G1 X140.19 Y62.58 F1500
G1 X140.81 Y61.91 F1500
G1 X141.44 Y60.90 F1500
G1 X141.65 Y60.84 F1500
G1 X142.49 Y62.50 F1500
G1 X142.91 Y62.85 F1500
G1 X143.75 Y61.26 F1500
G1 X144.17 Y60.77 F1500
G1 X144.38 Y60.89 F1500
G1 X145.42 Y62.85 F1500
G1 X145.84 Y62.50 F1500
G1 X146.68 Y60.95 F1500
G1 X147.10 Y61.18 F1500
G1 X147.73 Y62.44 F1500
G1 X148.15 Y62.86 F1500
G1 X149.41 Y60.77 F1500
G1 X149.83 Y61.19 F1500
G1 X150.66 Y62.84 F1500
G1 X150.87 Y62.82 F1500
G1 X151.08 Y62.56 F1500
G1 X151.71 Y61.13 F1500
G1 X152.13 Y60.78 F1500
G1 X153.18 Y62.74 F1500
G1 X153.39 Y62.86 F1500
G1 X153.60 Y62.73 F1500
G1 X154.64 Y60.78 F1500
G1 X155.06 Y61.13 F1500
G1 X155.69 Y62.56 F1500
G1 X155.90 Y62.82 F1500
G1 X156.11 Y62.84 F1500
G1 X156.95 Y61.20 F1500
G1 X157.37 Y60.81 F1500
G1 X158.63 Y62.86 F1500
G1 X159.05 Y62.44 F1500
G1 X159.88 Y60.79 F1500
G1 X160.30 Y61.09 F1500
G1 X160.93 Y62.51 F1500
G1 X161.35 Y62.85 F1500
G1 X162.19 Y61.32 F1500
G1 X162.61 Y61.04 F1500
G1 X162.82 Y61.11 F1500
G1 X163.45 Y62.17 F1500
G1 X163.86 Y62.58 F1500
G1 X164.07 Y62.51 F1500
G1 X164.91 Y61.50 F1500
G1 X166.59 Y61.96 F1500
G1 X168.06 Y61.39 F1500
G1 X168.27 Y61.48 F1500
G1 X168.89 Y62.32 F1500
G1 X169.31 Y62.43 F1500
G1 X170.15 Y61.41 F1500
G1 X170.57 Y61.22 F1500
G1 X171.83 Y62.42 F1500
G1 X172.25 Y62.14 F1500
G1 X173.08 Y61.15 F1500
G1 X173.50 Y61.36 F1500
G1 X174.13 Y62.35 F1500
G1 X174.55 Y62.54 F1500
G1 X175.39 Y61.36 F1500
G1 X175.81 Y61.10 F1500
G1 X177.07 Y62.51 F1500
G1 X177.28 Y62.44 F1500
G1 X178.32 Y61.17 F1500
G1 X178.74 Y61.35 F1500
G1 X179.37 Y62.28 F1500
G1 X180.00 Y62.64 F1500
G1 X180.00 Y62.85 F1500
G1 X180.00 Y63.05 F1500
G1 X180.00 Y63.26 F1500
G1 X180.00 Y63.47 F1500
G1 X180.00 Y63.68 F1500
G1 X180.00 Y63.68 F1500
G1 X179.37 Y63.34 F1500
G1 X178.74 Y62.40 F1500
G1 X178.32 Y62.19 F1500
G1 X177.28 Y63.51 F1500
G1 X177.07 Y63.58 F1500
G1 X175.81 Y62.14 F1500
G1 X175.39 Y62.40 F1500
G1 X174.55 Y63.59 F1500
G1 X174.13 Y63.41 F1500
G1 X173.50 Y62.43 F1500
G1 X173.08 Y62.20 F1500
G1 X171.83 Y63.47 F1500
G1 X170.57 Y62.26 F1500
G1 X170.15 Y62.45 F1500
G1 X169.52 Y63.31 F1500
G1 X169.10 Y63.51 F1500
G1 X168.27 Y62.46 F1500
G1 X167.85 Y62.22 F1500
G1 X166.80 Y63.09 F1500
G1 X164.91 Y62.66 F1500
G1 X163.86 Y63.52 F1500
G1 X163.45 Y63.18 F1500
G1 X162.82 Y62.10 F1500
G1 X162.61 Y61.99 F1500
G1 X162.19 Y62.34 F1500
G1 X161.35 Y63.90 F1500
G1 X160.93 Y63.56 F1500
G1 X160.30 Y62.13 F1500
G1 X160.09 Y61.87 F1500
G1 X159.88 Y61.87 F1500
G1 X159.05 Y63.48 F1500
G1 X158.63 Y63.90 F1500
G1 X157.37 Y61.88 F1500
G1 X156.95 Y62.27 F1500
G1 X156.32 Y63.64 F1500
G1 X156.11 Y63.89 F1500
G1 X155.90 Y63.87 F1500
G1 X155.06 Y62.18 F1500
G1 X154.64 Y61.83 F1500
G1 X153.60 Y63.78 F1500
G1 X153.39 Y63.91 F1500
G1 X153.18 Y63.79 F1500
G1 X152.13 Y61.83 F1500
G1 X151.71 Y62.18 F1500
G1 X151.08 Y63.60 F1500
G1 X150.87 Y63.87 F1500
G1 X150.66 Y63.89 F1500
G1 X149.83 Y62.24 F1500
G1 X149.41 Y61.82 F1500
G1 X148.15 Y63.91 F1500
G1 X147.94 Y63.82 F1500
G1 X147.31 Y62.51 F1500
G1 X146.89 Y62.01 F1500
G1 X146.47 Y62.23 F1500
G1 X145.84 Y63.55 F1500
G1 X145.42 Y63.90 F1500
G1 X144.38 Y61.94 F1500
G1 X144.17 Y61.84 F1500
G1 X143.75 Y62.32 F1500
G1 X142.91 Y63.90 F1500
G1 X142.49 Y63.55 F1500
G1 X141.65 Y61.86 F1500
G1 X141.44 Y61.84 F1500
G1 X141.23 Y62.10 F1500
G1 X140.61 Y63.37 F1500
G1 X140.19 Y63.58 F1500
G1 X139.77 Y63.28 F1500
G1 X139.14 Y61.98 F1500
G1 X138.93 Y61.82 F1500
G1 X138.51 Y62.24 F1500
G1 X137.67 Y63.89 F1500
G1 X137.46 Y63.87 F1500
G1 X137.25 Y63.60 F1500
G1 X136.62 Y62.17 F1500
G1 X136.20 Y61.83 F1500
G1 X135.16 Y63.79 F1500
G1 X134.95 Y63.91 F1500
G1 X134.74 Y63.78 F1500
G1 X133.69 Y61.82 F1500
G1 X133.27 Y62.19 F1500
G1 X132.43 Y63.83 F1500
G1 X132.22 Y63.83 F1500
G1 X132.01 Y63.59 F1500
G1 X131.39 Y62.29 F1500
G1 X130.97 Y61.91 F1500
G1 X130.76 Y62.06 F1500
G1 X129.92 Y63.73 F1500
G1 X129.71 Y63.89 F1500
G1 X129.50 Y63.78 F1500
G1 X128.45 Y61.91 F1500
G1 X128.03 Y62.20 F1500
G1 X127.40 Y63.51 F1500
G1 X126.98 Y63.86 F1500
G1 X125.94 Y61.95 F1500
G1 X125.73 Y61.84 F1500
G1 X125.52 Y61.98 F1500
G1 X124.47 Y63.90 F1500
G1 X124.05 Y63.53 F1500
G1 X123.42 Y62.11 F1500
G1 X123.21 Y61.85 F1500
G1 X123.00 Y61.85 F1500
G1 X122.17 Y63.21 F1500
G1 X120.91 Y62.82 F1500
G1 X117.35 Y62.85 F1500
G1 X117.14 Y62.88 F1500
G1 X116.30 Y63.66 F1500
G1 X115.67 Y62.50 F1500
G1 X115.25 Y62.13 F1500
G1 X114.83 Y62.42 F1500
G1 X113.99 Y63.64 F1500
G1 X113.78 Y63.69 F1500
G1 X112.95 Y62.33 F1500
G1 X112.53 Y62.06 F1500
G1 X111.27 Y63.64 F1500
G1 X110.01 Y62.21 F1500
G1 X109.59 Y62.42 F1500
G1 X108.96 Y63.31 F1500
G1 X108.54 Y63.51 F1500
G1 X107.71 Y62.49 F1500
G1 X107.29 Y62.23 F1500
G1 X106.03 Y63.44 F1500
G1 X105.61 Y63.22 F1500
G1 X104.77 Y62.35 F1500
G1 X104.35 Y62.45 F1500
G1 X103.73 Y63.18 F1500
G1 X103.31 Y63.37 F1500
G1 X102.89 Y63.10 F1500
G1 X102.47 Y62.52 F1500
G1 X101.84 Y62.31 F1500
G1 X100.79 Y63.90 F1500
G1 X100.37 Y63.57 F1500
G1 X99.74 Y62.14 F1500
G1 X99.32 Y61.83 F1500
G1 X98.49 Y63.47 F1500
G1 X98.07 Y63.91 F1500
G1 X97.86 Y63.76 F1500
G1 X97.23 Y62.38 F1500
G1 X96.81 Y61.82 F1500
G1 X96.39 Y62.22 F1500
G1 X95.55 Y63.88 F1500
G1 X95.13 Y63.56 F1500
G1 X94.71 Y62.77 F1500
G1 X90.10 Y62.90 F1500
G1 X88.85 Y62.77 F1500
G1 X87.38 Y62.99 F1500
G1 X86.12 Y62.69 F1500
G1 X84.87 Y63.16 F1500
G1 X83.61 Y62.49 F1500
G1 X83.19 Y62.63 F1500
G1 X82.56 Y63.22 F1500
G1 X82.14 Y63.33 F1500
G1 X81.30 Y62.51 F1500
G1 X80.88 Y62.37 F1500
G1 X80.05 Y63.16 F1500
G1 X79.63 Y63.36 F1500
G1 X78.58 Y62.45 F1500
G1 X78.16 Y62.36 F1500
G1 X77.32 Y63.29 F1500
G1 X76.90 Y63.52 F1500
G1 X76.07 Y62.47 F1500
G1 X75.65 Y62.25 F1500
G1 X74.39 Y63.57 F1500
G1 X73.97 Y63.28 F1500
G1 X73.34 Y62.24 F1500
G1 X72.92 Y62.04 F1500
G1 X72.08 Y63.61 F1500
G1 X71.87 Y63.87 F1500
G1 X71.66 Y63.89 F1500
G1 X70.83 Y62.23 F1500
G1 X70.41 Y61.82 F1500
G1 X69.15 Y63.91 F1500
G1 X68.73 Y63.49 F1500
G1 X67.89 Y61.84 F1500
G1 X67.68 Y61.86 F1500
G1 X67.47 Y62.13 F1500
G1 X66.85 Y63.56 F1500
G1 X66.43 Y63.90 F1500
G1 X65.38 Y61.94 F1500
G1 X65.17 Y61.82 F1500
G1 X64.96 Y61.95 F1500
G1 X63.91 Y63.90 F1500
G1 X63.49 Y63.54 F1500
G1 X62.86 Y62.11 F1500
G1 X62.65 Y61.86 F1500
G1 X62.44 Y61.84 F1500
G1 X61.61 Y63.50 F1500
G1 X61.19 Y63.91 F1500
G1 X59.93 Y61.82 F1500
G1 X59.51 Y62.25 F1500
G1 X58.67 Y63.89 F1500
G1 X58.46 Y63.86 F1500
G1 X58.25 Y63.06 F1500
G1 X58.04 Y63.08 F1500
G1 X57.42 Y61.90 F1500
G1 X57.21 Y61.84 F1500
G1 X55.95 Y63.91 F1500
G1 X54.90 Y62.16 F1500
G1 X54.48 Y61.99 F1500
G1 X53.22 Y63.85 F1500
G1 X52.18 Y61.98 F1500
G1 X51.76 Y62.11 F1500
G1 X50.92 Y63.76 F1500
G1 X50.71 Y63.88 F1500
G1 X50.29 Y63.47 F1500
G1 X49.66 Y62.08 F1500
G1 X49.45 Y61.97 F1500
G1 X48.82 Y62.65 F1500
G1 X48.20 Y63.85 F1500
G1 X47.99 Y63.90 F1500
G1 X47.15 Y62.29 F1500
G1 X46.73 Y61.82 F1500
G1 X46.52 Y61.96 F1500
G1 X45.47 Y63.90 F1500
G1 X45.05 Y63.53 F1500
G1 X44.42 Y62.12 F1500
G1 X44.00 Y61.85 F1500
G1 X43.17 Y63.52 F1500
G1 X42.75 Y63.91 F1500
G1 X41.70 Y61.97 F1500
G1 X41.49 Y61.82 F1500
G1 X41.07 Y62.26 F1500
G1 X40.23 Y63.89 F1500
G1 X39.81 Y63.58 F1500
G1 X39.19 Y62.15 F1500
G1 X38.77 Y61.83 F1500
G1 X37.93 Y63.46 F1500
G1 X37.51 Y63.91 F1500
G1 X37.30 Y63.76 F1500
G1 X36.67 Y62.47 F1500
G1 X36.04 Y61.96 F1500
G1 X35.20 Y63.50 F1500
G1 X34.99 Y63.56 F1500
G1 X34.58 Y63.34 F1500
G1 X33.74 Y62.43 F1500
G1 X32.27 Y63.19 F1500
G1 X31.01 Y62.55 F1500
G1 X29.55 Y63.20 F1500
G1 X29.13 Y63.02 F1500
G1 X28.50 Y62.35 F1500
G1 X28.08 Y62.22 F1500
G1 X27.03 Y63.91 F1500
G1 X26.61 Y63.51 F1500
G1 X25.77 Y61.85 F1500
G1 X25.56 Y61.85 F1500
G1 X25.36 Y62.11 F1500
G1 X24.73 Y63.53 F1500
G1 X24.52 Y63.82 F1500
G1 X24.31 Y63.85 F1500
G1 X23.47 Y62.41 F1500
G1 X23.05 Y62.04 F1500
G1 X21.79 Y63.59 F1500
G1 X21.37 Y63.36 F1500
G1 X20.75 Y62.36 F1500
G1 X20.33 Y62.16 F1500
G1 X19.49 Y63.28 F1500
G1 X19.07 Y63.53 F1500
G1 X18.02 Y62.61 F1500
G1 X16.34 Y63.01 F1500
G1 X14.88 Y62.51 F1500
G1 X13.83 Y63.55 F1500
G1 X13.41 Y63.26 F1500
G1 X12.57 Y62.08 F1500
G1 X12.15 Y62.32 F1500
G1 X11.53 Y63.47 F1500
G1 X11.11 Y63.78 F1500
G1 X10.06 Y61.91 F1500
G1 X9.85 Y61.82 F1500
G1 X9.43 Y62.35 F1500
G1 X8.80 Y63.72 F1500
G1 X8.59 Y63.85 F1500
G1 X7.33 Y62.09 F1500
G1 X6.92 Y62.34 F1500
G1 X6.29 Y63.35 F1500
G1 X5.87 Y63.64 F1500
G1 X5.66 Y63.52 F1500
G1 X4.82 Y62.12 F1500
G1 X4.61 Y62.02 F1500
G1 X4.19 Y62.40 F1500
G1 X3.35 Y63.72 F1500
G1 X2.93 Y63.42 F1500
G1 X2.10 Y62.07 F1500
G1 X1.68 Y62.24 F1500
G1 X0.84 Y63.59 F1500
G1 X0.42 Y63.53 F1500
G1 X0.00 Y62.86 F1500
G1 X0.00 Y63.07 F1500
G1 X0.00 Y63.28 F1500
G1 X0.00 Y63.49 F1500
G1 X0.00 Y63.70 F1500
G1 X0.00 Y63.91 F1500
G1 X0.00 Y63.91 F1500
G1 X0.42 Y64.61 F1500
G1 X0.84 Y64.61 F1500
G1 X1.68 Y63.28 F1500
G1 X2.10 Y63.06 F1500
G1 X2.93 Y64.51 F1500
G1 X3.35 Y64.81 F1500
G1 X4.40 Y63.09 F1500
G1 X4.61 Y62.97 F1500
G1 X4.82 Y63.08 F1500
G1 X5.45 Y64.30 F1500
G1 X5.87 Y64.75 F1500
G1 X6.29 Y64.44 F1500
G1 X6.92 Y63.39 F1500
G1 X7.33 Y63.17 F1500
G1 X8.59 Y64.90 F1500
G1 X8.80 Y64.77 F1500
G1 X9.43 Y63.40 F1500
G1 X9.85 Y62.87 F1500
G1 X10.27 Y63.29 F1500
G1 X11.11 Y64.86 F1500
G1 X11.53 Y64.55 F1500
G1 X12.15 Y63.33 F1500
G1 X12.57 Y63.11 F1500
G1 X13.41 Y64.35 F1500
G1 X13.83 Y64.63 F1500
G1 X14.67 Y63.65 F1500
G1 X15.09 Y63.43 F1500
G1 X16.34 Y64.15 F1500
G1 X16.97 Y64.00 F1500
G1 X17.60 Y63.55 F1500
G1 X18.02 Y63.49 F1500
G1 X19.07 Y64.63 F1500
G1 X19.49 Y64.37 F1500
G1 X20.33 Y63.14 F1500
G1 X20.75 Y63.34 F1500
G1 X21.58 Y64.66 F1500
G1 X22.00 Y64.49 F1500
G1 X22.63 Y63.54 F1500
G1 X23.05 Y63.30 F1500
G1 X23.47 Y63.56 F1500
G1 X24.31 Y64.65 F1500
G1 X24.73 Y64.46 F1500
G1 X25.36 Y63.23 F1500
G1 X25.77 Y62.90 F1500
G1 X26.61 Y64.56 F1500
G1 X27.03 Y64.95 F1500
G1 X28.08 Y63.26 F1500
G1 X28.50 Y63.39 F1500
G1 X29.13 Y64.07 F1500
G1 X29.55 Y64.25 F1500
G1 X31.01 Y63.62 F1500
G1 X32.27 Y64.22 F1500
G1 X33.53 Y63.45 F1500
G1 X33.95 Y63.61 F1500
G1 X34.58 Y64.27 F1500
G1 X34.99 Y63.91 F1500
G1 X35.41 Y64.09 F1500
G1 X35.83 Y63.26 F1500
G1 X36.25 Y62.96 F1500
G1 X36.46 Y63.05 F1500
G1 X37.09 Y64.45 F1500
G1 X37.51 Y64.96 F1500
G1 X37.93 Y64.51 F1500
G1 X38.77 Y62.88 F1500
G1 X39.19 Y63.20 F1500
G1 X39.81 Y64.63 F1500
G1 X40.23 Y64.94 F1500
G1 X41.07 Y63.31 F1500
G1 X41.49 Y62.86 F1500
G1 X41.70 Y63.01 F1500
G1 X42.33 Y64.39 F1500
G1 X42.75 Y64.94 F1500
G1 X43.17 Y64.56 F1500
G1 X43.80 Y63.14 F1500
G1 X44.00 Y62.89 F1500
G1 X44.21 Y62.90 F1500
G1 X45.05 Y64.55 F1500
G1 X45.47 Y64.95 F1500
G1 X46.52 Y63.01 F1500
G1 X46.73 Y62.86 F1500
G1 X47.15 Y63.32 F1500
G1 X47.78 Y64.73 F1500
G1 X48.20 Y64.39 F1500
G1 X48.41 Y64.62 F1500
G1 X49.03 Y63.19 F1500
G1 X49.45 Y62.88 F1500
G1 X50.29 Y64.52 F1500
G1 X50.71 Y64.96 F1500
G1 X50.92 Y64.81 F1500
G1 X51.97 Y62.87 F1500
G1 X52.18 Y62.95 F1500
G1 X53.02 Y64.59 F1500
G1 X53.22 Y64.69 F1500
G1 X53.64 Y64.52 F1500
G1 X54.48 Y63.18 F1500
G1 X55.11 Y63.57 F1500
G1 X55.95 Y64.96 F1500
G1 X56.16 Y64.84 F1500
G1 X56.79 Y63.58 F1500
G1 X57.21 Y63.80 F1500
G1 X57.63 Y63.21 F1500
G1 X58.46 Y64.88 F1500
G1 X58.67 Y64.41 F1500
G1 X59.09 Y64.29 F1500
G1 X59.51 Y63.30 F1500
G1 X59.93 Y62.87 F1500
G1 X61.19 Y64.96 F1500
G1 X61.61 Y64.55 F1500
G1 X62.44 Y62.89 F1500
G1 X62.65 Y62.90 F1500
G1 X62.86 Y63.16 F1500
G1 X63.49 Y64.59 F1500
G1 X63.91 Y64.95 F1500
G1 X64.96 Y63.00 F1500
G1 X65.17 Y62.86 F1500
G1 X65.38 Y62.99 F1500
G1 X66.43 Y64.95 F1500
G1 X66.85 Y64.60 F1500
G1 X67.47 Y63.18 F1500
G1 X67.68 Y62.91 F1500
G1 X67.89 Y62.89 F1500
G1 X68.94 Y64.86 F1500
G1 X69.15 Y64.96 F1500
G1 X69.36 Y64.80 F1500
G1 X69.99 Y63.47 F1500
G1 X70.41 Y63.10 F1500
G1 X70.83 Y63.34 F1500
G1 X71.66 Y64.93 F1500
G1 X71.87 Y64.92 F1500
G1 X72.08 Y64.65 F1500
G1 X72.92 Y63.04 F1500
G1 X73.34 Y63.31 F1500
G1 X73.97 Y64.30 F1500
G1 X74.39 Y64.59 F1500
G1 X75.65 Y63.19 F1500
G1 X76.90 Y64.44 F1500
G1 X77.32 Y64.33 F1500
G1 X77.95 Y63.59 F1500
G1 X78.37 Y63.39 F1500
G1 X79.63 Y64.39 F1500
G1 X80.88 Y63.45 F1500
G1 X81.30 Y63.58 F1500
G1 X82.14 Y64.33 F1500
G1 X82.56 Y64.24 F1500
G1 X83.19 Y63.72 F1500
G1 X83.61 Y63.57 F1500
G1 X84.87 Y64.21 F1500
G1 X86.12 Y63.71 F1500
G1 X87.38 Y64.08 F1500
G1 X88.85 Y63.77 F1500
G1 X90.10 Y63.96 F1500
G1 X95.55 Y63.91 F1500
G1 X95.97 Y64.19 F1500
G1 X96.60 Y62.96 F1500
G1 X96.81 Y62.87 F1500
G1 X97.23 Y63.43 F1500
G1 X97.86 Y64.81 F1500
G1 X98.07 Y64.96 F1500
G1 X98.49 Y64.52 F1500
G1 X99.32 Y62.88 F1500
G1 X99.74 Y63.19 F1500
G1 X100.37 Y64.62 F1500
G1 X100.79 Y64.94 F1500
G1 X101.21 Y64.04 F1500
G1 X101.84 Y63.37 F1500
G1 X102.26 Y63.45 F1500
G1 X103.31 Y64.46 F1500
G1 X103.73 Y64.26 F1500
G1 X104.35 Y63.50 F1500
G1 X104.77 Y63.38 F1500
G1 X105.61 Y64.26 F1500
G1 X106.03 Y64.47 F1500
G1 X107.29 Y63.33 F1500
G1 X107.71 Y63.58 F1500
G1 X108.34 Y64.38 F1500
G1 X108.75 Y64.48 F1500
G1 X109.59 Y63.48 F1500
G1 X110.01 Y63.25 F1500
G1 X111.06 Y64.54 F1500
G1 X111.27 Y64.61 F1500
G1 X112.53 Y63.19 F1500
G1 X112.95 Y63.44 F1500
G1 X113.78 Y64.66 F1500
G1 X114.20 Y64.44 F1500
G1 X114.83 Y63.50 F1500
G1 X115.25 Y63.27 F1500
G1 X116.30 Y64.37 F1500
G1 X117.14 Y63.91 F1500
G1 X120.70 Y63.81 F1500
G1 X121.12 Y63.90 F1500
G1 X121.75 Y64.48 F1500
G1 X121.96 Y64.49 F1500
G1 X122.17 Y64.41 F1500
G1 X123.00 Y62.89 F1500
G1 X123.21 Y62.90 F1500
G1 X123.42 Y63.15 F1500
G1 X124.05 Y64.52 F1500
G1 X124.47 Y64.87 F1500
G1 X125.52 Y63.05 F1500
G1 X125.73 Y62.92 F1500
G1 X125.94 Y63.02 F1500
G1 X126.98 Y64.80 F1500
G1 X127.40 Y64.49 F1500
G1 X128.24 Y63.00 F1500
G1 X128.45 Y62.96 F1500
G1 X129.29 Y64.49 F1500
G1 X129.71 Y64.90 F1500
G1 X130.97 Y62.96 F1500
G1 X131.39 Y63.32 F1500
G1 X132.01 Y64.66 F1500
G1 X132.43 Y64.92 F1500
G1 X133.27 Y63.24 F1500
G1 X133.69 Y62.87 F1500
G1 X134.74 Y64.82 F1500
G1 X134.95 Y64.96 F1500
G1 X135.16 Y64.84 F1500
G1 X136.20 Y62.88 F1500
G1 X136.62 Y63.22 F1500
G1 X137.25 Y64.64 F1500
G1 X137.46 Y64.91 F1500
G1 X137.67 Y64.94 F1500
G1 X138.51 Y63.29 F1500
G1 X138.93 Y62.87 F1500
G1 X140.19 Y64.85 F1500
G1 X140.61 Y64.53 F1500
G1 X141.23 Y63.12 F1500
G1 X141.44 Y62.89 F1500
G1 X141.65 Y62.90 F1500
G1 X142.49 Y64.59 F1500
G1 X142.91 Y64.95 F1500
G1 X143.75 Y63.36 F1500
G1 X144.17 Y62.88 F1500
G1 X144.38 Y62.99 F1500
G1 X145.42 Y64.95 F1500
G1 X145.63 Y64.89 F1500
G1 X146.47 Y63.31 F1500
G1 X146.89 Y63.05 F1500
G1 X147.10 Y63.17 F1500
G1 X147.94 Y64.86 F1500
G1 X148.15 Y64.96 F1500
G1 X148.57 Y64.41 F1500
G1 X149.20 Y63.03 F1500
G1 X149.41 Y62.89 F1500
G1 X149.83 Y63.31 F1500
G1 X150.66 Y64.94 F1500
G1 X150.87 Y64.92 F1500
G1 X151.08 Y64.65 F1500
G1 X151.71 Y63.22 F1500
G1 X152.13 Y62.87 F1500
G1 X153.18 Y64.83 F1500
G1 X153.39 Y64.96 F1500
G1 X153.60 Y64.83 F1500
G1 X154.64 Y62.87 F1500
G1 X155.06 Y63.23 F1500
G1 X155.90 Y64.91 F1500
G1 X156.11 Y64.91 F1500
G1 X156.32 Y64.65 F1500
G1 X156.95 Y63.33 F1500
G1 X157.37 Y62.92 F1500
G1 X158.63 Y64.96 F1500
G1 X159.05 Y64.50 F1500
G1 X159.88 Y62.89 F1500
G1 X160.09 Y62.91 F1500
G1 X160.30 Y63.18 F1500
G1 X160.93 Y64.61 F1500
G1 X161.35 Y64.95 F1500
G1 X162.19 Y63.36 F1500
G1 X162.61 Y63.01 F1500
G1 X163.66 Y64.43 F1500
G1 X165.12 Y63.75 F1500
G1 X165.75 Y63.84 F1500
G1 X166.38 Y64.30 F1500
G1 X166.80 Y64.38 F1500
G1 X167.64 Y63.32 F1500
G1 X167.85 Y63.24 F1500
G1 X168.27 Y63.51 F1500
G1 X169.10 Y64.52 F1500
G1 X169.52 Y64.34 F1500
G1 X170.15 Y63.51 F1500
G1 X170.57 Y63.32 F1500
G1 X171.83 Y64.53 F1500
G1 X173.08 Y63.24 F1500
G1 X173.50 Y63.47 F1500
G1 X174.34 Y64.67 F1500
G1 X174.76 Y64.47 F1500
G1 X175.60 Y63.23 F1500
G1 X176.02 Y63.31 F1500
G1 X176.65 Y64.27 F1500
G1 X177.07 Y64.62 F1500
G1 X177.49 Y64.31 F1500
G1 X178.32 Y63.24 F1500
G1 X178.74 Y63.45 F1500
G1 X179.58 Y64.59 F1500
G1 X180.00 Y64.73 F1500
G1 X180.00 Y64.94 F1500
G1 X180.00 Y65.15 F1500
G1 X180.00 Y65.36 F1500
G1 X180.00 Y65.57 F1500
G1 X180.00 Y65.78 F1500
G1 X180.00 Y65.78 F1500
G1 X179.79 Y65.59 F1500
G1 X179.58 Y65.64 F1500
G1 X178.74 Y64.50 F1500
G1 X178.32 Y64.31 F1500
G1 X177.49 Y65.35 F1500
G1 X177.07 Y65.65 F1500
G1 X176.65 Y65.31 F1500
G1 X176.02 Y64.36 F1500
G1 X175.60 Y64.29 F1500
G1 X174.55 Y65.68 F1500
G1 X174.13 Y65.48 F1500
G1 X173.50 Y64.50 F1500
G1 X173.08 Y64.26 F1500
G1 X171.83 Y65.61 F1500
G1 X170.57 Y64.36 F1500
G1 X170.15 Y64.56 F1500
G1 X169.52 Y65.37 F1500
G1 X169.10 Y65.53 F1500
G1 X167.85 Y64.31 F1500
G1 X166.59 Y65.56 F1500
G1 X165.54 Y64.68 F1500
G1 X163.66 Y65.25 F1500
G1 X162.61 Y64.24 F1500
G1 X162.19 Y64.51 F1500
G1 X161.35 Y65.99 F1500
G1 X160.93 Y65.65 F1500
G1 X160.30 Y64.23 F1500
G1 X160.09 Y63.96 F1500
G1 X159.88 Y63.95 F1500
G1 X159.05 Y65.52 F1500
G1 X158.63 Y65.95 F1500
G1 X157.37 Y63.98 F1500
G1 X156.95 Y64.39 F1500
G1 X156.11 Y65.91 F1500
G1 X155.69 Y65.66 F1500
G1 X155.06 Y64.28 F1500
G1 X154.64 Y63.93 F1500
G1 X153.60 Y65.88 F1500
G1 X153.39 Y66.01 F1500
G1 X153.18 Y65.88 F1500
G1 X152.13 Y63.92 F1500
G1 X151.71 Y64.27 F1500
G1 X151.08 Y65.70 F1500
G1 X150.87 Y65.96 F1500
G1 X150.66 Y65.98 F1500
G1 X149.83 Y64.38 F1500
G1 X149.41 Y63.94 F1500
G1 X149.20 Y64.08 F1500
G1 X148.57 Y65.46 F1500
G1 X148.15 Y66.00 F1500
G1 X147.94 Y65.91 F1500
G1 X147.10 Y64.19 F1500
G1 X146.89 Y64.05 F1500
G1 X146.47 Y64.36 F1500
G1 X145.84 Y65.56 F1500
G1 X145.42 Y65.97 F1500
G1 X145.22 Y65.79 F1500
G1 X144.38 Y64.04 F1500
G1 X144.17 Y63.93 F1500
G1 X142.91 Y65.99 F1500
G1 X142.49 Y65.64 F1500
G1 X141.86 Y64.21 F1500
G1 X141.65 Y63.95 F1500
G1 X141.44 Y63.94 F1500
G1 X140.61 Y65.59 F1500
G1 X140.19 Y66.00 F1500
G1 X138.93 Y63.91 F1500
G1 X138.51 Y64.34 F1500
G1 X137.67 Y65.99 F1500
G1 X137.46 Y65.96 F1500
G1 X137.25 Y65.69 F1500
G1 X136.62 Y64.26 F1500
G1 X136.20 Y63.92 F1500
G1 X135.16 Y65.89 F1500
G1 X134.95 Y66.01 F1500
G1 X134.74 Y65.87 F1500
G1 X133.69 Y63.92 F1500
G1 X133.27 Y64.28 F1500
G1 X132.64 Y65.71 F1500
G1 X132.43 Y65.97 F1500
G1 X132.22 Y65.98 F1500
G1 X131.39 Y64.37 F1500
G1 X130.97 Y64.00 F1500
G1 X129.71 Y65.92 F1500
G1 X129.29 Y65.53 F1500
G1 X128.45 Y63.98 F1500
G1 X128.03 Y64.29 F1500
G1 X127.40 Y65.57 F1500
G1 X126.98 Y65.81 F1500
G1 X125.94 Y64.15 F1500
G1 X125.73 Y64.04 F1500
G1 X125.52 Y64.15 F1500
G1 X124.47 Y65.92 F1500
G1 X124.05 Y65.59 F1500
G1 X123.42 Y64.25 F1500
G1 X123.00 Y63.95 F1500
G1 X121.96 Y65.85 F1500
G1 X121.75 Y65.83 F1500
G1 X120.91 Y64.78 F1500
G1 X119.86 Y64.96 F1500
G1 X116.93 Y64.96 F1500
G1 X116.30 Y65.21 F1500
G1 X116.09 Y65.19 F1500
G1 X115.46 Y64.43 F1500
G1 X115.25 Y64.40 F1500
G1 X114.83 Y64.57 F1500
G1 X114.20 Y65.42 F1500
G1 X113.78 Y65.63 F1500
G1 X112.95 Y64.51 F1500
G1 X112.53 Y64.23 F1500
G1 X111.27 Y65.67 F1500
G1 X110.01 Y64.33 F1500
G1 X109.59 Y64.54 F1500
G1 X108.96 Y65.38 F1500
G1 X108.54 Y65.56 F1500
G1 X107.71 Y64.62 F1500
G1 X107.29 Y64.38 F1500
G1 X106.03 Y65.51 F1500
G1 X105.61 Y65.32 F1500
G1 X104.77 Y64.43 F1500
G1 X104.35 Y64.57 F1500
G1 X103.73 Y65.30 F1500
G1 X103.31 Y65.51 F1500
G1 X102.05 Y64.36 F1500
G1 X101.00 Y65.31 F1500
G1 X100.79 Y65.94 F1500
G1 X100.58 Y65.95 F1500
G1 X99.74 Y64.24 F1500
G1 X99.32 Y63.93 F1500
G1 X98.49 Y65.57 F1500
G1 X98.07 Y66.01 F1500
G1 X97.65 Y65.48 F1500
G1 X97.02 Y64.12 F1500
G1 X96.81 Y64.21 F1500
G1 X96.39 Y64.96 F1500
G1 X89.90 Y65.05 F1500
G1 X88.64 Y64.82 F1500
G1 X87.59 Y65.17 F1500
G1 X86.12 Y64.71 F1500
G1 X84.87 Y65.27 F1500
G1 X83.61 Y64.58 F1500
G1 X82.35 Y65.36 F1500
G1 X81.93 Y65.24 F1500
G1 X81.30 Y64.63 F1500
G1 X80.88 Y64.49 F1500
G1 X79.63 Y65.46 F1500
G1 X78.37 Y64.46 F1500
G1 X77.95 Y64.63 F1500
G1 X77.32 Y65.37 F1500
G1 X76.90 Y65.49 F1500
G1 X76.07 Y64.59 F1500
G1 X75.65 Y64.39 F1500
G1 X74.39 Y65.70 F1500
G1 X73.97 Y65.35 F1500
G1 X73.34 Y64.37 F1500
G1 X72.92 Y64.11 F1500
G1 X72.08 Y65.70 F1500
G1 X71.87 Y65.97 F1500
G1 X71.66 Y65.98 F1500
G1 X70.83 Y64.48 F1500
G1 X70.41 Y64.20 F1500
G1 X69.99 Y64.60 F1500
G1 X69.15 Y66.00 F1500
G1 X68.73 Y65.58 F1500
G1 X67.89 Y63.93 F1500
G1 X67.68 Y63.96 F1500
G1 X67.47 Y64.22 F1500
G1 X66.85 Y65.65 F1500
G1 X66.43 Y66.00 F1500
G1 X65.38 Y64.04 F1500
G1 X65.17 Y63.91 F1500
G1 X64.96 Y64.04 F1500
G1 X63.91 Y66.00 F1500
G1 X63.49 Y65.64 F1500
G1 X62.86 Y64.21 F1500
G1 X62.65 Y63.95 F1500
G1 X62.44 Y63.94 F1500
G1 X61.61 Y65.60 F1500
G1 X61.19 Y66.00 F1500
G1 X59.93 Y63.91 F1500
G1 X59.51 Y64.34 F1500
G1 X59.30 Y64.92 F1500
G1 X59.09 Y64.96 F1500
G1 X58.88 Y65.76 F1500
G1 X58.67 Y65.99 F1500
G1 X58.25 Y65.69 F1500
G1 X57.63 Y64.26 F1500
G1 X57.21 Y63.92 F1500
G1 X56.37 Y65.46 F1500
G1 X55.74 Y65.64 F1500
G1 X55.11 Y64.61 F1500
G1 X54.48 Y64.13 F1500
G1 X53.43 Y65.77 F1500
G1 X53.22 Y65.82 F1500
G1 X51.97 Y63.94 F1500
G1 X51.76 Y64.09 F1500
G1 X51.13 Y65.48 F1500
G1 X50.71 Y66.01 F1500
G1 X50.29 Y65.57 F1500
G1 X49.45 Y63.93 F1500
G1 X49.03 Y64.24 F1500
G1 X48.41 Y65.66 F1500
G1 X47.99 Y65.99 F1500
G1 X47.15 Y64.37 F1500
G1 X46.73 Y63.95 F1500
G1 X46.52 Y64.05 F1500
G1 X45.47 Y66.00 F1500
G1 X45.05 Y65.62 F1500
G1 X44.21 Y63.95 F1500
G1 X43.80 Y64.28 F1500
G1 X43.17 Y65.61 F1500
G1 X42.75 Y66.00 F1500
G1 X41.70 Y64.06 F1500
G1 X41.49 Y63.91 F1500
G1 X41.07 Y64.36 F1500
G1 X40.23 Y65.99 F1500
G1 X39.81 Y65.68 F1500
G1 X39.19 Y64.25 F1500
G1 X38.77 Y63.93 F1500
G1 X37.93 Y65.56 F1500
G1 X37.51 Y66.01 F1500
G1 X37.09 Y65.49 F1500
G1 X36.46 Y64.10 F1500
G1 X35.83 Y64.33 F1500
G1 X35.41 Y65.25 F1500
G1 X34.99 Y65.09 F1500
G1 X34.58 Y65.40 F1500
G1 X33.95 Y64.65 F1500
G1 X33.53 Y64.52 F1500
G1 X32.48 Y65.21 F1500
G1 X32.06 Y65.22 F1500
G1 X31.01 Y64.68 F1500
G1 X29.55 Y65.29 F1500
G1 X29.13 Y65.11 F1500
G1 X28.50 Y64.41 F1500
G1 X28.08 Y64.29 F1500
G1 X27.03 Y66.00 F1500
G1 X26.82 Y65.92 F1500
G1 X25.98 Y64.26 F1500
G1 X25.77 Y64.13 F1500
G1 X25.36 Y64.42 F1500
G1 X24.73 Y65.35 F1500
G1 X24.31 Y65.58 F1500
G1 X23.26 Y64.40 F1500
G1 X22.84 Y64.37 F1500
G1 X22.00 Y65.61 F1500
G1 X21.58 Y65.87 F1500
G1 X20.75 Y64.23 F1500
G1 X20.33 Y63.93 F1500
G1 X19.49 Y65.57 F1500
G1 X19.07 Y65.96 F1500
G1 X18.23 Y64.59 F1500
G1 X17.81 Y64.28 F1500
G1 X17.18 Y64.90 F1500
G1 X16.55 Y65.20 F1500
G1 X14.88 Y64.61 F1500
G1 X13.83 Y65.67 F1500
G1 X13.41 Y65.38 F1500
G1 X12.78 Y64.33 F1500
G1 X12.36 Y64.19 F1500
G1 X11.53 Y65.59 F1500
G1 X11.11 Y65.90 F1500
G1 X10.27 Y64.34 F1500
G1 X9.85 Y63.91 F1500
G1 X8.59 Y66.00 F1500
G1 X8.38 Y65.90 F1500
G1 X7.33 Y64.09 F1500
G1 X6.92 Y64.33 F1500
G1 X6.29 Y65.51 F1500
G1 X5.87 Y65.81 F1500
G1 X5.66 Y65.67 F1500
G1 X4.82 Y64.16 F1500
G1 X4.61 Y64.04 F1500
G1 X4.40 Y64.13 F1500
G1 X3.35 Y65.86 F1500
G1 X2.93 Y65.57 F1500
G1 X2.10 Y64.07 F1500
G1 X1.68 Y64.31 F1500
G1 X0.84 Y65.68 F1500
G1 X0.42 Y65.68 F1500
G1 X0.00 Y64.96 F1500
G1 X0.00 Y65.17 F1500
G1 X0.00 Y65.38 F1500
G1 X0.00 Y65.59 F1500
G1 X0.00 Y65.80 F1500
G1 X0.00 Y66.01 F1500
G1 X0.00 Y66.01 F1500
G1 X0.42 Y66.70 F1500
G1 X0.84 Y66.73 F1500
G1 X1.68 Y65.40 F1500
G1 X2.10 Y65.18 F1500
G1 X2.93 Y66.40 F1500
G1 X3.35 Y66.43 F1500
G1 X4.19 Y65.85 F1500
G1 X4.61 Y65.74 F1500
G1 X5.03 Y65.82 F1500
G1 X5.87 Y66.76 F1500
G1 X6.08 Y66.74 F1500
G1 X6.92 Y65.47 F1500
G1 X7.33 Y65.23 F1500
G1 X8.59 Y66.97 F1500
G1 X8.80 Y66.85 F1500
G1 X9.43 Y65.50 F1500
G1 X9.85 Y64.96 F1500
G1 X10.27 Y65.39 F1500
G1 X11.11 Y67.01 F1500
G1 X11.32 Y66.96 F1500
G1 X12.36 Y65.27 F1500
G1 X12.78 Y65.42 F1500
G1 X13.41 Y66.39 F1500
G1 X13.83 Y66.64 F1500
G1 X14.88 Y65.81 F1500
G1 X16.55 Y66.15 F1500
G1 X17.18 Y65.97 F1500
G1 X17.81 Y65.38 F1500
G1 X18.02 Y65.38 F1500
G1 X19.07 Y67.05 F1500
G1 X19.49 Y66.62 F1500
G1 X20.33 Y64.98 F1500
G1 X20.75 Y65.28 F1500
G1 X21.58 Y67.00 F1500
G1 X21.79 Y67.04 F1500
G1 X22.00 Y66.83 F1500
G1 X22.63 Y65.51 F1500
G1 X23.05 Y65.25 F1500
G1 X23.89 Y66.25 F1500
G1 X24.31 Y66.50 F1500
G1 X24.73 Y66.32 F1500
G1 X25.77 Y65.28 F1500
G1 X26.19 Y65.77 F1500
G1 X26.82 Y66.97 F1500
G1 X27.03 Y67.05 F1500
G1 X28.08 Y65.30 F1500
G1 X29.55 Y66.35 F1500
G1 X31.01 Y65.74 F1500
G1 X32.27 Y66.29 F1500
G1 X33.74 Y65.60 F1500
G1 X34.58 Y66.47 F1500
G1 X34.78 Y66.52 F1500
G1 X34.99 Y66.27 F1500
G1 X35.20 Y66.42 F1500
G1 X35.41 Y66.30 F1500
G1 X35.83 Y65.47 F1500
G1 X36.25 Y65.09 F1500
G1 X36.46 Y65.20 F1500
G1 X37.09 Y66.54 F1500
G1 X37.51 Y67.05 F1500
G1 X37.93 Y66.60 F1500
G1 X38.77 Y64.98 F1500
G1 X39.19 Y65.29 F1500
G1 X39.81 Y66.72 F1500
G1 X40.23 Y67.04 F1500
G1 X41.07 Y65.41 F1500
G1 X41.49 Y64.96 F1500
G1 X41.70 Y65.11 F1500
G1 X42.75 Y67.05 F1500
G1 X43.17 Y66.66 F1500
G1 X43.80 Y65.31 F1500
G1 X44.21 Y65.07 F1500
G1 X44.42 Y65.25 F1500
G1 X45.05 Y66.67 F1500
G1 X45.47 Y67.05 F1500
G1 X46.52 Y65.10 F1500
G1 X46.73 Y64.96 F1500
G1 X46.94 Y65.07 F1500
G1 X47.99 Y67.04 F1500
G1 X48.41 Y66.71 F1500
G1 X49.03 Y65.28 F1500
G1 X49.45 Y64.98 F1500
G1 X50.29 Y66.60 F1500
G1 X50.71 Y67.05 F1500
G1 X51.97 Y65.07 F1500
G1 X52.18 Y65.09 F1500
G1 X52.39 Y65.39 F1500
G1 X53.02 Y66.78 F1500
G1 X53.43 Y67.02 F1500
G1 X54.48 Y65.12 F1500
G1 X54.90 Y65.42 F1500
G1 X55.53 Y66.51 F1500
G1 X55.74 Y66.38 F1500
G1 X56.16 Y66.54 F1500
G1 X57.21 Y65.05 F1500
G1 X57.42 Y65.02 F1500
G1 X58.04 Y66.29 F1500
G1 X58.46 Y66.55 F1500
G1 X58.67 Y66.94 F1500
G1 X58.88 Y66.81 F1500
G1 X59.09 Y66.22 F1500
G1 X59.51 Y65.86 F1500
G1 X59.93 Y64.97 F1500
G1 X60.14 Y65.12 F1500
G1 X60.77 Y66.50 F1500
G1 X61.19 Y67.05 F1500
G1 X61.61 Y66.65 F1500
G1 X62.44 Y64.99 F1500
G1 X62.65 Y65.00 F1500
G1 X62.86 Y65.26 F1500
G1 X63.49 Y66.68 F1500
G1 X63.91 Y67.05 F1500
G1 X64.96 Y65.09 F1500
G1 X65.17 Y64.96 F1500
G1 X65.38 Y65.08 F1500
G1 X66.43 Y67.04 F1500
G1 X66.85 Y66.70 F1500
G1 X67.47 Y65.27 F1500
G1 X67.68 Y65.00 F1500
G1 X67.89 Y64.98 F1500
G1 X68.73 Y66.63 F1500
G1 X69.15 Y67.05 F1500
G1 X69.99 Y65.63 F1500
G1 X70.41 Y65.25 F1500
G1 X70.83 Y65.54 F1500
G1 X71.66 Y67.03 F1500
G1 X71.87 Y67.01 F1500
G1 X72.92 Y65.13 F1500
G1 X73.13 Y65.15 F1500
G1 X73.97 Y66.37 F1500
G1 X74.39 Y66.62 F1500
G1 X75.65 Y65.42 F1500
G1 X76.07 Y65.63 F1500
G1 X76.90 Y66.53 F1500
G1 X77.32 Y66.41 F1500
G1 X77.95 Y65.68 F1500
G1 X78.37 Y65.47 F1500
G1 X79.63 Y66.49 F1500
G1 X80.88 Y65.55 F1500
G1 X81.30 Y65.68 F1500
G1 X81.93 Y66.31 F1500
G1 X82.35 Y66.45 F1500
G1 X83.61 Y65.62 F1500
G1 X84.87 Y66.34 F1500
G1 X86.12 Y65.75 F1500
G1 X87.59 Y66.24 F1500
G1 X89.06 Y65.81 F1500
G1 X90.10 Y66.15 F1500
G1 X91.15 Y65.99 F1500
G1 X97.23 Y65.97 F1500
G1 X97.44 Y66.02 F1500
G1 X98.07 Y67.05 F1500
G1 X98.49 Y66.62 F1500
G1 X99.32 Y64.98 F1500
G1 X99.74 Y65.28 F1500
G1 X100.58 Y67.00 F1500
G1 X101.84 Y65.42 F1500
G1 X102.26 Y65.53 F1500
G1 X103.31 Y66.55 F1500
G1 X103.73 Y66.35 F1500
G1 X104.35 Y65.62 F1500
G1 X104.77 Y65.47 F1500
G1 X105.61 Y66.36 F1500
G1 X106.03 Y66.56 F1500
G1 X107.29 Y65.40 F1500
G1 X107.71 Y65.66 F1500
G1 X108.54 Y66.61 F1500
G1 X108.96 Y66.42 F1500
G1 X109.59 Y65.57 F1500
G1 X110.01 Y65.39 F1500
G1 X111.06 Y66.58 F1500
G1 X111.27 Y66.65 F1500
G1 X111.48 Y66.58 F1500
G1 X112.53 Y65.31 F1500
G1 X112.95 Y65.57 F1500
G1 X113.78 Y66.61 F1500
G1 X115.04 Y65.72 F1500
G1 X116.30 Y66.16 F1500
G1 X116.72 Y66.01 F1500
G1 X119.86 Y66.00 F1500
G1 X120.70 Y65.65 F1500
G1 X120.91 Y65.72 F1500
G1 X121.75 Y66.92 F1500
G1 X122.17 Y66.61 F1500
G1 X123.00 Y65.08 F1500
G1 X123.42 Y65.31 F1500
G1 X124.05 Y66.62 F1500
G1 X124.47 Y66.90 F1500
G1 X125.52 Y65.27 F1500
G1 X125.73 Y65.15 F1500
G1 X125.94 Y65.24 F1500
G1 X126.98 Y66.96 F1500
G1 X127.19 Y66.95 F1500
G1 X127.40 Y66.67 F1500
G1 X128.24 Y65.07 F1500
G1 X128.66 Y65.29 F1500
G1 X129.29 Y66.54 F1500
G1 X129.71 Y66.95 F1500
G1 X129.92 Y66.82 F1500
G1 X130.97 Y65.02 F1500
G1 X131.18 Y65.07 F1500
G1 X131.39 Y65.37 F1500
G1 X132.22 Y67.03 F1500
G1 X132.43 Y67.02 F1500
G1 X132.64 Y66.76 F1500
G1 X133.27 Y65.33 F1500
G1 X133.69 Y64.97 F1500
G1 X134.74 Y66.92 F1500
G1 X134.95 Y67.05 F1500
G1 X135.16 Y66.93 F1500
G1 X136.20 Y64.97 F1500
G1 X136.62 Y65.31 F1500
G1 X137.25 Y66.74 F1500
G1 X137.46 Y67.01 F1500
G1 X137.67 Y67.03 F1500
G1 X138.51 Y65.39 F1500
G1 X138.93 Y64.96 F1500
G1 X140.19 Y67.05 F1500
G1 X140.61 Y66.64 F1500
G1 X141.44 Y64.98 F1500
G1 X141.65 Y65.00 F1500
G1 X141.86 Y65.26 F1500
G1 X142.49 Y66.69 F1500
G1 X142.70 Y66.97 F1500
G1 X142.91 Y66.99 F1500
G1 X144.17 Y65.00 F1500
G1 X144.38 Y65.11 F1500
G1 X145.22 Y66.81 F1500
G1 X145.42 Y66.97 F1500
G1 X145.84 Y66.57 F1500
G1 X146.68 Y65.10 F1500
G1 X146.89 Y65.00 F1500
G1 X147.73 Y66.63 F1500
G1 X148.15 Y67.05 F1500
G1 X148.36 Y66.89 F1500
G1 X149.20 Y65.16 F1500
G1 X149.41 Y65.04 F1500
G1 X149.83 Y65.43 F1500
G1 X150.45 Y66.78 F1500
G1 X150.66 Y67.01 F1500
G1 X150.87 Y66.98 F1500
G1 X151.71 Y65.32 F1500
G1 X152.13 Y64.97 F1500
G1 X153.18 Y66.93 F1500
G1 X153.39 Y67.05 F1500
G1 X153.60 Y66.92 F1500
G1 X154.64 Y64.98 F1500
G1 X155.06 Y65.33 F1500
G1 X155.90 Y66.94 F1500
G1 X156.11 Y66.94 F1500
G1 X156.32 Y66.71 F1500
G1 X156.95 Y65.43 F1500
G1 X157.37 Y65.06 F1500
G1 X157.79 Y65.55 F1500
G1 X158.42 Y66.81 F1500
G1 X158.63 Y66.96 F1500
G1 X158.84 Y66.87 F1500
G1 X159.88 Y65.01 F1500
G1 X160.09 Y65.01 F1500
G1 X160.30 Y65.27 F1500
G1 X160.93 Y66.70 F1500
G1 X161.35 Y67.03 F1500
G1 X161.98 Y65.95 F1500
G1 X162.40 Y65.53 F1500
G1 X163.86 Y66.27 F1500
G1 X164.28 Y66.19 F1500
G1 X165.33 Y65.51 F1500
G1 X166.38 Y66.58 F1500
G1 X166.59 Y66.61 F1500
G1 X167.64 Y65.49 F1500
G1 X168.06 Y65.49 F1500
G1 X169.10 Y66.57 F1500
G1 X169.52 Y66.41 F1500
G1 X170.15 Y65.60 F1500
G1 X170.57 Y65.42 F1500
G1 X171.83 Y66.68 F1500
G1 X173.08 Y65.28 F1500
G1 X173.50 Y65.54 F1500
G1 X174.34 Y66.71 F1500
G1 X174.76 Y66.54 F1500
G1 X175.60 Y65.37 F1500
G1 X176.02 Y65.44 F1500
G1 X176.65 Y66.35 F1500
G1 X177.07 Y66.68 F1500
G1 X177.49 Y66.39 F1500
G1 X178.32 Y65.37 F1500
G1 X178.74 Y65.56 F1500
G1 X179.37 Y66.46 F1500
G1 X180.00 Y66.83 F1500
G1 X180.00 Y67.04 F1500
G1 X180.00 Y67.25 F1500
G1 X180.00 Y67.46 F1500
G1 X180.00 Y67.66 F1500
G1 X180.00 Y67.87 F1500
G1 X180.00 Y67.87 F1500
G1 X179.37 Y67.52 F1500
G1 X178.53 Y66.44 F1500
G1 X178.11 Y66.55 F1500
G1 X177.49 Y67.43 F1500
G1 X177.07 Y67.71 F1500
G1 X176.65 Y67.39 F1500
G1 X176.02 Y66.50 F1500
G1 X175.60 Y66.42 F1500
G1 X174.55 Y67.73 F1500
G1 X174.13 Y67.57 F1500
G1 X173.50 Y66.60 F1500
G1 X173.08 Y66.36 F1500
G1 X171.83 Y67.78 F1500
G1 X170.57 Y66.44 F1500
G1 X170.15 Y66.65 F1500
G1 X169.52 Y67.45 F1500
G1 X169.10 Y67.60 F1500
G1 X167.85 Y66.46 F1500
G1 X166.59 Y67.67 F1500
G1 X166.17 Y67.43 F1500
G1 X165.33 Y66.48 F1500
G1 X164.91 Y66.63 F1500
G1 X164.07 Y67.46 F1500
G1 X163.66 Y67.39 F1500
G1 X163.03 Y66.89 F1500
G1 X162.40 Y66.75 F1500
G1 X161.98 Y67.01 F1500
G1 X161.35 Y68.04 F1500
G1 X161.14 Y68.04 F1500
G1 X160.30 Y66.34 F1500
G1 X160.09 Y66.07 F1500
G1 X159.88 Y66.07 F1500
G1 X159.05 Y67.62 F1500
G1 X158.63 Y68.01 F1500
G1 X157.37 Y66.10 F1500
G1 X156.95 Y66.47 F1500
G1 X156.32 Y67.76 F1500
G1 X155.90 Y67.99 F1500
G1 X155.06 Y66.38 F1500
G1 X154.64 Y66.03 F1500
G1 X153.60 Y67.97 F1500
G1 X153.39 Y68.10 F1500
G1 X153.18 Y67.98 F1500
G1 X152.13 Y66.02 F1500
G1 X151.71 Y66.37 F1500
G1 X150.87 Y68.02 F1500
G1 X150.45 Y67.81 F1500
G1 X149.83 Y66.48 F1500
G1 X149.41 Y66.13 F1500
G1 X148.99 Y66.60 F1500
G1 X148.36 Y67.94 F1500
G1 X148.15 Y68.10 F1500
G1 X147.73 Y67.68 F1500
G1 X146.89 Y66.05 F1500
G1 X146.68 Y66.14 F1500
G1 X145.84 Y67.59 F1500
G1 X145.42 Y67.96 F1500
G1 X145.01 Y67.47 F1500
G1 X144.38 Y66.14 F1500
G1 X144.17 Y66.02 F1500
G1 X142.91 Y68.01 F1500
G1 X142.49 Y67.72 F1500
G1 X141.86 Y66.31 F1500
G1 X141.65 Y66.05 F1500
G1 X141.44 Y66.03 F1500
G1 X140.61 Y67.69 F1500
G1 X140.19 Y68.10 F1500
G1 X138.93 Y66.01 F1500
G1 X138.51 Y66.44 F1500
G1 X137.67 Y68.08 F1500
G1 X137.46 Y68.06 F1500
G1 X137.25 Y67.79 F1500
G1 X136.62 Y66.36 F1500
G1 X136.20 Y66.02 F1500
G1 X135.16 Y67.98 F1500
G1 X134.95 Y68.10 F1500
G1 X134.74 Y67.97 F1500
G1 X133.69 Y66.02 F1500
G1 X133.27 Y66.38 F1500
G1 X132.64 Y67.81 F1500
G1 X132.43 Y68.06 F1500
G1 X132.22 Y68.07 F1500
G1 X131.39 Y66.41 F1500
G1 X130.97 Y66.01 F1500
G1 X129.71 Y68.03 F1500
G1 X129.50 Y67.94 F1500
G1 X128.45 Y66.16 F1500
G1 X128.03 Y66.42 F1500
G1 X127.40 Y67.72 F1500
G1 X126.98 Y68.03 F1500
G1 X125.94 Y66.24 F1500
G1 X125.73 Y66.18 F1500
G1 X125.52 Y66.33 F1500
G1 X124.47 Y67.90 F1500
G1 X124.05 Y67.60 F1500
G1 X123.42 Y66.40 F1500
G1 X123.00 Y66.13 F1500
G1 X122.17 Y67.64 F1500
G1 X121.75 Y67.99 F1500
G1 X120.70 Y66.40 F1500
G1 X120.49 Y66.41 F1500
G1 X119.86 Y67.02 F1500
G1 X119.44 Y67.14 F1500
G1 X115.04 Y67.03 F1500
G1 X113.57 Y67.33 F1500
G1 X112.53 Y66.33 F1500
G1 X111.27 Y67.77 F1500
G1 X110.01 Y66.42 F1500
G1 X109.59 Y66.62 F1500
G1 X108.96 Y67.50 F1500
G1 X108.54 Y67.68 F1500
G1 X107.71 Y66.70 F1500
G1 X107.29 Y66.44 F1500
G1 X106.03 Y67.62 F1500
G1 X105.61 Y67.40 F1500
G1 X104.77 Y66.52 F1500
G1 X104.35 Y66.65 F1500
G1 X103.73 Y67.37 F1500
G1 X103.31 Y67.59 F1500
G1 X102.05 Y66.50 F1500
G1 X101.63 Y66.74 F1500
G1 X100.58 Y67.95 F1500
G1 X99.74 Y66.33 F1500
G1 X99.32 Y66.03 F1500
G1 X98.49 Y67.66 F1500
G1 X98.28 Y67.94 F1500
G1 X98.07 Y67.96 F1500
G1 X97.65 Y67.05 F1500
G1 X90.94 Y67.04 F1500
G1 X90.10 Y67.18 F1500
G1 X88.64 Y66.88 F1500
G1 X87.59 Y67.35 F1500
G1 X86.33 Y66.77 F1500
G1 X85.91 Y66.84 F1500
G1 X84.87 Y67.42 F1500
G1 X83.61 Y66.66 F1500
G1 X82.35 Y67.49 F1500
G1 X81.93 Y67.35 F1500
G1 X81.30 Y66.73 F1500
G1 X80.88 Y66.60 F1500
G1 X79.63 Y67.55 F1500
G1 X78.37 Y66.55 F1500
G1 X77.95 Y66.74 F1500
G1 X77.32 Y67.46 F1500
G1 X76.90 Y67.58 F1500
G1 X76.07 Y66.69 F1500
G1 X75.65 Y66.50 F1500
G1 X74.39 Y67.65 F1500
G1 X73.97 Y67.40 F1500
G1 X73.34 Y66.42 F1500
G1 X72.92 Y66.22 F1500
G1 X72.08 Y67.80 F1500
G1 X71.87 Y68.06 F1500
G1 X71.66 Y68.06 F1500
G1 X70.83 Y66.55 F1500
G1 X70.41 Y66.21 F1500
G1 X69.36 Y67.77 F1500
G1 X68.94 Y67.96 F1500
G1 X67.89 Y66.03 F1500
G1 X67.68 Y66.05 F1500
G1 X67.47 Y66.32 F1500
G1 X66.85 Y67.75 F1500
G1 X66.43 Y68.09 F1500
G1 X65.38 Y66.13 F1500
G1 X65.17 Y66.01 F1500
G1 X64.96 Y66.14 F1500
G1 X63.91 Y68.09 F1500
G1 X63.49 Y67.73 F1500
G1 X62.86 Y66.31 F1500
G1 X62.65 Y66.05 F1500
G1 X62.44 Y66.03 F1500
G1 X61.61 Y67.69 F1500
G1 X61.19 Y68.10 F1500
G1 X60.77 Y67.54 F1500
G1 X60.14 Y66.17 F1500
G1 X59.93 Y66.05 F1500
G1 X59.30 Y66.97 F1500
G1 X58.88 Y67.05 F1500
G1 X58.67 Y68.08 F1500
G1 X58.25 Y67.78 F1500
G1 X57.63 Y66.36 F1500
G1 X57.21 Y66.02 F1500
G1 X56.16 Y67.79 F1500
G1 X55.95 Y67.64 F1500
G1 X55.74 Y67.75 F1500
G1 X54.48 Y66.15 F1500
G1 X53.64 Y67.76 F1500
G1 X53.22 Y68.07 F1500
G1 X52.39 Y66.50 F1500
G1 X51.97 Y66.16 F1500
G1 X51.55 Y66.61 F1500
G1 X50.92 Y67.85 F1500
G1 X50.71 Y68.07 F1500
G1 X50.50 Y68.00 F1500
G1 X49.45 Y66.03 F1500
G1 X49.24 Y66.06 F1500
G1 X48.41 Y67.74 F1500
G1 X47.99 Y68.09 F1500
G1 X47.15 Y66.47 F1500
G1 X46.73 Y66.01 F1500
G1 X46.52 Y66.15 F1500
G1 X45.47 Y68.10 F1500
G1 X45.05 Y67.72 F1500
G1 X44.21 Y66.04 F1500
G1 X44.00 Y66.04 F1500
G1 X43.17 Y67.71 F1500
G1 X42.75 Y68.10 F1500
G1 X41.70 Y66.16 F1500
G1 X41.49 Y66.01 F1500
G1 X41.07 Y66.45 F1500
G1 X40.23 Y68.09 F1500
G1 X39.81 Y67.77 F1500
G1 X39.19 Y66.34 F1500
G1 X38.77 Y66.02 F1500
G1 X37.93 Y67.65 F1500
G1 X37.51 Y68.10 F1500
G1 X37.30 Y67.96 F1500
G1 X36.25 Y66.01 F1500
G1 X35.83 Y66.40 F1500
G1 X34.99 Y67.94 F1500
G1 X33.74 Y66.64 F1500
G1 X33.32 Y66.75 F1500
G1 X32.48 Y67.29 F1500
G1 X32.06 Y67.30 F1500
G1 X31.01 Y66.80 F1500
G1 X29.55 Y67.40 F1500
G1 X29.13 Y67.22 F1500
G1 X28.29 Y66.33 F1500
G1 X27.87 Y66.56 F1500
G1 X27.03 Y68.10 F1500
G1 X26.82 Y68.02 F1500
G1 X25.98 Y66.54 F1500
G1 X25.56 Y66.54 F1500
G1 X24.73 Y67.33 F1500
G1 X24.31 Y67.49 F1500
G1 X23.89 Y67.29 F1500
G1 X23.05 Y66.12 F1500
G1 X22.84 Y66.12 F1500
G1 X21.79 Y68.09 F1500
G1 X21.37 Y67.76 F1500
G1 X20.75 Y66.33 F1500
G1 X20.33 Y66.03 F1500
G1 X19.49 Y67.67 F1500
G1 X19.07 Y68.10 F1500
G1 X18.86 Y67.95 F1500
G1 X18.02 Y66.30 F1500
G1 X16.97 Y67.11 F1500
G1 X16.55 Y67.21 F1500
G1 X14.67 Y66.97 F1500
G1 X13.83 Y67.65 F1500
G1 X13.41 Y67.42 F1500
G1 X12.78 Y66.47 F1500
G1 X12.36 Y66.34 F1500
G1 X11.32 Y67.99 F1500
G1 X11.11 Y68.04 F1500
G1 X10.27 Y66.44 F1500
G1 X9.85 Y66.01 F1500
G1 X9.01 Y67.48 F1500
G1 X8.59 Y67.85 F1500
G1 X8.17 Y67.54 F1500
G1 X7.33 Y66.37 F1500
G1 X6.92 Y66.55 F1500
G1 X6.08 Y67.71 F1500
G1 X5.03 Y66.96 F1500
G1 X2.72 Y67.12 F1500
G1 X2.10 Y66.29 F1500
G1 X1.89 Y66.24 F1500
G1 X0.84 Y67.74 F1500
G1 X0.42 Y67.70 F1500
G1 X0.00 Y67.05 F1500
G1 X0.00 Y67.26 F1500
G1 X0.00 Y67.47 F1500
G1 X0.00 Y67.68 F1500
G1 X0.00 Y67.89 F1500
G1 X0.00 Y68.10 F1500
G1 X0.00 Y68.10 F1500
G1 X0.63 Y68.90 F1500
G1 X1.89 Y67.39 F1500
G1 X2.72 Y68.12 F1500
G1 X5.24 Y68.09 F1500
G1 X6.08 Y68.72 F1500
G1 X6.92 Y67.63 F1500
G1 X7.33 Y67.47 F1500
G1 X8.59 Y68.92 F1500
G1 X9.01 Y68.53 F1500
G1 X9.64 Y67.22 F1500
G1 X9.85 Y67.06 F1500
G1 X10.27 Y67.48 F1500
G1 X11.11 Y69.13 F1500
G1 X11.32 Y69.10 F1500
G1 X11.53 Y68.84 F1500
G1 X12.36 Y67.24 F1500
G1 X12.57 Y67.18 F1500
G1 X12.78 Y67.37 F1500
G1 X13.41 Y68.58 F1500
G1 X13.83 Y68.92 F1500
G1 X14.88 Y67.73 F1500
G1 X15.30 Y67.79 F1500
G1 X16.55 Y68.51 F1500
G1 X16.97 Y68.26 F1500
G1 X17.81 Y67.25 F1500
G1 X18.02 Y67.25 F1500
G1 X18.65 Y68.62 F1500
G1 X19.07 Y69.15 F1500
G1 X19.49 Y68.71 F1500
G1 X20.33 Y67.07 F1500
G1 X20.75 Y67.38 F1500
G1 X21.37 Y68.80 F1500
G1 X21.79 Y69.14 F1500
G1 X22.84 Y67.17 F1500
G1 X23.05 Y67.11 F1500
G1 X23.89 Y68.37 F1500
G1 X24.31 Y68.53 F1500
G1 X24.73 Y68.37 F1500
G1 X25.56 Y67.48 F1500
G1 X25.77 Y67.45 F1500
G1 X26.19 Y67.84 F1500
G1 X26.82 Y69.07 F1500
G1 X27.03 Y69.15 F1500
G1 X28.08 Y67.39 F1500
G1 X28.29 Y67.40 F1500
G1 X29.13 Y68.25 F1500
G1 X29.55 Y68.43 F1500
G1 X31.01 Y67.84 F1500
G1 X32.27 Y68.37 F1500
G1 X33.74 Y67.71 F1500
G1 X34.78 Y68.75 F1500
G1 X35.41 Y68.32 F1500
G1 X36.04 Y67.13 F1500
G1 X36.25 Y67.06 F1500
G1 X37.30 Y69.00 F1500
G1 X37.51 Y69.15 F1500
G1 X37.93 Y68.70 F1500
G1 X38.77 Y67.07 F1500
G1 X39.19 Y67.39 F1500
G1 X39.81 Y68.82 F1500
G1 X40.23 Y69.13 F1500
G1 X41.07 Y67.50 F1500
G1 X41.49 Y67.06 F1500
G1 X41.70 Y67.20 F1500
G1 X42.75 Y69.14 F1500
G1 X42.96 Y69.07 F1500
G1 X44.00 Y67.09 F1500
G1 X44.21 Y67.09 F1500
G1 X45.05 Y68.77 F1500
G1 X45.47 Y69.14 F1500
G1 X46.52 Y67.20 F1500
G1 X46.73 Y67.06 F1500
G1 X47.15 Y67.51 F1500
G1 X47.99 Y69.14 F1500
G1 X48.41 Y68.81 F1500
G1 X49.03 Y67.38 F1500
G1 X49.45 Y67.07 F1500
G1 X50.50 Y69.05 F1500
G1 X50.92 Y69.00 F1500
G1 X51.55 Y67.66 F1500
G1 X51.97 Y67.16 F1500
G1 X52.18 Y67.21 F1500
G1 X52.39 Y67.53 F1500
G1 X53.02 Y68.83 F1500
G1 X53.43 Y69.09 F1500
G1 X54.27 Y67.46 F1500
G1 X54.90 Y67.62 F1500
G1 X55.74 Y68.66 F1500
G1 X56.37 Y68.48 F1500
G1 X56.79 Y67.76 F1500
G1 X57.21 Y67.53 F1500
G1 X57.42 Y67.11 F1500
G1 X58.46 Y69.10 F1500
G1 X58.67 Y68.50 F1500
G1 X58.88 Y68.27 F1500
G1 X59.09 Y68.37 F1500
G1 X59.51 Y67.49 F1500
G1 X59.93 Y67.08 F1500
G1 X60.14 Y67.21 F1500
G1 X60.77 Y68.59 F1500
G1 X61.19 Y69.15 F1500
G1 X61.61 Y68.73 F1500
G1 X62.44 Y67.08 F1500
G1 X62.65 Y67.09 F1500
G1 X62.86 Y67.35 F1500
G1 X63.49 Y68.78 F1500
G1 X63.91 Y69.14 F1500
G1 X64.96 Y67.19 F1500
G1 X65.17 Y67.05 F1500
G1 X65.38 Y67.18 F1500
G1 X66.43 Y69.14 F1500
G1 X66.85 Y68.79 F1500
G1 X67.47 Y67.37 F1500
G1 X67.68 Y67.10 F1500
G1 X67.89 Y67.08 F1500
G1 X68.94 Y68.93 F1500
G1 X69.36 Y68.80 F1500
G1 X69.99 Y67.76 F1500
G1 X70.41 Y67.42 F1500
G1 X70.83 Y67.70 F1500
G1 X71.66 Y69.11 F1500
G1 X71.87 Y69.11 F1500
G1 X72.92 Y67.29 F1500
G1 X73.34 Y67.48 F1500
G1 X73.97 Y68.43 F1500
G1 X74.39 Y68.69 F1500
G1 X75.65 Y67.57 F1500
G1 X76.07 Y67.75 F1500
G1 X76.90 Y68.62 F1500
G1 X77.32 Y68.49 F1500
G1 X77.95 Y67.79 F1500
G1 X78.37 Y67.59 F1500
G1 X79.63 Y68.62 F1500
G1 X80.88 Y67.63 F1500
G1 X81.30 Y67.76 F1500
G1 X81.93 Y68.41 F1500
G1 X82.35 Y68.56 F1500
G1 X83.61 Y67.69 F1500
G1 X84.87 Y68.48 F1500
G1 X86.12 Y67.79 F1500
G1 X87.59 Y68.38 F1500
G1 X88.85 Y67.88 F1500
G1 X90.10 Y68.23 F1500
G1 X91.15 Y68.07 F1500
G1 X98.07 Y68.10 F1500
G1 X98.49 Y68.60 F1500
G1 X99.32 Y67.07 F1500
G1 X99.53 Y67.10 F1500
G1 X99.74 Y67.39 F1500
G1 X100.37 Y68.74 F1500
G1 X100.58 Y68.59 F1500
G1 X101.00 Y68.61 F1500
G1 X101.63 Y67.81 F1500
G1 X102.05 Y67.60 F1500
G1 X102.47 Y67.83 F1500
G1 X103.10 Y68.54 F1500
G1 X103.52 Y68.61 F1500
G1 X104.35 Y67.70 F1500
G1 X104.77 Y67.54 F1500
G1 X106.03 Y68.71 F1500
G1 X107.29 Y67.48 F1500
G1 X107.71 Y67.75 F1500
G1 X108.34 Y68.59 F1500
G1 X108.75 Y68.72 F1500
G1 X109.59 Y67.66 F1500
G1 X110.01 Y67.46 F1500
G1 X111.27 Y68.80 F1500
G1 X112.53 Y67.46 F1500
G1 X113.36 Y68.12 F1500
G1 X118.60 Y68.11 F1500
G1 X119.44 Y68.35 F1500
G1 X120.49 Y67.22 F1500
G1 X120.70 Y67.34 F1500
G1 X121.75 Y69.03 F1500
G1 X122.17 Y68.68 F1500
G1 X123.00 Y67.21 F1500
G1 X123.21 Y67.23 F1500
G1 X124.05 Y68.63 F1500
G1 X124.47 Y68.91 F1500
G1 X125.73 Y67.16 F1500
G1 X126.15 Y67.57 F1500
G1 X126.98 Y69.03 F1500
G1 X127.40 Y68.72 F1500
G1 X128.03 Y67.48 F1500
G1 X128.45 Y67.22 F1500
G1 X129.50 Y68.96 F1500
G1 X129.71 Y69.05 F1500
G1 X130.13 Y68.60 F1500
G1 X130.55 Y67.62 F1500
G1 X130.97 Y67.06 F1500
G1 X131.39 Y67.46 F1500
G1 X132.22 Y69.12 F1500
G1 X132.43 Y69.11 F1500
G1 X132.64 Y68.85 F1500
G1 X133.27 Y67.43 F1500
G1 X133.69 Y67.06 F1500
G1 X134.74 Y69.02 F1500
G1 X134.95 Y69.15 F1500
G1 X135.16 Y69.03 F1500
G1 X136.20 Y67.07 F1500
G1 X136.62 Y67.41 F1500
G1 X137.25 Y68.84 F1500
G1 X137.46 Y69.10 F1500
G1 X137.67 Y69.13 F1500
G1 X138.51 Y67.48 F1500
G1 X138.93 Y67.06 F1500
G1 X140.19 Y69.15 F1500
G1 X140.61 Y68.74 F1500
G1 X141.44 Y67.08 F1500
G1 X141.65 Y67.10 F1500
G1 X141.86 Y67.36 F1500
G1 X142.49 Y68.78 F1500
G1 X142.91 Y69.06 F1500
G1 X143.96 Y67.21 F1500
G1 X144.17 Y67.08 F1500
G1 X144.38 Y67.20 F1500
G1 X145.01 Y68.52 F1500
G1 X145.42 Y69.00 F1500
G1 X145.84 Y68.65 F1500
G1 X146.68 Y67.16 F1500
G1 X146.89 Y67.08 F1500
G1 X147.94 Y69.05 F1500
G1 X148.15 Y69.11 F1500
G1 X148.36 Y68.94 F1500
G1 X148.99 Y67.67 F1500
G1 X149.41 Y67.19 F1500
G1 X149.83 Y67.53 F1500
G1 X150.66 Y69.10 F1500
G1 X150.87 Y69.10 F1500
G1 X151.08 Y68.84 F1500
G1 X151.71 Y67.42 F1500
G1 X152.13 Y67.10 F1500
G1 X153.18 Y69.02 F1500
G1 X153.39 Y69.14 F1500
G1 X154.64 Y67.15 F1500
G1 X155.06 Y67.48 F1500
G1 X155.90 Y69.00 F1500
G1 X156.32 Y68.79 F1500
G1 X156.95 Y67.53 F1500
G1 X157.37 Y67.17 F1500
G1 X157.58 Y67.29 F1500
G1 X158.21 Y68.59 F1500
G1 X158.63 Y69.07 F1500
G1 X159.05 Y68.68 F1500
G1 X159.67 Y67.35 F1500
G1 X160.09 Y67.14 F1500
G1 X161.14 Y69.07 F1500
G1 X161.98 Y68.06 F1500
G1 X162.61 Y67.77 F1500
G1 X163.03 Y67.88 F1500
G1 X163.66 Y68.54 F1500
G1 X164.07 Y68.62 F1500
G1 X164.91 Y67.70 F1500
G1 X165.33 Y67.50 F1500
G1 X166.17 Y68.49 F1500
G1 X166.59 Y68.72 F1500
G1 X167.85 Y67.50 F1500
G1 X169.10 Y68.65 F1500
G1 X169.52 Y68.50 F1500
G1 X170.15 Y67.71 F1500
G1 X170.57 Y67.49 F1500
G1 X171.62 Y68.68 F1500
G1 X171.83 Y68.71 F1500
G1 X172.25 Y68.44 F1500
G1 X173.08 Y67.44 F1500
G1 X173.50 Y67.68 F1500
G1 X174.34 Y68.71 F1500
G1 X174.76 Y68.56 F1500
G1 X175.39 Y67.72 F1500
G1 X175.81 Y67.48 F1500
G1 X177.07 Y68.73 F1500
G1 X177.49 Y68.47 F1500
G1 X178.11 Y67.61 F1500
G1 X178.53 Y67.49 F1500
G1 X179.37 Y68.59 F1500
G1 X180.00 Y68.92 F1500
G1 X180.00 Y69.13 F1500
G1 X180.00 Y69.34 F1500
G1 X180.00 Y69.55 F1500
G1 X180.00 Y69.76 F1500
G1 X180.00 Y69.97 F1500
G1 X180.00 Y69.97 F1500
G1 X179.37 Y69.59 F1500
G1 X178.53 Y68.55 F1500
G1 X178.11 Y68.67 F1500
G1 X177.49 Y69.50 F1500
G1 X177.07 Y69.76 F1500
G1 X175.81 Y68.56 F1500
G1 X175.39 Y68.78 F1500
G1 X174.55 Y69.71 F1500
G1 X174.13 Y69.56 F1500
G1 X173.50 Y68.79 F1500
G1 X173.08 Y68.60 F1500
G1 X171.83 Y69.77 F1500
G1 X171.41 Y69.49 F1500
G1 X170.57 Y68.53 F1500
G1 X170.15 Y68.73 F1500
G1 X169.31 Y69.68 F1500
G1 X168.89 Y69.58 F1500
G1 X167.85 Y68.57 F1500
G1 X166.59 Y69.78 F1500
G1 X166.17 Y69.54 F1500
G1 X165.33 Y68.55 F1500
G1 X164.91 Y68.73 F1500
G1 X164.28 Y69.52 F1500
G1 X163.86 Y69.72 F1500
G1 X162.82 Y68.68 F1500
G1 X162.40 Y68.69 F1500
G1 X161.14 Y70.09 F1500
G1 X160.30 Y68.42 F1500
G1 X160.09 Y68.15 F1500
G1 X159.88 Y68.14 F1500
G1 X159.05 Y69.74 F1500
G1 X158.63 Y70.13 F1500
G1 X157.37 Y68.20 F1500
G1 X156.95 Y68.57 F1500
G1 X156.32 Y69.82 F1500
G1 X155.90 Y70.02 F1500
G1 X155.06 Y68.53 F1500
G1 X154.64 Y68.20 F1500
G1 X153.39 Y70.14 F1500
G1 X153.18 Y70.05 F1500
G1 X152.13 Y68.17 F1500
G1 X151.71 Y68.48 F1500
G1 X150.87 Y70.15 F1500
G1 X150.66 Y70.15 F1500
G1 X149.83 Y68.56 F1500
G1 X149.41 Y68.27 F1500
G1 X149.20 Y68.40 F1500
G1 X148.15 Y70.14 F1500
G1 X147.73 Y69.78 F1500
G1 X146.89 Y68.13 F1500
G1 X146.68 Y68.17 F1500
G1 X146.47 Y68.46 F1500
G1 X145.84 Y69.71 F1500
G1 X145.42 Y70.00 F1500
G1 X145.22 Y69.89 F1500
G1 X144.59 Y68.60 F1500
G1 X144.17 Y68.10 F1500
G1 X143.96 Y68.23 F1500
G1 X142.91 Y70.15 F1500
G1 X142.49 Y69.83 F1500
G1 X141.86 Y68.40 F1500
G1 X141.65 Y68.14 F1500
G1 X141.44 Y68.13 F1500
G1 X140.61 Y69.78 F1500
G1 X140.19 Y70.19 F1500
G1 X138.93 Y68.10 F1500
G1 X138.51 Y68.53 F1500
G1 X137.67 Y70.18 F1500
G1 X137.46 Y70.15 F1500
G1 X137.25 Y69.88 F1500
G1 X136.62 Y68.45 F1500
G1 X136.20 Y68.11 F1500
G1 X135.16 Y70.08 F1500
G1 X134.95 Y70.20 F1500
G1 X134.74 Y70.06 F1500
G1 X133.69 Y68.11 F1500
G1 X133.27 Y68.48 F1500
G1 X132.64 Y69.90 F1500
G1 X132.43 Y70.16 F1500
G1 X132.22 Y70.17 F1500
G1 X131.39 Y68.51 F1500
G1 X130.97 Y68.11 F1500
G1 X129.71 Y70.20 F1500
G1 X129.50 Y70.07 F1500
G1 X128.66 Y68.39 F1500
G1 X128.45 Y68.22 F1500
G1 X128.03 Y68.54 F1500
G1 X127.40 Y69.77 F1500
G1 X126.98 Y70.07 F1500
G1 X125.94 Y68.30 F1500
G1 X125.73 Y68.19 F1500
G1 X124.47 Y69.98 F1500
G1 X124.05 Y69.66 F1500
G1 X123.42 Y68.57 F1500
G1 X123.00 Y68.30 F1500
G1 X122.17 Y69.70 F1500
G1 X121.75 Y70.03 F1500
G1 X120.70 Y68.42 F1500
G1 X120.49 Y68.31 F1500
G1 X119.65 Y69.40 F1500
G1 X119.23 Y69.63 F1500
G1 X118.39 Y69.13 F1500
G1 X113.15 Y69.13 F1500
G1 X112.53 Y68.51 F1500
G1 X112.32 Y68.57 F1500
G1 X111.69 Y69.51 F1500
G1 X111.27 Y69.85 F1500
G1 X111.06 Y69.78 F1500
G1 X110.01 Y68.50 F1500
G1 X109.59 Y68.70 F1500
G1 X108.75 Y69.77 F1500
G1 X108.34 Y69.65 F1500
G1 X107.71 Y68.80 F1500
G1 X107.29 Y68.54 F1500
G1 X106.03 Y69.74 F1500
G1 X105.61 Y69.52 F1500
G1 X104.77 Y68.61 F1500
G1 X104.35 Y68.75 F1500
G1 X103.73 Y69.50 F1500
G1 X103.31 Y69.71 F1500
G1 X102.05 Y68.61 F1500
G1 X101.63 Y68.85 F1500
G1 X100.79 Y69.76 F1500
G1 X100.37 Y69.64 F1500
G1 X99.74 Y68.43 F1500
G1 X99.32 Y68.12 F1500
G1 X98.70 Y69.21 F1500
G1 X91.36 Y69.09 F1500
G1 X90.10 Y69.33 F1500
G1 X88.85 Y68.94 F1500
G1 X87.59 Y69.43 F1500
G1 X86.33 Y68.80 F1500
G1 X84.87 Y69.52 F1500
G1 X83.61 Y68.74 F1500
G1 X82.35 Y69.61 F1500
G1 X81.93 Y69.45 F1500
G1 X81.30 Y68.81 F1500
G1 X80.88 Y68.68 F1500
G1 X79.63 Y69.66 F1500
G1 X78.37 Y68.64 F1500
G1 X77.95 Y68.84 F1500
G1 X77.11 Y69.65 F1500
G1 X76.69 Y69.51 F1500
G1 X76.07 Y68.81 F1500
G1 X75.65 Y68.62 F1500
G1 X74.39 Y69.72 F1500
G1 X73.97 Y69.47 F1500
G1 X73.34 Y68.56 F1500
G1 X72.92 Y68.36 F1500
G1 X72.08 Y69.89 F1500
G1 X71.87 Y70.16 F1500
G1 X71.66 Y70.17 F1500
G1 X70.62 Y68.48 F1500
G1 X70.20 Y68.58 F1500
G1 X69.15 Y69.82 F1500
G1 X68.73 Y69.58 F1500
G1 X67.89 Y68.13 F1500
G1 X67.68 Y68.15 F1500
G1 X67.47 Y68.41 F1500
G1 X66.85 Y69.84 F1500
G1 X66.43 Y70.19 F1500
G1 X65.38 Y68.23 F1500
G1 X65.17 Y68.10 F1500
G1 X64.96 Y68.24 F1500
G1 X63.91 Y70.19 F1500
G1 X63.49 Y69.83 F1500
G1 X62.86 Y68.40 F1500
G1 X62.65 Y68.14 F1500
G1 X62.44 Y68.13 F1500
G1 X61.61 Y69.79 F1500
G1 X61.19 Y70.19 F1500
G1 X59.93 Y68.10 F1500
G1 X59.51 Y68.53 F1500
G1 X59.09 Y69.53 F1500
G1 X58.67 Y69.96 F1500
G1 X57.21 Y68.25 F1500
G1 X57.00 Y68.34 F1500
G1 X56.37 Y69.46 F1500
G1 X55.95 Y69.71 F1500
G1 X55.53 Y69.50 F1500
G1 X55.11 Y68.79 F1500
G1 X54.48 Y68.19 F1500
G1 X53.64 Y69.91 F1500
G1 X53.22 Y70.17 F1500
G1 X52.18 Y68.25 F1500
G1 X51.97 Y68.12 F1500
G1 X51.76 Y68.28 F1500
G1 X50.92 Y70.04 F1500
G1 X50.71 Y70.20 F1500
G1 X50.29 Y69.76 F1500
G1 X49.45 Y68.12 F1500
G1 X49.03 Y68.43 F1500
G1 X48.41 Y69.86 F1500
G1 X47.99 Y70.18 F1500
G1 X47.15 Y68.56 F1500
G1 X46.73 Y68.10 F1500
G1 X46.52 Y68.24 F1500
G1 X45.47 Y70.19 F1500
G1 X45.05 Y69.81 F1500
G1 X44.21 Y68.14 F1500
G1 X44.00 Y68.13 F1500
G1 X43.80 Y68.38 F1500
G1 X42.96 Y70.12 F1500
G1 X42.75 Y70.07 F1500
G1 X42.33 Y69.56 F1500
G1 X41.70 Y68.25 F1500
G1 X41.49 Y68.10 F1500
G1 X41.07 Y68.55 F1500
G1 X40.23 Y70.18 F1500
G1 X39.81 Y69.87 F1500
G1 X39.19 Y68.44 F1500
G1 X38.77 Y68.12 F1500
G1 X37.93 Y69.75 F1500
G1 X37.51 Y70.20 F1500
G1 X37.30 Y70.05 F1500
G1 X36.25 Y68.11 F1500
G1 X35.83 Y68.49 F1500
G1 X35.41 Y69.42 F1500
G1 X34.78 Y69.80 F1500
G1 X33.74 Y68.77 F1500
G1 X32.27 Y69.41 F1500
G1 X31.01 Y68.90 F1500
G1 X29.55 Y69.47 F1500
G1 X29.13 Y69.30 F1500
G1 X28.50 Y68.60 F1500
G1 X28.08 Y68.44 F1500
G1 X27.03 Y70.19 F1500
G1 X26.82 Y70.11 F1500
G1 X25.98 Y68.62 F1500
G1 X25.77 Y68.54 F1500
G1 X24.52 Y69.56 F1500
G1 X24.10 Y69.60 F1500
G1 X23.05 Y68.10 F1500
G1 X22.63 Y68.56 F1500
G1 X21.79 Y70.18 F1500
G1 X21.37 Y69.85 F1500
G1 X20.75 Y68.42 F1500
G1 X20.33 Y68.12 F1500
G1 X19.49 Y69.76 F1500
G1 X19.07 Y70.20 F1500
G1 X18.65 Y69.67 F1500
G1 X18.02 Y68.30 F1500
G1 X17.60 Y68.49 F1500
G1 X16.97 Y69.25 F1500
G1 X16.34 Y69.56 F1500
G1 X15.93 Y69.32 F1500
G1 X15.30 Y68.53 F1500
G1 X14.88 Y68.51 F1500
G1 X13.83 Y70.10 F1500
G1 X13.41 Y69.68 F1500
G1 X12.57 Y68.18 F1500
G1 X12.15 Y68.50 F1500
G1 X11.53 Y69.87 F1500
G1 X11.32 Y70.15 F1500
G1 X11.11 Y70.18 F1500
G1 X10.27 Y68.53 F1500
G1 X9.85 Y68.10 F1500
G1 X9.64 Y68.26 F1500
G1 X9.01 Y69.60 F1500
G1 X8.59 Y70.01 F1500
G1 X7.33 Y68.51 F1500
G1 X6.92 Y68.68 F1500
G1 X6.29 Y69.59 F1500
G1 X5.87 Y69.82 F1500
G1 X5.03 Y69.04 F1500
G1 X4.61 Y68.99 F1500
G1 X3.14 Y69.34 F1500
G1 X2.72 Y69.20 F1500
G1 X1.89 Y68.52 F1500
G1 X1.68 Y68.58 F1500
G1 X1.05 Y69.60 F1500
G1 X0.63 Y69.86 F1500
G1 X0.42 Y69.81 F1500
G1 X0.00 Y69.15 F1500
G1 X0.00 Y69.36 F1500
G1 X0.00 Y69.57 F1500
G1 X0.00 Y69.78 F1500
G1 X0.00 Y69.99 F1500
G1 X0.00 Y70.20 F1500
G1 X0.00 Y70.20 F1500
G1 X0.42 Y70.85 F1500
G1 X0.84 Y70.92 F1500
G1 X1.68 Y69.60 F1500
G1 X2.10 Y69.42 F1500
G1 X2.93 Y70.65 F1500
G1 X3.35 Y70.80 F1500
G1 X4.61 Y69.61 F1500
G1 X5.03 Y69.82 F1500
G1 X5.87 Y70.94 F1500
G1 X6.29 Y70.66 F1500
G1 X6.92 Y69.69 F1500
G1 X7.33 Y69.45 F1500
G1 X8.38 Y71.03 F1500
G1 X8.59 Y71.13 F1500
G1 X8.80 Y71.03 F1500
G1 X9.64 Y69.31 F1500
G1 X9.85 Y69.16 F1500
G1 X10.27 Y69.59 F1500
G1 X11.11 Y71.12 F1500
G1 X11.53 Y70.81 F1500
G1 X12.15 Y69.66 F1500
G1 X12.57 Y69.39 F1500
G1 X13.41 Y70.64 F1500
G1 X13.83 Y70.98 F1500
G1 X15.09 Y69.56 F1500
G1 X15.72 Y70.20 F1500
G1 X18.44 Y70.20 F1500
G1 X18.86 Y70.90 F1500
G1 X19.28 Y71.10 F1500
G1 X20.33 Y69.17 F1500
G1 X20.75 Y69.47 F1500
G1 X21.37 Y70.90 F1500
G1 X21.79 Y71.23 F1500
G1 X22.63 Y69.61 F1500
G1 X23.05 Y69.15 F1500
G1 X24.10 Y70.65 F1500
G1 X24.52 Y70.60 F1500
G1 X25.77 Y69.58 F1500
G1 X26.19 Y69.97 F1500
G1 X26.82 Y71.16 F1500
G1 X27.03 Y71.24 F1500
G1 X28.08 Y69.42 F1500
G1 X28.29 Y69.43 F1500
G1 X29.13 Y70.36 F1500
G1 X29.55 Y70.52 F1500
G1 X31.01 Y69.91 F1500
G1 X32.27 Y70.53 F1500
G1 X32.69 Y70.38 F1500
G1 X33.32 Y69.85 F1500
G1 X33.74 Y69.78 F1500
G1 X34.99 Y70.91 F1500
G1 X35.20 Y70.81 F1500
G1 X36.04 Y69.23 F1500
G1 X36.25 Y69.16 F1500
G1 X37.30 Y71.10 F1500
G1 X37.51 Y71.24 F1500
G1 X37.93 Y70.79 F1500
G1 X38.77 Y69.17 F1500
G1 X39.19 Y69.49 F1500
G1 X39.81 Y70.91 F1500
G1 X40.23 Y71.23 F1500
G1 X41.28 Y69.26 F1500
G1 X41.49 Y69.15 F1500
G1 X41.70 Y69.30 F1500
G1 X42.75 Y71.24 F1500
G1 X43.17 Y70.81 F1500
G1 X44.00 Y69.22 F1500
G1 X44.42 Y69.44 F1500
G1 X45.05 Y70.86 F1500
G1 X45.47 Y71.24 F1500
G1 X46.52 Y69.29 F1500
G1 X46.73 Y69.15 F1500
G1 X47.15 Y69.61 F1500
G1 X47.99 Y71.23 F1500
G1 X48.41 Y70.90 F1500
G1 X49.03 Y69.48 F1500
G1 X49.45 Y69.17 F1500
G1 X50.29 Y70.81 F1500
G1 X50.71 Y71.24 F1500
G1 X50.92 Y71.09 F1500
G1 X51.55 Y69.72 F1500
G1 X51.97 Y69.15 F1500
G1 X52.39 Y69.55 F1500
G1 X53.22 Y71.21 F1500
G1 X54.69 Y69.31 F1500
G1 X55.95 Y71.22 F1500
G1 X56.16 Y71.12 F1500
G1 X57.21 Y69.16 F1500
G1 X58.25 Y70.80 F1500
G1 X58.67 Y70.84 F1500
G1 X59.72 Y69.54 F1500
G1 X59.93 Y69.77 F1500
G1 X60.35 Y69.78 F1500
G1 X60.77 Y70.69 F1500
G1 X61.19 Y71.16 F1500
G1 X61.40 Y71.16 F1500
G1 X61.61 Y70.84 F1500
G1 X62.44 Y69.18 F1500
G1 X62.65 Y69.19 F1500
G1 X62.86 Y69.45 F1500
G1 X63.49 Y70.88 F1500
G1 X63.91 Y71.24 F1500
G1 X64.96 Y69.28 F1500
G1 X65.17 Y69.15 F1500
G1 X65.38 Y69.27 F1500
G1 X66.43 Y71.23 F1500
G1 X66.85 Y70.89 F1500
G1 X67.68 Y69.26 F1500
G1 X68.10 Y69.53 F1500
G1 X68.73 Y70.63 F1500
G1 X69.15 Y70.87 F1500
G1 X70.20 Y69.64 F1500
G1 X70.62 Y69.56 F1500
G1 X71.66 Y71.22 F1500
G1 X71.87 Y71.19 F1500
G1 X72.08 Y70.91 F1500
G1 X72.92 Y69.46 F1500
G1 X73.34 Y69.66 F1500
G1 X73.97 Y70.52 F1500
G1 X74.39 Y70.76 F1500
G1 X75.65 Y69.67 F1500
G1 X76.07 Y69.86 F1500
G1 X76.69 Y70.56 F1500
G1 X77.11 Y70.70 F1500
G1 X77.95 Y69.89 F1500
G1 X78.37 Y69.69 F1500
G1 X79.63 Y70.73 F1500
G1 X80.88 Y69.71 F1500
G1 X81.30 Y69.85 F1500
G1 X81.93 Y70.52 F1500
G1 X82.35 Y70.68 F1500
G1 X83.19 Y69.94 F1500
G1 X83.61 Y69.76 F1500
G1 X84.87 Y70.61 F1500
G1 X86.12 Y69.84 F1500
G1 X86.54 Y69.93 F1500
G1 X87.38 Y70.50 F1500
G1 X88.85 Y69.94 F1500
G1 X90.10 Y70.38 F1500
G1 X91.36 Y70.12 F1500
G1 X98.91 Y70.20 F1500
G1 X99.32 Y69.17 F1500
G1 X99.74 Y69.48 F1500
G1 X100.16 Y70.39 F1500
G1 X100.79 Y70.81 F1500
G1 X101.63 Y69.89 F1500
G1 X102.05 Y69.64 F1500
G1 X103.31 Y70.75 F1500
G1 X103.73 Y70.56 F1500
G1 X104.56 Y69.63 F1500
G1 X104.98 Y69.77 F1500
G1 X105.61 Y70.57 F1500
G1 X106.03 Y70.79 F1500
G1 X107.29 Y69.59 F1500
G1 X107.71 Y69.85 F1500
G1 X108.34 Y70.68 F1500
G1 X108.75 Y70.79 F1500
G1 X109.59 Y69.75 F1500
G1 X110.01 Y69.53 F1500
G1 X111.27 Y70.91 F1500
G1 X111.48 Y70.82 F1500
G1 X112.32 Y69.65 F1500
G1 X113.15 Y70.19 F1500
G1 X118.18 Y70.09 F1500
G1 X119.23 Y70.91 F1500
G1 X120.49 Y69.38 F1500
G1 X121.75 Y71.06 F1500
G1 X122.17 Y70.76 F1500
G1 X122.79 Y69.55 F1500
G1 X123.21 Y69.38 F1500
G1 X124.05 Y70.74 F1500
G1 X124.47 Y71.10 F1500
G1 X124.68 Y70.97 F1500
G1 X125.52 Y69.36 F1500
G1 X125.73 Y69.24 F1500
G1 X125.94 Y69.35 F1500
G1 X126.98 Y71.11 F1500
G1 X127.19 Y71.10 F1500
G1 X128.03 Y69.52 F1500
G1 X128.45 Y69.21 F1500
G1 X129.29 Y70.80 F1500
G1 X129.71 Y71.23 F1500
G1 X129.92 Y71.08 F1500
G1 X130.76 Y69.33 F1500
G1 X130.97 Y69.15 F1500
G1 X131.39 Y69.56 F1500
G1 X132.22 Y71.22 F1500
G1 X132.43 Y71.21 F1500
G1 X132.64 Y70.95 F1500
G1 X133.27 Y69.52 F1500
G1 X133.69 Y69.16 F1500
G1 X134.74 Y71.11 F1500
G1 X134.95 Y71.25 F1500
G1 X135.16 Y71.12 F1500
G1 X136.20 Y69.16 F1500
G1 X136.62 Y69.50 F1500
G1 X137.25 Y70.93 F1500
G1 X137.46 Y71.20 F1500
G1 X137.67 Y71.22 F1500
G1 X138.51 Y69.58 F1500
G1 X138.93 Y69.15 F1500
G1 X140.19 Y71.24 F1500
G1 X140.61 Y70.83 F1500
G1 X141.44 Y69.18 F1500
G1 X141.65 Y69.19 F1500
G1 X141.86 Y69.45 F1500
G1 X142.49 Y70.88 F1500
G1 X142.91 Y71.19 F1500
G1 X143.96 Y69.29 F1500
G1 X144.17 Y69.15 F1500
G1 X144.38 Y69.29 F1500
G1 X145.01 Y70.58 F1500
G1 X145.42 Y71.09 F1500
G1 X145.84 Y70.75 F1500
G1 X146.68 Y69.19 F1500
G1 X146.89 Y69.17 F1500
G1 X147.94 Y71.10 F1500
G1 X148.36 Y70.94 F1500
G1 X149.20 Y69.44 F1500
G1 X149.41 Y69.30 F1500
G1 X149.83 Y69.61 F1500
G1 X150.66 Y71.22 F1500
G1 X150.87 Y71.20 F1500
G1 X151.08 Y70.93 F1500
G1 X151.92 Y69.25 F1500
G1 X152.34 Y69.41 F1500
G1 X152.97 Y70.73 F1500
G1 X153.39 Y71.15 F1500
G1 X153.60 Y71.03 F1500
G1 X154.64 Y69.27 F1500
G1 X155.06 Y69.59 F1500
G1 X155.90 Y71.07 F1500
G1 X156.32 Y70.88 F1500
G1 X156.95 Y69.63 F1500
G1 X157.37 Y69.27 F1500
G1 X157.58 Y69.39 F1500
G1 X158.63 Y71.22 F1500
G1 X158.84 Y71.14 F1500
G1 X159.88 Y69.17 F1500
G1 X160.09 Y69.20 F1500
G1 X160.30 Y69.47 F1500
G1 X161.14 Y71.06 F1500
G1 X161.35 Y71.03 F1500
G1 X162.40 Y69.72 F1500
G1 X162.82 Y69.72 F1500
G1 X163.86 Y70.78 F1500
G1 X164.28 Y70.58 F1500
G1 X165.12 Y69.55 F1500
G1 X165.54 Y69.73 F1500
G1 X166.17 Y70.59 F1500
G1 X166.59 Y70.84 F1500
G1 X167.85 Y69.62 F1500
G1 X169.10 Y70.73 F1500
G1 X169.52 Y70.59 F1500
G1 X170.15 Y69.80 F1500
G1 X170.57 Y69.61 F1500
G1 X171.41 Y70.54 F1500
G1 X171.83 Y70.77 F1500
G1 X173.08 Y69.67 F1500
G1 X173.50 Y69.86 F1500
G1 X174.13 Y70.58 F1500
G1 X174.55 Y70.72 F1500
G1 X175.39 Y69.85 F1500
G1 X175.81 Y69.63 F1500
G1 X177.07 Y70.79 F1500
G1 X177.49 Y70.54 F1500
G1 X178.11 Y69.73 F1500
G1 X178.53 Y69.60 F1500
G1 X179.37 Y70.68 F1500
G1 X180.00 Y71.02 F1500
G1 X180.00 Y71.23 F1500
G1 X180.00 Y71.44 F1500
G1 X180.00 Y71.65 F1500
G1 X180.00 Y71.86 F1500
G1 X180.00 Y72.07 F1500
G1 X180.00 Y72.07 F1500
G1 X179.37 Y71.74 F1500
G1 X178.53 Y70.64 F1500
G1 X178.11 Y70.77 F1500
G1 X177.49 Y71.60 F1500
G1 X177.07 Y71.84 F1500
G1 X175.81 Y70.68 F1500
G1 X175.39 Y70.89 F1500
G1 X174.55 Y71.82 F1500
G1 X174.13 Y71.65 F1500
G1 X173.50 Y70.90 F1500
G1 X173.08 Y70.72 F1500
G1 X171.83 Y71.84 F1500
G1 X171.41 Y71.58 F1500
G1 X170.57 Y70.63 F1500
G1 X170.15 Y70.85 F1500
G1 X169.52 Y71.65 F1500
G1 X169.10 Y71.81 F1500
G1 X167.85 Y70.65 F1500
G1 X166.59 Y71.90 F1500
G1 X166.17 Y71.66 F1500
G1 X165.33 Y70.60 F1500
G1 X164.91 Y70.78 F1500
G1 X164.28 Y71.63 F1500
G1 X163.86 Y71.87 F1500
G1 X163.03 Y70.93 F1500
G1 X162.61 Y70.70 F1500
G1 X161.14 Y72.10 F1500
G1 X160.93 Y71.92 F1500
G1 X160.30 Y70.52 F1500
G1 X159.88 Y70.23 F1500
G1 X159.05 Y71.86 F1500
G1 X158.63 Y72.27 F1500
G1 X157.37 Y70.28 F1500
G1 X156.95 Y70.67 F1500
G1 X156.11 Y72.14 F1500
G1 X155.69 Y71.90 F1500
G1 X154.85 Y70.38 F1500
G1 X154.44 Y70.50 F1500
G1 X153.81 Y71.74 F1500
G1 X153.39 Y72.15 F1500
G1 X152.97 Y71.73 F1500
G1 X152.34 Y70.48 F1500
G1 X151.92 Y70.32 F1500
G1 X151.08 Y71.98 F1500
G1 X150.87 Y72.25 F1500
G1 X150.66 Y72.27 F1500
G1 X149.83 Y70.67 F1500
G1 X149.41 Y70.34 F1500
G1 X148.36 Y71.99 F1500
G1 X147.94 Y72.10 F1500
G1 X146.89 Y70.22 F1500
G1 X146.68 Y70.24 F1500
G1 X146.47 Y70.51 F1500
G1 X145.84 Y71.82 F1500
G1 X145.42 Y72.14 F1500
G1 X144.17 Y70.21 F1500
G1 X143.96 Y70.33 F1500
G1 X142.91 Y72.26 F1500
G1 X142.49 Y71.93 F1500
G1 X141.86 Y70.50 F1500
G1 X141.65 Y70.24 F1500
G1 X141.44 Y70.22 F1500
G1 X140.61 Y71.88 F1500
G1 X140.19 Y72.29 F1500
G1 X138.93 Y70.20 F1500
G1 X138.51 Y70.63 F1500
G1 X137.67 Y72.27 F1500
G1 X137.46 Y72.25 F1500
G1 X137.25 Y71.98 F1500
G1 X136.62 Y70.55 F1500
G1 X136.20 Y70.21 F1500
G1 X135.16 Y72.17 F1500
G1 X134.95 Y72.29 F1500
G1 X134.74 Y72.16 F1500
G1 X133.69 Y70.21 F1500
G1 X133.27 Y70.57 F1500
G1 X132.64 Y72.00 F1500
G1 X132.43 Y72.26 F1500
G1 X132.22 Y72.27 F1500
G1 X131.39 Y70.60 F1500
G1 X130.97 Y70.20 F1500
G1 X130.76 Y70.37 F1500
G1 X129.92 Y72.11 F1500
G1 X129.71 Y72.26 F1500
G1 X129.29 Y71.84 F1500
G1 X128.45 Y70.26 F1500
G1 X128.03 Y70.57 F1500
G1 X127.40 Y71.90 F1500
G1 X126.98 Y72.17 F1500
G1 X126.15 Y70.73 F1500
G1 X125.73 Y70.33 F1500
G1 X125.31 Y70.76 F1500
G1 X124.47 Y72.22 F1500
G1 X124.05 Y71.88 F1500
G1 X123.42 Y70.57 F1500
G1 X123.00 Y70.36 F1500
G1 X122.17 Y71.82 F1500
G1 X121.75 Y72.19 F1500
G1 X120.91 Y70.80 F1500
G1 X120.49 Y70.41 F1500
G1 X120.28 Y70.50 F1500
G1 X119.23 Y72.00 F1500
G1 X119.02 Y71.96 F1500
G1 X118.18 Y70.98 F1500
G1 X117.35 Y71.24 F1500
G1 X115.04 Y71.19 F1500
G1 X113.57 Y71.37 F1500
G1 X112.53 Y70.65 F1500
G1 X111.27 Y71.91 F1500
G1 X110.85 Y71.63 F1500
G1 X110.01 Y70.60 F1500
G1 X109.59 Y70.80 F1500
G1 X108.96 Y71.68 F1500
G1 X108.54 Y71.84 F1500
G1 X107.71 Y70.90 F1500
G1 X107.29 Y70.64 F1500
G1 X106.03 Y71.83 F1500
G1 X105.61 Y71.61 F1500
G1 X104.77 Y70.66 F1500
G1 X104.35 Y70.82 F1500
G1 X103.73 Y71.60 F1500
G1 X103.31 Y71.79 F1500
G1 X102.05 Y70.70 F1500
G1 X101.63 Y70.94 F1500
G1 X101.00 Y71.66 F1500
G1 X100.58 Y71.80 F1500
G1 X100.16 Y71.45 F1500
G1 X99.74 Y70.55 F1500
G1 X99.53 Y70.49 F1500
G1 X99.12 Y71.25 F1500
G1 X91.36 Y71.15 F1500
G1 X90.10 Y71.46 F1500
G1 X88.85 Y70.97 F1500
G1 X87.80 Y71.51 F1500
G1 X87.38 Y71.57 F1500
G1 X86.54 Y70.97 F1500
G1 X86.12 Y70.88 F1500
G1 X84.87 Y71.67 F1500
G1 X83.61 Y70.79 F1500
G1 X82.35 Y71.73 F1500
G1 X81.93 Y71.57 F1500
G1 X81.30 Y70.89 F1500
G1 X80.88 Y70.75 F1500
G1 X79.63 Y71.78 F1500
G1 X78.37 Y70.74 F1500
G1 X77.95 Y70.94 F1500
G1 X77.11 Y71.74 F1500
G1 X76.69 Y71.60 F1500
G1 X76.07 Y70.91 F1500
G1 X75.65 Y70.72 F1500
G1 X74.39 Y71.79 F1500
G1 X73.97 Y71.54 F1500
G1 X73.34 Y70.78 F1500
G1 X72.92 Y70.62 F1500
G1 X71.87 Y72.20 F1500
G1 X71.66 Y72.27 F1500
G1 X70.62 Y70.64 F1500
G1 X70.20 Y70.70 F1500
G1 X69.15 Y71.89 F1500
G1 X68.73 Y71.63 F1500
G1 X67.89 Y70.43 F1500
G1 X67.68 Y70.42 F1500
G1 X67.47 Y70.59 F1500
G1 X66.85 Y71.93 F1500
G1 X66.43 Y72.28 F1500
G1 X65.38 Y70.32 F1500
G1 X65.17 Y70.20 F1500
G1 X64.75 Y70.69 F1500
G1 X64.12 Y72.09 F1500
G1 X63.91 Y72.16 F1500
G1 X63.28 Y71.43 F1500
G1 X62.86 Y70.50 F1500
G1 X62.65 Y70.24 F1500
G1 X62.44 Y70.22 F1500
G1 X61.61 Y71.88 F1500
G1 X61.19 Y72.29 F1500
G1 X59.93 Y70.20 F1500
G1 X59.51 Y70.63 F1500
G1 X58.67 Y72.27 F1500
G1 X58.46 Y72.25 F1500
G1 X57.63 Y70.55 F1500
G1 X57.21 Y70.21 F1500
G1 X56.37 Y71.78 F1500
G1 X55.95 Y71.91 F1500
G1 X55.74 Y72.16 F1500
G1 X55.11 Y70.89 F1500
G1 X54.48 Y70.39 F1500
G1 X53.64 Y71.97 F1500
G1 X53.02 Y71.96 F1500
G1 X52.18 Y70.28 F1500
G1 X51.76 Y70.38 F1500
G1 X51.13 Y71.77 F1500
G1 X50.92 Y72.07 F1500
G1 X50.50 Y72.17 F1500
G1 X49.45 Y70.22 F1500
G1 X49.03 Y70.52 F1500
G1 X48.41 Y71.95 F1500
G1 X47.99 Y72.28 F1500
G1 X47.15 Y70.66 F1500
G1 X46.73 Y70.20 F1500
G1 X46.52 Y70.34 F1500
G1 X45.47 Y72.29 F1500
G1 X45.05 Y71.91 F1500
G1 X44.21 Y70.23 F1500
G1 X44.00 Y70.23 F1500
G1 X43.80 Y70.47 F1500
G1 X43.17 Y71.90 F1500
G1 X42.75 Y72.29 F1500
G1 X41.70 Y70.35 F1500
G1 X41.49 Y70.20 F1500
G1 X41.07 Y70.64 F1500
G1 X40.23 Y72.28 F1500
G1 X39.81 Y71.96 F1500
G1 X39.19 Y70.53 F1500
G1 X38.77 Y70.21 F1500
G1 X37.93 Y71.84 F1500
G1 X37.51 Y72.29 F1500
G1 X37.30 Y72.15 F1500
G1 X36.25 Y70.20 F1500
G1 X36.04 Y70.28 F1500
G1 X35.41 Y71.54 F1500
G1 X34.99 Y71.89 F1500
G1 X33.74 Y70.86 F1500
G1 X32.27 Y71.55 F1500
G1 X31.01 Y70.97 F1500
G1 X29.76 Y71.52 F1500
G1 X29.34 Y71.53 F1500
G1 X28.29 Y70.47 F1500
G1 X28.08 Y70.47 F1500
G1 X27.03 Y72.29 F1500
G1 X26.82 Y72.21 F1500
G1 X26.19 Y71.03 F1500
G1 X25.77 Y70.66 F1500
G1 X24.52 Y71.67 F1500
G1 X24.10 Y71.69 F1500
G1 X23.05 Y70.20 F1500
G1 X22.63 Y70.66 F1500
G1 X21.79 Y72.28 F1500
G1 X21.37 Y71.95 F1500
G1 X20.75 Y70.52 F1500
G1 X20.33 Y70.22 F1500
G1 X19.28 Y72.11 F1500
G1 X19.07 Y72.09 F1500
G1 X18.44 Y71.25 F1500
G1 X15.51 Y71.25 F1500
G1 X15.09 Y70.68 F1500
G1 X14.88 Y70.71 F1500
G1 X14.25 Y71.64 F1500
G1 X13.83 Y71.99 F1500
G1 X13.41 Y71.66 F1500
G1 X12.57 Y70.49 F1500
G1 X12.15 Y70.72 F1500
G1 X11.53 Y71.80 F1500
G1 X11.11 Y72.05 F1500
G1 X9.85 Y70.21 F1500
G1 X9.64 Y70.36 F1500
G1 X9.01 Y71.74 F1500
G1 X8.59 Y72.29 F1500
G1 X8.38 Y72.18 F1500
G1 X7.54 Y70.57 F1500
G1 X7.33 Y70.43 F1500
G1 X6.92 Y70.70 F1500
G1 X6.29 Y71.73 F1500
G1 X5.87 Y71.99 F1500
G1 X5.45 Y71.59 F1500
G1 X4.82 Y70.40 F1500
G1 X4.61 Y70.27 F1500
G1 X4.19 Y70.70 F1500
G1 X3.35 Y72.21 F1500
G1 X2.93 Y71.87 F1500
G1 X2.10 Y70.42 F1500
G1 X1.68 Y70.63 F1500
G1 X0.84 Y71.95 F1500
G1 X0.42 Y71.96 F1500
G1 X0.00 Y71.25 F1500
G1 X0.00 Y71.46 F1500
G1 X0.00 Y71.66 F1500
G1 X0.00 Y71.87 F1500
G1 X0.00 Y72.08 F1500
G1 X0.00 Y72.29 F1500
G1 X0.00 Y72.29 F1500
G1 X0.42 Y72.98 F1500
G1 X0.84 Y73.00 F1500
G1 X1.68 Y71.65 F1500
G1 X1.89 Y71.43 F1500
G1 X2.10 Y71.43 F1500
G1 X2.93 Y72.94 F1500
G1 X3.35 Y73.29 F1500
G1 X4.19 Y71.75 F1500
G1 X4.61 Y71.33 F1500
G1 X5.87 Y73.06 F1500
G1 X6.29 Y72.81 F1500
G1 X6.92 Y71.67 F1500
G1 X7.33 Y71.38 F1500
G1 X7.54 Y71.55 F1500
G1 X8.17 Y72.93 F1500
G1 X8.59 Y73.34 F1500
G1 X9.85 Y71.25 F1500
G1 X10.27 Y71.67 F1500
G1 X11.11 Y73.27 F1500
G1 X11.53 Y72.98 F1500
G1 X12.15 Y71.66 F1500
G1 X12.57 Y71.35 F1500
G1 X13.41 Y72.81 F1500
G1 X13.83 Y73.23 F1500
G1 X14.25 Y72.79 F1500
G1 X14.88 Y71.55 F1500
G1 X15.30 Y71.46 F1500
G1 X15.72 Y72.19 F1500
G1 X16.14 Y72.49 F1500
G1 X18.02 Y71.91 F1500
G1 X18.44 Y72.31 F1500
G1 X19.07 Y73.34 F1500
G1 X19.49 Y72.91 F1500
G1 X20.33 Y71.27 F1500
G1 X20.75 Y71.57 F1500
G1 X21.37 Y73.00 F1500
G1 X21.79 Y73.33 F1500
G1 X22.63 Y71.71 F1500
G1 X23.05 Y71.25 F1500
G1 X23.26 Y71.39 F1500
G1 X23.89 Y72.60 F1500
G1 X24.31 Y72.91 F1500
G1 X25.77 Y71.71 F1500
G1 X26.19 Y72.08 F1500
G1 X26.82 Y73.26 F1500
G1 X27.03 Y73.34 F1500
G1 X28.08 Y71.47 F1500
G1 X28.29 Y71.46 F1500
G1 X29.34 Y72.60 F1500
G1 X29.76 Y72.59 F1500
G1 X31.01 Y72.03 F1500
G1 X32.27 Y72.61 F1500
G1 X33.74 Y71.89 F1500
G1 X34.58 Y72.74 F1500
G1 X34.99 Y72.82 F1500
G1 X35.41 Y72.52 F1500
G1 X36.04 Y71.35 F1500
G1 X36.25 Y71.25 F1500
G1 X37.30 Y73.19 F1500
G1 X37.51 Y73.34 F1500
G1 X37.93 Y72.89 F1500
G1 X38.77 Y71.26 F1500
G1 X39.19 Y71.58 F1500
G1 X39.81 Y73.01 F1500
G1 X40.23 Y73.32 F1500
G1 X41.07 Y71.69 F1500
G1 X41.49 Y71.25 F1500
G1 X41.70 Y71.39 F1500
G1 X42.75 Y73.34 F1500
G1 X43.17 Y72.95 F1500
G1 X43.80 Y71.52 F1500
G1 X44.00 Y71.28 F1500
G1 X44.21 Y71.28 F1500
G1 X45.05 Y72.96 F1500
G1 X45.47 Y73.33 F1500
G1 X46.52 Y71.39 F1500
G1 X46.73 Y71.25 F1500
G1 X47.15 Y71.70 F1500
G1 X47.99 Y73.33 F1500
G1 X48.41 Y73.00 F1500
G1 X49.03 Y71.57 F1500
G1 X49.45 Y71.26 F1500
G1 X50.29 Y72.88 F1500
G1 X50.71 Y73.34 F1500
G1 X50.92 Y73.19 F1500
G1 X51.76 Y71.42 F1500
G1 X51.97 Y71.25 F1500
G1 X52.39 Y71.65 F1500
G1 X52.81 Y72.57 F1500
G1 X53.64 Y73.05 F1500
G1 X54.27 Y71.62 F1500
G1 X54.48 Y71.41 F1500
G1 X54.90 Y71.61 F1500
G1 X55.74 Y73.20 F1500
G1 X55.95 Y73.33 F1500
G1 X56.16 Y73.22 F1500
G1 X57.21 Y71.26 F1500
G1 X57.83 Y72.05 F1500
G1 X58.46 Y73.26 F1500
G1 X58.67 Y73.32 F1500
G1 X59.51 Y71.68 F1500
G1 X59.93 Y71.25 F1500
G1 X61.19 Y73.34 F1500
G1 X61.61 Y72.93 F1500
G1 X62.44 Y71.27 F1500
G1 X62.65 Y71.28 F1500
G1 X62.86 Y71.54 F1500
G1 X63.49 Y72.97 F1500
G1 X63.91 Y73.33 F1500
G1 X64.96 Y71.38 F1500
G1 X65.17 Y71.25 F1500
G1 X65.38 Y71.37 F1500
G1 X66.43 Y73.33 F1500
G1 X66.85 Y72.92 F1500
G1 X67.47 Y71.73 F1500
G1 X67.89 Y71.57 F1500
G1 X68.73 Y72.68 F1500
G1 X69.15 Y72.93 F1500
G1 X69.57 Y72.61 F1500
G1 X70.20 Y71.71 F1500
G1 X70.62 Y71.62 F1500
G1 X71.66 Y73.23 F1500
G1 X72.08 Y72.92 F1500
G1 X72.71 Y71.90 F1500
G1 X73.13 Y71.73 F1500
G1 X73.97 Y72.59 F1500
G1 X74.39 Y72.80 F1500
G1 X75.65 Y71.80 F1500
G1 X76.07 Y71.96 F1500
G1 X76.69 Y72.65 F1500
G1 X77.11 Y72.80 F1500
G1 X77.95 Y71.97 F1500
G1 X78.37 Y71.77 F1500
G1 X79.63 Y72.83 F1500
G1 X80.05 Y72.61 F1500
G1 X80.88 Y71.78 F1500
G1 X81.30 Y71.93 F1500
G1 X81.93 Y72.63 F1500
G1 X82.35 Y72.80 F1500
G1 X83.61 Y71.82 F1500
G1 X84.87 Y72.73 F1500
G1 X86.12 Y71.91 F1500
G1 X86.54 Y72.00 F1500
G1 X87.17 Y72.51 F1500
G1 X87.59 Y72.64 F1500
G1 X88.85 Y71.99 F1500
G1 X90.10 Y72.52 F1500
G1 X91.36 Y72.16 F1500
G1 X92.41 Y72.33 F1500
G1 X99.53 Y72.29 F1500
G1 X99.74 Y71.87 F1500
G1 X100.37 Y72.66 F1500
G1 X100.79 Y72.78 F1500
G1 X101.21 Y72.56 F1500
G1 X101.63 Y71.89 F1500
G1 X102.05 Y71.58 F1500
G1 X103.31 Y72.93 F1500
G1 X103.73 Y72.68 F1500
G1 X104.56 Y71.73 F1500
G1 X104.98 Y71.88 F1500
G1 X105.61 Y72.66 F1500
G1 X106.03 Y72.89 F1500
G1 X107.29 Y71.69 F1500
G1 X107.71 Y71.95 F1500
G1 X108.34 Y72.76 F1500
G1 X108.75 Y72.88 F1500
G1 X109.59 Y71.85 F1500
G1 X110.01 Y71.67 F1500
G1 X110.85 Y72.65 F1500
G1 X111.27 Y72.91 F1500
G1 X112.53 Y71.71 F1500
G1 X112.95 Y71.93 F1500
G1 X113.78 Y72.84 F1500
G1 X114.20 Y72.68 F1500
G1 X114.83 Y72.09 F1500
G1 X115.46 Y72.29 F1500
G1 X117.14 Y72.29 F1500
G1 X118.18 Y71.94 F1500
G1 X119.02 Y73.07 F1500
G1 X119.23 Y73.12 F1500
G1 X120.07 Y71.80 F1500
G1 X120.49 Y71.40 F1500
G1 X120.91 Y71.83 F1500
G1 X121.75 Y73.23 F1500
G1 X122.17 Y72.86 F1500
G1 X122.79 Y71.61 F1500
G1 X123.21 Y71.36 F1500
G1 X124.05 Y72.95 F1500
G1 X124.26 Y73.23 F1500
G1 X124.47 Y73.24 F1500
G1 X125.73 Y71.37 F1500
G1 X126.15 Y71.77 F1500
G1 X126.98 Y73.27 F1500
G1 X127.40 Y72.96 F1500
G1 X128.24 Y71.31 F1500
G1 X128.66 Y71.55 F1500
G1 X129.29 Y72.88 F1500
G1 X129.71 Y73.30 F1500
G1 X129.92 Y73.17 F1500
G1 X130.76 Y71.42 F1500
G1 X130.97 Y71.25 F1500
G1 X131.39 Y71.65 F1500
G1 X132.22 Y73.31 F1500
G1 X132.43 Y73.30 F1500
G1 X132.64 Y73.05 F1500
G1 X133.27 Y71.62 F1500
G1 X133.69 Y71.25 F1500
G1 X134.74 Y73.21 F1500
G1 X134.95 Y73.34 F1500
G1 X135.16 Y73.22 F1500
G1 X136.20 Y71.26 F1500
G1 X136.62 Y71.60 F1500
G1 X137.25 Y73.03 F1500
G1 X137.46 Y73.30 F1500
G1 X137.67 Y73.32 F1500
G1 X138.51 Y71.67 F1500
G1 X138.93 Y71.25 F1500
G1 X140.19 Y73.34 F1500
G1 X140.61 Y72.93 F1500
G1 X141.44 Y71.27 F1500
G1 X141.65 Y71.29 F1500
G1 X141.86 Y71.55 F1500
G1 X142.49 Y72.97 F1500
G1 X142.91 Y73.32 F1500
G1 X143.96 Y71.38 F1500
G1 X144.17 Y71.25 F1500
G1 X145.42 Y73.19 F1500
G1 X145.84 Y72.89 F1500
G1 X146.68 Y71.29 F1500
G1 X146.89 Y71.27 F1500
G1 X147.10 Y71.50 F1500
G1 X147.73 Y72.88 F1500
G1 X148.15 Y73.18 F1500
G1 X148.57 Y72.71 F1500
G1 X149.20 Y71.50 F1500
G1 X149.41 Y71.33 F1500
G1 X149.62 Y71.40 F1500
G1 X150.66 Y73.31 F1500
G1 X150.87 Y73.29 F1500
G1 X151.08 Y73.02 F1500
G1 X151.92 Y71.38 F1500
G1 X152.13 Y71.35 F1500
G1 X152.34 Y71.55 F1500
G1 X152.97 Y72.79 F1500
G1 X153.39 Y73.20 F1500
G1 X153.81 Y72.78 F1500
G1 X154.44 Y71.57 F1500
G1 X154.64 Y71.40 F1500
G1 X154.85 Y71.44 F1500
G1 X155.69 Y72.95 F1500
G1 X156.11 Y73.22 F1500
G1 X156.95 Y71.72 F1500
G1 X157.37 Y71.33 F1500
G1 X158.63 Y73.33 F1500
G1 X159.05 Y72.91 F1500
G1 X159.88 Y71.28 F1500
G1 X160.30 Y71.56 F1500
G1 X160.93 Y72.97 F1500
G1 X161.14 Y73.14 F1500
G1 X162.40 Y71.81 F1500
G1 X162.82 Y71.82 F1500
G1 X163.86 Y72.90 F1500
G1 X164.28 Y72.70 F1500
G1 X164.91 Y71.81 F1500
G1 X165.33 Y71.63 F1500
G1 X166.17 Y72.73 F1500
G1 X166.59 Y72.96 F1500
G1 X167.64 Y71.74 F1500
G1 X167.85 Y71.67 F1500
G1 X169.10 Y72.88 F1500
G1 X169.52 Y72.71 F1500
G1 X170.36 Y71.69 F1500
G1 X170.78 Y71.81 F1500
G1 X171.41 Y72.63 F1500
G1 X171.83 Y72.88 F1500
G1 X173.08 Y71.73 F1500
G1 X173.50 Y71.94 F1500
G1 X174.13 Y72.72 F1500
G1 X174.55 Y72.87 F1500
G1 X175.39 Y71.92 F1500
G1 X175.81 Y71.68 F1500
G1 X177.07 Y72.91 F1500
G1 X177.49 Y72.65 F1500
G1 X178.11 Y71.80 F1500
G1 X178.53 Y71.67 F1500
G1 X179.37 Y72.78 F1500
G1 X180.00 Y73.11 F1500
G1 X180.00 Y73.32 F1500
G1 X180.00 Y73.53 F1500
G1 X180.00 Y73.74 F1500
G1 X180.00 Y73.95 F1500
G1 X180.00 Y74.16 F1500
G1 X180.00 Y74.16 F1500
G1 X179.58 Y74.07 F1500
G1 X178.74 Y72.86 F1500
G1 X178.32 Y72.67 F1500
G1 X177.49 Y73.72 F1500
G1 X177.07 Y73.99 F1500
G1 X175.81 Y72.72 F1500
G1 X175.39 Y72.95 F1500
G1 X174.55 Y73.93 F1500
G1 X174.13 Y73.78 F1500
G1 X173.50 Y72.96 F1500
G1 X173.08 Y72.76 F1500
G1 X171.83 Y73.93 F1500
G1 X170.57 Y72.74 F1500
G1 X170.36 Y72.74 F1500
G1 X169.52 Y73.76 F1500
G1 X169.10 Y73.94 F1500
G1 X167.85 Y72.69 F1500
G1 X166.59 Y74.05 F1500
G1 X166.17 Y73.77 F1500
G1 X165.33 Y72.69 F1500
G1 X164.91 Y72.89 F1500
G1 X164.07 Y73.91 F1500
G1 X163.66 Y73.82 F1500
G1 X163.03 Y73.05 F1500
G1 X162.61 Y72.84 F1500
G1 X162.19 Y73.06 F1500
G1 X161.14 Y74.09 F1500
G1 X160.93 Y73.95 F1500
G1 X160.30 Y72.61 F1500
G1 X160.09 Y72.34 F1500
G1 X159.88 Y72.31 F1500
G1 X159.05 Y73.96 F1500
G1 X158.63 Y74.36 F1500
G1 X157.37 Y72.36 F1500
G1 X157.16 Y72.45 F1500
G1 X156.11 Y74.24 F1500
G1 X155.69 Y73.98 F1500
G1 X154.85 Y72.51 F1500
G1 X154.44 Y72.60 F1500
G1 X153.81 Y73.83 F1500
G1 X153.39 Y74.21 F1500
G1 X152.97 Y73.80 F1500
G1 X152.34 Y72.64 F1500
G1 X151.92 Y72.42 F1500
G1 X151.08 Y74.08 F1500
G1 X150.87 Y74.35 F1500
G1 X150.66 Y74.37 F1500
G1 X149.62 Y72.42 F1500
G1 X149.41 Y72.38 F1500
G1 X149.20 Y72.57 F1500
G1 X148.57 Y73.74 F1500
G1 X148.15 Y74.17 F1500
G1 X147.73 Y73.90 F1500
G1 X147.10 Y72.55 F1500
G1 X146.89 Y72.32 F1500
G1 X146.68 Y72.34 F1500
G1 X145.84 Y73.96 F1500
G1 X145.42 Y74.24 F1500
G1 X144.17 Y72.29 F1500
G1 X143.96 Y72.42 F1500
G1 X142.91 Y74.37 F1500
G1 X142.49 Y74.02 F1500
G1 X141.86 Y72.60 F1500
G1 X141.65 Y72.33 F1500
G1 X141.44 Y72.32 F1500
G1 X140.61 Y73.98 F1500
G1 X140.19 Y74.39 F1500
G1 X138.93 Y72.30 F1500
G1 X138.51 Y72.72 F1500
G1 X137.67 Y74.37 F1500
G1 X137.46 Y74.34 F1500
G1 X137.25 Y74.07 F1500
G1 X136.62 Y72.65 F1500
G1 X136.20 Y72.31 F1500
G1 X135.16 Y74.27 F1500
G1 X134.95 Y74.39 F1500
G1 X134.74 Y74.25 F1500
G1 X133.69 Y72.30 F1500
G1 X133.27 Y72.67 F1500
G1 X132.64 Y74.09 F1500
G1 X132.43 Y74.35 F1500
G1 X132.22 Y74.36 F1500
G1 X131.39 Y72.70 F1500
G1 X130.97 Y72.30 F1500
G1 X129.71 Y74.39 F1500
G1 X129.50 Y74.29 F1500
G1 X128.45 Y72.35 F1500
G1 X128.03 Y72.69 F1500
G1 X127.19 Y74.30 F1500
G1 X126.98 Y74.35 F1500
G1 X125.94 Y72.45 F1500
G1 X125.73 Y72.35 F1500
G1 X125.52 Y72.50 F1500
G1 X124.47 Y74.26 F1500
G1 X124.05 Y73.93 F1500
G1 X123.42 Y72.62 F1500
G1 X123.00 Y72.32 F1500
G1 X122.17 Y73.94 F1500
G1 X121.75 Y74.29 F1500
G1 X120.49 Y72.36 F1500
G1 X120.28 Y72.46 F1500
G1 X119.23 Y74.21 F1500
G1 X118.81 Y73.92 F1500
G1 X118.18 Y72.86 F1500
G1 X117.97 Y72.75 F1500
G1 X116.93 Y73.41 F1500
G1 X114.62 Y73.28 F1500
G1 X114.20 Y73.74 F1500
G1 X113.78 Y73.91 F1500
G1 X112.74 Y72.79 F1500
G1 X112.32 Y72.90 F1500
G1 X111.69 Y73.61 F1500
G1 X111.27 Y73.84 F1500
G1 X110.85 Y73.65 F1500
G1 X110.22 Y72.86 F1500
G1 X109.80 Y72.75 F1500
G1 X108.96 Y73.78 F1500
G1 X108.54 Y73.96 F1500
G1 X107.29 Y72.66 F1500
G1 X106.03 Y74.09 F1500
G1 X105.61 Y73.81 F1500
G1 X104.98 Y72.77 F1500
G1 X104.56 Y72.55 F1500
G1 X103.73 Y73.90 F1500
G1 X103.31 Y74.28 F1500
G1 X102.89 Y73.77 F1500
G1 X102.26 Y72.48 F1500
G1 X102.05 Y72.35 F1500
G1 X101.63 Y72.78 F1500
G1 X101.00 Y74.02 F1500
G1 X100.79 Y74.06 F1500
G1 X99.95 Y73.34 F1500
G1 X92.41 Y73.37 F1500
G1 X91.36 Y73.15 F1500
G1 X90.10 Y73.61 F1500
G1 X88.85 Y73.03 F1500
G1 X87.59 Y73.70 F1500
G1 X87.17 Y73.57 F1500
G1 X86.33 Y72.96 F1500
G1 X85.91 Y73.05 F1500
G1 X85.29 Y73.62 F1500
G1 X84.87 Y73.80 F1500
G1 X83.61 Y72.86 F1500
G1 X82.35 Y73.84 F1500
G1 X81.93 Y73.68 F1500
G1 X81.30 Y72.98 F1500
G1 X80.88 Y72.83 F1500
G1 X80.05 Y73.66 F1500
G1 X79.63 Y73.87 F1500
G1 X78.37 Y72.83 F1500
G1 X77.95 Y73.03 F1500
G1 X77.11 Y73.82 F1500
G1 X76.69 Y73.68 F1500
G1 X76.07 Y73.02 F1500
G1 X75.65 Y72.85 F1500
G1 X74.39 Y73.85 F1500
G1 X73.13 Y72.80 F1500
G1 X72.71 Y72.98 F1500
G1 X71.87 Y74.10 F1500
G1 X71.66 Y74.16 F1500
G1 X71.25 Y73.70 F1500
G1 X70.62 Y72.41 F1500
G1 X70.20 Y72.72 F1500
G1 X69.57 Y73.68 F1500
G1 X69.15 Y74.01 F1500
G1 X68.73 Y73.73 F1500
G1 X68.10 Y72.79 F1500
G1 X67.68 Y72.64 F1500
G1 X66.64 Y74.20 F1500
G1 X66.43 Y74.28 F1500
G1 X66.01 Y73.76 F1500
G1 X65.38 Y72.42 F1500
G1 X65.17 Y72.29 F1500
G1 X64.96 Y72.43 F1500
G1 X63.91 Y74.38 F1500
G1 X63.49 Y74.02 F1500
G1 X62.86 Y72.59 F1500
G1 X62.65 Y72.33 F1500
G1 X62.44 Y72.32 F1500
G1 X61.61 Y73.98 F1500
G1 X61.19 Y74.39 F1500
G1 X59.93 Y72.30 F1500
G1 X59.51 Y72.73 F1500
G1 X58.88 Y74.13 F1500
G1 X58.25 Y73.83 F1500
G1 X57.21 Y72.31 F1500
G1 X56.37 Y73.92 F1500
G1 X55.95 Y74.39 F1500
G1 X55.74 Y74.25 F1500
G1 X54.69 Y72.30 F1500
G1 X54.27 Y72.67 F1500
G1 X53.64 Y74.10 F1500
G1 X53.43 Y74.35 F1500
G1 X53.22 Y74.36 F1500
G1 X52.39 Y72.70 F1500
G1 X52.18 Y72.59 F1500
G1 X51.55 Y72.86 F1500
G1 X50.92 Y74.24 F1500
G1 X50.71 Y74.39 F1500
G1 X50.50 Y74.28 F1500
G1 X49.87 Y72.95 F1500
G1 X49.45 Y72.39 F1500
G1 X49.24 Y72.34 F1500
G1 X48.41 Y74.05 F1500
G1 X47.99 Y74.37 F1500
G1 X47.15 Y72.75 F1500
G1 X46.73 Y72.29 F1500
G1 X46.52 Y72.44 F1500
G1 X45.47 Y74.38 F1500
G1 X45.05 Y74.00 F1500
G1 X44.21 Y72.33 F1500
G1 X44.00 Y72.32 F1500
G1 X43.80 Y72.57 F1500
G1 X43.17 Y73.99 F1500
G1 X42.75 Y74.38 F1500
G1 X41.70 Y72.44 F1500
G1 X41.49 Y72.29 F1500
G1 X41.07 Y72.74 F1500
G1 X40.23 Y74.37 F1500
G1 X39.81 Y74.06 F1500
G1 X39.19 Y72.63 F1500
G1 X38.77 Y72.31 F1500
G1 X37.93 Y73.94 F1500
G1 X37.51 Y74.39 F1500
G1 X37.30 Y74.24 F1500
G1 X36.46 Y72.48 F1500
G1 X36.25 Y72.32 F1500
G1 X35.83 Y72.69 F1500
G1 X35.41 Y73.56 F1500
G1 X34.78 Y74.03 F1500
G1 X33.95 Y73.03 F1500
G1 X33.53 Y72.93 F1500
G1 X32.27 Y73.64 F1500
G1 X31.01 Y73.05 F1500
G1 X30.59 Y73.14 F1500
G1 X29.76 Y73.67 F1500
G1 X29.34 Y73.68 F1500
G1 X28.29 Y72.49 F1500
G1 X28.08 Y72.52 F1500
G1 X27.03 Y74.38 F1500
G1 X26.82 Y74.26 F1500
G1 X26.19 Y73.13 F1500
G1 X25.77 Y72.81 F1500
G1 X25.36 Y73.00 F1500
G1 X24.52 Y73.84 F1500
G1 X24.10 Y73.94 F1500
G1 X23.26 Y72.43 F1500
G1 X23.05 Y72.29 F1500
G1 X22.63 Y72.76 F1500
G1 X21.79 Y74.37 F1500
G1 X21.37 Y74.04 F1500
G1 X20.75 Y72.62 F1500
G1 X20.33 Y72.31 F1500
G1 X19.49 Y73.95 F1500
G1 X19.07 Y74.39 F1500
G1 X17.81 Y72.30 F1500
G1 X17.39 Y72.70 F1500
G1 X16.55 Y74.36 F1500
G1 X16.34 Y74.35 F1500
G1 X16.14 Y74.09 F1500
G1 X15.51 Y72.67 F1500
G1 X15.09 Y72.30 F1500
G1 X14.04 Y74.25 F1500
G1 X13.83 Y74.39 F1500
G1 X13.62 Y74.27 F1500
G1 X12.57 Y72.31 F1500
G1 X12.15 Y72.65 F1500
G1 X11.53 Y74.07 F1500
G1 X11.32 Y74.34 F1500
G1 X11.11 Y74.37 F1500
G1 X10.27 Y72.72 F1500
G1 X9.85 Y72.30 F1500
G1 X8.59 Y74.39 F1500
G1 X8.17 Y73.98 F1500
G1 X7.33 Y72.32 F1500
G1 X6.92 Y72.66 F1500
G1 X6.08 Y74.16 F1500
G1 X5.66 Y73.99 F1500
G1 X4.82 Y72.51 F1500
G1 X4.61 Y72.39 F1500
G1 X4.19 Y72.80 F1500
G1 X3.35 Y74.33 F1500
G1 X2.93 Y73.99 F1500
G1 X2.10 Y72.47 F1500
G1 X1.89 Y72.47 F1500
G1 X1.68 Y72.70 F1500
G1 X0.84 Y74.04 F1500
G1 X0.42 Y74.03 F1500
G1 X0.00 Y73.34 F1500
G1 X0.00 Y73.55 F1500
G1 X0.00 Y73.76 F1500
G1 X0.00 Y73.97 F1500
G1 X0.00 Y74.18 F1500
G1 X0.00 Y74.39 F1500
G1 X0.00 Y74.39 F1500
G1 X0.42 Y75.05 F1500
G1 X0.84 Y75.08 F1500
G1 X1.68 Y73.77 F1500
G1 X2.10 Y73.56 F1500
G1 X2.93 Y75.05 F1500
G1 X3.35 Y75.38 F1500
G1 X4.40 Y73.53 F1500
G1 X4.61 Y73.44 F1500
G1 X4.82 Y73.57 F1500
G1 X5.87 Y75.28 F1500
G1 X6.29 Y74.99 F1500
G1 X6.92 Y73.64 F1500
G1 X7.12 Y73.38 F1500
G1 X7.33 Y73.37 F1500
G1 X8.17 Y75.02 F1500
G1 X8.59 Y75.43 F1500
G1 X9.85 Y73.34 F1500
G1 X10.27 Y73.77 F1500
G1 X11.11 Y75.41 F1500
G1 X11.32 Y75.39 F1500
G1 X11.53 Y75.12 F1500
G1 X12.15 Y73.69 F1500
G1 X12.57 Y73.35 F1500
G1 X13.62 Y75.31 F1500
G1 X13.83 Y75.44 F1500
G1 X14.04 Y75.30 F1500
G1 X15.09 Y73.35 F1500
G1 X15.51 Y73.71 F1500
G1 X16.34 Y75.39 F1500
G1 X16.55 Y75.37 F1500
G1 X16.76 Y75.12 F1500
G1 X17.39 Y73.79 F1500
G1 X17.81 Y73.41 F1500
G1 X19.07 Y75.44 F1500
G1 X19.49 Y75.00 F1500
G1 X20.33 Y73.36 F1500
G1 X20.75 Y73.66 F1500
G1 X21.37 Y75.09 F1500
G1 X21.79 Y75.42 F1500
G1 X22.63 Y73.80 F1500
G1 X23.05 Y73.34 F1500
G1 X23.26 Y73.48 F1500
G1 X24.10 Y75.06 F1500
G1 X24.52 Y74.95 F1500
G1 X25.36 Y74.10 F1500
G1 X25.77 Y74.00 F1500
G1 X26.19 Y74.19 F1500
G1 X27.03 Y75.43 F1500
G1 X28.08 Y73.54 F1500
G1 X28.29 Y73.50 F1500
G1 X29.34 Y74.73 F1500
G1 X29.76 Y74.73 F1500
G1 X30.59 Y74.18 F1500
G1 X31.01 Y74.09 F1500
G1 X32.27 Y74.69 F1500
G1 X33.74 Y74.01 F1500
G1 X34.99 Y75.10 F1500
G1 X35.20 Y74.97 F1500
G1 X36.04 Y73.42 F1500
G1 X36.25 Y73.35 F1500
G1 X37.30 Y75.29 F1500
G1 X37.51 Y75.44 F1500
G1 X37.93 Y74.99 F1500
G1 X38.77 Y73.36 F1500
G1 X39.19 Y73.68 F1500
G1 X39.81 Y75.10 F1500
G1 X40.23 Y75.42 F1500
G1 X41.07 Y73.79 F1500
G1 X41.49 Y73.34 F1500
G1 X41.70 Y73.49 F1500
G1 X42.75 Y75.43 F1500
G1 X43.17 Y75.04 F1500
G1 X43.80 Y73.62 F1500
G1 X44.00 Y73.37 F1500
G1 X44.21 Y73.38 F1500
G1 X45.05 Y75.05 F1500
G1 X45.47 Y75.43 F1500
G1 X46.52 Y73.48 F1500
G1 X46.73 Y73.34 F1500
G1 X47.15 Y73.80 F1500
G1 X47.99 Y75.42 F1500
G1 X48.41 Y75.09 F1500
G1 X49.03 Y73.67 F1500
G1 X49.45 Y73.36 F1500
G1 X50.50 Y75.30 F1500
G1 X50.71 Y75.40 F1500
G1 X50.92 Y75.28 F1500
G1 X51.55 Y73.92 F1500
G1 X51.97 Y73.55 F1500
G1 X52.18 Y73.63 F1500
G1 X53.22 Y75.41 F1500
G1 X53.43 Y75.40 F1500
G1 X53.64 Y75.14 F1500
G1 X54.27 Y73.72 F1500
G1 X54.69 Y73.35 F1500
G1 X55.53 Y74.94 F1500
G1 X55.95 Y75.44 F1500
G1 X56.37 Y74.97 F1500
G1 X57.00 Y73.56 F1500
G1 X57.42 Y73.54 F1500
G1 X57.63 Y73.69 F1500
G1 X58.46 Y75.39 F1500
G1 X58.67 Y75.42 F1500
G1 X59.51 Y73.77 F1500
G1 X59.93 Y73.34 F1500
G1 X61.19 Y75.43 F1500
G1 X61.61 Y75.03 F1500
G1 X62.44 Y73.37 F1500
G1 X62.65 Y73.38 F1500
G1 X62.86 Y73.64 F1500
G1 X63.49 Y75.07 F1500
G1 X63.91 Y75.43 F1500
G1 X64.96 Y73.47 F1500
G1 X65.17 Y73.34 F1500
G1 X65.38 Y73.46 F1500
G1 X66.01 Y74.76 F1500
G1 X66.43 Y75.23 F1500
G1 X66.64 Y75.17 F1500
G1 X67.68 Y73.70 F1500
G1 X68.10 Y73.85 F1500
G1 X68.73 Y74.81 F1500
G1 X69.15 Y75.12 F1500
G1 X69.57 Y74.76 F1500
G1 X70.41 Y73.34 F1500
G1 X70.83 Y73.76 F1500
G1 X71.46 Y75.00 F1500
G1 X71.66 Y75.06 F1500
G1 X72.71 Y74.03 F1500
G1 X73.13 Y73.84 F1500
G1 X74.39 Y74.91 F1500
G1 X75.65 Y73.90 F1500
G1 X76.07 Y74.07 F1500
G1 X76.69 Y74.73 F1500
G1 X77.11 Y74.86 F1500
G1 X77.95 Y74.09 F1500
G1 X78.37 Y73.90 F1500
G1 X79.63 Y74.90 F1500
G1 X80.05 Y74.69 F1500
G1 X80.88 Y73.87 F1500
G1 X81.09 Y73.88 F1500
G1 X81.93 Y74.74 F1500
G1 X82.35 Y74.90 F1500
G1 X83.61 Y73.89 F1500
G1 X84.87 Y74.87 F1500
G1 X86.12 Y73.99 F1500
G1 X86.54 Y74.08 F1500
G1 X87.17 Y74.62 F1500
G1 X87.59 Y74.77 F1500
G1 X88.85 Y74.05 F1500
G1 X90.10 Y74.65 F1500
G1 X91.36 Y74.16 F1500
G1 X92.62 Y74.50 F1500
G1 X93.67 Y74.37 F1500
G1 X100.16 Y74.39 F1500
G1 X100.58 Y75.17 F1500
G1 X100.79 Y75.29 F1500
G1 X101.21 Y74.79 F1500
G1 X101.84 Y73.49 F1500
G1 X102.05 Y73.37 F1500
G1 X102.26 Y73.49 F1500
G1 X103.31 Y75.43 F1500
G1 X103.73 Y75.05 F1500
G1 X104.35 Y73.63 F1500
G1 X104.56 Y73.38 F1500
G1 X104.77 Y73.37 F1500
G1 X105.61 Y75.04 F1500
G1 X106.03 Y75.41 F1500
G1 X107.08 Y73.56 F1500
G1 X107.29 Y73.43 F1500
G1 X107.71 Y73.83 F1500
G1 X108.54 Y75.31 F1500
G1 X108.96 Y75.00 F1500
G1 X109.80 Y73.67 F1500
G1 X110.22 Y73.86 F1500
G1 X111.06 Y74.83 F1500
G1 X111.48 Y74.81 F1500
G1 X112.53 Y73.86 F1500
G1 X112.95 Y74.06 F1500
G1 X113.78 Y74.95 F1500
G1 X114.62 Y74.37 F1500
G1 X116.30 Y74.40 F1500
G1 X116.93 Y74.61 F1500
G1 X117.76 Y73.65 F1500
G1 X117.97 Y73.60 F1500
G1 X118.81 Y75.08 F1500
G1 X119.02 Y75.37 F1500
G1 X119.23 Y75.41 F1500
G1 X120.07 Y73.80 F1500
G1 X120.49 Y73.38 F1500
G1 X121.75 Y75.39 F1500
G1 X122.17 Y75.04 F1500
G1 X123.00 Y73.46 F1500
G1 X123.42 Y73.73 F1500
G1 X124.05 Y74.96 F1500
G1 X124.47 Y75.34 F1500
G1 X125.73 Y73.39 F1500
G1 X125.94 Y73.49 F1500
G1 X126.78 Y75.15 F1500
G1 X126.98 Y75.30 F1500
G1 X127.40 Y75.01 F1500
G1 X128.03 Y73.70 F1500
G1 X128.45 Y73.41 F1500
G1 X129.29 Y75.00 F1500
G1 X129.71 Y75.44 F1500
G1 X130.97 Y73.35 F1500
G1 X131.39 Y73.75 F1500
G1 X132.22 Y75.41 F1500
G1 X132.43 Y75.40 F1500
G1 X132.64 Y75.14 F1500
G1 X133.27 Y73.71 F1500
G1 X133.69 Y73.35 F1500
G1 X134.74 Y75.30 F1500
G1 X134.95 Y75.37 F1500
G1 X135.37 Y74.90 F1500
G1 X136.20 Y73.35 F1500
G1 X136.62 Y73.69 F1500
G1 X137.25 Y75.12 F1500
G1 X137.46 Y75.39 F1500
G1 X137.67 Y75.41 F1500
G1 X138.51 Y73.77 F1500
G1 X138.93 Y73.34 F1500
G1 X140.19 Y75.43 F1500
G1 X140.61 Y75.02 F1500
G1 X141.44 Y73.37 F1500
G1 X141.65 Y73.38 F1500
G1 X141.86 Y73.64 F1500
G1 X142.49 Y75.07 F1500
G1 X142.91 Y75.43 F1500
G1 X143.96 Y73.48 F1500
G1 X144.17 Y73.36 F1500
G1 X144.38 Y73.50 F1500
G1 X145.42 Y75.36 F1500
G1 X145.84 Y75.02 F1500
G1 X146.47 Y73.65 F1500
G1 X146.68 Y73.38 F1500
G1 X146.89 Y73.36 F1500
G1 X147.73 Y74.96 F1500
G1 X148.15 Y75.27 F1500
G1 X148.57 Y74.81 F1500
G1 X149.20 Y73.58 F1500
G1 X149.41 Y73.40 F1500
G1 X149.62 Y73.44 F1500
G1 X150.66 Y75.41 F1500
G1 X150.87 Y75.39 F1500
G1 X151.08 Y75.13 F1500
G1 X151.92 Y73.51 F1500
G1 X152.34 Y73.72 F1500
G1 X153.18 Y75.18 F1500
G1 X153.39 Y75.30 F1500
G1 X153.60 Y75.21 F1500
G1 X154.44 Y73.66 F1500
G1 X154.64 Y73.49 F1500
G1 X154.85 Y73.56 F1500
G1 X155.69 Y75.04 F1500
G1 X156.11 Y75.28 F1500
G1 X156.95 Y73.82 F1500
G1 X157.37 Y73.45 F1500
G1 X158.63 Y75.34 F1500
G1 X159.05 Y74.98 F1500
G1 X159.88 Y73.36 F1500
G1 X160.09 Y73.39 F1500
G1 X160.30 Y73.66 F1500
G1 X160.93 Y74.98 F1500
G1 X161.14 Y75.09 F1500
G1 X162.61 Y73.90 F1500
G1 X163.03 Y74.12 F1500
G1 X163.66 Y74.81 F1500
G1 X164.07 Y74.89 F1500
G1 X165.12 Y73.81 F1500
G1 X165.54 Y73.95 F1500
G1 X166.17 Y74.75 F1500
G1 X166.59 Y74.97 F1500
G1 X167.85 Y73.81 F1500
G1 X169.10 Y74.93 F1500
G1 X169.52 Y74.77 F1500
G1 X170.15 Y74.01 F1500
G1 X170.57 Y73.82 F1500
G1 X171.83 Y74.96 F1500
G1 X173.08 Y73.79 F1500
G1 X173.50 Y74.00 F1500
G1 X174.13 Y74.84 F1500
G1 X174.55 Y75.00 F1500
G1 X175.39 Y73.99 F1500
G1 X175.81 Y73.77 F1500
G1 X177.07 Y75.05 F1500
G1 X177.49 Y74.78 F1500
G1 X178.32 Y73.71 F1500
G1 X178.74 Y73.90 F1500
G1 X179.58 Y75.09 F1500
G1 X180.00 Y75.21 F1500
G1 X180.00 Y75.42 F1500
G1 X180.00 Y75.63 F1500
G1 X180.00 Y75.84 F1500
G1 X180.00 Y76.05 F1500
G1 X180.00 Y76.26 F1500
G1 X180.00 Y76.26 F1500
G1 X179.37 Y75.96 F1500
G1 X178.74 Y74.93 F1500
G1 X178.32 Y74.74 F1500
G1 X177.49 Y75.84 F1500
G1 X177.07 Y76.16 F1500
G1 X175.81 Y74.77 F1500
G1 X175.39 Y75.03 F1500
G1 X174.55 Y76.06 F1500
G1 X174.13 Y75.89 F1500
G1 X173.50 Y75.06 F1500
G1 X173.08 Y74.87 F1500
G1 X171.83 Y76.00 F1500
G1 X170.57 Y74.90 F1500
G1 X170.15 Y75.07 F1500
G1 X169.52 Y75.81 F1500
G1 X169.10 Y75.97 F1500
G1 X168.27 Y75.11 F1500
G1 X167.85 Y74.89 F1500
G1 X166.59 Y75.98 F1500
G1 X166.17 Y75.78 F1500
G1 X165.33 Y74.88 F1500
G1 X164.91 Y75.04 F1500
G1 X164.28 Y75.79 F1500
G1 X163.86 Y75.96 F1500
G1 X162.61 Y74.94 F1500
G1 X161.14 Y76.11 F1500
G1 X160.93 Y76.00 F1500
G1 X160.30 Y74.71 F1500
G1 X160.09 Y74.43 F1500
G1 X159.88 Y74.41 F1500
G1 X159.05 Y76.01 F1500
G1 X158.63 Y76.34 F1500
G1 X157.37 Y74.50 F1500
G1 X156.95 Y74.86 F1500
G1 X156.11 Y76.33 F1500
G1 X155.69 Y76.09 F1500
G1 X155.06 Y74.84 F1500
G1 X154.64 Y74.52 F1500
G1 X153.60 Y76.22 F1500
G1 X153.39 Y76.33 F1500
G1 X152.97 Y75.90 F1500
G1 X152.34 Y74.77 F1500
G1 X151.92 Y74.61 F1500
G1 X151.08 Y76.18 F1500
G1 X150.87 Y76.44 F1500
G1 X150.66 Y76.46 F1500
G1 X149.83 Y74.81 F1500
G1 X149.41 Y74.39 F1500
G1 X149.20 Y74.56 F1500
G1 X148.57 Y75.89 F1500
G1 X148.15 Y76.31 F1500
G1 X147.73 Y75.98 F1500
G1 X147.10 Y74.64 F1500
G1 X146.89 Y74.41 F1500
G1 X146.68 Y74.43 F1500
G1 X145.84 Y76.11 F1500
G1 X145.42 Y76.44 F1500
G1 X144.38 Y74.55 F1500
G1 X144.17 Y74.42 F1500
G1 X143.75 Y74.88 F1500
G1 X142.91 Y76.47 F1500
G1 X142.49 Y76.12 F1500
G1 X141.86 Y74.69 F1500
G1 X141.65 Y74.43 F1500
G1 X141.44 Y74.41 F1500
G1 X140.61 Y76.07 F1500
G1 X140.19 Y76.48 F1500
G1 X138.93 Y74.39 F1500
G1 X138.51 Y74.82 F1500
G1 X137.67 Y76.46 F1500
G1 X137.46 Y76.44 F1500
G1 X137.25 Y76.17 F1500
G1 X136.62 Y74.74 F1500
G1 X136.20 Y74.40 F1500
G1 X135.37 Y75.88 F1500
G1 X134.95 Y76.19 F1500
G1 X134.53 Y75.88 F1500
G1 X133.90 Y74.59 F1500
G1 X133.69 Y74.40 F1500
G1 X133.48 Y74.46 F1500
G1 X132.64 Y76.19 F1500
G1 X132.43 Y76.45 F1500
G1 X132.22 Y76.46 F1500
G1 X131.39 Y74.79 F1500
G1 X130.97 Y74.39 F1500
G1 X129.71 Y76.48 F1500
G1 X129.29 Y76.05 F1500
G1 X128.45 Y74.41 F1500
G1 X128.03 Y74.74 F1500
G1 X127.40 Y76.07 F1500
G1 X126.98 Y76.34 F1500
G1 X125.94 Y74.53 F1500
G1 X125.73 Y74.41 F1500
G1 X125.52 Y74.54 F1500
G1 X124.47 Y76.44 F1500
G1 X124.05 Y76.07 F1500
G1 X123.21 Y74.53 F1500
G1 X122.79 Y74.76 F1500
G1 X122.17 Y76.02 F1500
G1 X121.75 Y76.46 F1500
G1 X121.54 Y76.30 F1500
G1 X120.70 Y74.55 F1500
G1 X120.49 Y74.40 F1500
G1 X120.07 Y74.84 F1500
G1 X119.23 Y76.47 F1500
G1 X118.81 Y76.16 F1500
G1 X117.97 Y74.46 F1500
G1 X117.76 Y74.47 F1500
G1 X117.56 Y74.70 F1500
G1 X117.14 Y75.52 F1500
G1 X116.72 Y75.92 F1500
G1 X115.88 Y75.44 F1500
G1 X114.41 Y75.46 F1500
G1 X113.99 Y75.75 F1500
G1 X113.57 Y75.78 F1500
G1 X113.15 Y75.37 F1500
G1 X112.74 Y75.28 F1500
G1 X111.90 Y75.44 F1500
G1 X111.27 Y76.27 F1500
G1 X110.85 Y75.97 F1500
G1 X110.22 Y74.62 F1500
G1 X110.01 Y74.41 F1500
G1 X109.80 Y74.44 F1500
G1 X108.96 Y76.15 F1500
G1 X108.54 Y76.47 F1500
G1 X107.71 Y74.84 F1500
G1 X107.29 Y74.39 F1500
G1 X107.08 Y74.54 F1500
G1 X106.03 Y76.48 F1500
G1 X105.61 Y76.09 F1500
G1 X104.77 Y74.43 F1500
G1 X104.35 Y74.71 F1500
G1 X103.73 Y76.06 F1500
G1 X103.31 Y76.40 F1500
G1 X102.26 Y74.61 F1500
G1 X102.05 Y74.48 F1500
G1 X101.63 Y74.89 F1500
G1 X101.00 Y76.22 F1500
G1 X100.79 Y76.20 F1500
G1 X100.58 Y75.50 F1500
G1 X100.37 Y75.44 F1500
G1 X93.67 Y75.39 F1500
G1 X92.62 Y75.57 F1500
G1 X91.36 Y75.20 F1500
G1 X90.10 Y75.73 F1500
G1 X88.85 Y75.08 F1500
G1 X87.80 Y75.75 F1500
G1 X87.38 Y75.82 F1500
G1 X86.33 Y75.02 F1500
G1 X85.91 Y75.13 F1500
G1 X85.29 Y75.74 F1500
G1 X84.87 Y75.93 F1500
G1 X83.61 Y74.93 F1500
G1 X82.35 Y75.96 F1500
G1 X81.93 Y75.79 F1500
G1 X81.09 Y74.93 F1500
G1 X80.68 Y75.05 F1500
G1 X80.05 Y75.73 F1500
G1 X79.63 Y75.93 F1500
G1 X78.37 Y74.95 F1500
G1 X77.11 Y75.90 F1500
G1 X76.69 Y75.78 F1500
G1 X76.07 Y75.10 F1500
G1 X75.65 Y74.94 F1500
G1 X74.39 Y75.95 F1500
G1 X73.13 Y74.90 F1500
G1 X72.71 Y75.08 F1500
G1 X72.08 Y75.83 F1500
G1 X71.66 Y76.00 F1500
G1 X71.25 Y75.67 F1500
G1 X70.41 Y74.44 F1500
G1 X70.20 Y74.56 F1500
G1 X69.36 Y76.32 F1500
G1 X69.15 Y76.40 F1500
G1 X67.89 Y74.72 F1500
G1 X67.47 Y74.94 F1500
G1 X66.85 Y75.95 F1500
G1 X66.43 Y76.14 F1500
G1 X66.22 Y76.06 F1500
G1 X65.17 Y74.49 F1500
G1 X64.75 Y74.88 F1500
G1 X63.91 Y76.48 F1500
G1 X63.49 Y76.11 F1500
G1 X62.86 Y74.69 F1500
G1 X62.65 Y74.43 F1500
G1 X62.44 Y74.42 F1500
G1 X61.61 Y76.07 F1500
G1 X61.19 Y76.48 F1500
G1 X59.93 Y74.39 F1500
G1 X59.51 Y74.82 F1500
G1 X58.67 Y76.46 F1500
G1 X58.25 Y76.17 F1500
G1 X57.63 Y74.74 F1500
G1 X57.21 Y74.40 F1500
G1 X56.16 Y76.36 F1500
G1 X55.95 Y76.37 F1500
G1 X55.53 Y75.99 F1500
G1 X54.90 Y74.60 F1500
G1 X54.69 Y74.49 F1500
G1 X54.48 Y74.46 F1500
G1 X53.85 Y75.71 F1500
G1 X53.43 Y76.19 F1500
G1 X53.02 Y76.05 F1500
G1 X52.18 Y74.47 F1500
G1 X51.97 Y74.39 F1500
G1 X50.92 Y76.33 F1500
G1 X50.71 Y76.48 F1500
G1 X50.29 Y76.04 F1500
G1 X49.45 Y74.41 F1500
G1 X49.03 Y74.71 F1500
G1 X48.41 Y76.14 F1500
G1 X47.99 Y76.47 F1500
G1 X47.15 Y74.85 F1500
G1 X46.73 Y74.39 F1500
G1 X46.52 Y74.53 F1500
G1 X45.47 Y76.48 F1500
G1 X45.05 Y76.10 F1500
G1 X44.21 Y74.42 F1500
G1 X44.00 Y74.42 F1500
G1 X43.80 Y74.67 F1500
G1 X43.17 Y76.09 F1500
G1 X42.75 Y76.48 F1500
G1 X41.70 Y74.54 F1500
G1 X41.49 Y74.39 F1500
G1 X41.07 Y74.84 F1500
G1 X40.23 Y76.47 F1500
G1 X39.81 Y76.15 F1500
G1 X39.19 Y74.72 F1500
G1 X38.77 Y74.41 F1500
G1 X37.93 Y76.03 F1500
G1 X37.51 Y76.48 F1500
G1 X37.30 Y76.34 F1500
G1 X36.25 Y74.39 F1500
G1 X35.83 Y74.78 F1500
G1 X35.20 Y76.12 F1500
G1 X34.99 Y76.15 F1500
G1 X33.74 Y75.07 F1500
G1 X32.27 Y75.74 F1500
G1 X31.01 Y75.14 F1500
G1 X30.59 Y75.23 F1500
G1 X29.76 Y75.80 F1500
G1 X29.34 Y75.79 F1500
G1 X28.29 Y74.53 F1500
G1 X28.08 Y74.57 F1500
G1 X27.87 Y74.91 F1500
G1 X27.24 Y76.27 F1500
G1 X27.03 Y76.32 F1500
G1 X26.19 Y75.25 F1500
G1 X25.77 Y75.05 F1500
G1 X25.36 Y75.16 F1500
G1 X24.10 Y76.14 F1500
G1 X23.26 Y74.53 F1500
G1 X23.05 Y74.39 F1500
G1 X22.63 Y74.85 F1500
G1 X21.79 Y76.47 F1500
G1 X21.37 Y76.14 F1500
G1 X20.75 Y74.71 F1500
G1 X20.33 Y74.41 F1500
G1 X19.49 Y76.05 F1500
G1 X19.07 Y76.45 F1500
G1 X18.23 Y75.05 F1500
G1 X17.81 Y74.67 F1500
G1 X17.39 Y74.98 F1500
G1 X16.55 Y76.30 F1500
G1 X16.34 Y76.35 F1500
G1 X15.51 Y74.76 F1500
G1 X15.09 Y74.40 F1500
G1 X14.04 Y76.35 F1500
G1 X13.83 Y76.48 F1500
G1 X13.62 Y76.36 F1500
G1 X12.57 Y74.40 F1500
G1 X12.15 Y74.74 F1500
G1 X11.53 Y76.17 F1500
G1 X11.32 Y76.44 F1500
G1 X11.11 Y76.46 F1500
G1 X10.27 Y74.82 F1500
G1 X9.85 Y74.39 F1500
G1 X8.59 Y76.48 F1500
G1 X8.17 Y76.07 F1500
G1 X7.33 Y74.41 F1500
G1 X7.12 Y74.43 F1500
G1 X6.92 Y74.69 F1500
G1 X6.29 Y76.09 F1500
G1 X5.87 Y76.37 F1500
G1 X4.82 Y74.65 F1500
G1 X4.61 Y74.53 F1500
G1 X4.19 Y74.94 F1500
G1 X3.35 Y76.44 F1500
G1 X2.93 Y76.10 F1500
G1 X2.10 Y74.59 F1500
G1 X1.68 Y74.83 F1500
G1 X0.84 Y76.12 F1500
G1 X0.42 Y76.10 F1500
G1 X0.00 Y75.44 F1500
G1 X0.00 Y75.65 F1500
G1 X0.00 Y75.86 F1500
G1 X0.00 Y76.07 F1500
G1 X0.00 Y76.27 F1500
G1 X0.00 Y76.48 F1500
G1 X0.00 Y76.48 F1500
G1 X0.42 Y77.16 F1500
G1 X0.84 Y77.16 F1500
G1 X1.68 Y75.86 F1500
G1 X2.10 Y75.61 F1500
G1 X2.93 Y77.14 F1500
G1 X3.35 Y77.46 F1500
G1 X4.19 Y75.96 F1500
G1 X4.61 Y75.55 F1500
G1 X5.03 Y75.99 F1500
G1 X5.66 Y77.21 F1500
G1 X5.87 Y77.41 F1500
G1 X6.08 Y77.39 F1500
G1 X6.92 Y75.74 F1500
G1 X7.12 Y75.48 F1500
G1 X7.33 Y75.46 F1500
G1 X8.17 Y77.12 F1500
G1 X8.59 Y77.53 F1500
G1 X9.85 Y75.44 F1500
G1 X10.27 Y75.86 F1500
G1 X11.11 Y77.51 F1500
G1 X11.32 Y77.49 F1500
G1 X11.53 Y77.22 F1500
G1 X12.15 Y75.79 F1500
G1 X12.57 Y75.45 F1500
G1 X13.62 Y77.41 F1500
G1 X13.83 Y77.53 F1500
G1 X14.04 Y77.40 F1500
G1 X15.09 Y75.45 F1500
G1 X15.51 Y75.81 F1500
G1 X16.14 Y77.20 F1500
G1 X16.34 Y77.30 F1500
G1 X17.18 Y76.43 F1500
G1 X17.81 Y76.37 F1500
G1 X18.44 Y76.49 F1500
G1 X19.28 Y77.18 F1500
G1 X20.33 Y75.46 F1500
G1 X20.75 Y75.76 F1500
G1 X21.37 Y77.19 F1500
G1 X21.79 Y77.52 F1500
G1 X22.63 Y75.90 F1500
G1 X23.05 Y75.44 F1500
G1 X23.26 Y75.58 F1500
G1 X24.10 Y77.22 F1500
G1 X25.56 Y76.13 F1500
G1 X25.98 Y76.22 F1500
G1 X27.03 Y77.25 F1500
G1 X27.24 Y77.24 F1500
G1 X28.08 Y75.61 F1500
G1 X28.29 Y75.55 F1500
G1 X29.13 Y76.69 F1500
G1 X29.55 Y76.91 F1500
G1 X30.80 Y76.20 F1500
G1 X31.22 Y76.24 F1500
G1 X32.27 Y76.80 F1500
G1 X33.74 Y76.12 F1500
G1 X34.16 Y76.40 F1500
G1 X34.99 Y77.50 F1500
G1 X35.83 Y75.84 F1500
G1 X36.25 Y75.44 F1500
G1 X37.30 Y77.39 F1500
G1 X37.51 Y77.53 F1500
G1 X37.93 Y77.08 F1500
G1 X38.77 Y75.45 F1500
G1 X39.19 Y75.77 F1500
G1 X39.81 Y77.20 F1500
G1 X40.23 Y77.51 F1500
G1 X41.07 Y75.88 F1500
G1 X41.49 Y75.44 F1500
G1 X41.70 Y75.59 F1500
G1 X42.75 Y77.53 F1500
G1 X43.17 Y77.14 F1500
G1 X43.80 Y75.71 F1500
G1 X44.00 Y75.47 F1500
G1 X44.21 Y75.47 F1500
G1 X45.05 Y77.15 F1500
G1 X45.47 Y77.53 F1500
G1 X46.52 Y75.58 F1500
G1 X46.73 Y75.44 F1500
G1 X47.15 Y75.89 F1500
G1 X47.99 Y77.52 F1500
G1 X48.41 Y77.19 F1500
G1 X49.03 Y75.76 F1500
G1 X49.45 Y75.46 F1500
G1 X50.29 Y77.09 F1500
G1 X50.71 Y77.53 F1500
G1 X50.92 Y77.38 F1500
G1 X51.55 Y76.00 F1500
G1 X51.97 Y75.44 F1500
G1 X52.18 Y75.52 F1500
G1 X52.81 Y76.81 F1500
G1 X53.22 Y77.24 F1500
G1 X53.85 Y76.62 F1500
G1 X54.27 Y75.81 F1500
G1 X54.69 Y75.76 F1500
G1 X55.11 Y76.07 F1500
G1 X55.53 Y77.00 F1500
G1 X56.16 Y77.41 F1500
G1 X57.21 Y75.45 F1500
G1 X57.63 Y75.79 F1500
G1 X58.25 Y77.21 F1500
G1 X58.67 Y77.51 F1500
G1 X59.51 Y75.87 F1500
G1 X59.93 Y75.44 F1500
G1 X61.19 Y77.53 F1500
G1 X61.61 Y77.12 F1500
G1 X62.44 Y75.46 F1500
G1 X62.65 Y75.48 F1500
G1 X62.86 Y75.74 F1500
G1 X63.70 Y77.46 F1500
G1 X63.91 Y77.52 F1500
G1 X64.12 Y77.32 F1500
G1 X64.75 Y75.98 F1500
G1 X65.17 Y75.64 F1500
G1 X66.43 Y77.22 F1500
G1 X66.85 Y76.97 F1500
G1 X67.47 Y75.98 F1500
G1 X67.89 Y75.78 F1500
G1 X68.31 Y76.16 F1500
G1 X68.73 Y77.11 F1500
G1 X69.15 Y77.53 F1500
G1 X69.99 Y76.11 F1500
G1 X70.41 Y75.80 F1500
G1 X71.66 Y77.01 F1500
G1 X72.08 Y76.87 F1500
G1 X72.71 Y76.14 F1500
G1 X73.13 Y75.96 F1500
G1 X74.39 Y77.01 F1500
G1 X75.65 Y75.98 F1500
G1 X76.07 Y76.15 F1500
G1 X76.69 Y76.84 F1500
G1 X77.11 Y76.97 F1500
G1 X78.16 Y76.06 F1500
G1 X78.58 Y76.09 F1500
G1 X79.63 Y76.96 F1500
G1 X80.05 Y76.77 F1500
G1 X80.68 Y76.11 F1500
G1 X81.09 Y76.00 F1500
G1 X81.93 Y76.82 F1500
G1 X82.35 Y77.00 F1500
G1 X83.61 Y75.97 F1500
G1 X84.87 Y76.99 F1500
G1 X85.29 Y76.81 F1500
G1 X86.12 Y76.03 F1500
G1 X86.54 Y76.14 F1500
G1 X87.17 Y76.75 F1500
G1 X87.59 Y76.89 F1500
G1 X88.85 Y76.11 F1500
G1 X90.10 Y76.80 F1500
G1 X91.15 Y76.31 F1500
G1 X91.57 Y76.27 F1500
G1 X92.83 Y76.66 F1500
G1 X94.09 Y76.39 F1500
G1 X100.79 Y76.48 F1500
G1 X101.21 Y76.80 F1500
G1 X101.84 Y75.62 F1500
G1 X102.05 Y75.51 F1500
G1 X103.31 Y77.38 F1500
G1 X103.73 Y77.06 F1500
G1 X104.35 Y75.81 F1500
G1 X104.77 Y75.56 F1500
G1 X105.61 Y77.12 F1500
G1 X106.03 Y77.53 F1500
G1 X107.08 Y75.59 F1500
G1 X107.29 Y75.44 F1500
G1 X107.71 Y75.88 F1500
G1 X108.54 Y77.51 F1500
G1 X108.96 Y77.20 F1500
G1 X109.80 Y75.49 F1500
G1 X110.01 Y75.45 F1500
G1 X110.22 Y75.67 F1500
G1 X110.85 Y77.01 F1500
G1 X111.69 Y76.52 F1500
G1 X112.32 Y76.44 F1500
G1 X112.74 Y76.20 F1500
G1 X113.57 Y76.69 F1500
G1 X115.46 Y76.31 F1500
G1 X115.88 Y76.50 F1500
G1 X116.51 Y77.34 F1500
G1 X116.93 Y77.03 F1500
G1 X117.76 Y75.45 F1500
G1 X118.18 Y75.78 F1500
G1 X118.81 Y77.20 F1500
G1 X119.23 Y77.51 F1500
G1 X120.07 Y75.88 F1500
G1 X120.49 Y75.44 F1500
G1 X120.70 Y75.59 F1500
G1 X121.54 Y77.27 F1500
G1 X121.75 Y77.40 F1500
G1 X122.17 Y77.05 F1500
G1 X122.79 Y75.75 F1500
G1 X123.00 Y75.49 F1500
G1 X123.21 Y75.48 F1500
G1 X124.05 Y77.15 F1500
G1 X124.47 Y77.52 F1500
G1 X125.52 Y75.59 F1500
G1 X125.73 Y75.49 F1500
G1 X125.94 Y75.63 F1500
G1 X126.98 Y77.38 F1500
G1 X127.40 Y77.12 F1500
G1 X128.03 Y75.77 F1500
G1 X128.24 Y75.48 F1500
G1 X128.45 Y75.46 F1500
G1 X129.29 Y77.10 F1500
G1 X129.71 Y77.53 F1500
G1 X130.97 Y75.44 F1500
G1 X131.39 Y75.84 F1500
G1 X132.22 Y77.50 F1500
G1 X132.43 Y77.49 F1500
G1 X132.64 Y77.24 F1500
G1 X133.48 Y75.55 F1500
G1 X133.90 Y75.80 F1500
G1 X134.53 Y76.81 F1500
G1 X134.95 Y77.07 F1500
G1 X135.37 Y76.88 F1500
G1 X136.20 Y75.48 F1500
G1 X136.41 Y75.50 F1500
G1 X136.62 Y75.79 F1500
G1 X137.25 Y77.22 F1500
G1 X137.46 Y77.49 F1500
G1 X137.67 Y77.51 F1500
G1 X138.51 Y75.86 F1500
G1 X138.93 Y75.44 F1500
G1 X140.19 Y77.53 F1500
G1 X140.61 Y77.12 F1500
G1 X141.44 Y75.46 F1500
G1 X141.65 Y75.48 F1500
G1 X141.86 Y75.74 F1500
G1 X142.49 Y77.17 F1500
G1 X142.91 Y77.52 F1500
G1 X143.75 Y75.93 F1500
G1 X144.17 Y75.50 F1500
G1 X144.59 Y75.95 F1500
G1 X145.42 Y77.50 F1500
G1 X145.84 Y77.17 F1500
G1 X146.68 Y75.48 F1500
G1 X146.89 Y75.46 F1500
G1 X147.10 Y75.69 F1500
G1 X147.73 Y77.07 F1500
G1 X148.15 Y77.40 F1500
G1 X149.41 Y75.44 F1500
G1 X149.83 Y75.86 F1500
G1 X150.66 Y77.51 F1500
G1 X150.87 Y77.49 F1500
G1 X151.08 Y77.21 F1500
G1 X151.92 Y75.71 F1500
G1 X152.13 Y75.67 F1500
G1 X152.34 Y75.84 F1500
G1 X152.97 Y76.93 F1500
G1 X153.39 Y77.34 F1500
G1 X153.81 Y76.96 F1500
G1 X154.64 Y75.61 F1500
G1 X155.06 Y75.91 F1500
G1 X155.90 Y77.36 F1500
G1 X156.32 Y77.17 F1500
G1 X156.95 Y75.91 F1500
G1 X157.37 Y75.59 F1500
G1 X158.63 Y77.31 F1500
G1 X159.05 Y77.00 F1500
G1 X159.88 Y75.49 F1500
G1 X160.09 Y75.50 F1500
G1 X160.30 Y75.77 F1500
G1 X160.72 Y76.69 F1500
G1 X161.14 Y77.13 F1500
G1 X162.61 Y75.94 F1500
G1 X163.86 Y77.04 F1500
G1 X164.28 Y76.84 F1500
G1 X165.12 Y75.94 F1500
G1 X165.54 Y76.06 F1500
G1 X166.17 Y76.82 F1500
G1 X166.59 Y77.03 F1500
G1 X167.85 Y75.93 F1500
G1 X168.27 Y76.16 F1500
G1 X169.10 Y77.02 F1500
G1 X169.52 Y76.87 F1500
G1 X170.15 Y76.10 F1500
G1 X170.57 Y75.93 F1500
G1 X171.83 Y77.03 F1500
G1 X173.08 Y75.95 F1500
G1 X173.50 Y76.13 F1500
G1 X174.13 Y76.91 F1500
G1 X174.55 Y77.08 F1500
G1 X175.39 Y76.09 F1500
G1 X175.81 Y75.83 F1500
G1 X177.07 Y77.20 F1500
G1 X177.49 Y76.90 F1500
G1 X178.32 Y75.77 F1500
G1 X178.74 Y75.98 F1500
G1 X179.58 Y77.27 F1500
G1 X180.00 Y77.30 F1500
G1 X180.00 Y77.51 F1500
G1 X180.00 Y77.72 F1500
G1 X180.00 Y77.93 F1500
G1 X180.00 Y78.14 F1500
G1 X180.00 Y78.35 F1500
G1 X180.00 Y78.35 F1500
G1 X179.58 Y78.22 F1500
G1 X178.74 Y77.04 F1500
G1 X178.32 Y76.88 F1500
G1 X177.49 Y77.92 F1500
G1 X177.07 Y78.17 F1500
G1 X175.81 Y76.98 F1500
G1 X175.39 Y77.19 F1500
G1 X174.55 Y78.07 F1500
G1 X174.13 Y77.93 F1500
G1 X173.50 Y77.19 F1500
G1 X173.08 Y77.00 F1500
G1 X171.83 Y78.08 F1500
G1 X170.57 Y76.98 F1500
G1 X170.15 Y77.16 F1500
G1 X169.52 Y77.91 F1500
G1 X169.10 Y78.06 F1500
G1 X167.85 Y76.97 F1500
G1 X166.59 Y78.10 F1500
G1 X166.17 Y77.88 F1500
G1 X165.54 Y77.10 F1500
G1 X165.12 Y76.96 F1500
G1 X164.28 Y77.92 F1500
G1 X163.86 Y78.13 F1500
G1 X162.61 Y76.97 F1500
G1 X161.56 Y77.97 F1500
G1 X161.14 Y78.14 F1500
G1 X160.72 Y77.74 F1500
G1 X160.30 Y76.80 F1500
G1 X160.09 Y76.54 F1500
G1 X159.88 Y76.53 F1500
G1 X159.05 Y78.02 F1500
G1 X158.63 Y78.34 F1500
G1 X157.37 Y76.68 F1500
G1 X156.95 Y76.99 F1500
G1 X156.32 Y78.25 F1500
G1 X156.11 Y78.46 F1500
G1 X155.90 Y78.44 F1500
G1 X155.06 Y76.95 F1500
G1 X154.64 Y76.65 F1500
G1 X153.81 Y77.99 F1500
G1 X153.39 Y78.36 F1500
G1 X152.97 Y77.97 F1500
G1 X152.34 Y76.90 F1500
G1 X151.92 Y76.78 F1500
G1 X151.08 Y78.25 F1500
G1 X150.87 Y78.54 F1500
G1 X150.66 Y78.56 F1500
G1 X149.83 Y76.90 F1500
G1 X149.41 Y76.49 F1500
G1 X149.20 Y76.65 F1500
G1 X148.36 Y78.34 F1500
G1 X148.15 Y78.47 F1500
G1 X147.73 Y78.12 F1500
G1 X147.10 Y76.74 F1500
G1 X146.89 Y76.51 F1500
G1 X146.68 Y76.53 F1500
G1 X145.84 Y78.22 F1500
G1 X145.42 Y78.56 F1500
G1 X144.59 Y77.00 F1500
G1 X144.17 Y76.57 F1500
G1 X143.75 Y76.99 F1500
G1 X143.12 Y78.37 F1500
G1 X142.91 Y78.57 F1500
G1 X142.70 Y78.51 F1500
G1 X141.86 Y76.79 F1500
G1 X141.65 Y76.52 F1500
G1 X141.44 Y76.51 F1500
G1 X140.61 Y78.17 F1500
G1 X140.19 Y78.58 F1500
G1 X138.93 Y76.49 F1500
G1 X138.51 Y76.91 F1500
G1 X137.67 Y78.56 F1500
G1 X137.46 Y78.53 F1500
G1 X137.25 Y78.26 F1500
G1 X136.62 Y76.84 F1500
G1 X136.20 Y76.50 F1500
G1 X135.58 Y77.59 F1500
G1 X135.16 Y78.01 F1500
G1 X134.53 Y77.81 F1500
G1 X133.90 Y77.01 F1500
G1 X133.48 Y76.77 F1500
G1 X132.64 Y78.28 F1500
G1 X132.43 Y78.54 F1500
G1 X132.22 Y78.55 F1500
G1 X131.39 Y76.89 F1500
G1 X130.97 Y76.49 F1500
G1 X129.71 Y78.58 F1500
G1 X129.29 Y78.14 F1500
G1 X128.45 Y76.50 F1500
G1 X128.03 Y76.81 F1500
G1 X127.19 Y78.46 F1500
G1 X126.98 Y78.48 F1500
G1 X126.78 Y78.29 F1500
G1 X126.15 Y77.02 F1500
G1 X125.73 Y76.61 F1500
G1 X125.31 Y77.03 F1500
G1 X124.47 Y78.55 F1500
G1 X124.05 Y78.20 F1500
G1 X123.42 Y76.77 F1500
G1 X123.21 Y76.52 F1500
G1 X123.00 Y76.51 F1500
G1 X121.96 Y78.48 F1500
G1 X121.75 Y78.52 F1500
G1 X121.54 Y78.32 F1500
G1 X120.49 Y76.51 F1500
G1 X120.07 Y76.93 F1500
G1 X119.23 Y78.56 F1500
G1 X118.81 Y78.25 F1500
G1 X118.18 Y76.82 F1500
G1 X117.76 Y76.50 F1500
G1 X116.93 Y78.13 F1500
G1 X116.51 Y78.58 F1500
G1 X116.30 Y78.44 F1500
G1 X115.46 Y76.80 F1500
G1 X115.25 Y76.75 F1500
G1 X115.04 Y76.91 F1500
G1 X114.20 Y77.78 F1500
G1 X113.99 Y77.83 F1500
G1 X112.95 Y77.45 F1500
G1 X112.11 Y77.50 F1500
G1 X111.69 Y77.61 F1500
G1 X111.06 Y78.18 F1500
G1 X110.85 Y78.05 F1500
G1 X110.01 Y76.50 F1500
G1 X109.59 Y76.82 F1500
G1 X108.96 Y78.25 F1500
G1 X108.54 Y78.56 F1500
G1 X107.71 Y76.93 F1500
G1 X107.29 Y76.49 F1500
G1 X106.03 Y78.54 F1500
G1 X105.61 Y78.16 F1500
G1 X104.98 Y76.84 F1500
G1 X104.56 Y76.62 F1500
G1 X103.73 Y78.10 F1500
G1 X103.31 Y78.46 F1500
G1 X103.10 Y78.31 F1500
G1 X102.26 Y76.71 F1500
G1 X102.05 Y76.60 F1500
G1 X101.42 Y77.48 F1500
G1 X101.21 Y77.54 F1500
G1 X95.13 Y77.55 F1500
G1 X93.88 Y77.41 F1500
G1 X92.83 Y77.75 F1500
G1 X91.36 Y77.25 F1500
G1 X90.10 Y77.86 F1500
G1 X88.85 Y77.13 F1500
G1 X87.59 Y77.97 F1500
G1 X87.17 Y77.80 F1500
G1 X86.54 Y77.19 F1500
G1 X86.12 Y77.07 F1500
G1 X84.87 Y78.06 F1500
G1 X83.61 Y77.01 F1500
G1 X82.35 Y78.04 F1500
G1 X81.93 Y77.86 F1500
G1 X81.30 Y77.19 F1500
G1 X80.88 Y77.06 F1500
G1 X79.84 Y77.97 F1500
G1 X79.42 Y77.93 F1500
G1 X78.37 Y77.06 F1500
G1 X77.95 Y77.25 F1500
G1 X77.32 Y77.90 F1500
G1 X76.90 Y78.02 F1500
G1 X76.07 Y77.20 F1500
G1 X75.65 Y77.03 F1500
G1 X74.39 Y78.07 F1500
G1 X73.13 Y77.00 F1500
G1 X72.71 Y77.18 F1500
G1 X72.08 Y77.93 F1500
G1 X71.66 Y78.08 F1500
G1 X70.41 Y76.88 F1500
G1 X69.15 Y78.38 F1500
G1 X68.73 Y78.13 F1500
G1 X67.89 Y76.51 F1500
G1 X67.68 Y76.53 F1500
G1 X66.85 Y78.00 F1500
G1 X66.43 Y78.28 F1500
G1 X65.38 Y76.86 F1500
G1 X64.96 Y76.81 F1500
G1 X63.91 Y78.49 F1500
G1 X63.49 Y78.18 F1500
G1 X62.86 Y76.78 F1500
G1 X62.65 Y76.52 F1500
G1 X62.44 Y76.51 F1500
G1 X61.61 Y78.17 F1500
G1 X61.19 Y78.58 F1500
G1 X59.93 Y76.49 F1500
G1 X59.51 Y76.92 F1500
G1 X58.67 Y78.56 F1500
G1 X58.25 Y78.26 F1500
G1 X57.63 Y76.83 F1500
G1 X57.21 Y76.50 F1500
G1 X56.37 Y78.11 F1500
G1 X55.95 Y78.58 F1500
G1 X54.90 Y76.91 F1500
G1 X54.48 Y76.68 F1500
G1 X53.64 Y78.28 F1500
G1 X53.43 Y78.54 F1500
G1 X53.22 Y78.55 F1500
G1 X52.39 Y76.89 F1500
G1 X51.97 Y76.49 F1500
G1 X51.55 Y77.05 F1500
G1 X50.92 Y78.43 F1500
G1 X50.71 Y78.58 F1500
G1 X50.29 Y78.14 F1500
G1 X49.45 Y76.50 F1500
G1 X49.03 Y76.81 F1500
G1 X48.41 Y78.24 F1500
G1 X47.99 Y78.56 F1500
G1 X47.15 Y76.94 F1500
G1 X46.73 Y76.48 F1500
G1 X46.52 Y76.63 F1500
G1 X45.47 Y78.57 F1500
G1 X45.05 Y78.20 F1500
G1 X44.21 Y76.52 F1500
G1 X44.00 Y76.52 F1500
G1 X43.80 Y76.76 F1500
G1 X43.17 Y78.18 F1500
G1 X42.75 Y78.57 F1500
G1 X41.70 Y76.63 F1500
G1 X41.49 Y76.49 F1500
G1 X41.07 Y76.93 F1500
G1 X40.23 Y78.56 F1500
G1 X39.81 Y78.25 F1500
G1 X39.19 Y76.82 F1500
G1 X38.77 Y76.50 F1500
G1 X37.93 Y78.13 F1500
G1 X37.51 Y78.58 F1500
G1 X37.30 Y78.43 F1500
G1 X36.25 Y76.49 F1500
G1 X35.83 Y76.95 F1500
G1 X34.99 Y78.47 F1500
G1 X34.78 Y78.43 F1500
G1 X34.16 Y77.44 F1500
G1 X33.74 Y77.14 F1500
G1 X32.27 Y77.84 F1500
G1 X31.22 Y77.29 F1500
G1 X30.80 Y77.24 F1500
G1 X29.55 Y77.96 F1500
G1 X29.13 Y77.74 F1500
G1 X28.29 Y76.61 F1500
G1 X28.08 Y76.67 F1500
G1 X27.24 Y78.23 F1500
G1 X27.03 Y78.22 F1500
G1 X26.19 Y77.41 F1500
G1 X25.77 Y77.24 F1500
G1 X25.15 Y77.42 F1500
G1 X24.31 Y78.23 F1500
G1 X23.89 Y77.92 F1500
G1 X23.26 Y76.67 F1500
G1 X23.05 Y76.55 F1500
G1 X22.63 Y76.98 F1500
G1 X21.79 Y78.53 F1500
G1 X21.58 Y78.52 F1500
G1 X21.37 Y78.23 F1500
G1 X20.75 Y76.81 F1500
G1 X20.33 Y76.50 F1500
G1 X19.70 Y77.64 F1500
G1 X16.55 Y77.53 F1500
G1 X16.34 Y77.60 F1500
G1 X16.14 Y78.14 F1500
G1 X15.51 Y76.90 F1500
G1 X15.09 Y76.51 F1500
G1 X14.04 Y78.44 F1500
G1 X13.83 Y78.58 F1500
G1 X13.62 Y78.46 F1500
G1 X12.57 Y76.50 F1500
G1 X12.15 Y76.84 F1500
G1 X11.53 Y78.26 F1500
G1 X11.32 Y78.53 F1500
G1 X11.11 Y78.56 F1500
G1 X10.27 Y76.91 F1500
G1 X9.85 Y76.49 F1500
G1 X8.59 Y78.58 F1500
G1 X8.17 Y78.17 F1500
G1 X7.33 Y76.51 F1500
G1 X7.12 Y76.52 F1500
G1 X6.92 Y76.79 F1500
G1 X6.08 Y78.44 F1500
G1 X5.66 Y78.26 F1500
G1 X5.03 Y77.05 F1500
G1 X4.61 Y76.61 F1500
G1 X4.19 Y77.02 F1500
G1 X3.35 Y78.54 F1500
G1 X2.93 Y78.20 F1500
G1 X2.10 Y76.60 F1500
G1 X1.68 Y76.87 F1500
G1 X0.84 Y78.25 F1500
G1 X0.42 Y78.22 F1500
G1 X0.00 Y77.53 F1500
G1 X0.00 Y77.74 F1500
G1 X0.00 Y77.95 F1500
G1 X0.00 Y78.16 F1500
G1 X0.00 Y78.37 F1500
G1 X0.00 Y78.58 F1500
G1 X0.00 Y78.58 F1500
G1 X0.42 Y79.25 F1500
G1 X0.84 Y79.30 F1500
G1 X1.68 Y77.92 F1500
G1 X2.10 Y77.67 F1500
G1 X2.93 Y79.24 F1500
G1 X3.35 Y79.56 F1500
G1 X4.19 Y78.08 F1500
G1 X4.61 Y77.68 F1500
G1 X5.03 Y78.10 F1500
G1 X5.87 Y79.54 F1500
G1 X6.29 Y79.24 F1500
G1 X6.92 Y77.83 F1500
G1 X7.12 Y77.57 F1500
G1 X7.33 Y77.56 F1500
G1 X8.17 Y79.21 F1500
G1 X8.59 Y79.62 F1500
G1 X9.01 Y79.07 F1500
G1 X9.64 Y77.69 F1500
G1 X9.85 Y77.55 F1500
G1 X10.06 Y77.66 F1500
G1 X11.11 Y79.46 F1500
G1 X11.53 Y79.18 F1500
G1 X12.15 Y78.08 F1500
G1 X12.57 Y77.89 F1500
G1 X13.83 Y79.39 F1500
G1 X14.04 Y79.37 F1500
G1 X14.25 Y79.08 F1500
G1 X15.09 Y77.58 F1500
G1 X15.30 Y77.61 F1500
G1 X15.51 Y77.92 F1500
G1 X16.14 Y79.23 F1500
G1 X16.55 Y78.64 F1500
G1 X16.76 Y78.58 F1500
G1 X18.86 Y78.61 F1500
G1 X19.49 Y78.95 F1500
G1 X20.33 Y77.55 F1500
G1 X20.75 Y77.85 F1500
G1 X21.37 Y79.28 F1500
G1 X21.58 Y79.57 F1500
G1 X21.79 Y79.60 F1500
G1 X22.63 Y78.07 F1500
G1 X23.05 Y77.68 F1500
G1 X24.10 Y79.16 F1500
G1 X24.52 Y79.09 F1500
G1 X25.56 Y78.21 F1500
G1 X26.19 Y78.47 F1500
G1 X27.03 Y79.18 F1500
G1 X27.24 Y79.19 F1500
G1 X28.08 Y77.72 F1500
G1 X28.29 Y77.65 F1500
G1 X29.13 Y78.79 F1500
G1 X29.55 Y79.01 F1500
G1 X30.80 Y78.28 F1500
G1 X32.27 Y78.88 F1500
G1 X33.74 Y78.22 F1500
G1 X34.37 Y78.74 F1500
G1 X34.78 Y79.57 F1500
G1 X34.99 Y79.51 F1500
G1 X36.04 Y77.65 F1500
G1 X36.25 Y77.54 F1500
G1 X37.30 Y79.48 F1500
G1 X37.51 Y79.63 F1500
G1 X37.93 Y79.18 F1500
G1 X38.77 Y77.55 F1500
G1 X39.19 Y77.87 F1500
G1 X39.81 Y79.30 F1500
G1 X40.23 Y79.61 F1500
G1 X41.07 Y77.98 F1500
G1 X41.49 Y77.53 F1500
G1 X41.70 Y77.68 F1500
G1 X42.75 Y79.62 F1500
G1 X43.17 Y79.23 F1500
G1 X43.80 Y77.81 F1500
G1 X44.00 Y77.56 F1500
G1 X44.21 Y77.57 F1500
G1 X45.05 Y79.24 F1500
G1 X45.47 Y79.62 F1500
G1 X46.52 Y77.67 F1500
G1 X46.73 Y77.53 F1500
G1 X47.15 Y77.99 F1500
G1 X47.99 Y79.61 F1500
G1 X48.41 Y79.29 F1500
G1 X49.03 Y77.86 F1500
G1 X49.45 Y77.55 F1500
G1 X50.29 Y79.19 F1500
G1 X50.71 Y79.63 F1500
G1 X50.92 Y79.47 F1500
G1 X51.97 Y77.54 F1500
G1 X52.39 Y77.93 F1500
G1 X53.22 Y79.59 F1500
G1 X53.43 Y79.59 F1500
G1 X53.64 Y79.34 F1500
G1 X54.27 Y77.91 F1500
G1 X54.48 Y78.31 F1500
G1 X54.90 Y77.80 F1500
G1 X55.53 Y79.13 F1500
G1 X55.95 Y79.63 F1500
G1 X56.37 Y79.16 F1500
G1 X57.21 Y77.55 F1500
G1 X57.63 Y77.88 F1500
G1 X58.25 Y79.31 F1500
G1 X58.67 Y79.61 F1500
G1 X59.51 Y77.96 F1500
G1 X59.93 Y77.53 F1500
G1 X61.19 Y79.62 F1500
G1 X61.61 Y79.22 F1500
G1 X62.44 Y77.57 F1500
G1 X62.86 Y77.89 F1500
G1 X63.70 Y79.41 F1500
G1 X64.12 Y79.27 F1500
G1 X64.96 Y77.86 F1500
G1 X65.38 Y77.86 F1500
G1 X66.43 Y79.62 F1500
G1 X66.85 Y79.27 F1500
G1 X67.47 Y77.88 F1500
G1 X67.68 Y77.75 F1500
G1 X68.10 Y77.94 F1500
G1 X68.73 Y79.04 F1500
G1 X69.15 Y79.29 F1500
G1 X70.41 Y77.97 F1500
G1 X71.66 Y79.12 F1500
G1 X72.08 Y78.96 F1500
G1 X72.71 Y78.23 F1500
G1 X73.13 Y78.05 F1500
G1 X74.39 Y79.08 F1500
G1 X75.65 Y78.08 F1500
G1 X76.07 Y78.26 F1500
G1 X76.90 Y79.05 F1500
G1 X77.32 Y78.95 F1500
G1 X77.95 Y78.30 F1500
G1 X78.37 Y78.12 F1500
G1 X79.42 Y78.97 F1500
G1 X79.84 Y79.00 F1500
G1 X80.88 Y78.12 F1500
G1 X81.30 Y78.24 F1500
G1 X81.93 Y78.90 F1500
G1 X82.35 Y79.07 F1500
G1 X83.61 Y78.09 F1500
G1 X84.87 Y79.08 F1500
G1 X85.29 Y78.90 F1500
G1 X86.12 Y78.12 F1500
G1 X86.54 Y78.22 F1500
G1 X87.17 Y78.86 F1500
G1 X87.59 Y79.03 F1500
G1 X88.85 Y78.18 F1500
G1 X90.10 Y78.93 F1500
G1 X91.36 Y78.28 F1500
G1 X92.83 Y78.83 F1500
G1 X94.09 Y78.42 F1500
G1 X95.34 Y78.65 F1500
G1 X101.42 Y78.58 F1500
G1 X101.63 Y78.51 F1500
G1 X102.05 Y77.56 F1500
G1 X103.31 Y79.54 F1500
G1 X103.73 Y79.18 F1500
G1 X104.35 Y77.89 F1500
G1 X104.77 Y77.66 F1500
G1 X105.61 Y79.18 F1500
G1 X106.03 Y79.54 F1500
G1 X106.24 Y79.39 F1500
G1 X107.08 Y77.73 F1500
G1 X107.29 Y77.59 F1500
G1 X107.71 Y78.01 F1500
G1 X108.54 Y79.58 F1500
G1 X108.75 Y79.55 F1500
G1 X108.96 Y79.26 F1500
G1 X109.80 Y77.63 F1500
G1 X110.01 Y77.59 F1500
G1 X110.22 Y77.80 F1500
G1 X110.85 Y79.06 F1500
G1 X111.06 Y79.17 F1500
G1 X111.90 Y78.59 F1500
G1 X112.95 Y78.42 F1500
G1 X113.99 Y79.49 F1500
G1 X114.20 Y79.32 F1500
G1 X114.83 Y77.92 F1500
G1 X115.25 Y77.54 F1500
G1 X116.30 Y79.48 F1500
G1 X116.51 Y79.63 F1500
G1 X116.93 Y79.17 F1500
G1 X117.76 Y77.55 F1500
G1 X118.18 Y77.87 F1500
G1 X119.02 Y79.57 F1500
G1 X119.23 Y79.58 F1500
G1 X119.44 Y79.34 F1500
G1 X120.07 Y78.03 F1500
G1 X120.49 Y77.64 F1500
G1 X120.91 Y78.09 F1500
G1 X121.75 Y79.62 F1500
G1 X122.17 Y79.23 F1500
G1 X123.00 Y77.56 F1500
G1 X123.21 Y77.57 F1500
G1 X123.42 Y77.82 F1500
G1 X124.05 Y79.25 F1500
G1 X124.47 Y79.55 F1500
G1 X125.52 Y77.80 F1500
G1 X125.73 Y77.69 F1500
G1 X126.15 Y78.07 F1500
G1 X126.78 Y79.34 F1500
G1 X127.19 Y79.53 F1500
G1 X128.03 Y77.85 F1500
G1 X128.45 Y77.55 F1500
G1 X129.29 Y79.19 F1500
G1 X129.71 Y79.63 F1500
G1 X130.97 Y77.54 F1500
G1 X131.39 Y77.94 F1500
G1 X132.22 Y79.60 F1500
G1 X132.43 Y79.59 F1500
G1 X133.06 Y78.41 F1500
G1 X133.48 Y77.95 F1500
G1 X133.90 Y78.12 F1500
G1 X134.53 Y78.83 F1500
G1 X135.16 Y79.02 F1500
G1 X135.58 Y78.64 F1500
G1 X136.20 Y77.54 F1500
G1 X136.62 Y77.88 F1500
G1 X137.25 Y79.31 F1500
G1 X137.46 Y79.58 F1500
G1 X137.67 Y79.61 F1500
G1 X138.51 Y77.96 F1500
G1 X138.93 Y77.53 F1500
G1 X140.19 Y79.62 F1500
G1 X140.61 Y79.21 F1500
G1 X141.44 Y77.56 F1500
G1 X141.65 Y77.57 F1500
G1 X141.86 Y77.83 F1500
G1 X142.70 Y79.56 F1500
G1 X142.91 Y79.62 F1500
G1 X143.12 Y79.42 F1500
G1 X143.75 Y78.04 F1500
G1 X144.17 Y77.63 F1500
G1 X144.59 Y78.06 F1500
G1 X145.42 Y79.60 F1500
G1 X145.84 Y79.27 F1500
G1 X146.47 Y77.84 F1500
G1 X146.68 Y77.58 F1500
G1 X146.89 Y77.56 F1500
G1 X147.73 Y79.17 F1500
G1 X148.15 Y79.58 F1500
G1 X148.36 Y79.44 F1500
G1 X148.99 Y78.08 F1500
G1 X149.41 Y77.53 F1500
G1 X149.83 Y77.95 F1500
G1 X150.66 Y79.60 F1500
G1 X151.08 Y79.24 F1500
G1 X151.71 Y78.06 F1500
G1 X152.13 Y77.77 F1500
G1 X153.18 Y79.27 F1500
G1 X153.39 Y79.37 F1500
G1 X153.60 Y79.34 F1500
G1 X153.81 Y79.04 F1500
G1 X154.44 Y77.87 F1500
G1 X154.64 Y77.71 F1500
G1 X154.85 Y77.76 F1500
G1 X155.69 Y79.26 F1500
G1 X155.90 Y79.50 F1500
G1 X156.11 Y79.51 F1500
G1 X156.95 Y78.02 F1500
G1 X157.37 Y77.65 F1500
G1 X158.21 Y78.98 F1500
G1 X158.63 Y79.37 F1500
G1 X159.05 Y79.07 F1500
G1 X159.88 Y77.58 F1500
G1 X160.30 Y77.86 F1500
G1 X160.72 Y78.77 F1500
G1 X161.14 Y79.16 F1500
G1 X161.56 Y79.02 F1500
G1 X162.61 Y77.98 F1500
G1 X163.86 Y79.17 F1500
G1 X164.28 Y78.97 F1500
G1 X165.12 Y78.00 F1500
G1 X165.54 Y78.15 F1500
G1 X166.17 Y78.94 F1500
G1 X166.59 Y79.14 F1500
G1 X167.85 Y78.03 F1500
G1 X169.10 Y79.10 F1500
G1 X169.52 Y78.95 F1500
G1 X170.15 Y78.21 F1500
G1 X170.57 Y78.04 F1500
G1 X171.83 Y79.12 F1500
G1 X173.08 Y78.04 F1500
G1 X173.50 Y78.24 F1500
G1 X174.13 Y78.96 F1500
G1 X174.55 Y79.09 F1500
G1 X175.39 Y78.24 F1500
G1 X175.81 Y78.04 F1500
G1 X177.07 Y79.12 F1500
G1 X177.49 Y78.90 F1500
G1 X178.32 Y77.98 F1500
G1 X178.74 Y78.16 F1500
G1 X179.58 Y79.24 F1500
G1 X180.00 Y79.40 F1500
G1 X180.00 Y79.61 F1500
G1 X180.00 Y79.82 F1500
G1 X180.00 Y80.03 F1500
G1 X180.00 Y80.24 F1500
G1 X180.00 Y80.45 F1500
G1 X180.00 Y80.45 F1500
G1 X179.37 Y80.07 F1500
G1 X178.74 Y79.23 F1500
G1 X178.32 Y79.08 F1500
G1 X177.49 Y79.95 F1500
G1 X177.07 Y80.18 F1500
G1 X175.81 Y79.09 F1500
G1 X175.39 Y79.29 F1500
G1 X174.55 Y80.15 F1500
G1 X174.13 Y80.02 F1500
G1 X173.50 Y79.28 F1500
G1 X173.08 Y79.09 F1500
G1 X171.83 Y80.17 F1500
G1 X170.57 Y79.09 F1500
G1 X170.15 Y79.27 F1500
G1 X169.52 Y80.00 F1500
G1 X169.10 Y80.15 F1500
G1 X167.85 Y79.09 F1500
G1 X166.59 Y80.18 F1500
G1 X166.17 Y79.98 F1500
G1 X165.54 Y79.19 F1500
G1 X165.12 Y79.05 F1500
G1 X164.28 Y80.01 F1500
G1 X163.86 Y80.22 F1500
G1 X162.61 Y79.03 F1500
G1 X161.56 Y80.06 F1500
G1 X161.14 Y80.18 F1500
G1 X160.72 Y79.79 F1500
G1 X160.09 Y78.67 F1500
G1 X159.88 Y78.65 F1500
G1 X159.05 Y80.12 F1500
G1 X158.63 Y80.41 F1500
G1 X158.21 Y80.02 F1500
G1 X157.58 Y78.88 F1500
G1 X157.37 Y78.71 F1500
G1 X157.16 Y78.80 F1500
G1 X156.11 Y80.62 F1500
G1 X155.90 Y80.60 F1500
G1 X155.69 Y80.32 F1500
G1 X154.85 Y78.78 F1500
G1 X154.44 Y78.93 F1500
G1 X153.81 Y80.10 F1500
G1 X153.39 Y80.49 F1500
G1 X153.18 Y80.36 F1500
G1 X152.34 Y78.98 F1500
G1 X152.13 Y78.81 F1500
G1 X151.92 Y78.86 F1500
G1 X150.87 Y80.60 F1500
G1 X150.66 Y80.65 F1500
G1 X149.83 Y79.00 F1500
G1 X149.41 Y78.58 F1500
G1 X148.15 Y80.65 F1500
G1 X147.73 Y80.24 F1500
G1 X146.89 Y78.60 F1500
G1 X146.68 Y78.62 F1500
G1 X146.47 Y78.89 F1500
G1 X145.63 Y80.61 F1500
G1 X145.42 Y80.64 F1500
G1 X145.22 Y80.41 F1500
G1 X144.59 Y79.11 F1500
G1 X144.17 Y78.70 F1500
G1 X143.75 Y79.13 F1500
G1 X142.91 Y80.67 F1500
G1 X142.49 Y80.31 F1500
G1 X141.86 Y78.88 F1500
G1 X141.65 Y78.62 F1500
G1 X141.44 Y78.61 F1500
G1 X140.61 Y80.26 F1500
G1 X140.19 Y80.67 F1500
G1 X138.93 Y78.58 F1500
G1 X138.51 Y79.01 F1500
G1 X137.67 Y80.65 F1500
G1 X137.46 Y80.63 F1500
G1 X137.25 Y80.36 F1500
G1 X136.62 Y78.93 F1500
G1 X136.20 Y78.59 F1500
G1 X135.58 Y79.68 F1500
G1 X135.16 Y80.05 F1500
G1 X134.74 Y79.96 F1500
G1 X133.69 Y79.08 F1500
G1 X133.48 Y79.08 F1500
G1 X133.06 Y79.49 F1500
G1 X132.43 Y80.53 F1500
G1 X132.22 Y80.57 F1500
G1 X131.39 Y78.99 F1500
G1 X130.97 Y78.58 F1500
G1 X129.71 Y80.67 F1500
G1 X129.29 Y80.24 F1500
G1 X128.45 Y78.60 F1500
G1 X128.03 Y78.90 F1500
G1 X127.40 Y80.33 F1500
G1 X127.19 Y80.62 F1500
G1 X126.98 Y80.64 F1500
G1 X125.94 Y78.81 F1500
G1 X125.73 Y78.75 F1500
G1 X125.52 Y78.89 F1500
G1 X124.47 Y80.50 F1500
G1 X124.05 Y80.20 F1500
G1 X123.42 Y78.88 F1500
G1 X123.21 Y78.62 F1500
G1 X123.00 Y78.61 F1500
G1 X122.17 Y80.28 F1500
G1 X121.75 Y80.67 F1500
G1 X121.54 Y80.49 F1500
G1 X120.70 Y78.73 F1500
G1 X120.49 Y78.59 F1500
G1 X120.28 Y78.71 F1500
G1 X119.23 Y80.56 F1500
G1 X118.81 Y80.27 F1500
G1 X118.18 Y78.92 F1500
G1 X117.76 Y78.60 F1500
G1 X116.93 Y80.22 F1500
G1 X116.51 Y80.67 F1500
G1 X116.30 Y80.53 F1500
G1 X115.67 Y79.17 F1500
G1 X115.25 Y78.61 F1500
G1 X114.83 Y78.97 F1500
G1 X113.99 Y80.63 F1500
G1 X113.78 Y80.62 F1500
G1 X113.57 Y80.38 F1500
G1 X112.95 Y79.04 F1500
G1 X112.74 Y78.87 F1500
G1 X112.32 Y78.97 F1500
G1 X111.27 Y80.46 F1500
G1 X110.85 Y80.12 F1500
G1 X110.01 Y78.77 F1500
G1 X109.59 Y79.04 F1500
G1 X108.96 Y80.23 F1500
G1 X108.54 Y80.52 F1500
G1 X108.34 Y80.37 F1500
G1 X107.71 Y79.08 F1500
G1 X107.29 Y78.67 F1500
G1 X106.03 Y80.57 F1500
G1 X105.61 Y80.22 F1500
G1 X104.98 Y78.92 F1500
G1 X104.77 Y78.69 F1500
G1 X104.56 Y78.70 F1500
G1 X103.73 Y80.25 F1500
G1 X103.31 Y80.62 F1500
G1 X102.26 Y78.82 F1500
G1 X101.84 Y79.60 F1500
G1 X95.34 Y79.71 F1500
G1 X94.09 Y79.45 F1500
G1 X92.83 Y79.87 F1500
G1 X91.36 Y79.33 F1500
G1 X90.10 Y79.99 F1500
G1 X88.85 Y79.20 F1500
G1 X87.59 Y80.08 F1500
G1 X87.17 Y79.91 F1500
G1 X86.54 Y79.28 F1500
G1 X86.12 Y79.18 F1500
G1 X84.87 Y80.11 F1500
G1 X83.61 Y79.13 F1500
G1 X82.35 Y80.11 F1500
G1 X81.93 Y79.94 F1500
G1 X81.09 Y79.19 F1500
G1 X80.68 Y79.28 F1500
G1 X80.05 Y79.90 F1500
G1 X79.63 Y80.08 F1500
G1 X78.37 Y79.18 F1500
G1 X77.95 Y79.35 F1500
G1 X77.32 Y79.99 F1500
G1 X76.90 Y80.09 F1500
G1 X76.07 Y79.31 F1500
G1 X75.65 Y79.13 F1500
G1 X74.39 Y80.15 F1500
G1 X73.13 Y79.10 F1500
G1 X72.71 Y79.27 F1500
G1 X72.08 Y80.02 F1500
G1 X71.66 Y80.17 F1500
G1 X70.62 Y79.10 F1500
G1 X70.41 Y79.05 F1500
G1 X69.15 Y80.24 F1500
G1 X68.73 Y80.03 F1500
G1 X67.89 Y78.97 F1500
G1 X67.47 Y79.15 F1500
G1 X66.85 Y80.14 F1500
G1 X66.43 Y80.50 F1500
G1 X66.22 Y80.37 F1500
G1 X65.59 Y79.13 F1500
G1 X65.17 Y78.62 F1500
G1 X64.96 Y78.72 F1500
G1 X63.91 Y80.67 F1500
G1 X63.49 Y80.31 F1500
G1 X62.86 Y78.88 F1500
G1 X62.65 Y78.62 F1500
G1 X62.44 Y78.61 F1500
G1 X61.61 Y80.27 F1500
G1 X61.19 Y80.67 F1500
G1 X59.93 Y78.58 F1500
G1 X59.51 Y79.01 F1500
G1 X58.67 Y80.65 F1500
G1 X58.25 Y80.36 F1500
G1 X57.63 Y78.93 F1500
G1 X57.21 Y78.59 F1500
G1 X56.37 Y80.21 F1500
G1 X55.95 Y80.68 F1500
G1 X55.74 Y80.54 F1500
G1 X54.90 Y78.87 F1500
G1 X54.69 Y78.74 F1500
G1 X54.27 Y78.98 F1500
G1 X53.64 Y80.38 F1500
G1 X53.43 Y80.64 F1500
G1 X53.22 Y80.65 F1500
G1 X52.39 Y78.98 F1500
G1 X52.18 Y79.03 F1500
G1 X51.76 Y78.76 F1500
G1 X51.13 Y80.15 F1500
G1 X50.71 Y80.67 F1500
G1 X50.29 Y80.24 F1500
G1 X49.45 Y78.60 F1500
G1 X49.03 Y78.90 F1500
G1 X48.41 Y80.33 F1500
G1 X47.99 Y80.66 F1500
G1 X46.94 Y78.69 F1500
G1 X46.73 Y78.67 F1500
G1 X46.52 Y78.72 F1500
G1 X45.47 Y80.67 F1500
G1 X45.05 Y80.26 F1500
G1 X44.21 Y78.61 F1500
G1 X44.00 Y78.61 F1500
G1 X43.80 Y78.86 F1500
G1 X43.17 Y80.28 F1500
G1 X42.75 Y80.67 F1500
G1 X41.70 Y78.73 F1500
G1 X41.49 Y78.58 F1500
G1 X41.07 Y79.03 F1500
G1 X40.23 Y80.66 F1500
G1 X39.81 Y80.34 F1500
G1 X39.19 Y78.91 F1500
G1 X38.77 Y78.60 F1500
G1 X37.93 Y80.22 F1500
G1 X37.51 Y80.67 F1500
G1 X37.30 Y80.53 F1500
G1 X36.25 Y78.59 F1500
G1 X35.83 Y78.97 F1500
G1 X34.99 Y80.64 F1500
G1 X34.37 Y79.76 F1500
G1 X33.74 Y79.25 F1500
G1 X32.27 Y79.91 F1500
G1 X30.80 Y79.34 F1500
G1 X29.55 Y80.06 F1500
G1 X29.13 Y79.84 F1500
G1 X28.29 Y78.71 F1500
G1 X28.08 Y78.79 F1500
G1 X27.24 Y80.23 F1500
G1 X27.03 Y80.23 F1500
G1 X26.19 Y79.52 F1500
G1 X25.56 Y79.25 F1500
G1 X25.15 Y79.48 F1500
G1 X24.31 Y80.42 F1500
G1 X24.10 Y80.34 F1500
G1 X23.47 Y79.15 F1500
G1 X23.05 Y78.73 F1500
G1 X22.63 Y79.12 F1500
G1 X21.79 Y80.66 F1500
G1 X21.37 Y80.33 F1500
G1 X20.75 Y78.90 F1500
G1 X20.33 Y78.60 F1500
G1 X19.49 Y80.24 F1500
G1 X19.07 Y80.67 F1500
G1 X17.81 Y78.84 F1500
G1 X17.39 Y79.10 F1500
G1 X16.55 Y80.57 F1500
G1 X16.34 Y80.58 F1500
G1 X16.14 Y80.33 F1500
G1 X15.51 Y79.09 F1500
G1 X15.09 Y78.85 F1500
G1 X14.04 Y80.07 F1500
G1 X13.62 Y80.06 F1500
G1 X12.57 Y79.14 F1500
G1 X12.15 Y79.28 F1500
G1 X11.53 Y80.06 F1500
G1 X11.11 Y80.30 F1500
G1 X9.85 Y78.58 F1500
G1 X8.59 Y80.67 F1500
G1 X8.17 Y80.26 F1500
G1 X7.33 Y78.61 F1500
G1 X7.12 Y78.62 F1500
G1 X6.92 Y78.88 F1500
G1 X6.08 Y80.58 F1500
G1 X5.87 Y80.60 F1500
G1 X5.66 Y80.39 F1500
G1 X5.03 Y79.16 F1500
G1 X4.61 Y78.74 F1500
G1 X4.19 Y79.11 F1500
G1 X3.35 Y80.63 F1500
G1 X2.93 Y80.30 F1500
G1 X2.10 Y78.75 F1500
G1 X1.68 Y79.01 F1500
G1 X1.05 Y80.09 F1500
G1 X0.63 Y80.40 F1500
G1 X0.42 Y80.31 F1500
G1 X0.00 Y79.63 F1500
G1 X0.00 Y79.84 F1500
G1 X0.00 Y80.05 F1500
G1 X0.00 Y80.26 F1500
G1 X0.00 Y80.47 F1500
G1 X0.00 Y80.68 F1500
G1 X0.00 Y80.68 F1500
G1 X0.42 Y81.29 F1500
G1 X0.84 Y81.35 F1500
G1 X1.68 Y80.03 F1500
G1 X2.10 Y79.81 F1500
G1 X2.93 Y81.30 F1500
G1 X3.35 Y81.59 F1500
G1 X4.19 Y80.16 F1500
G1 X4.61 Y79.79 F1500
G1 X5.03 Y80.23 F1500
G1 X5.66 Y81.39 F1500
G1 X6.08 Y81.55 F1500
G1 X6.92 Y79.93 F1500
G1 X7.12 Y79.67 F1500
G1 X7.33 Y79.65 F1500
G1 X8.17 Y81.31 F1500
G1 X8.59 Y81.72 F1500
G1 X9.43 Y80.26 F1500
G1 X9.85 Y79.86 F1500
G1 X10.27 Y80.18 F1500
G1 X11.11 Y81.46 F1500
G1 X12.36 Y80.31 F1500
G1 X12.78 Y80.38 F1500
G1 X13.83 Y81.05 F1500
G1 X14.25 Y80.91 F1500
G1 X14.88 Y80.24 F1500
G1 X15.30 Y80.05 F1500
G1 X16.14 Y81.13 F1500
G1 X16.55 Y81.28 F1500
G1 X17.81 Y79.73 F1500
G1 X18.02 Y79.85 F1500
G1 X18.86 Y81.57 F1500
G1 X19.07 Y81.72 F1500
G1 X19.49 Y81.29 F1500
G1 X20.33 Y79.65 F1500
G1 X20.75 Y79.95 F1500
G1 X21.37 Y81.38 F1500
G1 X21.79 Y81.71 F1500
G1 X22.63 Y80.09 F1500
G1 X23.05 Y79.63 F1500
G1 X23.47 Y80.14 F1500
G1 X24.10 Y81.47 F1500
G1 X24.31 Y81.59 F1500
G1 X25.15 Y80.51 F1500
G1 X25.56 Y80.29 F1500
G1 X25.98 Y80.39 F1500
G1 X27.03 Y81.26 F1500
G1 X27.24 Y81.23 F1500
G1 X28.29 Y79.80 F1500
G1 X29.13 Y80.89 F1500
G1 X29.55 Y81.10 F1500
G1 X30.80 Y80.41 F1500
G1 X32.27 Y80.95 F1500
G1 X33.74 Y80.33 F1500
G1 X34.58 Y81.01 F1500
G1 X34.99 Y81.69 F1500
G1 X35.83 Y80.02 F1500
G1 X36.25 Y79.63 F1500
G1 X37.30 Y81.58 F1500
G1 X37.51 Y81.72 F1500
G1 X37.93 Y81.27 F1500
G1 X38.77 Y79.64 F1500
G1 X39.19 Y79.96 F1500
G1 X39.81 Y81.39 F1500
G1 X40.23 Y81.71 F1500
G1 X41.07 Y80.07 F1500
G1 X41.49 Y79.63 F1500
G1 X41.70 Y79.78 F1500
G1 X42.75 Y81.72 F1500
G1 X43.17 Y81.33 F1500
G1 X43.80 Y79.90 F1500
G1 X44.00 Y79.66 F1500
G1 X44.21 Y79.66 F1500
G1 X45.05 Y81.34 F1500
G1 X45.47 Y81.72 F1500
G1 X46.52 Y79.77 F1500
G1 X46.73 Y79.63 F1500
G1 X47.15 Y80.09 F1500
G1 X47.78 Y81.37 F1500
G1 X48.20 Y81.67 F1500
G1 X49.03 Y79.95 F1500
G1 X49.45 Y79.65 F1500
G1 X50.29 Y81.28 F1500
G1 X50.71 Y81.58 F1500
G1 X50.92 Y81.57 F1500
G1 X51.76 Y79.81 F1500
G1 X51.97 Y79.71 F1500
G1 X52.39 Y80.03 F1500
G1 X53.22 Y81.69 F1500
G1 X53.43 Y81.69 F1500
G1 X53.64 Y81.43 F1500
G1 X54.27 Y80.03 F1500
G1 X54.69 Y79.72 F1500
G1 X54.90 Y79.82 F1500
G1 X55.53 Y81.23 F1500
G1 X55.95 Y81.72 F1500
G1 X56.16 Y81.60 F1500
G1 X57.21 Y79.64 F1500
G1 X57.63 Y79.98 F1500
G1 X58.25 Y81.40 F1500
G1 X58.67 Y81.70 F1500
G1 X59.51 Y80.06 F1500
G1 X59.93 Y79.63 F1500
G1 X61.19 Y81.72 F1500
G1 X61.61 Y81.31 F1500
G1 X62.44 Y79.70 F1500
G1 X62.65 Y79.71 F1500
G1 X62.86 Y79.97 F1500
G1 X63.49 Y81.27 F1500
G1 X63.91 Y81.57 F1500
G1 X64.75 Y80.25 F1500
G1 X65.17 Y79.93 F1500
G1 X66.43 Y81.37 F1500
G1 X66.85 Y81.13 F1500
G1 X67.47 Y80.22 F1500
G1 X67.89 Y80.04 F1500
G1 X68.73 Y81.04 F1500
G1 X69.15 Y81.28 F1500
G1 X70.41 Y80.10 F1500
G1 X70.83 Y80.32 F1500
G1 X71.66 Y81.22 F1500
G1 X72.08 Y81.07 F1500
G1 X72.71 Y80.32 F1500
G1 X73.13 Y80.14 F1500
G1 X74.39 Y81.20 F1500
G1 X75.65 Y80.17 F1500
G1 X76.07 Y80.35 F1500
G1 X76.90 Y81.15 F1500
G1 X77.32 Y81.03 F1500
G1 X77.95 Y80.40 F1500
G1 X78.37 Y80.21 F1500
G1 X79.63 Y81.14 F1500
G1 X80.88 Y80.23 F1500
G1 X81.30 Y80.35 F1500
G1 X81.93 Y80.98 F1500
G1 X82.35 Y81.13 F1500
G1 X83.61 Y80.22 F1500
G1 X84.87 Y81.13 F1500
G1 X85.29 Y80.97 F1500
G1 X85.91 Y80.35 F1500
G1 X86.33 Y80.21 F1500
G1 X87.17 Y80.96 F1500
G1 X87.59 Y81.13 F1500
G1 X88.85 Y80.25 F1500
G1 X90.10 Y81.05 F1500
G1 X90.52 Y80.94 F1500
G1 X91.36 Y80.34 F1500
G1 X92.83 Y80.95 F1500
G1 X94.09 Y80.47 F1500
G1 X95.34 Y80.82 F1500
G1 X96.39 Y80.62 F1500
G1 X102.05 Y80.68 F1500
G1 X102.47 Y80.24 F1500
G1 X103.31 Y81.68 F1500
G1 X103.73 Y81.32 F1500
G1 X104.56 Y79.73 F1500
G1 X104.77 Y79.72 F1500
G1 X104.98 Y79.95 F1500
G1 X105.61 Y81.26 F1500
G1 X106.03 Y81.58 F1500
G1 X107.29 Y79.76 F1500
G1 X107.50 Y79.85 F1500
G1 X108.54 Y81.49 F1500
G1 X108.96 Y81.25 F1500
G1 X109.59 Y80.11 F1500
G1 X110.01 Y79.85 F1500
G1 X110.85 Y81.15 F1500
G1 X111.27 Y81.53 F1500
G1 X111.48 Y81.44 F1500
G1 X112.53 Y79.77 F1500
G1 X112.95 Y80.07 F1500
G1 X113.57 Y81.39 F1500
G1 X113.99 Y81.61 F1500
G1 X114.83 Y80.09 F1500
G1 X115.25 Y79.72 F1500
G1 X116.51 Y81.72 F1500
G1 X116.72 Y81.61 F1500
G1 X117.76 Y79.68 F1500
G1 X118.18 Y80.04 F1500
G1 X118.81 Y81.39 F1500
G1 X119.02 Y81.67 F1500
G1 X119.23 Y81.70 F1500
G1 X120.07 Y80.07 F1500
G1 X120.49 Y79.63 F1500
G1 X120.70 Y79.78 F1500
G1 X121.54 Y81.54 F1500
G1 X121.75 Y81.72 F1500
G1 X122.17 Y81.32 F1500
G1 X122.79 Y79.92 F1500
G1 X123.00 Y79.75 F1500
G1 X123.42 Y80.06 F1500
G1 X124.26 Y81.45 F1500
G1 X124.68 Y81.30 F1500
G1 X125.52 Y79.86 F1500
G1 X125.73 Y79.73 F1500
G1 X126.15 Y80.10 F1500
G1 X126.98 Y81.71 F1500
G1 X127.40 Y81.38 F1500
G1 X128.03 Y79.95 F1500
G1 X128.45 Y79.65 F1500
G1 X129.29 Y81.29 F1500
G1 X129.71 Y81.72 F1500
G1 X130.97 Y79.63 F1500
G1 X131.18 Y79.73 F1500
G1 X132.01 Y81.37 F1500
G1 X132.22 Y81.51 F1500
G1 X132.43 Y81.44 F1500
G1 X133.48 Y80.21 F1500
G1 X133.90 Y80.35 F1500
G1 X134.74 Y81.02 F1500
G1 X135.16 Y81.12 F1500
G1 X135.58 Y80.73 F1500
G1 X136.20 Y79.64 F1500
G1 X136.62 Y79.98 F1500
G1 X137.25 Y81.41 F1500
G1 X137.46 Y81.68 F1500
G1 X137.67 Y81.70 F1500
G1 X138.51 Y80.06 F1500
G1 X138.93 Y79.63 F1500
G1 X140.19 Y81.72 F1500
G1 X140.61 Y81.31 F1500
G1 X141.44 Y79.67 F1500
G1 X141.65 Y79.68 F1500
G1 X141.86 Y79.93 F1500
G1 X142.70 Y81.65 F1500
G1 X142.91 Y81.70 F1500
G1 X143.12 Y81.45 F1500
G1 X143.75 Y80.19 F1500
G1 X144.17 Y79.77 F1500
G1 X144.59 Y80.17 F1500
G1 X145.42 Y81.69 F1500
G1 X145.84 Y81.36 F1500
G1 X146.47 Y79.94 F1500
G1 X146.68 Y79.67 F1500
G1 X146.89 Y79.65 F1500
G1 X147.73 Y81.30 F1500
G1 X148.15 Y81.72 F1500
G1 X149.41 Y79.63 F1500
G1 X149.83 Y80.05 F1500
G1 X150.66 Y81.70 F1500
G1 X150.87 Y81.64 F1500
G1 X151.92 Y79.99 F1500
G1 X152.34 Y80.10 F1500
G1 X153.39 Y81.53 F1500
G1 X153.81 Y81.13 F1500
G1 X154.44 Y79.99 F1500
G1 X154.85 Y79.86 F1500
G1 X155.69 Y81.37 F1500
G1 X155.90 Y81.65 F1500
G1 X156.11 Y81.66 F1500
G1 X156.95 Y80.15 F1500
G1 X157.37 Y79.77 F1500
G1 X158.21 Y81.08 F1500
G1 X158.63 Y81.41 F1500
G1 X159.05 Y81.18 F1500
G1 X159.88 Y79.72 F1500
G1 X160.09 Y79.72 F1500
G1 X160.30 Y79.98 F1500
G1 X160.72 Y80.84 F1500
G1 X161.35 Y81.23 F1500
G1 X162.61 Y80.08 F1500
G1 X163.86 Y81.25 F1500
G1 X164.28 Y81.05 F1500
G1 X165.12 Y80.11 F1500
G1 X165.54 Y80.24 F1500
G1 X166.17 Y81.02 F1500
G1 X166.59 Y81.22 F1500
G1 X167.85 Y80.15 F1500
G1 X169.10 Y81.19 F1500
G1 X169.52 Y81.04 F1500
G1 X170.15 Y80.31 F1500
G1 X170.57 Y80.14 F1500
G1 X171.83 Y81.22 F1500
G1 X173.08 Y80.14 F1500
G1 X173.50 Y80.32 F1500
G1 X174.13 Y81.07 F1500
G1 X174.55 Y81.21 F1500
G1 X175.39 Y80.33 F1500
G1 X175.81 Y80.13 F1500
G1 X177.07 Y81.23 F1500
G1 X177.49 Y81.00 F1500
G1 X178.32 Y80.09 F1500
G1 X178.74 Y80.27 F1500
G1 X179.58 Y81.32 F1500
G1 X180.00 Y81.49 F1500
G1 X180.00 Y81.70 F1500
G1 X180.00 Y81.91 F1500
G1 X180.00 Y82.12 F1500
G1 X180.00 Y82.33 F1500
G1 X180.00 Y82.54 F1500
G1 X180.00 Y82.54 F1500
G1 X179.58 Y82.38 F1500
G1 X178.74 Y81.29 F1500
G1 X178.32 Y81.11 F1500
G1 X177.49 Y82.06 F1500
G1 X177.07 Y82.31 F1500
G1 X175.81 Y81.17 F1500
G1 X175.39 Y81.38 F1500
G1 X174.55 Y82.25 F1500
G1 X174.13 Y82.12 F1500
G1 X173.50 Y81.38 F1500
G1 X173.08 Y81.19 F1500
G1 X171.83 Y82.26 F1500
G1 X170.57 Y81.21 F1500
G1 X170.15 Y81.38 F1500
G1 X169.52 Y82.09 F1500
G1 X169.10 Y82.24 F1500
G1 X167.85 Y81.20 F1500
G1 X166.59 Y82.25 F1500
G1 X166.17 Y82.06 F1500
G1 X165.54 Y81.31 F1500
G1 X165.12 Y81.16 F1500
G1 X164.28 Y82.10 F1500
G1 X163.86 Y82.29 F1500
G1 X162.61 Y81.11 F1500
G1 X162.19 Y81.36 F1500
G1 X161.56 Y82.12 F1500
G1 X161.14 Y82.24 F1500
G1 X160.72 Y81.87 F1500
G1 X160.09 Y80.83 F1500
G1 X159.88 Y80.81 F1500
G1 X159.05 Y82.22 F1500
G1 X158.63 Y82.53 F1500
G1 X158.21 Y82.12 F1500
G1 X157.37 Y80.76 F1500
G1 X156.95 Y81.19 F1500
G1 X156.11 Y82.72 F1500
G1 X155.69 Y82.44 F1500
G1 X155.06 Y81.12 F1500
G1 X154.64 Y80.86 F1500
G1 X153.60 Y82.46 F1500
G1 X153.39 Y82.55 F1500
G1 X153.18 Y82.41 F1500
G1 X152.34 Y81.17 F1500
G1 X151.92 Y81.06 F1500
G1 X150.87 Y82.69 F1500
G1 X150.66 Y82.75 F1500
G1 X149.83 Y81.10 F1500
G1 X149.41 Y80.68 F1500
G1 X148.15 Y82.77 F1500
G1 X147.73 Y82.35 F1500
G1 X146.89 Y80.70 F1500
G1 X146.68 Y80.72 F1500
G1 X146.47 Y80.98 F1500
G1 X145.84 Y82.41 F1500
G1 X145.42 Y82.76 F1500
G1 X144.59 Y81.21 F1500
G1 X144.17 Y80.82 F1500
G1 X143.75 Y81.25 F1500
G1 X143.12 Y82.48 F1500
G1 X142.91 Y82.73 F1500
G1 X142.70 Y82.70 F1500
G1 X141.86 Y80.98 F1500
G1 X141.65 Y80.72 F1500
G1 X141.44 Y80.70 F1500
G1 X140.61 Y82.36 F1500
G1 X140.19 Y82.77 F1500
G1 X138.93 Y80.68 F1500
G1 X138.51 Y81.10 F1500
G1 X137.67 Y82.75 F1500
G1 X137.46 Y82.72 F1500
G1 X137.25 Y82.46 F1500
G1 X136.62 Y81.03 F1500
G1 X136.20 Y80.69 F1500
G1 X135.58 Y81.79 F1500
G1 X135.16 Y82.18 F1500
G1 X134.74 Y82.06 F1500
G1 X133.90 Y81.40 F1500
G1 X133.48 Y81.30 F1500
G1 X132.43 Y82.41 F1500
G1 X132.22 Y82.45 F1500
G1 X131.80 Y82.00 F1500
G1 X131.18 Y80.83 F1500
G1 X130.97 Y80.76 F1500
G1 X130.76 Y80.90 F1500
G1 X129.92 Y82.61 F1500
G1 X129.71 Y82.77 F1500
G1 X129.29 Y82.34 F1500
G1 X128.45 Y80.69 F1500
G1 X128.03 Y81.00 F1500
G1 X127.40 Y82.43 F1500
G1 X126.98 Y82.76 F1500
G1 X126.15 Y81.14 F1500
G1 X125.73 Y80.68 F1500
G1 X124.47 Y82.60 F1500
G1 X124.05 Y82.25 F1500
G1 X123.42 Y81.13 F1500
G1 X123.00 Y80.92 F1500
G1 X121.96 Y82.62 F1500
G1 X121.75 Y82.70 F1500
G1 X121.54 Y82.57 F1500
G1 X120.91 Y81.20 F1500
G1 X120.49 Y80.68 F1500
G1 X120.07 Y81.12 F1500
G1 X119.23 Y82.75 F1500
G1 X118.81 Y82.44 F1500
G1 X118.18 Y81.02 F1500
G1 X117.97 Y80.74 F1500
G1 X117.76 Y80.72 F1500
G1 X116.93 Y82.29 F1500
G1 X116.51 Y82.71 F1500
G1 X116.30 Y82.58 F1500
G1 X115.67 Y81.29 F1500
G1 X115.25 Y80.78 F1500
G1 X115.04 Y80.89 F1500
G1 X113.99 Y82.47 F1500
G1 X113.57 Y82.29 F1500
G1 X112.95 Y81.22 F1500
G1 X112.53 Y80.90 F1500
G1 X111.27 Y82.55 F1500
G1 X111.06 Y82.46 F1500
G1 X110.01 Y80.94 F1500
G1 X109.59 Y81.18 F1500
G1 X108.96 Y82.27 F1500
G1 X108.54 Y82.52 F1500
G1 X107.50 Y80.96 F1500
G1 X107.29 Y80.84 F1500
G1 X107.08 Y80.96 F1500
G1 X106.03 Y82.65 F1500
G1 X105.61 Y82.32 F1500
G1 X104.98 Y81.00 F1500
G1 X104.77 Y80.77 F1500
G1 X104.56 Y80.77 F1500
G1 X103.73 Y82.37 F1500
G1 X103.31 Y82.71 F1500
G1 X102.68 Y81.70 F1500
G1 X102.47 Y81.65 F1500
G1 X96.60 Y81.63 F1500
G1 X95.34 Y81.87 F1500
G1 X94.09 Y81.48 F1500
G1 X92.83 Y81.99 F1500
G1 X91.36 Y81.38 F1500
G1 X90.52 Y81.99 F1500
G1 X90.10 Y82.10 F1500
G1 X88.85 Y81.33 F1500
G1 X87.59 Y82.14 F1500
G1 X87.17 Y81.98 F1500
G1 X86.33 Y81.29 F1500
G1 X86.12 Y81.30 F1500
G1 X85.29 Y82.02 F1500
G1 X84.87 Y82.15 F1500
G1 X83.61 Y81.28 F1500
G1 X82.35 Y82.15 F1500
G1 X81.93 Y82.02 F1500
G1 X81.30 Y81.41 F1500
G1 X80.88 Y81.29 F1500
G1 X79.63 Y82.20 F1500
G1 X78.37 Y81.26 F1500
G1 X77.95 Y81.44 F1500
G1 X77.32 Y82.08 F1500
G1 X76.90 Y82.19 F1500
G1 X76.07 Y81.40 F1500
G1 X75.65 Y81.23 F1500
G1 X74.39 Y82.25 F1500
G1 X73.13 Y81.17 F1500
G1 X72.71 Y81.36 F1500
G1 X72.08 Y82.12 F1500
G1 X71.66 Y82.26 F1500
G1 X70.83 Y81.38 F1500
G1 X70.41 Y81.16 F1500
G1 X69.15 Y82.31 F1500
G1 X68.73 Y82.09 F1500
G1 X67.89 Y81.11 F1500
G1 X67.47 Y81.28 F1500
G1 X66.85 Y82.14 F1500
G1 X66.43 Y82.36 F1500
G1 X65.17 Y81.03 F1500
G1 X64.75 Y81.35 F1500
G1 X63.91 Y82.44 F1500
G1 X63.49 Y82.20 F1500
G1 X62.86 Y81.18 F1500
G1 X62.44 Y80.92 F1500
G1 X61.40 Y82.61 F1500
G1 X61.19 Y82.71 F1500
G1 X60.98 Y82.60 F1500
G1 X60.35 Y81.21 F1500
G1 X59.93 Y80.68 F1500
G1 X59.51 Y81.11 F1500
G1 X58.67 Y82.75 F1500
G1 X58.25 Y82.45 F1500
G1 X57.63 Y81.02 F1500
G1 X57.21 Y80.69 F1500
G1 X56.16 Y82.65 F1500
G1 X55.53 Y82.27 F1500
G1 X54.69 Y80.68 F1500
G1 X54.48 Y80.75 F1500
G1 X53.85 Y82.03 F1500
G1 X53.22 Y82.74 F1500
G1 X52.39 Y81.08 F1500
G1 X51.97 Y80.68 F1500
G1 X50.92 Y82.54 F1500
G1 X50.50 Y82.67 F1500
G1 X49.66 Y80.92 F1500
G1 X49.45 Y80.69 F1500
G1 X49.24 Y80.73 F1500
G1 X48.20 Y82.63 F1500
G1 X47.99 Y82.74 F1500
G1 X47.15 Y81.15 F1500
G1 X46.73 Y80.68 F1500
G1 X46.52 Y80.82 F1500
G1 X45.47 Y82.76 F1500
G1 X45.05 Y82.39 F1500
G1 X44.21 Y80.71 F1500
G1 X44.00 Y80.71 F1500
G1 X43.80 Y80.95 F1500
G1 X43.17 Y82.38 F1500
G1 X42.75 Y82.77 F1500
G1 X41.70 Y80.82 F1500
G1 X41.49 Y80.68 F1500
G1 X41.07 Y81.12 F1500
G1 X40.23 Y82.75 F1500
G1 X39.81 Y82.44 F1500
G1 X39.19 Y81.01 F1500
G1 X38.77 Y80.69 F1500
G1 X37.93 Y82.32 F1500
G1 X37.51 Y82.77 F1500
G1 X37.30 Y82.62 F1500
G1 X36.25 Y80.68 F1500
G1 X35.83 Y81.07 F1500
G1 X34.99 Y82.74 F1500
G1 X34.78 Y82.74 F1500
G1 X34.16 Y81.61 F1500
G1 X33.74 Y81.30 F1500
G1 X32.27 Y82.00 F1500
G1 X30.80 Y81.46 F1500
G1 X29.55 Y82.17 F1500
G1 X29.13 Y81.95 F1500
G1 X28.50 Y80.97 F1500
G1 X28.29 Y80.87 F1500
G1 X27.66 Y81.70 F1500
G1 X27.24 Y82.00 F1500
G1 X25.56 Y81.57 F1500
G1 X25.15 Y81.61 F1500
G1 X24.31 Y82.72 F1500
G1 X24.10 Y82.58 F1500
G1 X23.26 Y80.81 F1500
G1 X23.05 Y80.68 F1500
G1 X22.63 Y81.14 F1500
G1 X21.79 Y82.76 F1500
G1 X21.37 Y82.43 F1500
G1 X20.75 Y81.00 F1500
G1 X20.33 Y80.69 F1500
G1 X19.49 Y82.34 F1500
G1 X19.07 Y82.77 F1500
G1 X18.23 Y81.36 F1500
G1 X17.81 Y81.04 F1500
G1 X16.55 Y82.28 F1500
G1 X16.14 Y82.15 F1500
G1 X15.30 Y81.11 F1500
G1 X13.83 Y82.22 F1500
G1 X13.41 Y82.00 F1500
G1 X12.78 Y81.31 F1500
G1 X12.36 Y81.19 F1500
G1 X11.32 Y82.44 F1500
G1 X11.11 Y82.44 F1500
G1 X10.27 Y81.31 F1500
G1 X9.85 Y81.01 F1500
G1 X9.43 Y81.35 F1500
G1 X8.59 Y82.59 F1500
G1 X8.17 Y82.27 F1500
G1 X7.33 Y80.75 F1500
G1 X7.12 Y80.77 F1500
G1 X6.92 Y81.03 F1500
G1 X6.29 Y82.34 F1500
G1 X5.87 Y82.61 F1500
G1 X5.03 Y81.28 F1500
G1 X4.61 Y80.87 F1500
G1 X4.19 Y81.23 F1500
G1 X3.35 Y82.63 F1500
G1 X3.14 Y82.61 F1500
G1 X2.93 Y82.33 F1500
G1 X2.10 Y80.88 F1500
G1 X1.89 Y80.86 F1500
G1 X1.68 Y81.08 F1500
G1 X0.84 Y82.40 F1500
G1 X0.42 Y82.37 F1500
G1 X0.00 Y81.72 F1500
G1 X0.00 Y81.93 F1500
G1 X0.00 Y82.14 F1500
G1 X0.00 Y82.35 F1500
G1 X0.00 Y82.56 F1500
G1 X0.00 Y82.77 F1500
G1 X0.00 Y82.77 F1500
G1 X0.42 Y83.48 F1500
G1 X0.84 Y83.50 F1500
G1 X1.68 Y82.14 F1500
G1 X2.10 Y81.96 F1500
G1 X2.93 Y83.33 F1500
G1 X3.35 Y83.61 F1500
G1 X4.40 Y82.03 F1500
G1 X4.61 Y81.92 F1500
G1 X4.82 Y82.03 F1500
G1 X5.87 Y83.59 F1500
G1 X6.29 Y83.30 F1500
G1 X6.92 Y82.20 F1500
G1 X7.33 Y81.99 F1500
G1 X8.38 Y83.53 F1500
G1 X8.59 Y83.57 F1500
G1 X9.43 Y82.41 F1500
G1 X9.85 Y82.07 F1500
G1 X10.27 Y82.36 F1500
G1 X11.11 Y83.49 F1500
G1 X11.32 Y83.43 F1500
G1 X12.15 Y82.47 F1500
G1 X12.57 Y82.35 F1500
G1 X12.99 Y82.58 F1500
G1 X13.83 Y83.47 F1500
G1 X14.04 Y83.46 F1500
G1 X15.09 Y81.89 F1500
G1 X15.30 Y81.97 F1500
G1 X16.34 Y83.36 F1500
G1 X16.76 Y83.20 F1500
G1 X17.60 Y82.18 F1500
G1 X18.02 Y82.11 F1500
G1 X19.07 Y83.80 F1500
G1 X19.49 Y83.38 F1500
G1 X20.33 Y81.74 F1500
G1 X20.75 Y82.04 F1500
G1 X21.37 Y83.47 F1500
G1 X21.79 Y83.80 F1500
G1 X22.63 Y82.19 F1500
G1 X23.05 Y81.72 F1500
G1 X23.26 Y81.86 F1500
G1 X24.31 Y83.81 F1500
G1 X25.15 Y82.70 F1500
G1 X27.45 Y82.89 F1500
G1 X28.29 Y81.93 F1500
G1 X28.50 Y82.00 F1500
G1 X29.13 Y82.99 F1500
G1 X29.55 Y83.23 F1500
G1 X30.80 Y82.48 F1500
G1 X32.27 Y83.06 F1500
G1 X33.74 Y82.38 F1500
G1 X34.16 Y82.67 F1500
G1 X34.78 Y83.57 F1500
G1 X34.99 Y83.62 F1500
G1 X35.20 Y83.52 F1500
G1 X35.83 Y82.11 F1500
G1 X36.25 Y81.73 F1500
G1 X37.30 Y83.67 F1500
G1 X37.51 Y83.82 F1500
G1 X37.93 Y83.37 F1500
G1 X38.77 Y81.74 F1500
G1 X39.19 Y82.06 F1500
G1 X39.81 Y83.49 F1500
G1 X40.23 Y83.80 F1500
G1 X41.07 Y82.17 F1500
G1 X41.49 Y81.72 F1500
G1 X41.70 Y81.87 F1500
G1 X42.75 Y83.81 F1500
G1 X43.17 Y83.41 F1500
G1 X43.80 Y82.00 F1500
G1 X44.00 Y81.75 F1500
G1 X44.21 Y81.76 F1500
G1 X45.05 Y83.41 F1500
G1 X45.47 Y83.81 F1500
G1 X46.52 Y81.86 F1500
G1 X46.73 Y81.72 F1500
G1 X46.94 Y82.11 F1500
G1 X47.15 Y82.18 F1500
G1 X47.99 Y83.80 F1500
G1 X48.41 Y83.48 F1500
G1 X48.82 Y82.51 F1500
G1 X49.45 Y81.74 F1500
G1 X50.29 Y83.38 F1500
G1 X50.71 Y83.82 F1500
G1 X50.92 Y83.66 F1500
G1 X51.55 Y82.29 F1500
G1 X51.97 Y81.73 F1500
G1 X52.39 Y82.13 F1500
G1 X53.22 Y83.79 F1500
G1 X53.43 Y83.78 F1500
G1 X53.64 Y83.49 F1500
G1 X54.27 Y82.10 F1500
G1 X54.69 Y81.73 F1500
G1 X55.74 Y83.68 F1500
G1 X56.16 Y83.70 F1500
G1 X57.00 Y81.95 F1500
G1 X57.21 Y82.12 F1500
G1 X57.63 Y82.07 F1500
G1 X58.25 Y83.50 F1500
G1 X58.67 Y83.80 F1500
G1 X59.51 Y82.15 F1500
G1 X59.93 Y81.72 F1500
G1 X60.14 Y81.88 F1500
G1 X60.98 Y83.57 F1500
G1 X61.19 Y83.68 F1500
G1 X61.40 Y83.59 F1500
G1 X62.44 Y82.02 F1500
G1 X62.86 Y82.25 F1500
G1 X63.49 Y83.24 F1500
G1 X63.91 Y83.46 F1500
G1 X65.17 Y82.10 F1500
G1 X66.43 Y83.40 F1500
G1 X66.85 Y83.19 F1500
G1 X67.47 Y82.34 F1500
G1 X67.89 Y82.17 F1500
G1 X68.73 Y83.14 F1500
G1 X69.15 Y83.36 F1500
G1 X70.41 Y82.20 F1500
G1 X70.62 Y82.25 F1500
G1 X71.66 Y83.30 F1500
G1 X72.08 Y83.16 F1500
G1 X72.71 Y82.41 F1500
G1 X73.13 Y82.23 F1500
G1 X74.39 Y83.30 F1500
G1 X75.65 Y82.27 F1500
G1 X76.07 Y82.44 F1500
G1 X76.90 Y83.24 F1500
G1 X77.32 Y83.14 F1500
G1 X77.95 Y82.48 F1500
G1 X78.37 Y82.29 F1500
G1 X79.63 Y83.24 F1500
G1 X80.88 Y82.35 F1500
G1 X81.30 Y82.46 F1500
G1 X81.93 Y83.06 F1500
G1 X82.35 Y83.21 F1500
G1 X83.61 Y82.34 F1500
G1 X84.87 Y83.19 F1500
G1 X86.12 Y82.38 F1500
G1 X86.54 Y82.47 F1500
G1 X87.17 Y83.02 F1500
G1 X87.59 Y83.17 F1500
G1 X88.85 Y82.39 F1500
G1 X90.10 Y83.13 F1500
G1 X90.52 Y83.01 F1500
G1 X91.36 Y82.44 F1500
G1 X92.83 Y83.05 F1500
G1 X94.09 Y82.53 F1500
G1 X95.34 Y82.98 F1500
G1 X96.60 Y82.66 F1500
G1 X97.65 Y82.80 F1500
G1 X102.68 Y82.77 F1500
G1 X102.89 Y82.89 F1500
G1 X103.31 Y83.75 F1500
G1 X103.73 Y83.43 F1500
G1 X104.35 Y82.02 F1500
G1 X104.56 Y81.79 F1500
G1 X104.77 Y81.78 F1500
G1 X105.61 Y83.40 F1500
G1 X106.03 Y83.75 F1500
G1 X107.08 Y81.97 F1500
G1 X107.29 Y81.85 F1500
G1 X108.54 Y83.47 F1500
G1 X108.96 Y83.25 F1500
G1 X109.59 Y82.29 F1500
G1 X110.01 Y82.06 F1500
G1 X110.85 Y83.18 F1500
G1 X111.27 Y83.49 F1500
G1 X112.53 Y82.14 F1500
G1 X112.95 Y82.37 F1500
G1 X113.57 Y83.29 F1500
G1 X113.99 Y83.51 F1500
G1 X115.04 Y81.88 F1500
G1 X115.25 Y81.79 F1500
G1 X115.46 Y81.94 F1500
G1 X116.09 Y83.30 F1500
G1 X116.51 Y83.81 F1500
G1 X116.93 Y83.36 F1500
G1 X117.76 Y81.74 F1500
G1 X118.18 Y82.07 F1500
G1 X118.81 Y83.48 F1500
G1 X119.23 Y83.79 F1500
G1 X120.07 Y82.17 F1500
G1 X120.49 Y81.72 F1500
G1 X120.70 Y81.87 F1500
G1 X121.54 Y83.49 F1500
G1 X121.96 Y83.51 F1500
G1 X122.79 Y82.22 F1500
G1 X123.21 Y82.01 F1500
G1 X124.47 Y83.74 F1500
G1 X124.68 Y83.61 F1500
G1 X125.31 Y82.22 F1500
G1 X125.73 Y81.72 F1500
G1 X126.15 Y82.19 F1500
G1 X126.98 Y83.80 F1500
G1 X127.40 Y83.47 F1500
G1 X128.24 Y81.77 F1500
G1 X128.45 Y81.74 F1500
G1 X128.66 Y81.97 F1500
G1 X129.29 Y83.34 F1500
G1 X129.71 Y83.64 F1500
G1 X130.97 Y81.92 F1500
G1 X131.18 Y81.99 F1500
G1 X131.80 Y83.01 F1500
G1 X132.22 Y83.39 F1500
G1 X132.43 Y83.36 F1500
G1 X133.48 Y82.38 F1500
G1 X133.90 Y82.47 F1500
G1 X134.74 Y83.15 F1500
G1 X135.16 Y83.30 F1500
G1 X136.20 Y81.74 F1500
G1 X136.62 Y82.08 F1500
G1 X137.25 Y83.50 F1500
G1 X137.46 Y83.77 F1500
G1 X137.67 Y83.80 F1500
G1 X138.51 Y82.15 F1500
G1 X138.93 Y81.72 F1500
G1 X140.19 Y83.82 F1500
G1 X140.61 Y83.41 F1500
G1 X141.44 Y81.75 F1500
G1 X141.65 Y81.76 F1500
G1 X141.86 Y82.02 F1500
G1 X142.70 Y83.72 F1500
G1 X143.12 Y83.50 F1500
G1 X143.75 Y82.30 F1500
G1 X144.17 Y81.89 F1500
G1 X144.59 Y82.27 F1500
G1 X145.42 Y83.81 F1500
G1 X145.84 Y83.46 F1500
G1 X146.47 Y82.03 F1500
G1 X146.68 Y81.77 F1500
G1 X146.89 Y81.75 F1500
G1 X147.73 Y83.40 F1500
G1 X148.15 Y83.82 F1500
G1 X149.41 Y81.73 F1500
G1 X149.83 Y82.14 F1500
G1 X150.66 Y83.79 F1500
G1 X151.08 Y83.42 F1500
G1 X151.92 Y82.04 F1500
G1 X152.34 Y82.16 F1500
G1 X153.18 Y83.53 F1500
G1 X153.39 Y83.63 F1500
G1 X153.81 Y83.23 F1500
G1 X154.64 Y81.91 F1500
G1 X155.06 Y82.16 F1500
G1 X155.69 Y83.50 F1500
G1 X155.90 Y83.77 F1500
G1 X156.11 Y83.78 F1500
G1 X156.95 Y82.22 F1500
G1 X157.37 Y81.86 F1500
G1 X158.21 Y83.18 F1500
G1 X158.63 Y83.57 F1500
G1 X159.05 Y83.28 F1500
G1 X159.88 Y81.85 F1500
G1 X160.09 Y81.85 F1500
G1 X160.72 Y82.93 F1500
G1 X161.14 Y83.28 F1500
G1 X161.56 Y83.19 F1500
G1 X162.40 Y82.22 F1500
G1 X162.61 Y82.17 F1500
G1 X163.86 Y83.33 F1500
G1 X164.28 Y83.12 F1500
G1 X165.12 Y82.24 F1500
G1 X165.54 Y82.37 F1500
G1 X166.17 Y83.10 F1500
G1 X166.59 Y83.29 F1500
G1 X167.85 Y82.25 F1500
G1 X169.10 Y83.29 F1500
G1 X169.52 Y83.14 F1500
G1 X170.36 Y82.26 F1500
G1 X170.78 Y82.37 F1500
G1 X171.41 Y83.06 F1500
G1 X171.83 Y83.29 F1500
G1 X173.08 Y82.24 F1500
G1 X173.50 Y82.43 F1500
G1 X174.13 Y83.16 F1500
G1 X174.55 Y83.29 F1500
G1 X175.39 Y82.43 F1500
G1 X175.81 Y82.22 F1500
G1 X177.07 Y83.34 F1500
G1 X177.49 Y83.13 F1500
G1 X178.32 Y82.12 F1500
G1 X178.74 Y82.31 F1500
G1 X179.37 Y83.25 F1500
G1 X180.00 Y83.59 F1500
G1 X180.00 Y83.80 F1500
G1 X180.00 Y84.01 F1500
G1 X180.00 Y84.22 F1500
G1 X180.00 Y84.43 F1500
G1 X180.00 Y84.64 F1500
G1 X180.00 Y84.64 F1500
G1 X179.37 Y84.27 F1500
G1 X178.74 Y83.36 F1500
G1 X178.32 Y83.12 F1500
G1 X177.49 Y84.16 F1500
G1 X177.07 Y84.43 F1500
G1 X175.81 Y83.26 F1500
G1 X174.55 Y84.33 F1500
G1 X174.13 Y84.19 F1500
G1 X173.50 Y83.48 F1500
G1 X173.08 Y83.30 F1500
G1 X171.83 Y84.34 F1500
G1 X170.57 Y83.30 F1500
G1 X170.15 Y83.47 F1500
G1 X169.52 Y84.19 F1500
G1 X169.10 Y84.34 F1500
G1 X167.85 Y83.28 F1500
G1 X166.59 Y84.37 F1500
G1 X166.17 Y84.17 F1500
G1 X165.54 Y83.38 F1500
G1 X165.12 Y83.25 F1500
G1 X164.28 Y84.21 F1500
G1 X163.86 Y84.41 F1500
G1 X162.61 Y83.24 F1500
G1 X162.19 Y83.48 F1500
G1 X161.56 Y84.22 F1500
G1 X161.14 Y84.30 F1500
G1 X160.72 Y83.96 F1500
G1 X160.09 Y82.91 F1500
G1 X159.88 Y82.88 F1500
G1 X159.05 Y84.31 F1500
G1 X158.63 Y84.65 F1500
G1 X158.21 Y84.23 F1500
G1 X157.37 Y82.85 F1500
G1 X156.95 Y83.25 F1500
G1 X156.11 Y84.82 F1500
G1 X155.90 Y84.81 F1500
G1 X155.69 Y84.56 F1500
G1 X155.06 Y83.19 F1500
G1 X154.64 Y82.92 F1500
G1 X153.60 Y84.59 F1500
G1 X153.39 Y84.71 F1500
G1 X153.18 Y84.59 F1500
G1 X152.13 Y83.00 F1500
G1 X151.71 Y83.27 F1500
G1 X151.08 Y84.46 F1500
G1 X150.66 Y84.82 F1500
G1 X149.83 Y83.19 F1500
G1 X149.41 Y82.77 F1500
G1 X148.15 Y84.86 F1500
G1 X147.73 Y84.45 F1500
G1 X146.89 Y82.79 F1500
G1 X146.68 Y82.82 F1500
G1 X146.47 Y83.09 F1500
G1 X145.84 Y84.50 F1500
G1 X145.42 Y84.85 F1500
G1 X144.59 Y83.30 F1500
G1 X144.17 Y82.92 F1500
G1 X143.75 Y83.35 F1500
G1 X143.12 Y84.54 F1500
G1 X142.70 Y84.75 F1500
G1 X141.86 Y83.07 F1500
G1 X141.65 Y82.81 F1500
G1 X141.44 Y82.80 F1500
G1 X140.61 Y84.45 F1500
G1 X140.19 Y84.86 F1500
G1 X138.93 Y82.77 F1500
G1 X138.51 Y83.20 F1500
G1 X137.67 Y84.84 F1500
G1 X137.46 Y84.82 F1500
G1 X137.25 Y84.55 F1500
G1 X136.62 Y83.12 F1500
G1 X136.20 Y82.78 F1500
G1 X135.37 Y84.25 F1500
G1 X135.16 Y84.38 F1500
G1 X133.90 Y83.55 F1500
G1 X133.48 Y83.47 F1500
G1 X132.22 Y84.39 F1500
G1 X131.18 Y83.14 F1500
G1 X130.97 Y83.08 F1500
G1 X129.71 Y84.57 F1500
G1 X129.29 Y84.27 F1500
G1 X128.45 Y82.92 F1500
G1 X128.24 Y82.89 F1500
G1 X127.40 Y84.52 F1500
G1 X126.98 Y84.85 F1500
G1 X126.15 Y83.23 F1500
G1 X125.73 Y82.77 F1500
G1 X125.52 Y82.91 F1500
G1 X124.47 Y84.86 F1500
G1 X124.05 Y84.49 F1500
G1 X123.42 Y83.15 F1500
G1 X123.21 Y82.98 F1500
G1 X122.79 Y83.21 F1500
G1 X122.17 Y84.33 F1500
G1 X121.75 Y84.63 F1500
G1 X120.49 Y82.86 F1500
G1 X120.07 Y83.24 F1500
G1 X119.44 Y84.58 F1500
G1 X119.23 Y84.81 F1500
G1 X119.02 Y84.78 F1500
G1 X118.18 Y83.11 F1500
G1 X117.76 Y82.79 F1500
G1 X116.93 Y84.41 F1500
G1 X116.51 Y84.87 F1500
G1 X116.30 Y84.72 F1500
G1 X115.25 Y82.78 F1500
G1 X114.83 Y83.19 F1500
G1 X113.99 Y84.69 F1500
G1 X113.57 Y84.41 F1500
G1 X112.95 Y83.40 F1500
G1 X112.53 Y83.23 F1500
G1 X111.27 Y84.48 F1500
G1 X110.85 Y84.20 F1500
G1 X110.22 Y83.29 F1500
G1 X109.80 Y83.18 F1500
G1 X108.96 Y84.27 F1500
G1 X108.54 Y84.46 F1500
G1 X107.29 Y82.92 F1500
G1 X107.08 Y83.00 F1500
G1 X106.24 Y84.62 F1500
G1 X106.03 Y84.77 F1500
G1 X105.82 Y84.66 F1500
G1 X104.77 Y83.10 F1500
G1 X104.35 Y83.30 F1500
G1 X103.52 Y84.47 F1500
G1 X102.89 Y83.82 F1500
G1 X97.65 Y83.84 F1500
G1 X96.60 Y83.71 F1500
G1 X95.34 Y84.01 F1500
G1 X94.09 Y83.57 F1500
G1 X92.83 Y84.10 F1500
G1 X91.57 Y83.50 F1500
G1 X90.10 Y84.16 F1500
G1 X88.85 Y83.44 F1500
G1 X87.59 Y84.21 F1500
G1 X87.17 Y84.06 F1500
G1 X86.54 Y83.52 F1500
G1 X86.12 Y83.41 F1500
G1 X85.29 Y84.09 F1500
G1 X84.87 Y84.24 F1500
G1 X83.61 Y83.37 F1500
G1 X82.35 Y84.25 F1500
G1 X81.93 Y84.12 F1500
G1 X81.30 Y83.49 F1500
G1 X80.88 Y83.36 F1500
G1 X79.63 Y84.31 F1500
G1 X78.37 Y83.33 F1500
G1 X77.95 Y83.52 F1500
G1 X77.11 Y84.30 F1500
G1 X76.69 Y84.17 F1500
G1 X76.07 Y83.49 F1500
G1 X75.65 Y83.32 F1500
G1 X74.39 Y84.34 F1500
G1 X73.13 Y83.28 F1500
G1 X72.71 Y83.46 F1500
G1 X72.08 Y84.21 F1500
G1 X71.66 Y84.36 F1500
G1 X70.62 Y83.29 F1500
G1 X70.41 Y83.24 F1500
G1 X69.15 Y84.41 F1500
G1 X68.73 Y84.19 F1500
G1 X67.89 Y83.20 F1500
G1 X67.47 Y83.37 F1500
G1 X66.85 Y84.24 F1500
G1 X66.43 Y84.45 F1500
G1 X65.17 Y83.15 F1500
G1 X63.91 Y84.49 F1500
G1 X63.49 Y84.28 F1500
G1 X62.86 Y83.27 F1500
G1 X62.44 Y83.07 F1500
G1 X61.40 Y84.63 F1500
G1 X61.19 Y84.72 F1500
G1 X59.93 Y82.83 F1500
G1 X59.51 Y83.23 F1500
G1 X58.67 Y84.83 F1500
G1 X58.46 Y84.82 F1500
G1 X58.25 Y84.55 F1500
G1 X57.63 Y83.17 F1500
G1 X57.42 Y82.83 F1500
G1 X57.21 Y82.78 F1500
G1 X56.37 Y84.40 F1500
G1 X55.95 Y84.87 F1500
G1 X55.74 Y84.73 F1500
G1 X54.69 Y82.78 F1500
G1 X54.27 Y83.15 F1500
G1 X53.64 Y84.57 F1500
G1 X53.43 Y84.83 F1500
G1 X53.22 Y84.84 F1500
G1 X52.39 Y83.17 F1500
G1 X51.97 Y82.78 F1500
G1 X51.55 Y83.34 F1500
G1 X50.92 Y84.71 F1500
G1 X50.71 Y84.86 F1500
G1 X50.29 Y84.42 F1500
G1 X49.45 Y82.79 F1500
G1 X49.03 Y83.10 F1500
G1 X48.41 Y84.52 F1500
G1 X47.99 Y84.85 F1500
G1 X46.73 Y82.77 F1500
G1 X46.52 Y82.91 F1500
G1 X45.47 Y84.86 F1500
G1 X45.05 Y84.48 F1500
G1 X44.42 Y83.06 F1500
G1 X44.21 Y83.01 F1500
G1 X43.80 Y83.07 F1500
G1 X43.17 Y84.47 F1500
G1 X42.75 Y84.86 F1500
G1 X41.70 Y82.92 F1500
G1 X41.49 Y82.77 F1500
G1 X41.07 Y83.22 F1500
G1 X40.23 Y84.85 F1500
G1 X39.81 Y84.53 F1500
G1 X39.19 Y83.11 F1500
G1 X38.77 Y82.79 F1500
G1 X37.93 Y84.42 F1500
G1 X37.51 Y84.87 F1500
G1 X37.30 Y84.72 F1500
G1 X36.25 Y82.78 F1500
G1 X35.83 Y83.16 F1500
G1 X34.99 Y84.83 F1500
G1 X34.78 Y84.83 F1500
G1 X34.16 Y83.72 F1500
G1 X33.74 Y83.42 F1500
G1 X32.27 Y84.11 F1500
G1 X31.22 Y83.58 F1500
G1 X30.80 Y83.52 F1500
G1 X29.55 Y84.29 F1500
G1 X29.13 Y84.03 F1500
G1 X28.29 Y82.91 F1500
G1 X27.45 Y83.95 F1500
G1 X27.03 Y83.99 F1500
G1 X25.77 Y83.69 F1500
G1 X25.15 Y83.74 F1500
G1 X24.31 Y84.86 F1500
G1 X23.26 Y82.91 F1500
G1 X23.05 Y82.77 F1500
G1 X22.63 Y83.23 F1500
G1 X21.79 Y84.85 F1500
G1 X21.37 Y84.52 F1500
G1 X20.75 Y83.09 F1500
G1 X20.33 Y82.79 F1500
G1 X19.49 Y84.43 F1500
G1 X19.07 Y84.85 F1500
G1 X18.23 Y83.46 F1500
G1 X17.81 Y83.11 F1500
G1 X16.55 Y84.51 F1500
G1 X16.14 Y84.31 F1500
G1 X15.51 Y83.29 F1500
G1 X15.09 Y83.05 F1500
G1 X14.04 Y84.35 F1500
G1 X13.62 Y84.24 F1500
G1 X12.57 Y83.33 F1500
G1 X12.15 Y83.49 F1500
G1 X11.53 Y84.18 F1500
G1 X11.11 Y84.39 F1500
G1 X10.69 Y84.08 F1500
G1 X10.06 Y83.03 F1500
G1 X9.85 Y82.92 F1500
G1 X8.59 Y84.64 F1500
G1 X8.17 Y84.31 F1500
G1 X7.33 Y83.05 F1500
G1 X6.92 Y83.26 F1500
G1 X6.29 Y84.36 F1500
G1 X5.87 Y84.66 F1500
G1 X4.82 Y83.06 F1500
G1 X4.61 Y82.94 F1500
G1 X3.35 Y84.65 F1500
G1 X2.93 Y84.37 F1500
G1 X2.10 Y83.01 F1500
G1 X1.68 Y83.18 F1500
G1 X1.05 Y84.32 F1500
G1 X0.63 Y84.68 F1500
G1 X0.00 Y83.82 F1500
G1 X0.00 Y84.03 F1500
G1 X0.00 Y84.24 F1500
G1 X0.00 Y84.45 F1500
G1 X0.00 Y84.66 F1500
G1 X0.00 Y84.87 F1500
G1 X0.00 Y84.87 F1500
G1 X0.63 Y85.73 F1500
G1 X1.05 Y85.35 F1500
G1 X1.68 Y84.22 F1500
G1 X2.10 Y84.05 F1500
G1 X2.93 Y85.42 F1500
G1 X3.35 Y85.69 F1500
G1 X4.40 Y84.08 F1500
G1 X4.61 Y83.98 F1500
G1 X4.82 Y84.09 F1500
G1 X5.87 Y85.71 F1500
G1 X6.29 Y85.42 F1500
G1 X6.92 Y84.27 F1500
G1 X7.33 Y84.05 F1500
G1 X8.17 Y85.37 F1500
G1 X8.59 Y85.69 F1500
G1 X9.64 Y84.18 F1500
G1 X9.85 Y84.10 F1500
G1 X10.69 Y85.09 F1500
G1 X11.11 Y85.35 F1500
G1 X12.36 Y84.57 F1500
G1 X12.78 Y84.61 F1500
G1 X13.83 Y85.24 F1500
G1 X14.25 Y85.09 F1500
G1 X15.09 Y84.42 F1500
G1 X15.93 Y84.91 F1500
G1 X16.55 Y84.99 F1500
G1 X18.02 Y84.55 F1500
G1 X18.44 Y84.88 F1500
G1 X19.07 Y85.74 F1500
G1 X19.28 Y85.74 F1500
G1 X20.33 Y83.84 F1500
G1 X20.75 Y84.14 F1500
G1 X21.37 Y85.57 F1500
G1 X21.79 Y85.90 F1500
G1 X22.63 Y84.28 F1500
G1 X23.05 Y83.82 F1500
G1 X23.26 Y83.96 F1500
G1 X24.31 Y85.91 F1500
G1 X24.52 Y85.82 F1500
G1 X25.36 Y84.42 F1500
G1 X25.77 Y84.49 F1500
G1 X27.03 Y85.42 F1500
G1 X27.45 Y85.21 F1500
G1 X28.29 Y83.98 F1500
G1 X28.50 Y84.08 F1500
G1 X29.13 Y85.09 F1500
G1 X29.55 Y85.33 F1500
G1 X30.80 Y84.55 F1500
G1 X32.27 Y85.17 F1500
G1 X33.74 Y84.49 F1500
G1 X34.16 Y84.77 F1500
G1 X34.78 Y85.88 F1500
G1 X34.99 Y85.88 F1500
G1 X35.83 Y84.21 F1500
G1 X36.25 Y83.82 F1500
G1 X37.30 Y85.77 F1500
G1 X37.51 Y85.91 F1500
G1 X37.93 Y85.46 F1500
G1 X38.77 Y83.83 F1500
G1 X39.19 Y84.15 F1500
G1 X39.81 Y85.58 F1500
G1 X40.23 Y85.90 F1500
G1 X41.07 Y84.27 F1500
G1 X41.49 Y83.82 F1500
G1 X41.70 Y83.97 F1500
G1 X42.75 Y85.91 F1500
G1 X43.17 Y85.52 F1500
G1 X44.00 Y83.85 F1500
G1 X44.21 Y83.85 F1500
G1 X45.05 Y85.53 F1500
G1 X45.47 Y85.91 F1500
G1 X46.52 Y83.96 F1500
G1 X46.73 Y83.82 F1500
G1 X47.99 Y85.90 F1500
G1 X48.41 Y85.57 F1500
G1 X48.82 Y84.60 F1500
G1 X49.45 Y83.84 F1500
G1 X50.29 Y85.47 F1500
G1 X50.71 Y85.86 F1500
G1 X50.92 Y85.76 F1500
G1 X51.97 Y83.85 F1500
G1 X52.39 Y84.22 F1500
G1 X53.22 Y85.89 F1500
G1 X53.43 Y85.88 F1500
G1 X53.64 Y85.62 F1500
G1 X54.27 Y84.20 F1500
G1 X54.69 Y83.83 F1500
G1 X55.74 Y85.78 F1500
G1 X55.95 Y85.91 F1500
G1 X56.37 Y85.45 F1500
G1 X57.21 Y83.83 F1500
G1 X57.63 Y84.17 F1500
G1 X58.46 Y85.86 F1500
G1 X58.88 Y85.60 F1500
G1 X59.51 Y84.33 F1500
G1 X59.93 Y83.98 F1500
G1 X60.35 Y84.43 F1500
G1 X60.98 Y85.58 F1500
G1 X61.19 Y85.69 F1500
G1 X62.44 Y84.19 F1500
G1 X62.86 Y84.38 F1500
G1 X63.49 Y85.30 F1500
G1 X63.91 Y85.51 F1500
G1 X65.17 Y84.21 F1500
G1 X66.43 Y85.49 F1500
G1 X66.85 Y85.28 F1500
G1 X67.47 Y84.42 F1500
G1 X67.89 Y84.25 F1500
G1 X68.73 Y85.24 F1500
G1 X69.15 Y85.46 F1500
G1 X70.41 Y84.28 F1500
G1 X70.62 Y84.33 F1500
G1 X71.66 Y85.40 F1500
G1 X72.08 Y85.24 F1500
G1 X72.71 Y84.52 F1500
G1 X73.13 Y84.34 F1500
G1 X74.39 Y85.39 F1500
G1 X75.65 Y84.37 F1500
G1 X76.07 Y84.54 F1500
G1 X76.90 Y85.35 F1500
G1 X77.32 Y85.24 F1500
G1 X77.95 Y84.57 F1500
G1 X78.37 Y84.37 F1500
G1 X79.63 Y85.36 F1500
G1 X80.05 Y85.16 F1500
G1 X80.88 Y84.38 F1500
G1 X81.30 Y84.53 F1500
G1 X81.93 Y85.19 F1500
G1 X82.35 Y85.35 F1500
G1 X83.61 Y84.42 F1500
G1 X84.87 Y85.30 F1500
G1 X86.12 Y84.49 F1500
G1 X86.54 Y84.58 F1500
G1 X87.17 Y85.10 F1500
G1 X87.59 Y85.25 F1500
G1 X88.85 Y84.50 F1500
G1 X90.10 Y85.19 F1500
G1 X91.57 Y84.56 F1500
G1 X92.83 Y85.15 F1500
G1 X94.09 Y84.62 F1500
G1 X95.34 Y85.04 F1500
G1 X96.60 Y84.75 F1500
G1 X97.86 Y84.91 F1500
G1 X103.31 Y84.90 F1500
G1 X103.52 Y85.42 F1500
G1 X103.73 Y85.53 F1500
G1 X104.35 Y84.13 F1500
G1 X104.77 Y83.85 F1500
G1 X105.82 Y85.57 F1500
G1 X106.24 Y85.41 F1500
G1 X107.29 Y84.23 F1500
G1 X108.54 Y85.41 F1500
G1 X108.96 Y85.25 F1500
G1 X109.59 Y84.47 F1500
G1 X110.01 Y84.31 F1500
G1 X111.27 Y85.43 F1500
G1 X111.69 Y85.17 F1500
G1 X112.53 Y84.09 F1500
G1 X112.95 Y84.36 F1500
G1 X113.57 Y85.58 F1500
G1 X113.78 Y85.83 F1500
G1 X113.99 Y85.84 F1500
G1 X114.83 Y84.21 F1500
G1 X115.25 Y83.82 F1500
G1 X116.30 Y85.77 F1500
G1 X116.51 Y85.91 F1500
G1 X116.93 Y85.46 F1500
G1 X117.76 Y83.84 F1500
G1 X118.18 Y84.16 F1500
G1 X118.81 Y85.54 F1500
G1 X119.23 Y85.80 F1500
G1 X120.07 Y84.35 F1500
G1 X120.49 Y84.02 F1500
G1 X120.91 Y84.43 F1500
G1 X121.54 Y85.60 F1500
G1 X121.75 Y85.77 F1500
G1 X121.96 Y85.71 F1500
G1 X123.00 Y83.85 F1500
G1 X123.21 Y83.85 F1500
G1 X123.42 Y84.11 F1500
G1 X124.05 Y85.53 F1500
G1 X124.47 Y85.91 F1500
G1 X125.52 Y83.96 F1500
G1 X125.73 Y83.82 F1500
G1 X126.15 Y84.28 F1500
G1 X126.98 Y85.90 F1500
G1 X127.19 Y85.80 F1500
G1 X128.24 Y84.18 F1500
G1 X128.66 Y84.37 F1500
G1 X129.29 Y85.22 F1500
G1 X129.71 Y85.48 F1500
G1 X130.97 Y84.24 F1500
G1 X131.39 Y84.48 F1500
G1 X132.01 Y85.31 F1500
G1 X132.43 Y85.37 F1500
G1 X133.27 Y84.64 F1500
G1 X133.69 Y84.56 F1500
G1 X134.11 Y84.72 F1500
G1 X134.95 Y85.56 F1500
G1 X135.16 Y85.59 F1500
G1 X136.20 Y83.83 F1500
G1 X136.62 Y84.17 F1500
G1 X137.25 Y85.60 F1500
G1 X137.46 Y85.87 F1500
G1 X137.67 Y85.89 F1500
G1 X138.51 Y84.25 F1500
G1 X138.93 Y83.82 F1500
G1 X140.19 Y85.91 F1500
G1 X140.61 Y85.50 F1500
G1 X141.44 Y83.84 F1500
G1 X141.65 Y83.86 F1500
G1 X141.86 Y84.12 F1500
G1 X142.70 Y85.74 F1500
G1 X143.12 Y85.57 F1500
G1 X143.75 Y84.41 F1500
G1 X144.17 Y83.97 F1500
G1 X144.59 Y84.35 F1500
G1 X145.42 Y85.84 F1500
G1 X145.84 Y85.51 F1500
G1 X146.47 Y84.17 F1500
G1 X146.89 Y83.85 F1500
G1 X147.73 Y85.49 F1500
G1 X148.15 Y85.91 F1500
G1 X149.41 Y83.82 F1500
G1 X149.83 Y84.24 F1500
G1 X150.66 Y85.85 F1500
G1 X151.08 Y85.49 F1500
G1 X151.71 Y84.34 F1500
G1 X152.13 Y84.08 F1500
G1 X153.18 Y85.65 F1500
G1 X153.39 Y85.75 F1500
G1 X153.60 Y85.66 F1500
G1 X154.64 Y83.96 F1500
G1 X155.06 Y84.24 F1500
G1 X155.69 Y85.59 F1500
G1 X155.90 Y85.85 F1500
G1 X156.11 Y85.85 F1500
G1 X156.95 Y84.28 F1500
G1 X157.37 Y83.90 F1500
G1 X158.21 Y85.28 F1500
G1 X158.63 Y85.69 F1500
G1 X159.05 Y85.36 F1500
G1 X159.88 Y83.92 F1500
G1 X160.09 Y83.96 F1500
G1 X160.72 Y85.00 F1500
G1 X161.14 Y85.32 F1500
G1 X161.56 Y85.25 F1500
G1 X162.61 Y84.28 F1500
G1 X163.86 Y85.46 F1500
G1 X164.28 Y85.26 F1500
G1 X165.12 Y84.28 F1500
G1 X165.54 Y84.42 F1500
G1 X166.17 Y85.23 F1500
G1 X166.59 Y85.46 F1500
G1 X167.85 Y84.28 F1500
G1 X169.10 Y85.41 F1500
G1 X169.52 Y85.25 F1500
G1 X170.15 Y84.50 F1500
G1 X170.57 Y84.32 F1500
G1 X171.83 Y85.41 F1500
G1 X173.08 Y84.32 F1500
G1 X173.50 Y84.52 F1500
G1 X174.13 Y85.26 F1500
G1 X174.55 Y85.40 F1500
G1 X175.39 Y84.52 F1500
G1 X175.81 Y84.31 F1500
G1 X177.07 Y85.51 F1500
G1 X177.49 Y85.23 F1500
G1 X178.32 Y84.19 F1500
G1 X178.74 Y84.39 F1500
G1 X179.37 Y85.33 F1500
G1 X180.00 Y85.69 F1500
G1 X180.00 Y85.90 F1500
G1 X180.00 Y86.10 F1500
G1 X180.00 Y86.31 F1500
G1 X180.00 Y86.52 F1500
G1 X180.00 Y86.73 F1500
G1 X180.00 Y86.73 F1500
G1 X179.37 Y86.36 F1500
G1 X178.53 Y85.28 F1500
G1 X178.11 Y85.41 F1500
G1 X177.49 Y86.30 F1500
G1 X177.07 Y86.58 F1500
G1 X175.81 Y85.31 F1500
G1 X175.39 Y85.55 F1500
G1 X174.55 Y86.45 F1500
G1 X174.13 Y86.31 F1500
G1 X173.50 Y85.57 F1500
G1 X173.08 Y85.38 F1500
G1 X171.83 Y86.47 F1500
G1 X170.57 Y85.35 F1500
G1 X170.15 Y85.52 F1500
G1 X169.52 Y86.31 F1500
G1 X169.10 Y86.49 F1500
G1 X168.27 Y85.56 F1500
G1 X167.85 Y85.31 F1500
G1 X166.59 Y86.50 F1500
G1 X166.17 Y86.28 F1500
G1 X165.54 Y85.47 F1500
G1 X165.12 Y85.33 F1500
G1 X164.28 Y86.31 F1500
G1 X163.86 Y86.51 F1500
G1 X162.61 Y85.36 F1500
G1 X161.56 Y86.29 F1500
G1 X161.14 Y86.35 F1500
G1 X160.72 Y86.04 F1500
G1 X160.09 Y85.07 F1500
G1 X159.88 Y85.00 F1500
G1 X159.05 Y86.40 F1500
G1 X158.63 Y86.75 F1500
G1 X158.21 Y86.33 F1500
G1 X157.37 Y84.96 F1500
G1 X156.95 Y85.29 F1500
G1 X156.11 Y86.94 F1500
G1 X155.90 Y86.92 F1500
G1 X155.69 Y86.66 F1500
G1 X155.06 Y85.29 F1500
G1 X154.64 Y85.04 F1500
G1 X153.60 Y86.71 F1500
G1 X153.18 Y86.70 F1500
G1 X152.55 Y85.60 F1500
G1 X152.13 Y85.18 F1500
G1 X151.71 Y85.43 F1500
G1 X150.87 Y86.81 F1500
G1 X150.66 Y86.87 F1500
G1 X150.45 Y86.70 F1500
G1 X149.83 Y85.29 F1500
G1 X149.41 Y84.87 F1500
G1 X148.15 Y86.96 F1500
G1 X147.73 Y86.54 F1500
G1 X146.89 Y84.89 F1500
G1 X146.68 Y84.92 F1500
G1 X145.84 Y86.55 F1500
G1 X145.42 Y86.87 F1500
G1 X144.59 Y85.40 F1500
G1 X144.17 Y85.01 F1500
G1 X143.75 Y85.46 F1500
G1 X143.12 Y86.62 F1500
G1 X142.70 Y86.83 F1500
G1 X141.86 Y85.17 F1500
G1 X141.65 Y84.91 F1500
G1 X141.44 Y84.89 F1500
G1 X140.61 Y86.55 F1500
G1 X140.19 Y86.96 F1500
G1 X138.93 Y84.87 F1500
G1 X138.51 Y85.29 F1500
G1 X137.67 Y86.94 F1500
G1 X137.46 Y86.92 F1500
G1 X137.25 Y86.65 F1500
G1 X136.62 Y85.22 F1500
G1 X136.20 Y84.88 F1500
G1 X135.37 Y86.49 F1500
G1 X135.16 Y86.79 F1500
G1 X134.95 Y86.82 F1500
G1 X134.32 Y85.94 F1500
G1 X133.90 Y85.65 F1500
G1 X133.48 Y85.61 F1500
G1 X132.22 Y86.39 F1500
G1 X130.97 Y85.32 F1500
G1 X129.71 Y86.44 F1500
G1 X128.66 Y85.55 F1500
G1 X128.24 Y85.43 F1500
G1 X126.98 Y86.66 F1500
G1 X126.78 Y86.57 F1500
G1 X125.94 Y84.98 F1500
G1 X125.73 Y84.87 F1500
G1 X125.52 Y85.01 F1500
G1 X124.47 Y86.95 F1500
G1 X124.05 Y86.58 F1500
G1 X123.42 Y85.16 F1500
G1 X123.21 Y84.90 F1500
G1 X123.00 Y84.90 F1500
G1 X122.17 Y86.56 F1500
G1 X121.75 Y86.96 F1500
G1 X120.70 Y85.04 F1500
G1 X120.49 Y84.91 F1500
G1 X120.07 Y85.36 F1500
G1 X119.23 Y86.81 F1500
G1 X118.81 Y86.55 F1500
G1 X118.18 Y85.31 F1500
G1 X117.76 Y84.99 F1500
G1 X116.72 Y86.85 F1500
G1 X116.51 Y86.96 F1500
G1 X116.30 Y86.82 F1500
G1 X115.25 Y84.87 F1500
G1 X114.83 Y85.25 F1500
G1 X113.99 Y86.93 F1500
G1 X113.57 Y86.67 F1500
G1 X112.74 Y85.04 F1500
G1 X112.32 Y85.22 F1500
G1 X111.48 Y86.49 F1500
G1 X111.06 Y86.46 F1500
G1 X110.01 Y85.36 F1500
G1 X109.59 Y85.53 F1500
G1 X108.96 Y86.30 F1500
G1 X108.54 Y86.48 F1500
G1 X107.71 Y85.59 F1500
G1 X107.29 Y85.36 F1500
G1 X106.87 Y85.59 F1500
G1 X106.03 Y86.74 F1500
G1 X105.61 Y86.50 F1500
G1 X104.77 Y84.91 F1500
G1 X104.56 Y84.94 F1500
G1 X103.93 Y86.05 F1500
G1 X103.73 Y86.16 F1500
G1 X103.31 Y85.91 F1500
G1 X97.86 Y85.98 F1500
G1 X96.60 Y85.79 F1500
G1 X95.34 Y86.10 F1500
G1 X94.09 Y85.68 F1500
G1 X92.83 Y86.17 F1500
G1 X91.57 Y85.64 F1500
G1 X90.10 Y86.22 F1500
G1 X88.85 Y85.54 F1500
G1 X87.59 Y86.30 F1500
G1 X86.33 Y85.51 F1500
G1 X85.91 Y85.62 F1500
G1 X85.29 Y86.20 F1500
G1 X84.87 Y86.36 F1500
G1 X83.61 Y85.44 F1500
G1 X82.35 Y86.43 F1500
G1 X81.93 Y86.25 F1500
G1 X81.09 Y85.42 F1500
G1 X80.68 Y85.52 F1500
G1 X80.05 Y86.22 F1500
G1 X79.63 Y86.42 F1500
G1 X78.37 Y85.42 F1500
G1 X77.95 Y85.62 F1500
G1 X77.11 Y86.40 F1500
G1 X76.69 Y86.26 F1500
G1 X76.07 Y85.59 F1500
G1 X75.65 Y85.41 F1500
G1 X74.39 Y86.46 F1500
G1 X73.13 Y85.40 F1500
G1 X72.71 Y85.58 F1500
G1 X72.08 Y86.28 F1500
G1 X71.66 Y86.44 F1500
G1 X70.41 Y85.33 F1500
G1 X69.15 Y86.54 F1500
G1 X68.73 Y86.31 F1500
G1 X68.10 Y85.44 F1500
G1 X67.68 Y85.27 F1500
G1 X66.85 Y86.35 F1500
G1 X66.43 Y86.56 F1500
G1 X65.38 Y85.34 F1500
G1 X65.17 Y85.27 F1500
G1 X64.75 Y85.56 F1500
G1 X63.91 Y86.58 F1500
G1 X63.49 Y86.36 F1500
G1 X62.86 Y85.41 F1500
G1 X62.44 Y85.23 F1500
G1 X61.40 Y86.65 F1500
G1 X61.19 Y86.74 F1500
G1 X59.93 Y85.08 F1500
G1 X59.51 Y85.41 F1500
G1 X58.88 Y86.61 F1500
G1 X58.46 Y86.87 F1500
G1 X57.63 Y85.22 F1500
G1 X57.21 Y84.88 F1500
G1 X56.16 Y86.84 F1500
G1 X55.95 Y86.96 F1500
G1 X55.74 Y86.82 F1500
G1 X54.69 Y84.87 F1500
G1 X54.27 Y85.24 F1500
G1 X53.64 Y86.67 F1500
G1 X53.43 Y86.92 F1500
G1 X53.22 Y86.93 F1500
G1 X52.39 Y85.27 F1500
G1 X51.97 Y84.89 F1500
G1 X50.71 Y86.96 F1500
G1 X50.29 Y86.52 F1500
G1 X49.45 Y84.89 F1500
G1 X48.82 Y85.64 F1500
G1 X48.41 Y86.62 F1500
G1 X47.99 Y86.95 F1500
G1 X47.15 Y85.36 F1500
G1 X46.73 Y84.98 F1500
G1 X46.52 Y85.01 F1500
G1 X45.68 Y86.77 F1500
G1 X45.47 Y86.95 F1500
G1 X45.26 Y86.88 F1500
G1 X44.42 Y85.15 F1500
G1 X44.00 Y84.90 F1500
G1 X42.96 Y86.85 F1500
G1 X42.75 Y86.89 F1500
G1 X41.49 Y84.87 F1500
G1 X41.28 Y84.98 F1500
G1 X40.23 Y86.94 F1500
G1 X39.81 Y86.63 F1500
G1 X39.19 Y85.20 F1500
G1 X38.77 Y84.88 F1500
G1 X37.72 Y86.85 F1500
G1 X37.51 Y86.96 F1500
G1 X37.30 Y86.81 F1500
G1 X36.25 Y84.87 F1500
G1 X36.04 Y84.95 F1500
G1 X34.99 Y86.93 F1500
G1 X34.78 Y86.86 F1500
G1 X34.16 Y85.82 F1500
G1 X33.74 Y85.51 F1500
G1 X32.48 Y86.18 F1500
G1 X32.06 Y86.19 F1500
G1 X31.01 Y85.60 F1500
G1 X30.59 Y85.71 F1500
G1 X29.76 Y86.31 F1500
G1 X29.34 Y86.32 F1500
G1 X28.29 Y84.96 F1500
G1 X27.87 Y85.40 F1500
G1 X27.24 Y86.61 F1500
G1 X26.82 Y86.58 F1500
G1 X25.98 Y85.49 F1500
G1 X25.56 Y85.30 F1500
G1 X24.31 Y86.95 F1500
G1 X23.26 Y85.01 F1500
G1 X23.05 Y84.87 F1500
G1 X22.63 Y85.33 F1500
G1 X21.79 Y86.95 F1500
G1 X21.37 Y86.62 F1500
G1 X20.54 Y85.04 F1500
G1 X20.12 Y85.24 F1500
G1 X19.49 Y86.40 F1500
G1 X19.07 Y86.67 F1500
G1 X18.02 Y85.65 F1500
G1 X16.34 Y86.04 F1500
G1 X14.88 Y85.64 F1500
G1 X13.83 Y86.31 F1500
G1 X12.57 Y85.49 F1500
G1 X12.15 Y85.59 F1500
G1 X11.53 Y86.31 F1500
G1 X11.11 Y86.53 F1500
G1 X9.85 Y85.09 F1500
G1 X9.43 Y85.48 F1500
G1 X9.01 Y86.33 F1500
G1 X8.59 Y86.80 F1500
G1 X8.17 Y86.45 F1500
G1 X7.33 Y85.04 F1500
G1 X6.92 Y85.27 F1500
G1 X6.29 Y86.51 F1500
G1 X5.87 Y86.87 F1500
G1 X4.82 Y85.05 F1500
G1 X4.61 Y84.92 F1500
G1 X4.40 Y85.03 F1500
G1 X3.77 Y86.32 F1500
G1 X3.35 Y86.82 F1500
G1 X2.93 Y86.51 F1500
G1 X2.10 Y85.09 F1500
G1 X1.68 Y85.28 F1500
G1 X1.05 Y86.41 F1500
G1 X0.63 Y86.73 F1500
G1 X0.42 Y86.65 F1500
G1 X0.00 Y85.91 F1500
G1 X0.00 Y86.12 F1500
G1 X0.00 Y86.33 F1500
G1 X0.00 Y86.54 F1500
G1 X0.00 Y86.75 F1500
G1 X0.00 Y86.96 F1500
G1 X0.00 Y86.96 F1500
G1 X0.63 Y87.91 F1500
G1 X1.05 Y87.48 F1500
G1 X1.68 Y86.35 F1500
G1 X2.10 Y86.13 F1500
G1 X2.93 Y87.55 F1500
G1 X3.35 Y87.85 F1500
G1 X3.77 Y87.34 F1500
G1 X4.40 Y86.07 F1500
G1 X4.61 Y85.93 F1500
G1 X4.82 Y86.04 F1500
G1 X5.87 Y88.00 F1500
G1 X6.29 Y87.63 F1500
G1 X6.92 Y86.25 F1500
G1 X7.33 Y86.02 F1500
G1 X8.17 Y87.52 F1500
G1 X8.59 Y87.91 F1500
G1 X8.80 Y87.79 F1500
G1 X9.43 Y86.47 F1500
G1 X9.85 Y85.95 F1500
G1 X10.06 Y86.05 F1500
G1 X10.69 Y87.28 F1500
G1 X11.11 Y87.73 F1500
G1 X11.53 Y87.48 F1500
G1 X12.36 Y86.39 F1500
G1 X12.78 Y86.55 F1500
G1 X13.41 Y87.24 F1500
G1 X13.83 Y87.46 F1500
G1 X14.88 Y86.59 F1500
G1 X15.30 Y86.62 F1500
G1 X16.14 Y87.12 F1500
G1 X16.55 Y87.18 F1500
G1 X17.81 Y86.51 F1500
G1 X18.23 Y86.72 F1500
G1 X19.07 Y87.67 F1500
G1 X19.49 Y87.36 F1500
G1 X20.12 Y86.49 F1500
G1 X20.54 Y86.31 F1500
G1 X21.37 Y87.52 F1500
G1 X21.79 Y87.85 F1500
G1 X22.21 Y87.35 F1500
G1 X22.84 Y86.03 F1500
G1 X23.05 Y85.91 F1500
G1 X23.47 Y86.42 F1500
G1 X24.10 Y87.81 F1500
G1 X24.31 Y87.93 F1500
G1 X24.73 Y87.54 F1500
G1 X25.56 Y86.22 F1500
G1 X25.98 Y86.40 F1500
G1 X26.82 Y87.80 F1500
G1 X27.03 Y87.92 F1500
G1 X27.24 Y87.81 F1500
G1 X27.87 Y86.44 F1500
G1 X28.29 Y85.93 F1500
G1 X29.13 Y87.20 F1500
G1 X29.55 Y87.46 F1500
G1 X30.80 Y86.58 F1500
G1 X31.22 Y86.66 F1500
G1 X32.27 Y87.34 F1500
G1 X33.53 Y86.52 F1500
G1 X34.16 Y86.87 F1500
G1 X34.99 Y87.83 F1500
G1 X35.20 Y87.70 F1500
G1 X36.04 Y86.01 F1500
G1 X36.25 Y85.92 F1500
G1 X37.30 Y87.86 F1500
G1 X37.51 Y88.01 F1500
G1 X37.93 Y87.56 F1500
G1 X38.77 Y85.93 F1500
G1 X39.19 Y86.25 F1500
G1 X39.81 Y87.68 F1500
G1 X40.23 Y87.99 F1500
G1 X41.07 Y86.36 F1500
G1 X41.49 Y85.91 F1500
G1 X41.91 Y86.43 F1500
G1 X42.54 Y87.83 F1500
G1 X43.17 Y87.53 F1500
G1 X44.00 Y86.02 F1500
G1 X44.42 Y86.30 F1500
G1 X45.05 Y87.63 F1500
G1 X45.47 Y88.00 F1500
G1 X46.52 Y86.06 F1500
G1 X46.73 Y85.91 F1500
G1 X47.15 Y86.37 F1500
G1 X47.99 Y87.99 F1500
G1 X48.41 Y87.67 F1500
G1 X49.03 Y86.24 F1500
G1 X49.24 Y85.96 F1500
G1 X49.45 Y85.95 F1500
G1 X50.29 Y87.57 F1500
G1 X50.71 Y88.01 F1500
G1 X50.92 Y87.86 F1500
G1 X51.76 Y86.09 F1500
G1 X51.97 Y85.93 F1500
G1 X52.18 Y86.03 F1500
G1 X53.22 Y87.98 F1500
G1 X53.43 Y87.97 F1500
G1 X53.64 Y87.72 F1500
G1 X54.27 Y86.29 F1500
G1 X54.69 Y85.92 F1500
G1 X55.74 Y87.87 F1500
G1 X55.95 Y88.01 F1500
G1 X56.37 Y87.54 F1500
G1 X57.21 Y85.93 F1500
G1 X57.63 Y86.27 F1500
G1 X58.25 Y87.64 F1500
G1 X58.67 Y87.89 F1500
G1 X59.51 Y86.46 F1500
G1 X59.93 Y86.15 F1500
G1 X61.19 Y87.76 F1500
G1 X61.61 Y87.44 F1500
G1 X62.44 Y86.22 F1500
G1 X62.86 Y86.43 F1500
G1 X63.49 Y87.43 F1500
G1 X63.91 Y87.67 F1500
G1 X64.96 Y86.35 F1500
G1 X65.38 Y86.33 F1500
G1 X66.43 Y87.67 F1500
G1 X66.85 Y87.43 F1500
G1 X67.47 Y86.46 F1500
G1 X67.89 Y86.26 F1500
G1 X68.73 Y87.37 F1500
G1 X69.15 Y87.62 F1500
G1 X70.41 Y86.40 F1500
G1 X70.83 Y86.63 F1500
G1 X71.66 Y87.51 F1500
G1 X72.08 Y87.36 F1500
G1 X72.71 Y86.60 F1500
G1 X73.13 Y86.42 F1500
G1 X74.39 Y87.50 F1500
G1 X75.65 Y86.42 F1500
G1 X76.07 Y86.60 F1500
G1 X76.69 Y87.35 F1500
G1 X77.11 Y87.51 F1500
G1 X78.16 Y86.41 F1500
G1 X78.37 Y86.36 F1500
G1 X79.63 Y87.56 F1500
G1 X80.05 Y87.32 F1500
G1 X80.68 Y86.50 F1500
G1 X81.09 Y86.38 F1500
G1 X81.93 Y87.35 F1500
G1 X82.35 Y87.55 F1500
G1 X83.61 Y86.41 F1500
G1 X84.87 Y87.47 F1500
G1 X85.29 Y87.29 F1500
G1 X85.91 Y86.60 F1500
G1 X86.33 Y86.47 F1500
G1 X87.17 Y87.25 F1500
G1 X87.59 Y87.42 F1500
G1 X88.85 Y86.53 F1500
G1 X90.10 Y87.37 F1500
G1 X90.52 Y87.25 F1500
G1 X91.15 Y86.70 F1500
G1 X91.57 Y86.60 F1500
G1 X92.83 Y87.29 F1500
G1 X94.09 Y86.64 F1500
G1 X95.34 Y87.25 F1500
G1 X96.60 Y86.78 F1500
G1 X98.07 Y87.12 F1500
G1 X99.32 Y86.88 F1500
G1 X103.73 Y87.06 F1500
G1 X103.93 Y87.00 F1500
G1 X104.56 Y86.08 F1500
G1 X104.98 Y86.42 F1500
G1 X105.61 Y87.37 F1500
G1 X106.03 Y87.64 F1500
G1 X107.08 Y86.42 F1500
G1 X107.50 Y86.47 F1500
G1 X108.54 Y87.46 F1500
G1 X108.96 Y87.30 F1500
G1 X110.01 Y86.36 F1500
G1 X111.27 Y87.80 F1500
G1 X111.69 Y87.42 F1500
G1 X112.53 Y85.92 F1500
G1 X112.95 Y86.31 F1500
G1 X113.57 Y87.73 F1500
G1 X113.78 Y87.98 F1500
G1 X113.99 Y87.98 F1500
G1 X114.83 Y86.30 F1500
G1 X115.25 Y85.92 F1500
G1 X116.30 Y87.85 F1500
G1 X116.51 Y87.97 F1500
G1 X116.72 Y87.83 F1500
G1 X117.76 Y86.01 F1500
G1 X117.97 Y86.01 F1500
G1 X118.18 Y86.27 F1500
G1 X118.81 Y87.68 F1500
G1 X119.23 Y87.99 F1500
G1 X120.07 Y86.36 F1500
G1 X120.49 Y85.91 F1500
G1 X120.70 Y86.07 F1500
G1 X121.54 Y87.83 F1500
G1 X121.75 Y88.00 F1500
G1 X122.17 Y87.61 F1500
G1 X123.00 Y85.94 F1500
G1 X123.21 Y85.95 F1500
G1 X123.42 Y86.20 F1500
G1 X124.05 Y87.63 F1500
G1 X124.47 Y88.00 F1500
G1 X125.31 Y86.53 F1500
G1 X125.73 Y86.18 F1500
G1 X126.98 Y87.61 F1500
G1 X128.24 Y86.57 F1500
G1 X128.66 Y86.63 F1500
G1 X129.71 Y87.46 F1500
G1 X130.13 Y87.23 F1500
G1 X130.97 Y86.31 F1500
G1 X131.39 Y86.58 F1500
G1 X132.01 Y87.35 F1500
G1 X132.43 Y87.44 F1500
G1 X133.69 Y86.52 F1500
G1 X134.11 Y86.71 F1500
G1 X134.74 Y87.87 F1500
G1 X134.95 Y88.01 F1500
G1 X135.16 Y87.89 F1500
G1 X136.20 Y85.93 F1500
G1 X136.62 Y86.27 F1500
G1 X137.25 Y87.69 F1500
G1 X137.46 Y87.96 F1500
G1 X137.67 Y87.99 F1500
G1 X138.51 Y86.34 F1500
G1 X138.93 Y85.92 F1500
G1 X140.19 Y88.01 F1500
G1 X140.61 Y87.60 F1500
G1 X141.44 Y85.94 F1500
G1 X141.65 Y85.95 F1500
G1 X141.86 Y86.22 F1500
G1 X142.49 Y87.64 F1500
G1 X142.70 Y87.94 F1500
G1 X142.91 Y87.98 F1500
G1 X144.17 Y85.98 F1500
G1 X144.38 Y86.07 F1500
G1 X145.42 Y87.87 F1500
G1 X145.84 Y87.58 F1500
G1 X146.47 Y86.22 F1500
G1 X146.68 Y85.96 F1500
G1 X146.89 Y85.94 F1500
G1 X147.73 Y87.59 F1500
G1 X148.15 Y88.01 F1500
G1 X149.41 Y85.92 F1500
G1 X149.83 Y86.33 F1500
G1 X150.66 Y87.93 F1500
G1 X151.08 Y87.59 F1500
G1 X151.71 Y86.45 F1500
G1 X152.13 Y86.19 F1500
G1 X153.39 Y87.94 F1500
G1 X153.60 Y87.82 F1500
G1 X154.64 Y86.02 F1500
G1 X155.06 Y86.30 F1500
G1 X155.69 Y87.71 F1500
G1 X155.90 Y87.97 F1500
G1 X156.11 Y87.98 F1500
G1 X157.16 Y86.01 F1500
G1 X157.37 Y85.95 F1500
G1 X157.58 Y86.15 F1500
G1 X158.21 Y87.41 F1500
G1 X158.63 Y87.89 F1500
G1 X159.05 Y87.52 F1500
G1 X159.88 Y85.96 F1500
G1 X161.14 Y87.46 F1500
G1 X161.56 Y87.39 F1500
G1 X162.19 Y86.64 F1500
G1 X162.61 Y86.39 F1500
G1 X163.86 Y87.61 F1500
G1 X164.28 Y87.38 F1500
G1 X164.91 Y86.49 F1500
G1 X165.33 Y86.32 F1500
G1 X166.17 Y87.36 F1500
G1 X166.59 Y87.59 F1500
G1 X167.85 Y86.33 F1500
G1 X169.10 Y87.54 F1500
G1 X169.52 Y87.38 F1500
G1 X170.15 Y86.55 F1500
G1 X170.57 Y86.35 F1500
G1 X171.83 Y87.58 F1500
G1 X173.08 Y86.38 F1500
G1 X173.50 Y86.57 F1500
G1 X174.13 Y87.41 F1500
G1 X174.55 Y87.56 F1500
G1 X175.39 Y86.55 F1500
G1 X175.81 Y86.27 F1500
G1 X177.07 Y87.72 F1500
G1 X177.49 Y87.39 F1500
G1 X178.32 Y86.23 F1500
G1 X178.74 Y86.45 F1500
G1 X179.58 Y87.64 F1500
G1 X180.00 Y87.78 F1500
; --- POSTAMBLE ---
G00 Z120 F3000
G00 X0.00 Y0.00
M02 ; End of program
